id,sector,category,brand,product_or_line,common_use,made_in_canada_claim,manufacturing_location,ownership_note,origin_caveat,tariff_relevance,candidate_hs_heading,evidence_quote,official_source_url,secondary_source_url,verification_date,confidence,sector_fr,category_fr,product_or_line_fr,common_use_fr,made_in_canada_claim_fr,manufacturing_location_fr,ownership_note_fr,origin_caveat_fr,tariff_relevance_fr
1,Dairy and refrigerated foods,Cheese,Agropur,Oka cheese,Semi-soft table cheese for cheese boards and cooking,Agropur’s master cheesemakers make OKA according to the original recipe and age it in the cellars at the Oka cheese plant; OKA is among Canadian cheeses,Canada (location not stated),ownership not verified,None stated on fetched official page,Replaces U.S.-origin cheese and curd (heading 04.06) hit by the 50% counter-tariff,04.06,"130 years later, OKA bears a rich cultural legacy that distinguishes it among Canadian cheeses. To this day, Agropur’s master cheesemakers make OKA",https://www.agropur.com/en/our-brands/oka,,2026-08-28,Medium,Produits laitiers et aliments réfrigérés,Fromage,Fromage Oka,"Fromage de table à pâte semi-ferme, pour les plateaux de fromages et la cuisine",Les maîtres fromagers d’Agropur fabriquent OKA selon la recette originale et l’affinent dans les caves de la fromagerie d’Oka; OKA compte parmi les fromages canadiens,Canada (emplacement non précisé),Propriété non vérifiée,Aucune précision sur la page officielle consultée,Remplace le fromage et le caillé d’origine américaine (rubrique SH 04.06) frappés par le droit de douane de rétorsion de 50 %
2,Dairy and refrigerated foods,Cheese,Armstrong (Saputo),"Cheddar blocks, shreds and slices","Everyday cheddar for sandwiches, cooking and snacking","manufactured in Canada, using milk from Canadian dairy farms",Canada (location not stated),ownership not verified,None stated on fetched official page,Replaces U.S.-origin cheese and curd (heading 04.06) hit by the 50% counter-tariff,04.06,"We offer consumers a variety of high-quality products manufactured in Canada, using milk from Canadian dairy farms.",https://www.armstrongcheese.ca/en/,,2026-08-28,Medium,Produits laitiers et aliments réfrigérés,Fromage,"Blocs, fromage râpé et tranches de cheddar","Cheddar de tous les jours pour les sandwichs, la cuisine et les collations","fabriqué au Canada, avec du lait provenant de fermes laitières canadiennes",Canada (emplacement non précisé),Propriété non vérifiée,Aucune précision sur la page officielle consultée,Remplace le fromage d’origine américaine et le caillé (rubrique SH 04.06) frappé par le droit de douane de rétorsion de 50 %
3,Dairy and refrigerated foods,Yogourt,Astro (Lactalis Canada),Original and BioBest yogurt,Everyday and probiotic yogurt,Still made and sold only in Canada,Canada (location not stated),"Ownership/parent stated on official page: ""Lactalis Canada, the parent company of Astro®""",None stated on fetched official page,"Replaces U.S.-origin dairy such as cheese, milk powders and whey preparations covered by the September 8, 2026 counter-tariffs",n.a.,"To this day, Astro® is still made and sold only in Canada.",https://astro.ca/our-story/,,2026-08-28,Medium,Produits laitiers et aliments réfrigérés,Yogourt,Yogourts Original et BioBest,Yogourt de tous les jours et yogourt probiotique,Toujours fabriqué et vendu seulement au Canada,Canada (emplacement non précisé),"Propriétaire ou société mère indiqué sur la page officielle : ""Lactalis Canada, the parent company of Astro®""",Aucune précision sur la page officielle consultée,"Remplace les produits laitiers d’origine américaine, comme le fromage, le lait en poudre et les préparations de lactosérum, visés par les droits de douane de rétorsion du 8 septembre 2026"
4,Dairy and refrigerated foods,Cheese,Balderson,"Aged cheddar (Heritage, 2-year, 3-year)",Aged cheddar for cheese boards,"The Balderson cheese factory operates at three state-of-the-art facilities across Ontario in Winchester, Belleville, and Windsor, using Ontario-sourced milk.","Winchester, Belleville, and Windsor, Ontario",ownership not verified,None stated on fetched official page | Availability note: We do not offer our cheeses online.,Replaces U.S.-origin cheese and curd (heading 04.06) hit by the 50% counter-tariff,04.06,"The Balderson cheese factory location has moved to three state-of-the-art facilities across Ontario in Winchester, Belleville, and Windsor",https://baldersoncheese.ca/about/,,2026-08-28,High,Produits laitiers et aliments réfrigérés,Fromage,"Cheddar vieilli (Heritage, 2 ans, 3 ans)",Cheddar vieilli pour les plateaux de fromages,"La fromagerie Balderson exploite trois installations de pointe en Ontario à Winchester, Belleville et Windsor, utilisant du lait d'origine ontarienne.","Winchester, Belleville, et Windsor, Ontario",Propriété non vérifiée,Aucune précision sur la page officielle consultée | Remarque sur la disponibilité : Nous n’offrons pas nos fromages en ligne.,Remplace le fromage d’origine américaine et le caillé (rubrique SH 04.06) frappé par le droit de douane de rétorsion de 50 %
5,Dairy and refrigerated foods,Cheese,Black Diamond (Lactalis Canada),Cheddar cheese bars and slices,Sandwich and cooking cheddar,"19 manufacturing facilities located throughout Québec, Ontario, Manitoba, Alberta and British Columbia",Canada (location not stated),"Ownership/parent stated on official page: ""Lactalis Canada is part of Lactalis Group, the world’s #1 dairy group; Lactalis Group is a family-owned global business.""",None stated on fetched official page,Replaces U.S.-origin cheese and curd (heading 04.06) hit by the 50% counter-tariff,04.06,"Lactalis Canada has over 30 operating sites including its head office in Toronto, Ontario and 19 manufacturing facilities located throughout Québec, Ontario, Manitoba, Alberta and British Columbia.",https://www.lactalis.ca/about-us/,,2026-08-28,Medium,Produits laitiers et aliments réfrigérés,Fromage,Barres et tranches de cheddar,Cheddar pour les sandwichs et la cuisine,"19 installations de fabrication situées dans tout le Québec, l'Ontario, le Manitoba, l'Alberta et la Colombie-Britannique",Canada (emplacement non précisé),"Propriétaire ou société mère indiqué sur la page officielle : ""Lactalis Canada is part of Lactalis Group, the world’s #1 dairy group; Lactalis Group is a family-owned global business.""",Aucune précision sur la page officielle consultée,Remplace le fromage d’origine américaine et le caillé (rubrique SH 04.06) frappé par le droit de douane de rétorsion de 50 %
6,Dairy and refrigerated foods,Cheese,Bothwell Cheese,Cheddar and specialty cheeses,Table and cooking cheese,"crafting premium, all-natural, artisanal cheeses since 1936 in the village of New Bothwell, Manitoba","New Bothwell, Manitoba",ownership not verified,None stated on fetched official page,Replaces U.S.-origin cheese and curd (heading 04.06),04.06,"We’ve been crafting premium, all-natural, artisanal cheeses since 1936 in the village of New Bothwell, Manitoba.",https://www.bothwellcheese.com/,https://www.bothwellcheese.com/our-history/,2026-08-28,High,Produits laitiers et aliments réfrigérés,Fromage,Cheddar et fromages de spécialité,Fromage de table et fromage à cuisiner,"Fromages artisanaux entièrement naturels de qualité supérieure, fabriqués depuis 1936 dans le village de New Bothwell, au Manitoba","New Bothwell, Manitoba",Propriété non vérifiée,Aucune précision sur la page officielle consultée,Remplace le fromage d’origine américaine et le caillé (rubrique SH 04.06)
7,Dairy and refrigerated foods,Eggs,Burnbrae Farms,Naturegg liquid egg whites and Simply Egg Whites,Cooking and baking liquid eggs,"Burnbrae Farms has egg processing plants in Ontario, Manitoba and Quebec; it produces liquid egg products for retail","Ontario, Manitoba and Quebec","Ownership statement on official page: ""Burnbrae Farms is a 5th generation Canadian egg business, owned and operated by the Hudson family."" (ownership category not further verified)","On rare occasions, when the available supply of eggs cannot meet demand, Burnbrae Farms imports eggs from the United States.","Replaces U.S.-origin egg and albumin products in the counter-tariff basket (albumins, heading 35.02)",35.02,"Burnbrae Farms has egg processing plants in Ontario, Manitoba and Quebec.",https://www.burnbraefarms.com/en/faq/,,2026-08-28,High,Produits laitiers et aliments réfrigérés,Œufs,Blancs d’œufs liquides Naturegg et Simply Egg Whites,Œufs liquides pour la cuisine et la pâtisserie,"Burnbrae Farms exploite des usines de transformation des œufs en Ontario, au Manitoba et au Québec et produit des ovoproduits liquides pour la vente au détail","Ontario, Manitoba et Québec","Déclaration concernant la propriété sur la page officielle : ""Burnbrae Farms is a 5th generation Canadian egg business, owned and operated by the Hudson family."" (catégorie de propriété non vérifiée)","Dans de rares cas, lorsque l'offre d'œufs disponible ne peut pas répondre à la demande, Burnbrae Farms importe des œufs en provenance des États-Unis.","Remplace les œufs et les produits à base d’albumine d’origine américaine dans le panier visé par les droits de douane de rétorsion (albumines, rubrique SH 35.02)"
8,Dairy and refrigerated foods,Ice cream,Chapman's Ice Cream,Original and Premium ice cream tubs,Family ice cream,"Made by Canadians, for all of us Canadians!","Markdale, Ontario","Ownership statement on official page: ""Chapman’s is still a family-run business."" (ownership category not further verified)",None stated on fetched official page,"Replaces U.S.-origin dairy such as cheese, milk powders and whey preparations covered by the September 8, 2026 counter-tariffs",n.a.,"Today, we are the largest independent ice cream manufacturer in Canada.",https://www.chapmans.ca/our-story/,,2026-08-28,High,Produits laitiers et aliments réfrigérés,Crème glacée,Pots de crème glacée Original et Premium,Crème glacée familiale,"Fabriqué par des Canadiens, pour tous les Canadiens!","Markdale, Ontario","Déclaration concernant la propriété sur la page officielle : ""Chapman’s is still a family-run business."" (catégorie de propriété non vérifiée)",Aucune précision sur la page officielle consultée,"Remplace les produits laitiers d’origine américaine tels que le fromage, les poudres de lait et les préparations de lactosérum visées par les droits de douane de rétorsion du 8 septembre 2026"
9,Dairy and refrigerated foods,Milk and cream,Dairyland (Saputo),Fluid milk and cream,Everyday milk and cream in Western Canada,"Crafting high-quality dairy products right here in Canada, using milk sourced from Canadian farms",Canada (location not stated),ownership not verified,"100% of Dairyland milk comes from Canadian farmers, with one exception: aerosol whipped cream, which is produced in the USA.","Replaces U.S.-origin dairy such as cheese, milk powders and whey preparations covered by the September 8, 2026 counter-tariffs",n.a.,"Dairyland is committed to crafting high-quality dairy products right here in Canada, using milk sourced from Canadian farms.",https://www.dairyland.ca/en/faq,,2026-08-28,Medium,Produits laitiers et aliments réfrigérés,Lait et crème,Lait et crème liquides,Lait et crème de tous les jours dans l’Ouest canadien,Produits laitiers de grande qualité fabriqués ici même au Canada avec du lait de fermes canadiennes,Canada (emplacement non précisé),Propriété non vérifiée,"100 % du lait de Dairyland provient d'agriculteurs canadiens, à une exception près : la crème fouettée aux aérosols, qui est produite aux États-Unis.","Remplace les produits laitiers d’origine américaine tels que le fromage, les poudres de lait et les préparations de lactosérum visées par les droits de douane de rétorsion du 8 septembre 2026"
10,Dairy and refrigerated foods,Plant-based beverages,Earth's Own,Oat milk (Oat Original / Barista),Dairy-alternative beverage for coffee and cereal,Crafted in Quebec,Quebec,ownership not verified,None stated on fetched official page,"Replaces U.S.-origin dairy such as cheese, milk powders and whey preparations covered by the September 8, 2026 counter-tariffs",n.a.,Crafted in Quebec,https://earthsown.com/products/oat/,,2026-08-28,High,Produits laitiers et aliments réfrigérés,Boissons végétales,Lait d’avoine (Oat Original / Barista),Boisson végétale pour le café et les céréales,Fabriqué au Québec,Québec,Propriété non vérifiée,Aucune précision sur la page officielle consultée,"Remplace les produits laitiers d’origine américaine tels que le fromage, les poudres de lait et les préparations de lactosérum visées par les droits de douane de rétorsion du 8 septembre 2026"
11,Dairy and refrigerated foods,Cheese,Fromagerie Bergeron,Le Cendrillon / Classic Gouda-style cheeses,Table cheese for cheese boards and melting,La Fromagerie Bergeron à Saint-Antoine-de-Tilly produit des fromages de type Gouda,"Saint-Antoine-de-Tilly, Québec","Ownership statement on official page: ""Fromagerie Bergeron est une entreprise familiale fondée il y a plus de 35 ans à Saint-Antoine-de-Tilly."" (ownership category not further verified)",None stated on fetched official page,Replaces U.S.-origin cheese and curd (heading 04.06) hit by the 50% counter-tariff,04.06,"Depuis plus de 35 ans, la Fromagerie Bergeron à Saint-Antoine-de-Tilly produit des fromages de type Gouda appréciés partout au Canada.",https://fromagesbergeron.com/,,2026-08-28,High,Produits laitiers et aliments réfrigérés,Fromage,Fromages Le Cendrillon et de style gouda Classic,Fromage de table pour les plateaux et les plats gratinés,La Fromagerie Bergeron à Saint-Antoine-de-Tilly produit des fromages de type Gouda,"Saint-Antoine-de-Tilly, Québec","Déclaration concernant la propriété sur la page officielle : ""Fromagerie Bergeron est une entreprise familiale fondée il y a plus de 35 ans à Saint-Antoine-de-Tilly."" (catégorie de propriété non vérifiée)",Aucune précision sur la page officielle consultée,Remplace le fromage d’origine américaine et le caillé (rubrique SH 04.06) frappé par le droit de douane de rétorsion de 50 %
12,Dairy and refrigerated foods,Cheese,Fromagerie L'Ancetre,Organic cheddar and butter,Organic cheese and butter for households,The largest organic cheesemaker in Canada,Canada (location not stated),ownership not verified,None stated on fetched official page,Replaces U.S.-origin cheese and curd (heading 04.06) hit by the 50% counter-tariff,04.06,THE LARGEST ORGANIC CHEESEMAKER IN CANADA,https://fromagerieancetre.com/en/,,2026-08-28,Medium,Produits laitiers et aliments réfrigérés,Fromage,Cheddar et beurre biologiques,Fromage et beurre biologiques pour la maison,Le plus grand fromager biologique au Canada,Canada (emplacement non précisé),Propriété non vérifiée,Aucune précision sur la page officielle consultée,Remplace le fromage d’origine américaine et le caillé (rubrique SH 04.06) frappé par le droit de douane de rétorsion de 50 %
13,Dairy and refrigerated foods,Cottage cheese,Gay Lea Foods,Nordica cottage cheese,High-protein snack and cooking cheese,Canadian manufacturing network; transforms Canadian milk into a product sold exclusively to Canadian consumers,"Toronto, Ontario","Ownership/parent stated on official page: ""owned by approximately 1,200 dairy farmer members in Ontario and Manitoba""",None stated on fetched official page,Replaces U.S.-origin cheese and curd (heading 04.06) hit by the 50% counter-tariff,04.06,Expanding a facility that transforms Canadian milk into a product sold exclusively to Canadian consumers,https://www.gaylea.com/news/about-us/gay-lea-foods-invests-more-than-200-million-to-help-shape-the-future-of-canadian-dairy,,2026-08-28,High,Produits laitiers et aliments réfrigérés,Fromage cottage,Fromage cottage Nordica,Collation riche en protéines et fromage à cuisiner,Réseau canadien de fabrication; transforme le lait canadien en un produit vendu exclusivement aux consommateurs canadiens,"Toronto, Ontario","Propriétaire ou société mère indiqué sur la page officielle : ""owned by approximately 1,200 dairy farmer members in Ontario and Manitoba""",Aucune précision sur la page officielle consultée,Remplace le fromage d’origine américaine et le caillé (rubrique SH 04.06) frappé par le droit de douane de rétorsion de 50 %
14,Dairy and refrigerated foods,Deli meats,Grimm's Fine Foods,Deli meats and sausages,Sandwich meats and sausages,Canadian Made,Canada (location not stated),ownership not verified,None stated on fetched official page,Replaces U.S.-origin refrigerated deli meats,n.a.,European Craftsmanship. Canadian Made.,https://grimmsfinefoods.com/,,2026-08-28,Medium,Produits laitiers et aliments réfrigérés,Charcuteries,Charcuteries et saucisses,Viandes à sandwich et saucisses,Fabriqué au Canada,Canada (emplacement non précisé),Propriété non vérifiée,Aucune précision sur la page officielle consultée,Remplace les charcuteries réfrigérées d’origine américaine
15,Dairy and refrigerated foods,Refrigerated beverages and soups,Happy Planet,Smoothies and fresh soups,Smoothies and soups,"almost all Happy Planet products are made locally in BC and Ontario, right here in Canada","Burnaby, BC",ownership not verified,"The page states that almost all Happy Planet products are made locally in BC and Ontario; it does not state that every product is made in Canada. | Availability note: The page states that the following products were discontinued this fall: Fruit Smoothies 325ml—Extreme Green, Extreme C, Extreme Energy, Mango & Passionfruit, Coconut Pineapple, Blackberry, Boysenberry & Blackcurrant, Raspberry & Cherry, Orange Juice; Fruit Smoothies 900ml—Extreme C, Extreme Energy, Mango & Passionfruit, Coconut Pineapple, Chocolate Banana Protein, Blackberry, Boysenberry & Blackcurrant, Extreme Gold with Turmeric; Fruit Smoothies 1.5L—Organic Lemonade, Extreme Green, Coconut Pineapple; Nut Based Smoothies—GONUTS! Chocolate.",Replaces U.S.-origin refrigerated beverages and prepared foods,n.a.,"We are a proudly Canadian company based in Burnaby, BC, and almost all Happy Planet products are made locally in BC and Ontario, right here in Canada.",https://happyplanet.com/faqs-2/,https://intengine.com/directory/profile/12408-happy-planet-foods-inc,2026-08-28,High,Produits laitiers et aliments réfrigérés,Boissons et soupes réfrigérées,Boissons fouettées et soupes fraîches,Boissons fouettées et soupes,"Presque tous les produits Happy Planet sont fabriqués localement en Colombie-Britannique et en Ontario, ici même au Canada","Burnaby, Colombie-Britannique",Propriété non vérifiée,"La page indique que presque tous les produits Happy Planet sont fabriqués localement en Colombie-Britannique et en Ontario; elle ne précise pas que tous les produits sont fabriqués au Canada. Remarque sur la disponibilité : La page indique que les produits suivants ont été interrompus cet automne: Smoothies de fruits 325 ml—Extreme Green, Extreme C, Extreme Energy, Mangue & Passionfruit, Ananas de noix de coco, Blackberry, Boysenberry & Blackcurrant, Raspberry & Cherry, Orange Juice; Smoothies de fruits 900 ml—Extreme C, Extreme Energy, Mangue & Passionfruit, Ananas de noix de coco, Protéines de banane de chocolat, Blackberry, Boysenberry & Blackcurrant, Extreme Gold with Turmeric; Smoothies de fruits 1,5 L—Lémonade organique, Extreme Green, Ananas de noix de coco; Smoothies à base de noix—GONUTS! Du chocolat.",Remplace les boissons réfrigérées et les aliments préparés d’origine américaine
16,Dairy and refrigerated foods,Yogourt,iogo,Yogourt cups and tubes,Family yogourt snacks and lunch-box tubes,Proudly Made in Canada,Canada (location not stated),ownership not verified,None stated on fetched official page,"Replaces U.S.-origin dairy such as cheese, milk powders and whey preparations covered by the September 8, 2026 counter-tariffs",n.a.,Proudly Made in Canada,https://iogo.ca/en/,,2026-08-28,Medium,Produits laitiers et aliments réfrigérés,Yogourt,Pots et tubes de yogourt,Collations de yogourt familiales et tubes pour la boîte à lunch,Fièrement fabriqué au Canada,Canada (emplacement non précisé),Propriété non vérifiée,Aucune précision sur la page officielle consultée,"Remplace les produits laitiers d’origine américaine tels que le fromage, les poudres de lait et les préparations de lactosérum visées par les droits de douane de rétorsion du 8 septembre 2026"
17,Dairy and refrigerated foods,Butter,Lactantia,Butter and cream,"Table and baking butter, cooking cream","producing ... products, right here in Canada",Canada (location not stated),ownership not verified,None stated on fetched official page,"Replaces U.S.-origin dairy such as cheese, milk powders and whey preparations covered by the September 8, 2026 counter-tariffs",n.a.,"Lactantia takes pride in producing trusted, high-quality, nutritious and great tasting products, right here in Canada.",https://lactantia.ca/,,2026-08-28,Medium,Produits laitiers et aliments réfrigérés,Beurre,Beurre et crème,Beurre de table et à pâtisserie; crème à cuisson,Production de produits ici même au Canada,Canada (emplacement non précisé),Propriété non vérifiée,Aucune précision sur la page officielle consultée,"Remplace les produits laitiers d’origine américaine tels que le fromage, les poudres de lait et les préparations de lactosérum visées par les droits de douane de rétorsion du 8 septembre 2026"
18,Dairy and refrigerated foods,Yogourt,Liberte,Greek yogourt,High-protein plain and flavoured yogourt,Made in Canada from domestic and imported ingredients,Canada (location not stated),ownership not verified,Made in Canada from domestic and imported ingredients,"Replaces U.S.-origin dairy such as cheese, milk powders and whey preparations covered by the September 8, 2026 counter-tariffs",n.a.,Made in Canada from domestic and imported ingredients,https://www.liberte.ca/en/greek/index,,2026-08-28,Medium,Produits laitiers et aliments réfrigérés,Yogourt,Yogourt grec,Yogourt nature et aromatisé riche en protéines,Fabriqué au Canada à partir d’ingrédients canadiens et importés,Canada (emplacement non précisé),Propriété non vérifiée,Fabriqué au Canada à partir d’ingrédients canadiens et importés,"Remplace les produits laitiers d’origine américaine tels que le fromage, les poudres de lait et les préparations de lactosérum visées par les droits de douane de rétorsion du 8 septembre 2026"
19,Dairy and refrigerated foods,Milk and cream,Natrel,Fine-filtered milk and cream,Everyday drinking milk and cooking cream,products made from 100% Canadian milk,Canada (location not stated),"Ownership/parent stated on official page: ""We are part of the Agropur family""",None stated on fetched official page,"Replaces U.S.-origin dairy such as cheese, milk powders and whey preparations covered by the September 8, 2026 counter-tariffs",n.a.,"When you choose Natrel, you are choosing products made from 100% Canadian milk.",https://www.natrel.ca/en/touch-more,,2026-08-28,Medium,Produits laitiers et aliments réfrigérés,Lait et crème,Lait et crème microfiltrés,Lait à boire de tous les jours et crème à cuisson,Produits fabriqués avec du lait 100 % canadien,Canada (emplacement non précisé),"Propriétaire ou société mère indiqué sur la page officielle : ""We are part of the Agropur family""",Aucune précision sur la page officielle consultée,"Remplace les produits laitiers d’origine américaine tels que le fromage, les poudres de lait et les préparations de lactosérum visées par les droits de douane de rétorsion du 8 septembre 2026"
20,Dairy and refrigerated foods,Milk and cream,Nutrinor,Milk and cream from Saguenay-Lac-Saint-Jean,Regional fluid milk and cream,dairy products made in Canada,Canada (location not stated),ownership not verified,None stated on fetched official page,"Replaces U.S.-origin dairy such as cheese, milk powders and whey preparations covered by the September 8, 2026 counter-tariffs",n.a.,The cooperative uses only dairy products made in Canada,https://laitnutrinor.com/en/nordic-milk/,https://laitnutrinor.com/en/faq/,2026-08-28,Medium,Produits laitiers et aliments réfrigérés,Lait et crème,Lait et crème du Saguenay–Lac-Saint-Jean,Lait et crème liquides de la région,produits laitiers fabriqués au Canada,Canada (emplacement non précisé),Propriété non vérifiée,Aucune précision sur la page officielle consultée,"Remplace les produits laitiers d’origine américaine tels que le fromage, les poudres de lait et les préparations de lactosérum visées par les droits de douane de rétorsion du 8 septembre 2026"
21,Dairy and refrigerated foods,Yogourt,Olympic Dairy,Krema and organic yogurt,Plain and Greek-style yogurt,"Produced in Delta, BC","Delta, BC",ownership not verified,None stated on fetched official page,"Replaces U.S.-origin dairy such as cheese, milk powders and whey preparations covered by the September 8, 2026 counter-tariffs",n.a.,"Produced in Delta, BC, our high in protein Greek plain yogurt is made with fresh milk and 100% natural source ingredients.",https://www.olympicdairy.com/en/product/greek-plain-yogurt/,,2026-08-28,Medium,Produits laitiers et aliments réfrigérés,Yogourt,Yogourts Krema et biologiques,Yogourt nature et de style grec,"Produit en Delta, en Colombie-Britannique","Delta, Colombie-Britannique",Propriété non vérifiée,Aucune précision sur la page officielle consultée,"Remplace les produits laitiers d’origine américaine tels que le fromage, les poudres de lait et les préparations de lactosérum visées par les droits de douane de rétorsion du 8 septembre 2026"
22,Dairy and refrigerated foods,Cheese,Saputo,Stella / Frigo? placeholder,n.a.,Saputo produces dairy products from Canada,Canada (location not stated),"Ownership statement on official page: ""Sales are made under Company-owned or customer brand names."" (ownership category not further verified)",None stated on fetched official page,Replaces U.S.-origin cheese and curd (heading 04.06) hit by the 50% counter-tariff,04.06,"The Company produces, markets, and distributes a wide array of dairy products from Canada, the United States, Australia, Argentina, and the United Kingdom.",https://www.saputo.com/-/media/ecosystem/divisions/corporate-services/sites/saputo-com/saputo-com-documents/shareholder-reports/2020/01sap_annual-report2020_ang.pdf?rev=d5c2eec571be4057a64f698333d4da60&hash=914759157FE175D348FC1638E6C5920D,,2026-08-28,Medium,Produits laitiers et aliments réfrigérés,Fromage,Stella / Frigo? — entrée provisoire,n.d.,Saputo fabrique des produits laitiers au Canada,Canada (emplacement non précisé),"Déclaration concernant la propriété sur la page officielle : ""Sales are made under Company-owned or customer brand names."" (catégorie de propriété non vérifiée)",Aucune précision sur la page officielle consultée,Remplace le fromage d’origine américaine et le caillé (rubrique SH 04.06) frappé par le droit de douane de rétorsion de 50 %
23,Dairy and refrigerated foods,Yogourt and dips,Skotidakis,Greek yogurt and tzatziki dips,Protein yogurt and vegetable dips,"In our 100,000 square feet production facility, we use fresh quality milk to craft the finest cheeses and dairy products available.","St. Eugene, Ontario","Ownership statement on official page: ""Founder Peter Skotidakis purchased the farm in 1975."" (ownership category not further verified)",None stated on fetched official page,"Replaces U.S.-origin dairy such as cheese, milk powders and whey preparations covered by the September 8, 2026 counter-tariffs",n.a.,"Located in St. Eugene, Ontario, Canada, SKOTIDAKIS is all about excellence. In our 100,000 square feet production facility, we use fresh quality milk to craft the finest cheeses and dairy products available.",https://www.skotidakis.com/dairy-products-supplier.html,,2026-08-28,High,Produits laitiers et aliments réfrigérés,Yogourt et trempettes,Yogourt grec et trempettes tzatziki,Yogourt riche en protéines et trempettes aux légumes,"Dans son usine de production de 100 000 pieds carrés, l’entreprise utilise du lait frais pour fabriquer ses fromages et produits laitiers.","St. Eugene, Ontario","Déclaration concernant la propriété sur la page officielle : ""Founder Peter Skotidakis purchased the farm in 1975."" (catégorie de propriété non vérifiée)",Aucune précision sur la page officielle consultée,"Remplace les produits laitiers d’origine américaine tels que le fromage, les poudres de lait et les préparations de lactosérum visées par les droits de douane de rétorsion du 8 septembre 2026"
24,Dairy and refrigerated foods,Dips and spreads,Summer Fresh,Hummus and fresh dips,Snack dips and sandwich spreads,Made in Canada; manufactured locally,Canada (location not stated),"Canadian-owned per official page: ""Canadian owned family-run business""",None stated on fetched official page,Replaces U.S.-origin refrigerated dips and spreads,n.a.,Summer Fresh® products are all Made in Canada,https://www.summerfresh.com/made-by-canadians-for-canadians/,https://summerfreshfoodservice.com/our-food-standards/,2026-08-28,Medium,Produits laitiers et aliments réfrigérés,Trempettes et tartinades,Houmous et trempettes fraîches,Trempettes pour collation et tartinades à sandwich,Fabriqué au Canada; fabriqué localement,Canada (emplacement non précisé),"Propriété canadienne selon la page officielle : ""Canadian owned family-run business""",Aucune précision sur la page officielle consultée,Remplace les trempettes et tartinades réfrigérées d’origine américaine
25,Dairy and refrigerated foods,Tofu and plant protein,Sunrise Soya Foods,"Tofu (firm, soft, sprouted)",Plant protein for cooking,100% produced in Canada,Canada (location not stated),ownership not verified,None stated on fetched official page,Replaces U.S.-origin refrigerated plant-protein groceries,n.a.,100% produced in Canada.,https://sunrise-soya.com/,,2026-08-28,Medium,Produits laitiers et aliments réfrigérés,Tofu et protéines végétales,"Tofu (ferme, mou, germé)",Protéine végétale pour la cuisine,100 % produit au Canada,Canada (emplacement non précisé),Propriété non vérifiée,Aucune précision sur la page officielle consultée,Remplace les produits d’épicerie réfrigérés à base de protéines végétales d’origine américaine
26,Dairy and refrigerated foods,Cheese,Tre Stelle (Arla/Agropur),Bocconcini and mozzarella,Fresh mozzarella for salads and pizza,Made from 100% Canadian Dairy,Canada (location not stated),ownership not verified,None stated on fetched official page,Replaces U.S.-origin cheese and curd (04.06),04.06,Made from 100% Canadian Dairy,https://www.trestelle.ca/en-ca/products/bocconcini-cheese-200g-102704/,,2026-08-28,Medium,Produits laitiers et aliments réfrigérés,Fromage,Bocconcini et mozzarella,Mozzarella fraîche pour les salades et la pizza,Fabriqué avec des produits laitiers 100 % canadiens,Canada (emplacement non précisé),Propriété non vérifiée,Aucune précision sur la page officielle consultée,Remplace le fromage d’origine américaine et le caillé (04.06)
27,Dairy and refrigerated foods,Plant protein,Yves Veggie Cuisine,Veggie ground round and deli slices,Meat-alternative deli products,Made in Canada from domestic and imported ingredients.,Canada (location not stated),ownership not verified,Made in Canada from domestic and imported ingredients.,Replaces U.S.-origin plant-protein refrigerated foods,n.a.,Made in Canada from domestic and imported ingredients.,https://yvesveggie.ca/en/products/deli-slices/veggie-ham/,https://yvesveggie.ca/en/products/ground-round/original-veggie-ground-round/,2026-08-28,Medium,Produits laitiers et aliments réfrigérés,Protéines végétales,Sans-viande haché et tranches végétales de type charcuterie,Produits végétaux de remplacement de la charcuterie,Fabriqué au Canada à partir d’ingrédients canadiens et importés.,Canada (emplacement non précisé),Propriété non vérifiée,Fabriqué au Canada à partir d’ingrédients canadiens et importés.,Remplace les aliments réfrigérés à base de protéines végétales d’origine américaine
28,"Pantry, bakery, snacks, beverages, frozen and canned foods",Bread,ACE Bakery,Artisan baguettes and demi-baguettes,Artisan bread,Breads are baked in Canada and distributed in Canada and US.,Canada (location not stated),"Ownership/parent stated on official page: ""ACE Bakery is owned by Weston Foods, one of Canada's leading bakery companies.""",None stated on fetched official page,Replaces U.S.-origin flour-based food preparations (heading 19.01) and other imported U.S. baking staples,19.01,Breads are baked in Canada and distributed in Canada and US.,https://acebakery.com/pages/about-us,,2026-08-28,Medium,"Produits d’épicerie, de boulangerie, collations, boissons, aliments surgelés et en conserve",Pain,Baguettes artisanales et demi-baguettes,Pain artisanal,Les pains sont cuits au Canada et distribués au Canada et aux États-Unis.,Canada (emplacement non précisé),"Propriétaire ou société mère indiqué sur la page officielle : ""ACE Bakery is owned by Weston Foods, one of Canada's leading bakery companies.""",Aucune précision sur la page officielle consultée,Remplace les préparations alimentaires à base de farine d’origine américaine (rubrique SH 19.01) et d’autres produits de base américains importés pour la pâtisserie
29,"Pantry, bakery, snacks, beverages, frozen and canned foods",Juice,Allen's (Lassonde),Apple juice,Apple juice,All of our juices and fruit juice cocktails are proudly made in Canada for/by Canadians.,Canada (location not stated),"Canadian-owned per official page: ""Lassonde, a Canadian family-owned business, entered the scene by purchasing the Allen’s brand in 1999.""",None stated on fetched official page,"Replaces U.S.-origin packaged grocery items in the counter-tariff basket, including flour-based food preparations",n.a.,All of our juices and fruit juice cocktails are proudly made in Canada for/by Canadians.,https://allens.ca/our-story/,,2026-08-28,Medium,"Produits d’épicerie, de boulangerie, collations, boissons, aliments surgelés et en conserve",Jus,Jus de pomme,Jus de pomme,Tous les jus et cocktails de jus de fruits sont fièrement fabriqués au Canada pour les Canadiens.,Canada (emplacement non précisé),"Propriété canadienne selon la page officielle : ""Lassonde, a Canadian family-owned business, entered the scene by purchasing the Allen’s brand in 1999.""",Aucune précision sur la page officielle consultée,"Remplace les produits d'épicerie emballés d’origine américaine dans le panier visé par les droits de douane de rétorsion, y compris les préparations alimentaires à base de farine"
30,"Pantry, bakery, snacks, beverages, frozen and canned foods",Frozen vegetables,Arctic Gardens (Bonduelle),Frozen vegetables and vegetable blends,Freezer vegetables,"Arctic Gardens vegetables are homegrown in Canada; they’re harvested, processed and packaged here.",Canada (location not stated),ownership not verified,None stated on fetched official page,"Replaces U.S.-origin packaged grocery items in the counter-tariff basket, including flour-based food preparations",n.a.,Processing and transforming vegetables here in Canada means that Arctic Gardens contributes to maintaining a healthy economy and preserving the environment.,https://www.arcticgardens.ca/blog/field-table/,,2026-08-28,Medium,"Produits d’épicerie, de boulangerie, collations, boissons, aliments surgelés et en conserve",Légumes surgelés,Légumes surgelés et mélanges de légumes,Légumes surgelés,"Les légumes Arctic Gardens sont cultivés au Canada; ils y sont récoltés, transformés et emballés.",Canada (emplacement non précisé),Propriété non vérifiée,Aucune précision sur la page officielle consultée,"Remplace les produits d'épicerie emballés d’origine américaine dans le panier visé par les droits de douane de rétorsion, y compris les préparations alimentaires à base de farine"
31,"Pantry, bakery, snacks, beverages, frozen and canned foods",Cereal and oats,Avena Foods,Only Oats gluten-free oats and oat flour,Breakfast oats and gluten-free baking,Gluten-free oat ingredient production at a new mill on the Canadian Prairies,"Rowatt, SK",ownership not verified,None stated on fetched official page,Replaces U.S.-origin flour-based food preparations (heading 19.01) and other imported U.S. baking staples,n.a.,Avena is more than doubling its gluten-free oat ingredient production capacity with the commissioning of a new mill on the Canadian Prairies.,https://www.avenafoods.com/new-state-of-the-art-oat-mill-for-rte-ingredients/,,2026-08-28,High,"Produits d’épicerie, de boulangerie, collations, boissons, aliments surgelés et en conserve",Céréales et avoine,Avoine et farine d’avoine sans gluten Only Oats,Avoine au déjeuner et farine pour pâtisserie sans gluten,Production d’ingrédients d’avoine sans gluten dans une nouvelle usine des Prairies canadiennes,"Rowatt, Saskatchewan",Propriété non vérifiée,Aucune précision sur la page officielle consultée,Remplace les préparations alimentaires à base de farine d’origine américaine (rubrique SH 19.01) et d’autres produits de base américains importés pour la pâtisserie
32,"Pantry, bakery, snacks, beverages, frozen and canned foods",Coffee,Balzac's Coffee Roasters,Roasted coffee beans,Home brewed coffee,100% Canadian small-batch roasted blends,Canada (location not stated),ownership not verified,None stated on fetched official page,Replaces U.S.-origin packaged grocery and beverage items purchased instead of tariffed U.S. imports,n.a.,Curate your coffee routine with 100% Canadian small-batch roasted blends.,https://balzacs.com/,https://canadiansme.ca/balzacs-coffee-roasters-redefining-canadian-coffee/,2026-08-28,Medium,"Produits d’épicerie, de boulangerie, collations, boissons, aliments surgelés et en conserve",Café,Grains de café torréfiés,Café infusé à la maison,Mélanges torréfiés au Canada en petits lots,Canada (emplacement non précisé),Propriété non vérifiée,Aucune précision sur la page officielle consultée,Remplace les articles d'épicerie et de boissons emballés d’origine américaine achetés au lieu des importations américaines assujetties aux droits de douane
33,"Pantry, bakery, snacks, beverages, frozen and canned foods",Maple and honey,Bee Maid Honey,Pure Canadian liquid and creamed honey,Table honey,producing high-quality Canadian honey,"Spruce Grove, Alberta and Winnipeg, Manitoba",ownership not verified,None stated on fetched official page,Replaces U.S.-origin natural honey (heading 04.09) under the counter-tariffs,04.09,We are excited to share two significant achievements that demonstrate our commitment to producing high-quality Canadian honey while supporting our beekeeping community.,https://www.beemaid.com/bee-maid-news/a-sweet-expansion-bee-maid-celebrates-two-major-grand-openings/,,2026-08-28,High,"Produits d’épicerie, de boulangerie, collations, boissons, aliments surgelés et en conserve",Produits de l’érable et miel,"Miel canadien pur, liquide et crémeux",Miel de table,produisant du miel canadien de haute qualité,"Spruce Grove, Alberta et Winnipeg, Manitoba",Propriété non vérifiée,Aucune précision sur la page officielle consultée,Remplace le miel naturel d’origine américaine (rubrique SH 04.09) visés par les droits de douane de rétorsion
34,"Pantry, bakery, snacks, beverages, frozen and canned foods",Maple and honey,Billy Bee Honey,Liquid honey,Table honey,"Products that are 100% Canadian, fully sourced from Canadian beekeepers","Alberta, Saskatchewan and Manitoba",ownership not verified,None stated on fetched official page,Replaces U.S.-origin natural honey (04.09),04.09,"Billy Bee is proud to offer products that are 100% Canadian, fully sourced from Canadian beekeepers.",https://www.clubhouse.ca/en-ca/billy-bee/about,,2026-08-28,High,"Produits d’épicerie, de boulangerie, collations, boissons, aliments surgelés et en conserve",Produits de l’érable et miel,Miel liquide,Miel de table,Produits entièrement canadiens provenant à 100 % d’apiculteurs canadiens,"Alberta, Saskatchewan et Manitoba",Propriété non vérifiée,Aucune précision sur la page officielle consultée,Remplace le miel naturel d’origine américaine (04.09)
35,"Pantry, bakery, snacks, beverages, frozen and canned foods",Baking and chocolate,Camino (La Siembra),"Fair trade cocoa, chocolate and sugar",Cocoa powder and chocolate bars,"La Siembra’s founders began to manufacture and distribute a hot chocolate, sugar and cocoa line themselves.",Canada (location not stated),"Canadian-owned per official page: ""La Siembra is organized as a worker-owned co-operative.""",La Siembra began sourcing cocoa from a co-operative in Costa Rica and sugar from a mill supporting co-operative farmers in Paraguay.,"Replaces U.S.-origin packaged grocery items in the counter-tariff basket, including flour-based food preparations (19.01)",n.a.,"Year 1 was spent in the community kitchen of First United Church—a socially progressive church in Ottawa. ... the founders began to manufacture and distribute a hot chocolate, sugar and cocoa line themselves.",https://camino.ca/about/,,2026-08-28,Medium,"Produits d’épicerie, de boulangerie, collations, boissons, aliments surgelés et en conserve",Pâtisserie et chocolat,"Cacao, chocolat et sucre équitables",Poudre de cacao et tablettes de chocolat,"Les fondateurs de La Siembra ont commencé à fabriquer et à distribuer eux-mêmes une gamme de chocolat chaud, de sucre et de cacao.",Canada (emplacement non précisé),"Propriété canadienne selon la page officielle : ""La Siembra is organized as a worker-owned co-operative.""",La Siembra a commencé à se procurer du cacao auprès d'une coopérative du Costa Rica et du sucre auprès d'une usine d'aide aux agriculteurs coopératifs du Paraguay.,"Remplace les produits d'épicerie emballés d’origine américaine dans le panier visé par les droits de douane de rétorsion, y compris les préparations alimentaires à base de farine (19.01)"
36,"Pantry, bakery, snacks, beverages, frozen and canned foods",Frozen potato,Cavendish Farms,Frozen fries and Restaurant Style potatoes,Freezer fries,potato and vegetable processing facility in PEI Canada,PEI,"Ownership/parent stated on official page: ""Cavendish Farms is part of a family owned company that has been customer focused since 1882.""",None stated on fetched official page,"Replaces U.S.-origin packaged grocery items in the counter-tariff basket, including flour-based food preparations",n.a.,Irving Group purchases C.M. Mclean potato and vegetable processing facility in PEI Canada and renames it Cavendish Farms.,https://www.cavendishfarms.com/en/our-story/,,2026-08-28,High,"Produits d’épicerie, de boulangerie, collations, boissons, aliments surgelés et en conserve",Pommes de terre surgelées,Frites surgelées et pommes de terre Restaurant Style,Frites surgelées,"Usine de transformation de pommes de terre et de légumes à l’Île-du-Prince-Édouard, au Canada",Île-du-Prince-Édouard,"Propriétaire ou société mère indiqué sur la page officielle : ""Cavendish Farms is part of a family owned company that has been customer focused since 1882.""",Aucune précision sur la page officielle consultée,"Remplace les produits d'épicerie emballés d’origine américaine dans le panier visé par les droits de douane de rétorsion, y compris les préparations alimentaires à base de farine"
37,"Pantry, bakery, snacks, beverages, frozen and canned foods",Wine,Chateau des Charmes,Niagara VQA wines,Wine,wines grown exclusively on the prestigious St. David’s Bench Niagara,Ontario,ownership not verified,None stated on fetched official page,Replaces U.S.-origin packaged grocery and beverage items purchased instead of tariffed U.S. imports,n.a.,"From our cellar to your table, explore wines grown exclusively on the prestigious St. David’s Bench Niagara’s most coveted sub-appellation.",https://www.chateaudescharmes.com/,https://www.chateaudescharmes.com/post/buy-vqa-wine-online-what-ontario-wine-lovers-are-ordering-right-now,2026-08-28,Medium,"Produits d’épicerie, de boulangerie, collations, boissons, aliments surgelés et en conserve",Vin,Vins VQA du Niagara,Vin,Vins issus exclusivement de raisins cultivés sur la prestigieuse sous-appellation St. David’s Bench,Ontario,Propriété non vérifiée,Aucune précision sur la page officielle consultée,Remplace les articles d'épicerie et de boissons emballés d’origine américaine achetés au lieu des importations américaines assujetties aux droits de douane
38,"Pantry, bakery, snacks, beverages, frozen and canned foods",Maple and honey,Citadelle Maple Syrup,Pure maple syrup,Table syrup and baking,100% pure maple syrup comes directly from Canada’s native forests,Canada (location not stated),"Ownership statement on official page: ""Citadelle is more than just a co-op."" (ownership category not further verified)",None stated on fetched official page,"Replaces U.S.-origin packaged grocery items in the counter-tariff basket, including flour-based food preparations",n.a.,"Based all over Canada, our 1,400 highly skilled families of producers are proud to pass this ancestral Canadian tradition on",https://maplesyrupcitadelle.com/,,2026-08-28,Medium,"Produits d’épicerie, de boulangerie, collations, boissons, aliments surgelés et en conserve",Produits de l’érable et miel,Sirop d’érable pur,Sirop de table et ingrédient de pâtisserie,Sirop d’érable pur à 100 % provenant directement des forêts naturelles du Canada,Canada (emplacement non précisé),"Déclaration concernant la propriété sur la page officielle : ""Citadelle is more than just a co-op."" (catégorie de propriété non vérifiée)",Aucune précision sur la page officielle consultée,"Remplace les produits d'épicerie emballés d’origine américaine dans le panier visé par les droits de douane de rétorsion, y compris les préparations alimentaires à base de farine"
39,"Pantry, bakery, snacks, beverages, frozen and canned foods",Spirits,Crown Royal,Canadian whisky (Deluxe),Whisky,"Crown Royal’s distillery in Gimli, Manitoba","Gimli, Manitoba",ownership not verified,None stated on fetched official page,"Replaces U.S.-origin packaged grocery items in the counter-tariff basket, including flour-based food preparations",n.a.,"Crown Royal’s distillery in Gimli, Manitoba, is home to 1.5 million barrels of delicious whisky",https://www.crownroyal.com/story/our-home,,2026-08-28,High,"Produits d’épicerie, de boulangerie, collations, boissons, aliments surgelés et en conserve",Spiritueux,Whisky canadien (Deluxe),Whisky,"Distillerie Crown Royal à Gimli, au Manitoba","Gimli, Manitoba",Propriété non vérifiée,Aucune précision sur la page officielle consultée,"Remplace les produits d'épicerie emballés d’origine américaine dans le panier visé par les droits de douane de rétorsion, y compris les préparations alimentaires à base de farine"
40,"Pantry, bakery, snacks, beverages, frozen and canned foods",Cookies and crackers,Dare Foods,Bear Paws cookies and Breton crackers,Lunch snacks and crackers,Manufactured in Canada and the United States,Canada (location not stated),"Ownership statement on official page: ""Dare has been a proudly Canadian, family-owned company since 1889."" (ownership category not further verified)","Manufactured in Canada and the United States; at times when demand is high, production of Breton products will also take place in the United States. Many Breton items are made in Canada.",Replaces U.S.-origin flour-based food preparations (heading 19.01) and other imported U.S. baking staples,19.01,Many of our Breton items are made right here in Canada.,https://www.darefoods.com/our-story/,,2026-08-28,Medium,"Produits d’épicerie, de boulangerie, collations, boissons, aliments surgelés et en conserve",Biscuits et craquelins,Biscuits Bear Paws et craquelins Breton,Collations pour le dîner et craquelins,Fabriqué au Canada et aux États-Unis,Canada (emplacement non précisé),"Déclaration concernant la propriété sur la page officielle : ""Dare has been a proudly Canadian, family-owned company since 1889."" (catégorie de propriété non vérifiée)","Fabriqués au Canada et aux États-Unis; lorsque la demande est élevée, la production de produits bretons aura également lieu aux États-Unis. De nombreux articles bretons sont fabriqués au Canada.",Remplace les préparations alimentaires à base de farine d’origine américaine (rubrique SH 19.01) et d’autres produits de base américains importés pour la pâtisserie
41,"Pantry, bakery, snacks, beverages, frozen and canned foods",Bread,Dempster's,Sliced white and whole wheat bread,Sandwich bread,proudly baked in Canada with Canadian wheat flour,Canada (location not stated),ownership not verified,None stated on fetched official page | Availability note: Some products may not be available in your area; please check with your local retailer.,Replaces U.S.-origin flour-based food preparations (heading 19.01) and other imported U.S. baking staples,19.01,proudly baked in Canada with Canadian wheat flour,https://dempsters.ca/products/wheat-grain-bread/dempsters-half-loaf-100-whole-wheat-bread/380-g,,2026-08-28,Medium,"Produits d’épicerie, de boulangerie, collations, boissons, aliments surgelés et en conserve",Pain,Pain blanc et de blé entier tranché,Pain à sandwich,Fièrement cuit au Canada avec de la farine de blé canadienne,Canada (emplacement non précisé),Propriété non vérifiée,Aucune précision sur la page officielle consultée.Remarque sur la disponibilité : Certains produits peuvent ne pas être disponibles dans votre région; veuillez consulter votre détaillant local.,Remplace les préparations alimentaires à base de farine d’origine américaine (rubrique SH 19.01) et d’autres produits de base américains importés pour la pâtisserie
42,"Pantry, bakery, snacks, beverages, frozen and canned foods",Spirits,Dillon's Small Batch Distillers,Unfiltered Gin 22 / Rye whisky,Gin and whisky,Handcrafted Spirits from Canada,Canada (location not stated),ownership not verified,None stated on fetched official page,"Replaces U.S.-origin packaged grocery items in the counter-tariff basket, including flour-based food preparations",n.a.,Dillon's Small Batch Distillers - Handcrafted Spirits from Canada,https://www.dillons.ca/,,2026-08-28,Medium,"Produits d’épicerie, de boulangerie, collations, boissons, aliments surgelés et en conserve",Spiritueux,Unfiltered Gin 22 / whisky de seigle,Gin et whisky,Spiritueux artisanaux du Canada,Canada (emplacement non précisé),Propriété non vérifiée,Aucune précision sur la page officielle consultée,"Remplace les produits d'épicerie emballés d’origine américaine dans le panier visé par les droits de douane de rétorsion, y compris les préparations alimentaires à base de farine"
43,"Pantry, bakery, snacks, beverages, frozen and canned foods",Jams and spreads,E.D. Smith,Fruit jams and pie fillings,Toast spread and baking filling,proudly prepared in Canada,"Winona, Ontario",ownership not verified,None stated on fetched official page,"Replaces U.S.-origin packaged grocery items in the counter-tariff basket, including flour-based food preparations",n.a.,Satisfy your craving for the taste of strawberries with this fabulous spread that is proudly prepared in Canada.,https://edsmith.all.biz/,,2026-08-28,High,"Produits d’épicerie, de boulangerie, collations, boissons, aliments surgelés et en conserve",Confitures et tartinades,Confitures de fruits et garnitures à tarte,Tartinade pour rôties et garniture de pâtisserie,fièrement préparé au Canada,"Winona, Ontario",Propriété non vérifiée,Aucune précision sur la page officielle consultée,"Remplace les produits d'épicerie emballés d’origine américaine dans le panier visé par les droits de douane de rétorsion, y compris les préparations alimentaires à base de farine"
44,"Pantry, bakery, snacks, beverages, frozen and canned foods",Spirits,Forty Creek,Barrel Select Canadian whisky,Whisky,Born in Niagara; Canada's original craft whisky,"Grimsby, Ontario",ownership not verified,None stated on fetched official page,"Replaces U.S.-origin packaged grocery items in the counter-tariff basket, including flour-based food preparations",n.a.,Born in Niagara we are Canada's original craft whisky.,https://fortycreekwhisky.com/distillery/,,2026-08-28,High,"Produits d’épicerie, de boulangerie, collations, boissons, aliments surgelés et en conserve",Spiritueux,Whisky canadien Barrel Select,Whisky,Né à Niagara; whisky artisanal canadien original,"Grimsby, Ontario",Propriété non vérifiée,Aucune précision sur la page officielle consultée,"Remplace les produits d'épicerie emballés d’origine américaine dans le panier visé par les droits de douane de rétorsion, y compris les préparations alimentaires à base de farine"
45,"Pantry, bakery, snacks, beverages, frozen and canned foods",Tea,Four O'Clock,Organic teas and herbal infusions,Tea and infusions,"We craft, blend, and package our teas in Saint-Bruno-de-Montarville, Quebec","Saint-Bruno-de-Montarville, Quebec","Ownership statement on official page: ""As a Canadian, family-owned business"" (ownership category not further verified)",None stated on fetched official page,"Replaces U.S.-origin packaged grocery items in the counter-tariff basket, including flour-based food preparations (19.01)",n.a.,"we are based in Saint-Bruno-de-Montarville, Quebec, where we craft, blend, and package our teas",https://fouroclock.ca/pages/our-story,,2026-08-28,High,"Produits d’épicerie, de boulangerie, collations, boissons, aliments surgelés et en conserve",Thé,Thés biologiques et tisanes,Thé et tisanes,"Nous fabriquons, mélangeons et emballons nos thés à Saint-Bruno-de-Montarville, au Québec.","Saint-Bruno-de-Montarville, Québec","Déclaration concernant la propriété sur la page officielle : ""As a Canadian, family-owned business"" (catégorie de propriété non vérifiée)",Aucune précision sur la page officielle consultée,"Remplace les produits d'épicerie emballés d’origine américaine dans le panier visé par les droits de douane de rétorsion, y compris les préparations alimentaires à base de farine (19.01)"
46,"Pantry, bakery, snacks, beverages, frozen and canned foods",Confectionery,Ganong,Chicken Bones and boxed chocolates,Candy and chocolate gifts,finely hand-crafted chocolates produced in Canada’s Chocolate Town,"St. Stephen, New Brunswick",ownership not verified,None stated on fetched official page,"Replaces U.S.-origin packaged grocery items in the counter-tariff basket, including flour-based food preparations",n.a.,Welcome to Canada’s Chocolate Town... they still to this day produce finely hand-crafted chocolates.,https://ganong.com/the-chocolatier-store/,,2026-08-28,High,"Produits d’épicerie, de boulangerie, collations, boissons, aliments surgelés et en conserve",Confiserie,Chicken Bones et chocolats en boîte,Bonbons et chocolats à offrir,chocolats fabriqués à la main au Canada,"St. Stephen, Nouveau-Brunswick",Propriété non vérifiée,Aucune précision sur la page officielle consultée,"Remplace les produits d'épicerie emballés d’origine américaine dans le panier visé par les droits de douane de rétorsion, y compris les préparations alimentaires à base de farine"
47,"Pantry, bakery, snacks, beverages, frozen and canned foods",Snacks,Hardbite,Handcrafted potato chips,Chip snacks,Made in Canada,British Columbia,ownership not verified,None stated on fetched official page,"Replaces U.S.-origin packaged grocery items in the counter-tariff basket, including flour-based food preparations",n.a.,Proudly crafting snacks in British Columbia’s one and only chip making facility.,https://hardbitechips.com/,,2026-08-28,High,"Produits d’épicerie, de boulangerie, collations, boissons, aliments surgelés et en conserve",Collations,Croustilles artisanales,Croustilles pour la collation,Fabriqué au Canada,Colombie-Britannique,Propriété non vérifiée,Aucune précision sur la page officielle consultée,"Remplace les produits d'épicerie emballés d’origine américaine dans le panier visé par les droits de douane de rétorsion, y compris les préparations alimentaires à base de farine"
48,"Pantry, bakery, snacks, beverages, frozen and canned foods",Wine,Henry of Pelham,Ontario VQA estate wines (incl. Fracette sparkling),Wine,VQA wines of Ontario; Fracette is a new style of Sparkling wine crafted with Icewine and distinctively Canadian,Ontario,"Ownership statement on official page: ""Family owned and operated."" (ownership category not further verified)",None stated on fetched official page | Availability note: Fracette is currently only available at the retail store.,"Replaces U.S.-origin packaged grocery items in the counter-tariff basket, including flour-based food preparations",n.a.,Fracette is a new style of Sparkling wine crafted with Icewine and distinctively Canadian.,https://henryofpelham.com/,,2026-08-28,High,"Produits d’épicerie, de boulangerie, collations, boissons, aliments surgelés et en conserve",Vin,"Vins de domaine VQA de l’Ontario, dont le mousseux Fracette",Vin,Vins VQA de l’Ontario; Fracette est un nouveau vin mousseux fait avec du vin de glace et typiquement canadien,Ontario,"Déclaration concernant la propriété sur la page officielle : ""Family owned and operated."" (catégorie de propriété non vérifiée)",Aucune précision sur la page officielle consultée.Remarque de disponibilité : Fracette n'est actuellement disponible qu'au magasin de détail.,"Remplace les produits d'épicerie emballés d’origine américaine dans le panier visé par les droits de douane de rétorsion, y compris les préparations alimentaires à base de farine"
49,"Pantry, bakery, snacks, beverages, frozen and canned foods",Frozen seafood,High Liner Foods,Breaded fish fillets and sticks,Freezer fish for meals,"producing a wide range of products ... in its Lunenburg, NS ... manufacturing facilities","Lunenburg, NS",ownership not verified,"We obtain our seafood, raw material and some finished goods for the operation from supply channels around the world, including Europe, East Asia, South America and Alaska.","Replaces U.S.-origin packaged grocery items in the counter-tariff basket, including flour-based food preparations",n.a.,"producing a wide range of products, from breaded and battered items to seafood entrees in its Lunenburg, NS, Newport News, VA, and Portsmouth, NH manufacturing facilities.",https://www.highlinerfoods.com/structure-governance,,2026-08-28,Medium,"Produits d’épicerie, de boulangerie, collations, boissons, aliments surgelés et en conserve",Poisson et fruits de mer surgelés,Filets et bâtonnets de poisson panés,Poisson surgelé pour les repas,"Production d’une vaste gamme de produits dans les installations de fabrication de Lunenburg, en Nouvelle-Écosse","Lunenburg, Nouvelle-Écosse",Propriété non vérifiée,"Nous nous procurons des produits de la mer, des matières premières et certains produits finis auprès de chaînes d’approvisionnement du monde entier, notamment en Europe, en Asie de l’Est, en Amérique du Sud et en Alaska.","Remplace les produits d'épicerie emballés d’origine américaine dans le panier visé par les droits de douane de rétorsion, y compris les préparations alimentaires à base de farine"
50,"Pantry, bakery, snacks, beverages, frozen and canned foods",Wine,Inniskillin,"Icewine (Vidal, Riesling)",Dessert wine and gifts,Canadian wine,Canada (location not stated),ownership not verified,None stated on fetched official page,"Replaces U.S.-origin packaged grocery items in the counter-tariff basket, including flour-based food preparations",n.a.,"Canada’s first estate winery, Inniskillin, is internationally renowned for its award-winning wines",https://www.inniskillin.com/our-story/,,2026-08-28,Medium,"Produits d’épicerie, de boulangerie, collations, boissons, aliments surgelés et en conserve",Vin,"Vin de glace (Vidal, Riesling)",Vin de dessert et cadeau,Vin canadien,Canada (emplacement non précisé),Propriété non vérifiée,Aucune précision sur la page officielle consultée,"Remplace les produits d'épicerie emballés d’origine américaine dans le panier visé par les droits de douane de rétorsion, y compris les préparations alimentaires à base de farine"
51,"Pantry, bakery, snacks, beverages, frozen and canned foods",Pasta,Italpasta,"Dry pasta (spaghetti, penne, macaroni)",Everyday dry pasta,made in Canada with the utmost care,Canada (location not stated),ownership not verified,None stated on fetched official page,"Replaces U.S.-origin packaged grocery items in the counter-tariff basket, including flour-based food preparations",n.a.,The finest 100% Canadian wheat combined with modern technology and made in Canada with the utmost care.,https://www.italpasta.com/products/italpasta/,,2026-08-28,Medium,"Produits d’épicerie, de boulangerie, collations, boissons, aliments surgelés et en conserve",Pâtes,"Pâtes sèches (spaghettis, penne, macaronis)",Pâtes sèches de tous les jours,fabriqué au Canada avec le plus grand soin,Canada (emplacement non précisé),Propriété non vérifiée,Aucune précision sur la page officielle consultée,"Remplace les produits d'épicerie emballés d’origine américaine dans le panier visé par les droits de douane de rétorsion, y compris les préparations alimentaires à base de farine"
52,"Pantry, bakery, snacks, beverages, frozen and canned foods",Coffee,Kicking Horse Coffee,"Whole bean and ground coffee (Kick Ass, Three Sisters)",Home brewed coffee,roasted in Canada,Canada (location not stated),ownership not verified,Our coffee may come from far and wide.,"Replaces U.S.-origin packaged grocery items in the counter-tariff basket, including flour-based food preparations",n.a.,we roast 100% of our beans on Canadian soil.,https://kickinghorsecoffee.ca/pages/strong-roots,,2026-08-28,Medium,"Produits d’épicerie, de boulangerie, collations, boissons, aliments surgelés et en conserve",Café,"Café en grains et moulu (Kick Ass, Three Sisters)",Café infusé à la maison,torréfié au Canada,Canada (emplacement non précisé),Propriété non vérifiée,Notre café peut venir de loin.,"Remplace les produits d'épicerie emballés d’origine américaine dans le panier visé par les droits de douane de rétorsion, y compris les préparations alimentaires à base de farine"
53,"Pantry, bakery, snacks, beverages, frozen and canned foods",Condiments,Kozlik's,"Canadian Mustard (Triple Crunch, Amazing Maple)",Sandwich and cooking mustard,Producing hand-made mustard in small batches; crafting mustards with 100% Canadian mustard seed,Canada (location not stated),"Ownership statement on official page: ""has remained family owned and operated to this day"" (ownership category not further verified)",Ingredients are sourced from local suppliers as much as possible.,"Replaces U.S.-origin packaged grocery items in the counter-tariff basket, including flour-based food preparations",n.a.,"We are proud to be a part of Canada’s mustard-making tradition, crafting our mustards with 100% Canadian mustard seed",https://www.kozliks.com/,,2026-08-28,Medium,"Produits d’épicerie, de boulangerie, collations, boissons, aliments surgelés et en conserve",Condiments,"Moutarde canadienne (Triple Crunch, Amazing Maple)",Moutarde pour les sandwichs et la cuisine,Moutardes artisanales produites en petits lots; moutardes faites avec des graines canadiennes à 100 %,Canada (emplacement non précisé),"Déclaration concernant la propriété sur la page officielle : ""has remained family owned and operated to this day"" (catégorie de propriété non vérifiée)",Les ingrédients proviennent autant que possible de fournisseurs locaux.,"Remplace les produits d'épicerie emballés d’origine américaine dans le panier visé par les droits de douane de rétorsion, y compris les préparations alimentaires à base de farine"
54,"Pantry, bakery, snacks, beverages, frozen and canned foods",Sugar and sweeteners,Lantic / Rogers Sugar,Granulated white sugar,Baking and table sugar,"Lantic produces refined sugar in Canada at facilities in Montréal, Québec, Vancouver, British Columbia, and Taber, Alberta.","Montréal, Québec; Vancouver, British Columbia; Taber, Alberta","Ownership statement on official page: ""Lantic owns and operates a cane sugar refinery located on a 12-acre site in the east end of Montreal, a cane sugar refinery located on a 15-acre site "" (ownership category not further verified)","The majority of maple syrup is purchased from Québec producers and bottled at plants in Québec or in Websterville, Vermont; maple products are not stated to be made exclusively in Canada.",Replaces U.S.-origin sweeteners and molasses products (heading 17.03) in the counter-tariff basket,17.03,"The Montreal refinery has a nominal capacity to produce approximately 545,000 metric tonnes of refined sugar per year.",https://lanticrogers.com/media/financial-reports/2025/11/rsi_2025_annual_information_form_en_sBOD68Z.pdf,,2026-08-28,High,"Produits d’épicerie, de boulangerie, collations, boissons, aliments surgelés et en conserve",Sucre et édulcorants,Sucre blanc granulé,Sucre de table et à pâtisserie,"Lantic produit du sucre raffiné au Canada dans ses installations de Montréal, de Vancouver et de Taber.","Montréal, Québec; Vancouver, Colombie-Britannique; Taber, Alberta","Déclaration concernant la propriété sur la page officielle : ""Lantic owns and operates a cane sugar refinery located on a 12-acre site in the east end of Montreal, a cane sugar refinery located on a 15-acre site "" (catégorie de propriété non vérifiée)","La majorité du sirop d'érable est achetée à des producteurs québécois et mise en bouteille à des usines du Québec ou de Websterville, au Vermont; les produits d'érable ne sont pas déclarés fabriqués exclusivement au Canada.",Remplace les édulcorants et les produits de mélasse d’origine américaine (rubrique SH 17.03) dans le panier visé par les droits de douane de rétorsion
55,"Pantry, bakery, snacks, beverages, frozen and canned foods",Juice,Lassonde,Oasis juices,Fruit juice for households,"Oasis bottles all its products in Canada; Oasis 100% non-concentrate orange juice is bottled in Rougemont, Quebec","Rougemont, Quebec",ownership not verified,"Oasis 100% non-concentrate orange juice is made from oranges from Brazil; Lassonde imports and markets selected wines from Italy, Spain and Australia.","Replaces U.S.-origin packaged grocery items in the counter-tariff basket, including flour-based food preparations",n.a.,The Oasis juice brand ... bottles all its products in Canada.,https://www.lassonde.com/en/actualites/lassonde-proud-canadian-roots/,,2026-08-28,High,"Produits d’épicerie, de boulangerie, collations, boissons, aliments surgelés et en conserve",Jus,Jus Oasis,Jus de fruits pour la maison,"Tous les produits Oasis sont embouteillés au Canada; le jus d’orange Oasis 100 % non fait de concentré est embouteillé à Rougemont, au Québec","Rougemont, Québec",Propriété non vérifiée,"Le jus d'orange 100 % non concentré Oasis est fabriqué à partir d'oranges du Brésil; Lassonde importe et commercialise certains vins d'Italie, d'Espagne et d'Australie.","Remplace les produits d'épicerie emballés d’origine américaine dans le panier visé par les droits de douane de rétorsion, y compris les préparations alimentaires à base de farine"
56,"Pantry, bakery, snacks, beverages, frozen and canned foods",Cookies and bars,Leclerc,Celebration cookies and Praeventia bars,Snack cookies and granola bars,"Cookies, snack bars, and crackers are made with care in eight facilities in Canada and the United States.",Canada (location not stated),"Ownership statement on official page: ""our family business"" (ownership category not further verified)",Products are made in eight facilities in Canada and the United States.,Replaces U.S.-origin flour-based food preparations (heading 19.01) and other imported U.S. baking staples,19.01,"Our cookies, snack bars, and crackers are made with care in eight facilities in Canada and the United States.",https://leclerc.ca/en/about-us/,,2026-08-28,Medium,"Produits d’épicerie, de boulangerie, collations, boissons, aliments surgelés et en conserve",Biscuits et barres,Biscuits Celebration et barres Praeventia,Biscuits-collations et barres granola,"Les biscuits, collations et craquelins sont fabriqués avec soin dans huit établissements au Canada et aux États-Unis.",Canada (emplacement non précisé),"Déclaration concernant la propriété sur la page officielle : ""our family business"" (catégorie de propriété non vérifiée)",Les produits sont fabriqués dans huit installations au Canada et aux États-Unis.,Remplace les préparations alimentaires à base de farine d’origine américaine (rubrique SH 19.01) et d’autres produits de base américains importés pour la pâtisserie
57,"Pantry, bakery, snacks, beverages, frozen and canned foods",Snack bars,Made With Local,Real Food Bars,Snack bars,"Operation of a Certified-Organic 8000 square-feet manufacturing facility in Windsor, Nova Scotia","Windsor, Nova Scotia",ownership not verified,None stated on fetched official page,Replaces U.S.-origin packaged snack bars,n.a.,"Operation of a Certified-Organic 8000 square-feet manufacturing facility in Windsor, Nova Scotia",https://www.madewithlocal.com/blogs/the-local-digest/canadian-snacks-trailblazer-made-with-local-reaffirms-unwavering-commitment-to-local-sourcing-amid-trade-tensions,https://www.madewithlocal.com/pages/mission,2026-08-28,High,"Produits d’épicerie, de boulangerie, collations, boissons, aliments surgelés et en conserve",Barres-collations,Real Food Bars,Barres-collations,"Exploitation d’une usine de fabrication certifiée biologique de 8 000 pieds carrés à Windsor, en Nouvelle-Écosse","Windsor, Nouvelle-Écosse",Propriété non vérifiée,Aucune précision sur la page officielle consultée,Remplace les barres de collation emballées d’origine américaine
58,"Pantry, bakery, snacks, beverages, frozen and canned foods",Frozen potato,McCain Foods Canada,Frozen french fries and hash browns,Freezer fries and breakfast potatoes,"McCain potato products are made from local potatoes grown on farms close to facilities spread across Canada in Manitoba, Alberta and New Brunswick.","Manitoba, Alberta and New Brunswick","Ownership statement on official page: ""McCain® is a proudly Canadian, family owned company."" (ownership category not further verified)","With few exceptions, McCain potato products are made from local potatoes grown on farms close to Canadian facilities; specialty products like lattice cut fries are made in US facilities and sold in Canada.","Replaces U.S.-origin packaged grocery items in the counter-tariff basket, including flour-based food preparations",n.a.,"McCain potato products are made from local potatoes grown on farms close to our facilities, which are spread across Canada in Manitoba, Alberta and New Brunswick.",https://mccain.ca/en/about-us/,,2026-08-28,High,"Produits d’épicerie, de boulangerie, collations, boissons, aliments surgelés et en conserve",Pommes de terre surgelées,Frites et pommes de terre rissolées surgelées,Frites surgelées et pommes de terre pour le déjeuner,"Les produits de pommes de terre McCain sont faits avec des pommes de terre locales cultivées près de ses installations du Manitoba, de l’Alberta et du Nouveau-Brunswick.","Manitoba, Alberta et Nouveau-Brunswick","Déclaration concernant la propriété sur la page officielle : ""McCain® is a proudly Canadian, family owned company."" (catégorie de propriété non vérifiée)","À quelques exceptions près, les produits de la pomme de terre McCain sont fabriqués à partir de pommes de terre locales cultivées dans des fermes près d'installations canadiennes; les produits spécialisés comme les frites coupées en treillis sont fabriqués dans des installations américaines et vendus au Canada.","Remplace les produits d'épicerie emballés d’origine américaine dans le panier visé par les droits de douane de rétorsion, y compris les préparations alimentaires à base de farine"
59,"Pantry, bakery, snacks, beverages, frozen and canned foods",Snacks,Neal Brothers,Tortilla chips and salsa,Chips and dips,all of our jarred items and puffs are made right in Ontario,Ontario,ownership not verified,Our bagged snacks are made in USA.,"Replaces U.S.-origin packaged grocery items in the counter-tariff basket, including flour-based food preparations",n.a.,Currently all of our jarred items and puffs are made right in Ontario.,https://shop.nealbrothersfoods.com/pages/faqs,,2026-08-28,High,"Produits d’épicerie, de boulangerie, collations, boissons, aliments surgelés et en conserve",Collations,Croustilles de maïs et salsa,Croustilles et trempettes,Toutes les collations en sac et soufflées sont fabriquées en Ontario,Ontario,Propriété non vérifiée,Nos snacks emballés sont fabriqués aux États-Unis.,"Remplace les produits d'épicerie emballés d’origine américaine dans le panier visé par les droits de douane de rétorsion, y compris les préparations alimentaires à base de farine"
60,"Pantry, bakery, snacks, beverages, frozen and canned foods",Nut butters,Nuts to You Nut Butter,Organic peanut and almond butter,Sandwich spreads,produced in Canada,"Brantford, Ontario","Ownership statement on official page: ""a Canadian, small-town, family-owned, organic and natural nut butter manufacturer"" (ownership category not further verified)","Organic peanuts are grown in the Dominican Republic; organic sesame seeds in Mexico, Guatemala and Nicaragua; and organic almonds in Spain and Sicily.",Replaces U.S.-origin nut butters,n.a.,"Supporting these groups and growers has led to the creation of a simple, healthy, delicious plant-based food produced in Canada.",https://nutstoyou.ca/get-to-know-us/,,2026-08-28,High,"Produits d’épicerie, de boulangerie, collations, boissons, aliments surgelés et en conserve",Beurres de noix,Beurre d’arachides et d’amandes biologique,Tartinades à sandwich,produit au Canada,"Brantford, Ontario","Déclaration concernant la propriété sur la page officielle : ""a Canadian, small-town, family-owned, organic and natural nut butter manufacturer"" (catégorie de propriété non vérifiée)","Les arachides biologiques sont cultivées en République dominicaine, les graines de sésame biologique au Mexique, au Guatemala et au Nicaragua et les amandes biologiques en Espagne et en Sicile.",Remplace les beurres de noix d’origine américaine
61,"Pantry, bakery, snacks, beverages, frozen and canned foods",Snacks,PRANA,GRANOLOVE granola and organic snack mixes,Trail mix and nut snacks,Made in Canada from domestic and imported ingredients.,Canada (location not stated),"Ownership statement on official page: ""Prana is a family-owned certified B Corp since 2015."" (ownership category not further verified)",Made in Canada from domestic and imported ingredients.,Replaces U.S.-origin packaged snack groceries,n.a.,Made in Canada from domestic and imported ingredients.,https://pranafoods.ca/products/granolove-mixed-berry-crunch,,2026-08-28,Medium,"Produits d’épicerie, de boulangerie, collations, boissons, aliments surgelés et en conserve",Collations,Granola GRANOLOVE et mélanges de collations biologiques,Mélange montagnard et collations aux noix,Fabriqué au Canada à partir d’ingrédients canadiens et importés.,Canada (emplacement non précisé),"Déclaration concernant la propriété sur la page officielle : ""Prana is a family-owned certified B Corp since 2015."" (catégorie de propriété non vérifiée)",Fabriqué au Canada à partir d’ingrédients canadiens et importés.,Remplace les grignotines emballées d’origine américaine
62,"Pantry, bakery, snacks, beverages, frozen and canned foods",Sugar and sweeteners,Redpath Sugar,Granulated and icing sugar,Baking sugar,refined and packaged in Canada,Canada (location not stated),ownership not verified,None stated on fetched official page,Replaces U.S.-origin sweetener and molasses products (17.03),17.03,"Redpath’s granulated, brown, icing, and specialty sugars are refined and packaged in Canada.",https://www.redpathsugar.com/proudly-canadian,,2026-08-28,Medium,"Produits d’épicerie, de boulangerie, collations, boissons, aliments surgelés et en conserve",Sucre et édulcorants,Sucre granulé et sucre à glacer,Sucre à pâtisserie,raffiné et emballé au Canada,Canada (emplacement non précisé),Propriété non vérifiée,Aucune précision sur la page officielle consultée,Remplace l'édulcorant d’origine américaine et les produits de mélasse (17.03)
63,"Pantry, bakery, snacks, beverages, frozen and canned foods",Functional beverages,RISE Kombucha,"Kombucha (ginger, hibiscus)",Fermented soft drink,Crafted in small batches in Montreal since 2008.,Montreal (province not stated),ownership not verified,None stated on fetched official page,"Replaces U.S.-origin packaged grocery items in the counter-tariff basket, including flour-based food preparations",n.a.,Crafted in small batches in Montreal since 2008.,https://risekombucha.com/,,2026-08-28,High,"Produits d’épicerie, de boulangerie, collations, boissons, aliments surgelés et en conserve",Boissons fonctionnelles,"Kombucha (gingembre, hibiscus)",Boisson gazeuse fermentée,Fabriqué en petits lots à Montréal depuis 2008.,Montréal (province non précisée),Propriété non vérifiée,Aucune précision sur la page officielle consultée,"Remplace les produits d'épicerie emballés d’origine américaine dans le panier visé par les droits de douane de rétorsion, y compris les préparations alimentaires à base de farine"
64,"Pantry, bakery, snacks, beverages, frozen and canned foods",Flour and baking,Rogers Foods,All-purpose and whole wheat flour,Home baking flour,"From these locations, we produce premium-quality flours","Armstrong and Chilliwack, British Columbia",ownership not verified,None stated on fetched official page,Replaces U.S.-origin flour-based food preparations (heading 19.01) and other imported U.S. baking staples,n.a.,"Headquartered in British Columbia, Canada, we operate a state-of-the-art milling facility in Armstrong, as well as two additional facilities in Chilliwack.",https://rogersfoods.com/,,2026-08-28,High,"Produits d’épicerie, de boulangerie, collations, boissons, aliments surgelés et en conserve",Farine et pâtisserie,Farine tout usage et de blé entier,Farine pour la pâtisserie maison,Ces établissements produisent des farines de qualité supérieure,"Armstrong et Chilliwack, Colombie-Britannique",Propriété non vérifiée,Aucune précision sur la page officielle consultée,Remplace les préparations alimentaires à base de farine d’origine américaine (rubrique SH 19.01) et d’autres produits de base américains importés pour la pâtisserie
65,"Pantry, bakery, snacks, beverages, frozen and canned foods",Coffee,Salt Spring Coffee,Organic roasted coffee,Home brewed coffee,opened a new roastery and coffee education center in Vancouver Canada,Canada (location not stated),"Ownership statement on official page: ""We're still locally owned & family operated"" (ownership category not further verified)","None stated on fetched official page | Availability note: Blue Heron, Compostable Coffee Pods; French Roast, Compostable Coffee Pods; and Decaf, Compostable Coffee Pods are listed as sold out.","Replaces U.S.-origin packaged grocery items in the counter-tariff basket, including flour-based food preparations",n.a.,"To keep up with demand and ensure consistent quality, we opened a new roastery and coffee education center in Vancouver Canada.",https://www.saltspringcoffee.com/,,2026-08-28,Medium,"Produits d’épicerie, de boulangerie, collations, boissons, aliments surgelés et en conserve",Café,Café torréfié biologique,Café infusé à la maison,"Ouverture à Vancouver, au Canada, d’un nouveau centre d’enseignement sur la torréfaction et le café",Canada (emplacement non précisé),"Déclaration concernant la propriété sur la page officielle : ""We're still locally owned & family operated"" (catégorie de propriété non vérifiée)","Aucune précision sur la page officielle consultée.Remarque sur la disponibilité : Héron Bleu, Poêles à café compostables; Rôti français, Poêles à café compostables; et Decaf, Poêles à café compostables sont listés comme étant vendus.","Remplace les produits d'épicerie emballés d’origine américaine dans le panier visé par les droits de douane de rétorsion, y compris les préparations alimentaires à base de farine"
66,"Pantry, bakery, snacks, beverages, frozen and canned foods",Flour and baking,Speerville Flour Mill,Organic flour and cereal,Baking flour and hot cereal,50 products are milled and made on site from locally grown grains in Atlantic Canada,"Speerville, NB",ownership not verified,Only 50 of over 150 products are stated to be milled and made on site from locally grown grains in Atlantic Canada.,Replaces U.S.-origin flour-based food preparations (heading 19.01) and other imported U.S. baking staples,n.a.,50 products are milled and made on site from locally grown grains in Atlantic Canada.,https://www.speervilleflourmill.ca/,,2026-08-28,High,"Produits d’épicerie, de boulangerie, collations, boissons, aliments surgelés et en conserve",Farine et pâtisserie,Farine et céréales biologiques,Farine à pâtisserie et céréales chaudes,Cinquante produits sont moulus et fabriqués sur place à partir de grains cultivés localement dans le Canada atlantique,"Speerville, Nouveau-Brunswick",Propriété non vérifiée,Seulement 50 des plus de 150 produits sont déclarés fraisés et fabriqués sur place à partir de grains cultivés localement au Canada atlantique.,Remplace les préparations alimentaires à base de farine d’origine américaine (rubrique SH 19.01) et d’autres produits de base américains importés pour la pâtisserie
67,"Pantry, bakery, snacks, beverages, frozen and canned foods",Canned seafood,St. Jean's Cannery & Smokehouse,Canned wild BC salmon and tuna,Pantry canned fish,one of the last remaining salmon & tuna canneries in Canada,British Columbia,ownership not verified,None stated on fetched official page,"Replaces U.S.-origin packaged grocery items in the counter-tariff basket, including flour-based food preparations",n.a.,one of the last remaining salmon & tuna canneries in Canada,https://stjeans.com/about-us/,,2026-08-28,High,"Produits d’épicerie, de boulangerie, collations, boissons, aliments surgelés et en conserve",Poisson et fruits de mer en conserve,Saumon sauvage de la Colombie-Britannique et thon en conserve,Poisson en conserve pour le garde-manger,L’une des dernières conserveries de saumon et de thon au Canada,Colombie-Britannique,Propriété non vérifiée,Aucune précision sur la page officielle consultée,"Remplace les produits d'épicerie emballés d’origine américaine dans le panier visé par les droits de douane de rétorsion, y compris les préparations alimentaires à base de farine"
68,"Pantry, bakery, snacks, beverages, frozen and canned foods",Beer,Steam Whistle Brewing,Pilsner,Beer for home consumption,brew Canada's Pilsner,Canada (location not stated),ownership not verified,None stated on fetched official page,"Replaces U.S.-origin packaged grocery items in the counter-tariff basket, including flour-based food preparations",n.a.,using four all-natural ingredients to brew Canada’s Pilsner,https://steamwhistle.ca/,,2026-08-28,Medium,"Produits d’épicerie, de boulangerie, collations, boissons, aliments surgelés et en conserve",Bière,Pilsner,Bière à boire à la maison,brasseur Pilsner du Canada,Canada (emplacement non précisé),Propriété non vérifiée,Aucune précision sur la page officielle consultée,"Remplace les produits d'épicerie emballés d’origine américaine dans le panier visé par les droits de douane de rétorsion, y compris les préparations alimentaires à base de farine"
69,"Pantry, bakery, snacks, beverages, frozen and canned foods",Maple and honey,Turkey Hill Sugarbush,Pure maple syrup and maple spread,Table syrup and spreads,"bottled and distributed in Granby, Quebec","Granby, Quebec",ownership not verified,None stated on fetched official page,"Replaces U.S.-origin packaged grocery items in the counter-tariff basket, including flour-based food preparations",n.a.,"Our 65,000-square-foot production facility, where we bottle and distribute, is located in Granby, Quebec",https://turkeyhill.ca/en/a-propos/,,2026-08-28,High,"Produits d’épicerie, de boulangerie, collations, boissons, aliments surgelés et en conserve",Produits de l’érable et miel,Sirop d’érable pur et tartinade à l’érable,Sirop de table et tartinades,"Embouteillé et distribué à Granby, au Québec","Granby, Québec",Propriété non vérifiée,Aucune précision sur la page officielle consultée,"Remplace les produits d'épicerie emballés d’origine américaine dans le panier visé par les droits de douane de rétorsion, y compris les préparations alimentaires à base de farine"
70,"Pantry, bakery, snacks, beverages, frozen and canned foods",Spirits,Ungava,Canadian Premium Gin,Gin,"Canadian producer; spirits produced in Cowansville, Quebec","Cowansville, Quebec",ownership not verified,None stated on fetched official page,"Replaces U.S.-origin packaged grocery items in the counter-tariff basket, including flour-based food preparations",n.a.,Ungava Spirits Co. is a leading Canadian producer of premium-quality craft spirits.,https://ungavaco.com/en/about/our-company/,https://www.pernod-ricard.com/en/brands/ungava,2026-08-28,High,"Produits d’épicerie, de boulangerie, collations, boissons, aliments surgelés et en conserve",Spiritueux,Canadian Premium Gin,Gin,Producteur canadien; spiritueux produits à Cowansville (Québec),"Cowansville, Québec",Propriété non vérifiée,Aucune précision sur la page officielle consultée,"Remplace les produits d'épicerie emballés d’origine américaine dans le panier visé par les droits de douane de rétorsion, y compris les préparations alimentaires à base de farine"
71,"Pantry, bakery, snacks, beverages, frozen and canned foods",Bakery snacks,Vachon,Jos Louis and Ah Caramel! cakes,Lunchbox snack cakes,Fabriqués à Sainte-Marie-de-Beauce au Québec,"Sainte-Marie-de-Beauce, Québec",ownership not verified,None stated on fetched official page | Availability note: Certains produits peuvent ne pas être disponibles dans votre région.,Replaces U.S.-origin flour-based food preparations (heading 19.01) and other imported U.S. baking staples,19.01,"Fabriqués à Sainte-Marie-de-Beauce au Québec, les petits gâteaux Vachon🅫 font le bonheur des familles depuis 1923.",https://www.vachon.com/produits/jos-louis/324-g,,2026-08-28,High,"Produits d’épicerie, de boulangerie, collations, boissons, aliments surgelés et en conserve",Collations de boulangerie,Gâteaux Jos Louis et Ah Caramel!,Gâteaux-collations pour la boîte à lunch,Fabriqués à Sainte-Marie-de-Beauce au Québec,"Sainte-Marie-de-Beauce, Québec",Propriété non vérifiée,Aucune précision sur la page officielle consultée.Remarque sur la disponibilité : Certains produits peuvent ne pas être disponibles dans votre région.,Remplace les préparations alimentaires à base de farine d’origine américaine (rubrique SH 19.01) et d’autres produits de base américains importés pour la pâtisserie
72,"Pantry, bakery, snacks, beverages, frozen and canned foods",Pickles,Whyte's,Bick's pickles,Pickles and relish,Both of our production facilities in Quebec,Quebec,ownership not verified,Our first choice for Mrs. Whyte’s pickles is always to use locally grown cucumbers.,"Replaces U.S.-origin packaged grocery items in the counter-tariff basket, including flour-based food preparations",n.a.,Both of our production facilities in Quebec are certified Kosher,https://whytes.ca/mrs-whytes/,,2026-08-28,High,"Produits d’épicerie, de boulangerie, collations, boissons, aliments surgelés et en conserve",Cornichons,Cornichons Bick’s,Cornichons et relish,Deux installations de production au Québec,Québec,Propriété non vérifiée,Notre premier choix pour Mme. Les cornichons de Whyte sont toujours à utiliser des concombres cultivés localement.,"Remplace les produits d'épicerie emballés d’origine américaine dans le panier visé par les droits de douane de rétorsion, y compris les préparations alimentaires à base de farine"
73,"Pantry, bakery, snacks, beverages, frozen and canned foods",Condiments,Wildly Delicious,Gourmet sauces and dressings,Cooking sauces and dressings,"Made in Canada; Product of Canada; Made sustainably in small batches in Ontario, Canada",Canada (location not stated),ownership not verified,Some products are made from domestic and imported ingredients.,Replaces U.S.-origin packaged condiments,n.a.,Made in Canada from domestic and imported ingredients,https://ca.wildlydelicious.com/collections/oh-canada,,2026-08-28,Medium,"Produits d’épicerie, de boulangerie, collations, boissons, aliments surgelés et en conserve",Condiments,Sauces et vinaigrettes gastronomiques,Sauces à cuisiner et vinaigrettes,"Fabriqué au Canada; Produit du Canada; fabriqué de façon durable en petits lots en Ontario, au Canada",Canada (emplacement non précisé),Propriété non vérifiée,Certains produits sont fabriqués à partir d'ingrédients nationaux et importés.,Remplace les condiments emballés d’origine américaine
74,"Clothing, footwear and textiles",Footwear,Baffin,Extreme-cold and industrial boots,Extreme-cold boots,manufacturing cold climate products in Canada,"Stoney Creek, ON",ownership not verified,"Outside of Canada, Baffin sources materials from Turkey, China, Myanmar, and Italy; Baffin also has global partners held accountable to the same standards as its Canadian-made product.","Canadian-made substitute bought instead of U.S. apparel/textile goods on the counter-tariff list (footwear itself is not listed in the September 8, 2026 schedule)",n.a.,"Since 1979, Baffin has been committed to manufacturing cold climate products in Canada.",https://www.baffin.com/en-us/blogs/technology/how-baffins-cold-climate-products-are-made,,2026-08-28,High,"Vêtements, chaussures et textiles",Chaussures,Bottes industrielles et pour froid extrême,Bottes pour froid extrême,Fabrication au Canada de produits conçus pour les climats froids,"Stoney Creek, Ontario",Propriété non vérifiée,"À l'extérieur du Canada, Baffin produit des matériaux provenant de Turquie, de Chine, du Myanmar et d'Italie.",Produit de remplacement fabriqué au Canada plutôt que des vêtements et articles textiles américains figurant sur la liste des droits de douane de rétorsion (les chaussures elles-mêmes ne figurent pas à l’annexe du 8 septembre 2026)
75,"Clothing, footwear and textiles",Carpet and flooring,Beaulieu Canada,Broadloom carpet and residential flooring,Wall-to-wall carpet,"Manufacturing in Canada, for Canadians",Canada (location not stated),ownership not verified,None stated on fetched official page,Replaces U.S.-origin carpets and textile floor coverings (headings 57.02/57.03) under the counter-tariffs,57.03,"By manufacturing in Canada, for Canadians, we have firsthand insight into what homeowners and businesses need.",https://canada.beaulieucanada.com/en/canada/about/shop-smart-shop-canadian,https://canada.beaulieucanada.com/images/documents/beaulieu_canada/10/en/BeaulieuCanada_Bill_S211_English_2026.pdf,2026-08-28,Medium,"Vêtements, chaussures et textiles",Moquette et revêtements de sol,Moquette en rouleau et revêtement de sol résidentiel,Moquette mur à mur,"Fabrication au Canada, pour les Canadiens",Canada (emplacement non précisé),Propriété non vérifiée,Aucune précision sur la page officielle consultée,Remplace les tapis d’origine américaine et les revêtements de sol textiles (rubriques SH 57.02/57.03) visés par les droits de douane de rétorsion
76,"Clothing, footwear and textiles",Workwear,Big Bill,"Workwear pants, shirts and coveralls",Industrial and trades workwear,QUALITY APPAREL MADE IN USA & CANADA SINCE 1946,"Coaticook, Quebec","Ownership statement on official page: ""BIGBILL® is a brand by CODET INC., which continues to be a fourth generation family business."" (ownership category not further verified)",Official page claims apparel made in USA and Canada - confirm the label on the specific item.,"Replaces U.S.-origin apparel covered by the September 8, 2026 counter-tariffs (e.g. T-shirts 61.09, sweaters 61.10, outerwear 62.01/62.02)",62.03,QUALITY APPAREL MADE IN USA & CANADA SINCE 1946,https://www.bigbill.com/ca_en/about-us,https://www.bigbill.com/us_en/about-us,2026-08-28,High,"Vêtements, chaussures et textiles",Vêtements de travail,"Pantalons, chemises et combinaisons de travail",Vêtements de travail pour l’industrie et les métiers,VÊTEMENTS DE QUALITÉ FABRIQUÉS AUX ÉTATS-UNIS ET AU CANADA DEPUIS 1946,"Coaticook, Québec","Déclaration concernant la propriété sur la page officielle : ""BIGBILL® is a brand by CODET INC., which continues to be a fourth generation family business."" (catégorie de propriété non vérifiée)",La page officielle mentionne les vêtements fabriqués aux États-Unis et au Canada - confirmer l'étiquette de l'article en question.,"Remplace les vêtements d’origine américaine visés par les droits de douane de rétorsion du 8 septembre 2026 (p. ex. T-shirts 61.09, pulls 61.10, vêtements de dessus 62.01/62.02)"
77,"Clothing, footwear and textiles",Footwear,Boulet Boots,Western and work boots,Western and work boots,Canadian company; first and largest manufacturer of western boots in the country,"St-Tite, Quebec","Ownership/parent stated on official page: ""G.A. Boulet is the oldest western boot company in North America which is continuously owned by the same family.""",None stated on fetched official page,"Canadian-made substitute bought instead of U.S. apparel/textile goods on the counter-tariff list (footwear itself is not listed in the September 8, 2026 schedule)",n.a.,Boulet Inc. is a Canadian company that presents itself as the first and largest manufacturer of western boots in the country.,https://bouletboots.com/history/,,2026-08-28,High,"Vêtements, chaussures et textiles",Chaussures,Bottes western et de travail,Bottes western et de travail,Société canadienne; premier et plus grand fabricant de bottes de l'Ouest au pays,"St-Tite, Québec","Propriétaire ou société mère indiqué sur la page officielle : ""G.A. Boulet is the oldest western boot company in North America which is continuously owned by the same family.""",Aucune précision sur la page officielle consultée,Substitut fabriqué au Canada acheté à la place des vêtements et des articles textiles américains figurant sur la liste des droits de douane de rétorsion (les chaussures eux-mêmes ne figurent pas à l'annexe du 8 septembre 2026)
78,"Clothing, footwear and textiles",Yarn and craft textiles,Briggs & Little,"Woollen yarns (Heritage, Regal, Tuffy)",Knitting and crafting yarn,Canada’s Oldest Woolen Mill,Canada (location not stated),ownership not verified,None stated on fetched official page,Replaces U.S.-origin textile goods and made-up textile articles purchased instead of tariffed U.S. imports,n.a.,Canada’s Oldest Woolen Mill Supplying Quality Wool for Generations,https://briggsandlittle.com/,,2026-08-28,Medium,"Vêtements, chaussures et textiles",Fils et textiles d’artisanat,"Fils de laine (Heritage, Regal, Tuffy)",Fil à tricoter et pour l’artisanat,L'usine de laine la plus ancienne du Canada,Canada (emplacement non précisé),Propriété non vérifiée,Aucune précision sur la page officielle consultée,Remplace les produits textiles d’origine américaine et les articles textiles confectionnés achetés au lieu des importations américaines assujetties aux droits de douane
79,"Clothing, footwear and textiles",Winter outerwear,Canada Goose,"Made in Canada down parkas (Expedition, Snow Mantra)",Extreme-cold winter parkas,all of our core down-filled products are manufactured in Canada,Canada (location not stated),"Ownership statement on official page: ""within our owned and operated facilities across the country"" (ownership category not further verified)",The company has added manufacturing partners around the globe for new categories; the Canada manufacturing claim applies to core down-filled products.,Replaces U.S.-origin outerwear and anoraks (headings 62.01/62.02) under the counter-tariffs,62.01,all of our core down-filled products are manufactured in Canada,https://canadagoose.com.au/pages/craftsmanship,,2026-08-28,Medium,"Vêtements, chaussures et textiles",Vêtements d’extérieur d’hiver,"Parkas en duvet fabriqués au Canada (Expedition, Snow Mantra)",Parkas d’hiver pour froid extrême,tous nos produits bas-remplis sont fabriqués au Canada,Canada (emplacement non précisé),"Déclaration concernant la propriété sur la page officielle : ""within our owned and operated facilities across the country"" (catégorie de propriété non vérifiée)",L'entreprise a ajouté des partenaires manufacturiers partout dans le monde pour de nouvelles catégories; l'allégation de fabrication du Canada s'applique aux produits d'un noyau rempli vers le bas.,Remplace les vêtements et anoraks d’origine américaine (rubriques SH 62.01/62.02) visés par les droits de douane de rétorsion
80,"Clothing, footwear and textiles",Footwear,Canada West Boots,Work and western boots,Work boots,Proudly Made In Canada,Canada (location not stated),ownership not verified,Canada West branded shoe care tins are produced on behalf of Canada West in Canada by Canadian Beeseal.,"Canadian-made substitute bought instead of U.S. apparel/textile goods on the counter-tariff list (footwear itself is not listed in the September 8, 2026 schedule)",n.a.,As we move into our 48th year making footwear in Winnipeg,https://www.canadawestboots.com/,,2026-08-28,Medium,"Vêtements, chaussures et textiles",Chaussures,Bottes de travail et western,Bottes de travail,Fièrement fabriqué au Canada,Canada (emplacement non précisé),Propriété non vérifiée,Les boîtes d’entretien de marque Canada West sont produites au Canada pour Canada West par Canadian Beeseal.,Substitut fabriqué au Canada acheté à la place des vêtements et des articles textiles américains figurant sur la liste des droits de douane de rétorsion (les chaussures eux-mêmes ne figurent pas à l'annexe du 8 septembre 2026)
81,"Clothing, footwear and textiles",Bedding,Canadian Down & Feather Company,Down duvets and pillows,Duvets and pillows,Most of our products are made with care in-house in Toronto.,Canada (location not stated),ownership not verified,Most of our products are made in-house in Toronto.,Replaces U.S.-origin textile goods and made-up textile articles purchased instead of tariffed U.S. imports,n.a.,Most of our products are made with care in-house in Toronto.,https://www.canadiandownandfeather.com/,,2026-08-28,Medium,"Vêtements, chaussures et textiles",Literie,Couettes en duvet et oreillers,Couettes et oreillers,La plupart de nos produits sont fabriqués avec soin à Toronto.,Canada (emplacement non précisé),Propriété non vérifiée,La plupart de nos produits sont fabriqués en interne à Toronto.,Remplace les produits textiles d’origine américaine et les articles textiles confectionnés achetés au lieu des importations américaines assujetties aux droits de douane
82,"Clothing, footwear and textiles",Yarn and blankets,Custom Woolen Mills,"Wool batting, yarn and blankets","Yarn, quilt batting and blankets",Handcrafted woolen products made in Canada; Canadian-made wool products,"Carstairs, Alberta","Ownership statement on official page: ""historic family-owned and operated woolen mill"" (ownership category not further verified)",None stated on fetched official page,Replaces U.S.-origin textile goods and made-up textile articles purchased instead of tariffed U.S. imports,n.a.,"Shop handcrafted woolen products made in Canada, as well as handcrafted wooden items and all-natural bath and body products.",https://www.customwoolenmills.com/,,2026-08-28,High,"Vêtements, chaussures et textiles",Fils et couvertures,"Bourre de laine, fil et couvertures","Fil, bourre à courtepointe et couvertures",Produits de laine fabriqués à la main au Canada; produits de laine fabriqués au Canada,"Carstairs, Alberta","Déclaration concernant la propriété sur la page officielle : ""historic family-owned and operated woolen mill"" (catégorie de propriété non vérifiée)",Aucune précision sur la page officielle consultée,Remplace les produits textiles d’origine américaine et les articles textiles confectionnés achetés au lieu des importations américaines assujetties aux droits de douane
83,"Clothing, footwear and textiles",Socks,Duray,Wool and performance socks,Everyday and work socks,Wool socks made in Quebec,Quebec,ownership not verified,None stated on fetched official page,"Replaces U.S.-origin apparel covered by the September 8, 2026 counter-tariffs (e.g. T-shirts 61.09, sweaters 61.10, outerwear 62.01/62.02)",61.16,Wool socks made in Quebec,https://duray.com/en,,2026-08-28,High,"Vêtements, chaussures et textiles",Chaussettes,Chaussettes de laine et de performance,Chaussettes de tous les jours et de travail,Chaussettes en laine fabriquées au Québec,Québec,Propriété non vérifiée,Aucune précision sur la page officielle consultée,"Remplace les vêtements d’origine américaine visés par les droits de douane de rétorsion du 8 septembre 2026 (p. ex. T-shirts 61.09, pulls 61.10, vêtements de dessus 62.01/62.02)"
84,"Clothing, footwear and textiles",Contract textiles,Duvaltex,Contract upholstery and panel fabrics,Commercial upholstery fabric (industrial/B2B),All products from our Canadian facilities meet Made in Canada requirements.,Canada (location not stated),ownership not verified,None stated on fetched official page,Replaces U.S.-origin textile goods and made-up textile articles purchased instead of tariffed U.S. imports,n.a.,All products from our Canadian facilities meet Made in Canada requirements.,https://duvaltex.com/en-us/protective-textiles/industrial-safety,https://duvaltex.com/en-ca/protective-textile/medical,2026-08-28,Medium,"Vêtements, chaussures et textiles",Textiles contractuels,Tissus contractuels pour meubles rembourrés et panneaux,Tissu d’ameublement commercial (industriel/interentreprises),Tous les produits de nos installations canadiennes respectent les exigences de la mention Made in Canada.,Canada (emplacement non précisé),Propriété non vérifiée,Aucune précision sur la page officielle consultée,Remplace les produits textiles d’origine américaine et les articles textiles confectionnés achetés au lieu des importations américaines assujetties aux droits de douane
85,"Clothing, footwear and textiles",Outerwear,Ecologyst,Merino and waxed canvas outerwear,Merino base layers and jackets,Made in Canada,"Victoria, BC",ownership not verified,"The page states that all clothing is made in North America, but identifies only some clothing as coming out of the Canadian factory.",Replaces U.S.-origin outerwear and anoraks (headings 62.01/62.02) under the counter-tariffs,62.01,"Just some of the durable, sustainable clothing to come out of our Canadian factory are The Market Pant and our plastic-free puffy alternative: The Quilted Collection.",https://ecologyst.com/blogs/field-notes/hometown-production,,2026-08-28,High,"Vêtements, chaussures et textiles",Vêtements d’extérieur,Vêtements d’extérieur en mérinos et en toile cirée,Couches de base et manteaux en mérinos,Fabriqué au Canada,"Victoria, Colombie-Britannique",Propriété non vérifiée,"La page indique que tous les vêtements sont fabriqués en Amérique du Nord, mais identifie seulement certains vêtements comme provenant de l'usine canadienne.",Remplace les vêtements et anoraks d’origine américaine (rubriques SH 62.01/62.02) visés par les droits de douane de rétorsion
86,"Clothing, footwear and textiles",Womenswear,Encircled,"Versatile travel clothing (Dressy Sweatpant, Chrysalis Cardi)",Work and travel clothing,"100% sewn in Toronto, Canada",Canada (location not stated),"Ownership statement on official page: ""Encircled is a privately owned company."" (ownership category not further verified)",Approximately 55%-60% of fabrics are knitted and dyed locally; the page states that 100% of the collection is made in Toronto and 100% sewn in Toronto.,"Replaces U.S.-origin apparel covered by the September 8, 2026 counter-tariffs (e.g. T-shirts 61.09, sweaters 61.10, outerwear 62.01/62.02)",62.04,"We’re proudly 100% sewn in Toronto, Canada, with all sewing studios less than 35km from our office!",https://www.encircled.co/pages/faq-new,,2026-08-28,Medium,"Vêtements, chaussures et textiles",Vêtements pour femmes,"Vêtements de voyage polyvalents (Dressy Sweatpant, Chrysalis Cardi)",Vêtements pour le travail et le voyage,"100 % cousu à Toronto, Canada",Canada (emplacement non précisé),"Déclaration concernant la propriété sur la page officielle : ""Encircled is a privately owned company."" (catégorie de propriété non vérifiée)",Environ 55 % à 60 % des tissus sont tricotés et teints localement; la page indique que 100 % de la collection est fabriquée à Toronto et 100 % cousu à Toronto.,"Remplace les vêtements d’origine américaine visés par les droits de douane de rétorsion du 8 septembre 2026 (p. ex. T-shirts 61.09, pulls 61.10, vêtements de dessus 62.01/62.02)"
87,"Clothing, footwear and textiles",Carpet and flooring,Kraus Flooring,Carpet and area rugs,Carpet and rugs,"carpet and fibre manufacturing facilities in Waterloo, Ontario","Waterloo, Ontario",ownership not verified,None stated on fetched official page,Replaces U.S.-origin carpets and textile floor coverings (headings 57.02/57.03) under the counter-tariffs,57.03,"its main carpet and fibre manufacturing facilities in Waterloo, Ontario have developed a quality manufacturing system",https://d-jflooring.com/products-kraus.php,,2026-08-28,High,"Vêtements, chaussures et textiles",Moquette et revêtements de sol,Moquette et carpettes,Moquette et carpettes,"Installations de fabrication de moquette et de fibres à Waterloo, en Ontario","Waterloo, Ontario",Propriété non vérifiée,Aucune précision sur la page officielle consultée,Remplace les tapis d’origine américaine et les revêtements de sol textiles (rubriques SH 57.02/57.03) visés par les droits de douane de rétorsion
88,"Clothing, footwear and textiles",Footwear,Manitobah,Mukluks and moccasins (Made in Canada line),Winter mukluks and slippers,Indigenous Market items are handcrafted in Canada and the US by Indigenous artisans,Canada (location not stated),"Ownership/parent stated on official page: ""Manitobah is a privately held company with both Indigenous and non-Indigenous ownership. Our original Métis founder and the Montreal Lake Cree Nation ""","Products are produced in international ethical partner factories, primarily in Vietnam; Indigenous Market items are handcrafted in Canada and the US.","Canadian-made substitute bought instead of U.S. apparel/textile goods on the counter-tariff list (footwear itself is not listed in the September 8, 2026 schedule)",n.a.,Our Indigenous Market items are handcrafted in Canada and the US by Indigenous artisans.,https://www.manitobah.ca/pages/faq,,2026-08-28,Medium,"Vêtements, chaussures et textiles",Chaussures,Mukluks et mocassins (gamme Made in Canada),Mukluks et pantoufles d’hiver,Les articles Indigenous Market sont fabriqués à la main au Canada et aux États-Unis par des artisans autochtones,Canada (emplacement non précisé),"Propriétaire ou société mère indiqué sur la page officielle : ""Manitobah is a privately held company with both Indigenous and non-Indigenous ownership. Our original Métis founder and the Montreal Lake Cree Nation ""","Les produits sont fabriqués dans des usines partenaires éthiques internationales, principalement au Vietnam; les articles du marché autochtone sont fabriqués à la main au Canada et aux États-Unis.",Substitut fabriqué au Canada acheté à la place des vêtements et des articles textiles américains figurant sur la liste des droits de douane de rétorsion (les chaussures eux-mêmes ne figurent pas à l'annexe du 8 septembre 2026)
89,"Clothing, footwear and textiles",Safety footwear,Mellow Walk,Safety shoes and boots (CSA),Workplace safety shoes,"Mellow Walk makes its footwear at its company owned footwear factory in Toronto, Canada.",Canada (location not stated),"Ownership statement on official page: ""its company owned footwear factory"" (ownership category not further verified)","Mellow Walk sources many footwear components from suppliers within North America, and when not possible from Europe.","Canadian-made substitute bought instead of U.S. apparel/textile goods on the counter-tariff list (footwear itself is not listed in the September 8, 2026 schedule)",n.a.,"Mellow Walk makes its footwear at its company owned footwear factory in Toronto, Canada.",https://www.mellowwalk.com/faq,,2026-08-28,Medium,"Vêtements, chaussures et textiles",Chaussures de sécurité,Chaussures et bottes de sécurité (CSA),Chaussures de sécurité au travail,"Mellow Walk fabrique ses chaussures dans son usine de chaussures de Toronto, au Canada.",Canada (emplacement non précisé),"Déclaration concernant la propriété sur la page officielle : ""its company owned footwear factory"" (catégorie de propriété non vérifiée)","Mellow Walk provient de nombreux composants de chaussures de fournisseurs en Amérique du Nord, et lorsque cela n'est pas possible en Europe.",Substitut fabriqué au Canada acheté à la place des vêtements et des articles textiles américains figurant sur la liste des droits de douane de rétorsion (les chaussures eux-mêmes ne figurent pas à l'annexe du 8 septembre 2026)
90,"Clothing, footwear and textiles",Womenswear,Miik,Bamboo-blend knit womenswear,"Knit tops, dresses and leggings",Miik clothes are made right here in Canada,"Toronto, Ontario",ownership not verified,Miik works with a supplier in Turkey specifically for its printed fabrics.,"Replaces U.S.-origin apparel covered by the September 8, 2026 counter-tariffs (e.g. T-shirts 61.09, sweaters 61.10, outerwear 62.01/62.02)",61.10,"Miik clothes are made right here in Canada (all within 50 km of our Toronto office, actually)",https://www.miik.ca/pages/made-in-canada-clothing,,2026-08-28,High,"Vêtements, chaussures et textiles",Vêtements pour femmes,Vêtements pour femmes en tricot de bambou mélangé,"Hauts, robes et leggings en tricot",Les vêtements Miik sont fabriqués ici au Canada,"Toronto, Ontario",Propriété non vérifiée,Miik travaille avec un fournisseur en Turquie spécifiquement pour ses tissus imprimés.,"Remplace les vêtements d’origine américaine visés par les droits de douane de rétorsion du 8 septembre 2026 (p. ex. T-shirts 61.09, pulls 61.10, vêtements de dessus 62.01/62.02)"
91,"Clothing, footwear and textiles",Casual clothing,Muttonhead,Unisex fleece and outerwear basics,Casual fleece and jackets,manufactured in Toronto,Canada (location not stated),ownership not verified,None stated on fetched official page,"Replaces U.S.-origin apparel covered by the September 8, 2026 counter-tariffs (e.g. T-shirts 61.09, sweaters 61.10, outerwear 62.01/62.02)",61.10,we manufacture all of our hoodies in a sweatshop free factory located right here in Toronto.,https://www.mtnhead.com/products/pullover-hoodie-black,,2026-08-28,Medium,"Vêtements, chaussures et textiles",Vêtements décontractés,Vêtements de base unisexes en molleton et vêtements d’extérieur,Molletons et manteaux décontractés,fabriqués à Toronto,Canada (emplacement non précisé),Propriété non vérifiée,Aucune précision sur la page officielle consultée,"Remplace les vêtements d’origine américaine visés par les droits de douane de rétorsion du 8 septembre 2026 (p. ex. T-shirts 61.09, pulls 61.10, vêtements de dessus 62.01/62.02)"
92,"Clothing, footwear and textiles",Jeans,Naked & Famous Denim,Selvedge raw denim jeans,Everyday jeans,"Made in Canada; Cut, made, and sewn in Canada",Canada (location not stated),ownership not verified,None stated on fetched official page,"Replaces U.S.-origin apparel covered by the September 8, 2026 counter-tariffs (e.g. T-shirts 61.09, sweaters 61.10, outerwear 62.01/62.02)",62.03,"We develop crazy things and fabrics no one asked for — but everyone talks about. Cut, made, and sewn in Canada.",https://nakedandfamousdenim.com/,,2026-08-28,Medium,"Vêtements, chaussures et textiles",Jeans,Jeans en denim brut à lisière,Jeans de tous les jours,"Fabriqué au Canada; coupé, fabriqué et cousu au Canada",Canada (emplacement non précisé),Propriété non vérifiée,Aucune précision sur la page officielle consultée,"Remplace les vêtements d’origine américaine visés par les droits de douane de rétorsion du 8 septembre 2026 (p. ex. T-shirts 61.09, pulls 61.10, vêtements de dessus 62.01/62.02)"
93,"Clothing, footwear and textiles",Basics and tees,Province of Canada,"T-shirts, hoodies and sweatpants",Everyday casual clothing,100% Made in Canada,Canada (location not stated),ownership not verified,None stated on fetched official page,"Replaces U.S.-origin apparel covered by the September 8, 2026 counter-tariffs (e.g. T-shirts 61.09, sweaters 61.10, outerwear 62.01/62.02)",61.09,"all of our T-Shirts, Sweaters, Crewnecks, Hoodies, Sweatpants, Toques, Lapel Pins, Tank-tops, Totes and any other product we dream up will be 100% Made in Canada.",https://provinceofcanada.com/pages/made-in-canada,,2026-08-28,Medium,"Vêtements, chaussures et textiles",Vêtements de base et t-shirts,"T-shirts, kangourous et pantalons molletonnés",Vêtements décontractés de tous les jours,100 % fabriqué au Canada,Canada (emplacement non précisé),Propriété non vérifiée,Aucune précision sur la page officielle consultée,"Remplace les vêtements d’origine américaine visés par les droits de douane de rétorsion du 8 septembre 2026 (p. ex. T-shirts 61.09, pulls 61.10, vêtements de dessus 62.01/62.02)"
94,"Clothing, footwear and textiles",Winter outerwear,Quartz Co.,Down winter jackets,Winter parkas,Proudly made in our Montreal factory,Canada (location not stated),"Canadian-owned per official page: ""Quartz Co. is proudly Canadian-owned""",None stated on fetched official page,Replaces U.S.-origin outerwear and anoraks (headings 62.01/62.02) under the counter-tariffs,62.01,Our iconic Heritage collection — featuring our most popular winter coats — is proudly made in our Montreal factory.,https://quartz-co.com/,,2026-08-28,Medium,"Vêtements, chaussures et textiles",Vêtements d’extérieur d’hiver,Manteaux d’hiver en duvet,Parkas d’hiver,Fièrement fabriqué dans notre usine de Montréal,Canada (emplacement non précisé),"Propriété canadienne selon la page officielle : ""Quartz Co. is proudly Canadian-owned""",Aucune précision sur la page officielle consultée,Remplace les vêtements et anoraks d’origine américaine (rubriques SH 62.01/62.02) visés par les droits de douane de rétorsion
95,"Clothing, footwear and textiles",Leather goods and sweats,Roots,Made in Canada leather bags and Roots Cabin sweats,Leather bags and heritage sweatshirts,Proudly handcrafted in Canada since 1973,"Toronto, Ontario","Ownership statement on official page: ""Our leather factory has been operated by three generations of the Kowalewski family since its doors first opened."" (ownership category not further verified)",None stated on fetched official page,"Replaces U.S.-origin apparel covered by the September 8, 2026 counter-tariffs (e.g. T-shirts 61.09, sweaters 61.10, outerwear 62.01/62.02)",61.10,"Proudly handcrafted in Canada since 1973, the Roots Genuine Leather collection showcases our dedication to quality and craftsmanship.",https://www.roots.com/us/en/made-for-canada.html,,2026-08-28,High,"Vêtements, chaussures et textiles",Articles en cuir et vêtements molletonnés,Sacs en cuir fabriqués au Canada et molletons Roots Cabin,Sacs en cuir et chandails molletonnés classiques,Fièrement fabriqué à la main au Canada depuis 1973,"Toronto, Ontario","Déclaration concernant la propriété sur la page officielle : ""Our leather factory has been operated by three generations of the Kowalewski family since its doors first opened."" (catégorie de propriété non vérifiée)",Aucune précision sur la page officielle consultée,"Remplace les vêtements d’origine américaine visés par les droits de douane de rétorsion du 8 septembre 2026 (p. ex. T-shirts 61.09, pulls 61.10, vêtements de dessus 62.01/62.02)"
96,"Clothing, footwear and textiles",Bedding,St. Geneve,Luxury bedding and duvets,"Sheets, duvets and pillows","Our products are proudly manufactured in British Columbia, Canada.","British Columbia, Canada",ownership not verified,None stated on fetched official page,Replaces U.S.-origin textile goods and made-up textile articles purchased instead of tariffed U.S. imports,n.a.,"Our products are proudly manufactured in British Columbia, Canada.",https://www.stgeneve.com/,,2026-08-28,High,"Vêtements, chaussures et textiles",Literie,Literie et couettes de luxe,"Draps, couettes et oreillers","Nos produits sont fabriqués fièrement en Colombie-Britannique, au Canada.","Colombie-Britannique, Canada",Propriété non vérifiée,Aucune précision sur la page officielle consultée,Remplace les produits textiles d’origine américaine et les articles textiles confectionnés achetés au lieu des importations américaines assujetties aux droits de douane
97,"Clothing, footwear and textiles",Underwear and base layers,Stanfield's,"Made in Canada collection (underwear, base layers, tees)","Underwear, thermal base layers and tees",Made In Canada; designed and stitched right here in Canada,Canada (location not stated),ownership not verified,None stated on fetched official page,"Replaces U.S.-origin apparel covered by the September 8, 2026 counter-tariffs (e.g. T-shirts 61.09, sweaters 61.10, outerwear 62.01/62.02)",61.09,each designed and stitched right here in Canada,https://www.stanfields.com/collections/made-in-canada,,2026-08-28,Medium,"Vêtements, chaussures et textiles",Sous-vêtements et couches de base,"Collection Made in Canada (sous-vêtements, couches de base, t-shirts)","Sous-vêtements, couches de base thermiques et t-shirts",Fabriqué au Canada; conçu et cousu ici même au Canada,Canada (emplacement non précisé),Propriété non vérifiée,Aucune précision sur la page officielle consultée,"Remplace les vêtements d’origine américaine visés par les droits de douane de rétorsion du 8 septembre 2026 (p. ex. T-shirts 61.09, pulls 61.10, vêtements de dessus 62.01/62.02)"
98,"Clothing, footwear and textiles",Footwear,Viberg Boot,Service boots and work boots,Heritage work boots,handmade in Canada,"Victoria, BC","Ownership statement on official page: ""still entirely family owned and operated"" (ownership category not further verified)",Outsoles are brought in from Italy; cowhide leathers from the United States; water buffalo leathers from Vietnam; brass nails and tacks are specially made in Japan and the United Kingdom.,"Canadian-made substitute bought instead of U.S. apparel/textile goods on the counter-tariff list (footwear itself is not listed in the September 8, 2026 schedule)",n.a.,"finest industrial footwear, handmade in Canada —",https://www.vibergworkboots.com/story,,2026-08-28,High,"Vêtements, chaussures et textiles",Chaussures,Bottes de service et de travail,Bottes de travail de style classique,fait main au Canada,"Victoria, Colombie-Britannique","Déclaration concernant la propriété sur la page officielle : ""still entirely family owned and operated"" (catégorie de propriété non vérifiée)",Les semelles extérieures sont importées d'Italie; les cuirs de vache des États-Unis; les cuirs de buffle d'eau du Vietnam; les clous et les tacks en laiton sont spécialement fabriqués au Japon et au Royaume-Uni.,Substitut fabriqué au Canada acheté à la place des vêtements et des articles textiles américains figurant sur la liste des droits de douane de rétorsion (les chaussures eux-mêmes ne figurent pas à l'annexe du 8 septembre 2026)
99,"Furniture, mattresses and home furnishings",Window coverings,Altex Coverings,"Blinds, shades and shutters",Blinds and shades,"Made-to-measure window coverings, crafted in Canada",Canada (location not stated),ownership not verified,None stated on fetched official page,Replaces U.S.-origin interior window coverings purchased instead of tariffed U.S. goods,n.a.,"For 50 years, Altex has designed, manufactured, and assembled made-to-measure window coverings in Canada",https://www.altexdesign.com/en/home/,https://www.altexdesign.com/,2026-08-28,Medium,"Meubles, matelas et articles d’ameublement",Habillages de fenêtre,"Stores horizontaux, toiles et persiennes",Stores et toiles,"Revêtements de fenêtres faits sur mesure, fabriqués au Canada",Canada (emplacement non précisé),Propriété non vérifiée,Aucune précision sur la page officielle consultée,Remplace les habillages de fenêtre intérieurs d’origine américaine achetés au lieu de marchandises américaines assujetties aux droits de douane
100,"Furniture, mattresses and home furnishings",Stools and beds,Amisco,Metal bar stools and beds,Counter stools and metal beds,MADE IN CANADA SINCE 1954,Quebec,ownership not verified,None stated on fetched official page,Replaces U.S.-origin furniture (heading 94.03) under the counter-tariffs,94.03,"Amisco, a Quebec-based Canadian company, takes great pride in designing and producing customizable and durable residential furniture",https://www.amisco.com/en_us/,https://www.amiscocontract.com/en/our-history/,2026-08-28,High,"Meubles, matelas et articles d’ameublement",Tabourets et lits,Tabourets de bar et lits en métal,Tabourets de comptoir et lits en métal,FABRIQUÉ AU CANADA DEPUIS 1954,Québec,Propriété non vérifiée,Aucune précision sur la page officielle consultée,Remplace les meubles d’origine américaine (rubrique SH 94.03) visés par les droits de douane de rétorsion
101,"Furniture, mattresses and home furnishings",Dining furniture,Bermex,Custom wood dining furniture,Dining tables and chairs,mobilier canadien en bois,"Maskinongé, Québec","Ownership statement on official page: ""Bermex est une entreprise familiale"" (ownership category not further verified)",Les meubles Bermex sont fabriqués en merisier provenant d’Amérique du Nord.,Replaces U.S.-origin furniture (heading 94.03) under the counter-tariffs,94.03,posséder du mobilier canadien en bois unique et de qualité,https://www.bermex.ca/personnalisation-meubles-salle-a-manger.html,,2026-08-28,Medium,"Meubles, matelas et articles d’ameublement",Mobilier de salle à manger,Mobilier de salle à manger en bois sur mesure,Tables et chaises de salle à manger,mobilier canadien en bois,"Maskinongé, Québec","Déclaration concernant la propriété sur la page officielle : ""Bermex est une entreprise familiale"" (catégorie de propriété non vérifiée)",Les meubles Bermex sont fabriqués en mérisier provenant d-Amérique du Nord.,Remplace les meubles d’origine américaine (rubrique SH 94.03) visés par les droits de douane de rétorsion
102,"Furniture, mattresses and home furnishings",Upholstered seating,Brentwood Classics,Custom upholstered sofas and chairs,Sofas and armchairs,Canadian Benchmade Furniture,Canada (location not stated),ownership not verified,None stated on fetched official page,Replaces U.S.-origin seats (heading 94.01) under the counter-tariffs,94.01,Brentwood Classics: Canadian Benchmade Furniture,https://www.brentwoodclassics.com/,https://www.brentwoodclassics.com/about/,2026-08-28,Medium,"Meubles, matelas et articles d’ameublement",Sièges rembourrés,Canapés et fauteuils rembourrés sur mesure,Canapés et fauteuils,Mobilier de laboratoire canadien,Canada (emplacement non précisé),Propriété non vérifiée,Aucune précision sur la page officielle consultée,Remplace les sièges d’origine américaine (rubrique SH 94.01) visés par les droits de douane de rétorsion
103,"Furniture, mattresses and home furnishings",Dining furniture,Canadel,Custom dining tables and chairs,"Dining tables, chairs and stools",Fabriqué au Québec,Québec,"Ownership statement on official page: ""ENTREPRISE FAMILIALE ÉTABLIE DEPUIS 1982"" (ownership category not further verified)",None stated on fetched official page,Replaces U.S.-origin furniture (heading 94.03) under the counter-tariffs,94.03,FABRIQUÉ AU QUÉBEC,https://canadel.com/media/canadel-catalogs/fr/canadel.pdf,,2026-08-28,High,"Meubles, matelas et articles d’ameublement",Mobilier de salle à manger,Tables et chaises de salle à manger sur mesure,"Tables, chaises et tabourets de salle à manger",Fabriqué au Québec,Québec,"Déclaration concernant la propriété sur la page officielle : ""ENTREPRISE FAMILIALE ÉTABLIE DEPUIS 1982"" (catégorie de propriété non vérifiée)",Aucune précision sur la page officielle consultée,Remplace les meubles d’origine américaine (rubrique SH 94.03) visés par les droits de douane de rétorsion
104,"Furniture, mattresses and home furnishings",Outdoor furniture,CR Plastic Products,Generation and Stratford recycled-plastic outdoor chairs,Patio Adirondack chairs and tables,"Produces outdoor furniture products in Stratford, Ontario","Stratford, Ontario","Ownership statement on official page: ""CRP owns and operates a manufacturing facility located in Stratford, Ontario"" (ownership category not further verified)",None stated on fetched official page,Replaces U.S.-origin seats (heading 94.01) under the counter-tariffs,94.01,"CRP owns and operates a manufacturing facility located in Stratford, Ontario where it produces outdoor furniture products",https://crpproducts.com/supply-chain/,,2026-08-28,High,"Meubles, matelas et articles d’ameublement",Mobilier d’extérieur,Chaises d’extérieur Generation et Stratford en plastique recyclé,Chaises Adirondack et tables de patio,"Fabrication de mobilier d’extérieur à Stratford, en Ontario","Stratford, Ontario","Déclaration concernant la propriété sur la page officielle : ""CRP owns and operates a manufacturing facility located in Stratford, Ontario"" (catégorie de propriété non vérifiée)",Aucune précision sur la page officielle consultée,Remplace les sièges d’origine américaine (rubrique SH 94.01) visés par les droits de douane de rétorsion
105,"Furniture, mattresses and home furnishings",Mattresses,Douglas,Douglas mattress,Bed-in-a-box mattress,Douglas mattresses are proudly made in Canada using Canadian-sourced materials.,Canada (location not stated),ownership not verified,None stated on fetched official page,"Canadian-made bedding alternative to U.S. mattresses and furniture purchases (mattresses fall in 94.04, not itemized in the September 8, 2026 list; related furniture headings 94.01/94.03 are)",n.a.,Douglas mattresses are proudly made in Canada using Canadian-sourced materials.,https://www.douglas.ca/,,2026-08-28,Medium,"Meubles, matelas et articles d’ameublement",Matelas,Matelas Douglas,Matelas en boîte,Les matelas Douglas sont fabriqués fièrement au Canada à l'aide de matériaux d'origine canadienne.,Canada (emplacement non précisé),Propriété non vérifiée,Aucune précision sur la page officielle consultée,"Literie fabriquée au Canada servant de solution de rechange aux matelas et meubles américains (les matelas relèvent de la rubrique SH 94.04, qui n’est pas détaillée dans la liste du 8 septembre 2026; les rubriques SH connexes 94.01 et 94.03 visant les meubles y figurent)"
106,"Furniture, mattresses and home furnishings",Bedroom furniture,Durham Furniture,Solid wood bedroom collections,"Beds, dressers and nightstands","All of our furniture is made from sustainably harvested solid wood at our plant in the Town of Durham, Ontario, Canada.","Town of Durham, Ontario",ownership not verified,None stated on fetched official page,Replaces U.S.-origin furniture (heading 94.03) under the counter-tariffs,94.03,"All of our furniture is made from sustainably harvested solid wood at our plant in the Town of Durham, Ontario, Canada.",https://www.durhamfurniture.com/about-us/,,2026-08-28,High,"Meubles, matelas et articles d’ameublement",Mobilier de chambre,Collections de chambre en bois massif,"Lits, commodes et tables de chevet","Tous nos meubles sont fabriqués à partir de bois massif récolté de façon durable dans notre usine de Durham, en Ontario, au Canada.","ville de Durham, Ontario",Propriété non vérifiée,Aucune précision sur la page officielle consultée,Remplace les meubles d’origine américaine (rubrique SH 94.03) visés par les droits de douane de rétorsion
107,"Furniture, mattresses and home furnishings",Upholstered seating,Elran,Motion recliners and reclining sofas,Recliners and reclining sofas,"Located in Montreal, Elran is a manufacturer of upholstered recliners and stationary furniture.",Canada (location not stated),"Ownership statement on official page: ""Today, Elran is a third generation family business lead and managed by Eric Abecassis."" (ownership category not further verified)",None stated on fetched official page,Replaces U.S.-origin seats (heading 94.01) under the counter-tariffs,94.01,The Elran manufacturing plant is located in Montreal and employs more than 500 people.,https://elran.com/about,,2026-08-28,Medium,"Meubles, matelas et articles d’ameublement",Sièges rembourrés,Fauteuils et canapés inclinables motorisés,Fauteuils et canapés inclinables,"Établie à Montréal, Elran fabrique des meubles rembourrés inclinables et fixes.",Canada (emplacement non précisé),"Déclaration concernant la propriété sur la page officielle : ""Today, Elran is a third generation family business lead and managed by Eric Abecassis."" (catégorie de propriété non vérifiée)",Aucune précision sur la page officielle consultée,Remplace les sièges d’origine américaine (rubrique SH 94.01) visés par les droits de douane de rétorsion
108,"Furniture, mattresses and home furnishings",Mattresses,Endy,Endy Mattress and hybrid mattress,Bed-in-a-box mattress,Endy mattresses are designed and manufactured in Canada,Ontario and Quebec,ownership not verified,None stated on fetched official page,"Canadian-made bedding alternative to U.S. mattresses and furniture purchases (mattresses fall in 94.04, not itemized in the September 8, 2026 list; related furniture headings 94.01/94.03 are)",n.a.,"Endy mattresses are designed and manufactured in Canada, produced in facilities in Ontario and Quebec using CertiPUR-US certified foam.",https://www.endy.com/,,2026-08-28,High,"Meubles, matelas et articles d’ameublement",Matelas,Matelas Endy et matelas hybride,Matelas en boîte,Les matelas Endy sont conçus et fabriqués au Canada,Ontario et Québec,Propriété non vérifiée,Aucune précision sur la page officielle consultée,"La literie fabriquée au Canada est une solution de rechange aux matelas et aux meubles achetés aux États-Unis (les matelas relèvent de la rubrique 94.04, non énumérée dans la liste du 8 septembre 2026; les rubriques SH connexes visant les meubles 94.01/94.03 sont)"
109,"Furniture, mattresses and home furnishings",Upholstered seating,EQ3,"Canadian-made upholstery (sofas, sectionals, chairs)",Living-room sofas and chairs,"designed and crafted in Canada; upholstery manufacturing within our Winnipeg, Manitoba headquarters","Winnipeg, Manitoba",ownership not verified,None stated on fetched official page,Replaces U.S.-origin seats (heading 94.01) under the counter-tariffs,94.01,"Explore our iconic upholstery collections, designed and crafted in Canada.",https://www.eq3.com/ca/en/category/inspiration/canadian-made,,2026-08-28,High,"Meubles, matelas et articles d’ameublement",Sièges rembourrés,"Meubles rembourrés fabriqués au Canada (canapés, modulaires, fauteuils)",Canapés et fauteuils de salon,"Conçus et fabriqués au Canada; fabrication de meubles rembourrés au siège social de Winnipeg, au Manitoba","Winnipeg, Manitoba",Propriété non vérifiée,Aucune précision sur la page officielle consultée,Remplace les sièges d’origine américaine (rubrique SH 94.01) visés par les droits de douane de rétorsion
110,"Furniture, mattresses and home furnishings",Mattresses,Essentia,Natural memory foam mattresses,Natural foam mattress,Proudly made in Canada; Proudly made in Quebec,"Toronto, Ontario",ownership not verified,None stated on fetched official page,"Canadian-made bedding alternative to U.S. mattresses and furniture purchases (mattresses fall in 94.04, not itemized in the September 8, 2026 list; related furniture headings 94.01/94.03 are)",n.a.,"Proudly made in Canada, you can experience our natural latex mattresses when it's time to invest in your sleep.",https://myessentia.com/pages/essentia-laval,,2026-08-28,High,"Meubles, matelas et articles d’ameublement",Matelas,Matelas en mousse mémoire naturelle,Matelas en mousse naturelle,Fièrement fabriqué au Canada; Fièrement fabriqué au Québec,"Toronto, Ontario",Propriété non vérifiée,Aucune précision sur la page officielle consultée,"La literie fabriquée au Canada est une solution de rechange aux matelas et aux meubles achetés aux États-Unis (les matelas relèvent de la rubrique 94.04, non énumérée dans la liste du 8 septembre 2026; les rubriques SH connexes visant les meubles 94.01/94.03 sont)"
111,"Furniture, mattresses and home furnishings",Solid wood furniture,Handstone Furniture,Solid wood dining and bedroom furniture,Dining tables and bedroom sets,Every piece of Handstone furniture is designed and handcrafted in Canada,Canada (location not stated),ownership not verified,None stated on fetched official page,Replaces U.S.-origin furniture (heading 94.03) under the counter-tariffs,94.03,every piece of Handstone furniture is designed and handcrafted in Canada,https://handstone.ca/page/canadiancrafted,https://birchwoodfurniture.ca/supplier-spotlight-handstone-furniture/,2026-08-28,Medium,"Meubles, matelas et articles d’ameublement",Meubles en bois massif,Mobilier de salle à manger et de chambre en bois massif,Tables de salle à manger et ensembles de chambre,Chaque meuble Stone & Leigh est conçu et fabriqué à la main au Canada,Canada (emplacement non précisé),Propriété non vérifiée,Aucune précision sur la page officielle consultée,Remplace les meubles d’origine américaine (rubrique SH 94.03) visés par les droits de douane de rétorsion
112,"Furniture, mattresses and home furnishings",Mattresses,Haven Sleep Co.,Pocket-coil and latex mattresses,Mattress,Luxury Canadian Mattresses Made Fresh,Canada (location not stated),ownership not verified,None stated on fetched official page,Canadian-made bedding alternative to U.S. mattress and furniture purchases (mattresses fall in 94.04; furniture headings 94.01/94.03 are listed),n.a.,Luxury Canadian Mattresses Made Fresh,https://havenmattress.ca/,https://havensleep.com/blogs/faces-of-haven/my-night-with-haven,2026-08-28,Medium,"Meubles, matelas et articles d’ameublement",Matelas,Matelas à ressorts ensachés et en latex,Matelas,Matelas canadiens de luxe fabriqués frais,Canada (emplacement non précisé),Propriété non vérifiée,Aucune précision sur la page officielle consultée,Literie fabriquée au Canada servant de solution de rechange aux matelas et meubles américains (les matelas relèvent de la rubrique SH 94.04; les rubriques SH 94.01 et 94.03 visant les meubles figurent dans la liste)
113,"Furniture, mattresses and home furnishings",Window coverings,Maxxmar,Custom blinds and shades,Roller shades and blinds,Maxxmar manufactures all of its products right here in Canada.,Canada (location not stated),"Canadian-owned per official page: ""Proudly Canadian owned and operated""",None stated on fetched official page,Replaces U.S.-origin window furnishing textiles and interior fittings bought instead of tariffed U.S. goods,n.a.,Maxxmar manufactures all of its products right here in Canada.,https://maxxmar.com/our-story/,,2026-08-28,Medium,"Meubles, matelas et articles d’ameublement",Habillages de fenêtre,Stores et toiles sur mesure,Toiles à rouleau et stores,Maxxmar fabrique tous ses produits ici même au Canada.,Canada (emplacement non précisé),"Propriété canadienne selon la page officielle : ""Proudly Canadian owned and operated""",Aucune précision sur la page officielle consultée,Remplace les textiles d'ameublement de fenêtres d’origine américaine et les accessoires intérieurs achetés au lieu des marchandises américaines assujetties aux droits de douane
114,"Furniture, mattresses and home furnishings",Office furniture,Nienkamper,Office and lounge seating,Office lounge seating and tables (B2B),Made In Canada Matters,Canada (location not stated),ownership not verified,None stated on fetched official page,Replaces U.S.-origin seats (heading 94.01) under the counter-tariffs,94.01,Made In Canada Matters,https://www.statumdesigns.com/,https://www.statumdesigns.com/learn,2026-08-28,Medium,"Meubles, matelas et articles d’ameublement",Mobilier de bureau,Sièges de bureau et de détente,Sièges et tables pour aires de détente au bureau (interentreprises),Fait au Canada importe,Canada (emplacement non précisé),Propriété non vérifiée,Aucune précision sur la page officielle consultée,Remplace les sièges d’origine américaine (rubrique SH 94.01) visés par les droits de douane de rétorsion
115,"Furniture, mattresses and home furnishings",Cabinetry,Norelco Cabinets,Kitchen and bath cabinetry,Kitchen cabinets,"Proudly manufacturing custom cabinetry in Kelowna, BC","Kelowna, BC",ownership not verified,None stated on fetched official page,Replaces U.S.-origin furniture (heading 94.03) under the counter-tariffs,94.03,"Proudly manufacturing custom cabinetry in Kelowna, BC",https://norelcocabinets.ca/,,2026-08-28,Medium,"Meubles, matelas et articles d’ameublement",Armoires,Armoires de cuisine et de salle de bain,Armoires de cuisine,"Armoires sur mesure fièrement fabriquées à Kelowna, en Colombie-Britannique","Kelowna, Colombie-Britannique",Propriété non vérifiée,Aucune précision sur la page officielle consultée,Remplace les meubles d’origine américaine (rubrique SH 94.03) visés par les droits de douane de rétorsion
116,"Furniture, mattresses and home furnishings",Mattresses,Obasan,Organic latex and wool mattresses,Organic mattress,"Handcrafted in Ottawa, Canada","Ottawa, Canada",ownership not verified,None stated on fetched official page,"Canadian-made bedding alternative to U.S. mattresses and furniture purchases (mattresses fall in 94.04, not itemized in the September 8, 2026 list; related furniture headings 94.01/94.03 are)",n.a.,"All Obasan mattresses and bedding are handcrafted in Ottawa, Canada.",https://obasan.ca/,,2026-08-28,High,"Meubles, matelas et articles d’ameublement",Matelas,Matelas biologiques en latex et en laine,Matelas biologique,"Fabrication artisanale en Ottawa, Canada","Ottawa, Canada",Propriété non vérifiée,Aucune précision sur la page officielle consultée,"La literie fabriquée au Canada est une solution de rechange aux matelas et aux meubles achetés aux États-Unis (les matelas relèvent de la rubrique 94.04, non énumérée dans la liste du 8 septembre 2026; les rubriques SH connexes visant les meubles 94.01/94.03 sont)"
117,"Furniture, mattresses and home furnishings",Mattresses,Polysleep,Foam mattresses and toppers,Foam mattress,entirely made in Canada,Canada (location not stated),ownership not verified,None stated on fetched official page,Canadian-made bedding alternative to U.S. mattress and furniture purchases (mattresses fall in 94.04; furniture headings 94.01/94.03 are listed),n.a.,"At Polysleep, we take pride in offering our customers mattresses entirely made in Canada.",https://polysleep.ca/,https://polysleep.ca/fr/pages/fait-au-quebec,2026-08-28,Medium,"Meubles, matelas et articles d’ameublement",Matelas,Matelas et surmatelas en mousse,Matelas en mousse,entièrement fabriqué au Canada,Canada (emplacement non précisé),Propriété non vérifiée,Aucune précision sur la page officielle consultée,La literie canadienne est une solution de rechange à l'achat de matelas et de meubles aux États-Unis (les matelas tombent à 94.04; les rubriques SH visant les meubles 94.01/94.03 sont énumérés)
118,"Furniture, mattresses and home furnishings",Mattresses,Silk & Snow,Hybrid and organic mattresses,Bed-in-a-box mattress,Made in Canada,"Toronto, Ontario",ownership not verified,None stated on fetched official page,Canadian-made bedding alternative to U.S. mattress and furniture purchases (mattresses fall in 94.04; furniture headings 94.01/94.03 are listed),n.a.,"Our mattress is made by skilled Canadian craftspeople, using the highest-quality foam and textiles sourced from leading Canadian manufacturers.",https://www.silkandsnow.com/en-us/mattress/,https://www.silkandsnow.com/en-us/hybrid-mattress/,2026-08-28,High,"Meubles, matelas et articles d’ameublement",Matelas,Matelas hybrides et biologiques,Matelas en boîte,Fabriqué au Canada,"Toronto, Ontario",Propriété non vérifiée,Aucune précision sur la page officielle consultée,La literie canadienne est une solution de rechange à l'achat de matelas et de meubles aux États-Unis (les matelas tombent à 94.04; les rubriques SH visant les meubles 94.01/94.03 sont énumérés)
119,"Furniture, mattresses and home furnishings",Mattresses,Springwall,Chiropractic pocket-coil mattresses,Innerspring mattress,100% Canadian owned and operated national mattress manufacturer,Canada (location not stated),"Canadian-owned per official page: ""We are the only 100% Canadian owned and operated national mattress manufacturer.""",None stated on fetched official page,"Canadian-made bedding alternative to U.S. mattresses and furniture purchases (mattresses fall in 94.04, not itemized in the September 8, 2026 list; related furniture headings 94.01/94.03 are)",n.a.,We are the only 100% Canadian owned and operated national mattress manufacturer.,https://springwall.com/,,2026-08-28,Medium,"Meubles, matelas et articles d’ameublement",Matelas,Matelas chiropratiques à ressorts ensachés,Matelas à ressorts,Seul fabricant national de matelas détenu et exploité à 100 % par des Canadiens,Canada (emplacement non précisé),"Propriété canadienne selon la page officielle : ""We are the only 100% Canadian owned and operated national mattress manufacturer.""",Aucune précision sur la page officielle consultée,"La literie fabriquée au Canada est une solution de rechange aux matelas et aux meubles achetés aux États-Unis (les matelas relèvent de la rubrique 94.04, non énumérée dans la liste du 8 septembre 2026; les rubriques SH connexes visant les meubles 94.01/94.03 sont)"
120,"Furniture, mattresses and home furnishings",Upholstered seating,Superstyle Furniture,Custom sofas and sectionals,Custom sofas,Canadian manufacturer of fine Upholstered furniture,Canada (location not stated),ownership not verified,None stated on fetched official page,Replaces U.S.-origin seats (heading 94.01) under the counter-tariffs,94.01,SUPERSTYLE was founded in 1967 as a Canadian manufacturer of fine Upholstered furniture,https://www.superstylefurniture.com/about_us.html,,2026-08-28,Medium,"Meubles, matelas et articles d’ameublement",Sièges rembourrés,Canapés et modulaires sur mesure,Canapés sur mesure,Fabricant canadien de meubles rembourrés,Canada (emplacement non précisé),Propriété non vérifiée,Aucune précision sur la page officielle consultée,Remplace les sièges d’origine américaine (rubrique SH 94.01) visés par les droits de douane de rétorsion
121,"Furniture, mattresses and home furnishings",Stools and chairs,Trica,Custom bar stools and dining chairs,Counter and bar stools,Made in Canada.,Canada (location not stated),ownership not verified,None stated on fetched official page,Replaces U.S.-origin seats (heading 94.01) under the counter-tariffs,94.01,“Made in Canada.”,https://tricafurniture.com/en/about-us/,https://tricafurniture.com/en/our-history/,2026-08-28,Medium,"Meubles, matelas et articles d’ameublement",Tabourets et chaises,Tabourets de bar et chaises de salle à manger sur mesure,Tabourets de comptoir et de bar,Fabriqué au Canada.,Canada (emplacement non précisé),Propriété non vérifiée,Aucune précision sur la page officielle consultée,Remplace les sièges d’origine américaine (rubrique SH 94.01) visés par les droits de douane de rétorsion
122,Major appliances and household equipment,Wood stoves,Blaze King,"Catalytic wood stoves (Princess, King)",Wood heating stove,"Manufactured By Valley Comfort Systems Inc., 1290 Commercial Way, Penticton, BC, V2A 3H5, Canada","Penticton, BC",ownership not verified,None stated on fetched official page,"Replaces U.S.-origin stoves, ranges and cookers of iron or steel (heading 73.21)",73.21,"Manufactured By Valley Comfort Systems Inc., 1290 Commercial Way, Penticton, BC, V2A 3H5, Canada",https://www.blazeking.com/wp-content/uploads/2020/12/180-CK20.2.pdf,,2026-08-28,High,Gros électroménagers et équipement domestique,Poêles à bois,"Poêles à bois catalytiques (Princess, King)",Poêle à bois pour le chauffage,"Fabriqué par Valley Comfort Systems Inc., 1290 Commercial Way, Penticton, C.-B., V2A 3H5, Canada","Penticton, Colombie-Britannique",Propriété non vérifiée,Aucune précision sur la page officielle consultée,"Remplace les poêles, cuisinières et appareils de cuisson en fer ou en acier d’origine américaine (rubrique SH 73.21)"
123,Major appliances and household equipment,Barbecues,Broil King (Onward Manufacturing),"Broil King gas grills (Regal, Baron)",Outdoor grilling,"Broil King Barbecues Made in Waterloo, ON, Canada","Waterloo, Ontario","Ownership statement on official page: ""our company has remained a family-business for over a century"" (ownership category not further verified)",Certain components are sourced from China and Southeast Asia when not available or not feasible to produce locally; products are produced primarily in Canada and the U.S.,"Replaces U.S.-origin stoves, ranges and cookers of iron or steel (heading 73.21)",73.21,"Broil King Barbecues Made in Waterloo, ON, Canada",https://broilking.ca/pages/manufacturing,https://broilkingbbq.com/en_ca/proudly_north_american/,2026-08-28,High,Gros électroménagers et équipement domestique,Barbecues,"Barbecues au gaz Broil King (Regal, Baron)",Cuisine au barbecue extérieur,"Barbecues Broil King fabriqués à Waterloo, en Ontario, au Canada","Waterloo, Ontario","Déclaration concernant la propriété sur la page officielle : ""our company has remained a family-business for over a century"" (catégorie de propriété non vérifiée)",Certains composants proviennent de la Chine et de l'Asie du Sud-Est lorsqu'ils ne sont pas disponibles ou impossibles à produire localement; les produits sont produits principalement au Canada et aux États-Unis.,"Remplace les poêles, cuisinières et cuisinières d’origine américaine en fer ou en acier (rubrique SH 73.21)"
124,Major appliances and household equipment,Commercial barbecues,Crown Verity,Commercial mobile barbecue grills,Commercial/event grilling (light commercial),"Infinite Series assembly facility in Brantford, Ontario, Canada","Brantford, Ontario",ownership not verified,"Mobile Grills are produced entirely on-site in Bowling Green, Kentucky, USA; select materials and plastic components are sourced from trusted suppliers.","Replaces U.S.-origin stoves, ranges and cookers of iron or steel (heading 73.21)",73.21,"Today, Brantford is home to Crown Verity’s headquarters, as well as our Infinite Series assembly facility and warehouse.",https://crownverity.com/brand-story,,2026-08-28,Medium,Gros électroménagers et équipement domestique,Barbecues commerciaux,Barbecues mobiles commerciaux,Cuisine au barbecue pour commerces et événements (usage commercial léger),"Installation d’assemblage de la série Infinite à Brantford, en Ontario, au Canada","Brantford, Ontario",Propriété non vérifiée,"Les grilles mobiles sont entièrement produites sur place à Bowling Green, au Kentucky, aux États-Unis; certains matériaux et composants en plastique proviennent de fournisseurs fiables.","Remplace les poêles, cuisinières et cuisinières d’origine américaine en fer ou en acier (rubrique SH 73.21)"
125,Major appliances and household equipment,Central vacuums,Cyclo Vac (Trovac),Central vacuum systems,Whole-home vacuum system,leading central vacuum systems manufacturer in Canada,"Blainville, Quebec","Ownership statement on official page: ""The company remains a family business; Marc Bruneau, son of Mr. Jacques Bruneau, is now the president of Les Industries Trovac Ltée."" (ownership category not further verified)",None stated on fetched official page,Replaces U.S.-origin electro-mechanical domestic appliances (heading 85.09) and household equipment,85.09,This winning combination has made us the leading central vacuum systems manufacturer in Canada,https://cyclovac.us/cyclovac_us_en/cyclovac-difference/history,,2026-08-28,High,Gros électroménagers et équipement domestique,Aspirateurs centraux,Systèmes d’aspirateur central,Système d’aspirateur pour toute la maison,Important fabricant de systèmes d’aspirateur central au Canada,"Blainville, Québec","Déclaration concernant la propriété sur la page officielle : ""The company remains a family business; Marc Bruneau, son of Mr. Jacques Bruneau, is now the president of Les Industries Trovac Ltée."" (catégorie de propriété non vérifiée)",Aucune précision sur la page officielle consultée,Remplace les appareils électromécaniques domestiques d’origine américaine (rubrique SH 85.09) et l'équipement ménager
126,Major appliances and household equipment,Central vacuums,DrainVac,Central vacuum and wet-dry systems,Whole-home vacuum system,all the factory work related to our vacuums is made here in Quebec,Quebec,ownership not verified,None stated on fetched official page,Replaces U.S.-origin domestic appliances (85.09),85.09,all the factory work related to our vacuums is made here in Quebec!,https://www.drainvac.com/intl/en/expert-advice/eco-friendly-central-vacuum/,https://www.drainvac.com/content/documents/Residential-Brochure-240V.pdf,2026-08-28,High,Gros électroménagers et équipement domestique,Aspirateurs centraux,Systèmes d’aspirateur central et eau et poussière,Système d’aspirateur pour toute la maison,Tous les travaux en usine liés à nos aspirateurs sont réalisés ici même au Québec,Québec,Propriété non vérifiée,Aucune précision sur la page officielle consultée,Remplace les appareils domestiques d’origine américaine (85.09)
127,Major appliances and household equipment,Water heaters,Giant Factories,Residential electric and gas water heaters,Household hot water,Manufacturing in Canada since 1945,"Montréal-East, Québec","Ownership/parent stated on official page: ""A.O. Smith has acquired GIANT, the Quebec-based manufacturer of residential and commercial water heaters, for US$192 million.""",None stated on fetched official page,"Replaces U.S.-origin air-handling and heating equipment covered by the counter-tariffs (fans/ventilation 84.14, air conditioning 84.15, water heaters 85.16, radiators 73.22)",85.16,Manufacturing in Canada since 1945,https://giantinc.com/en/about-us/,,2026-08-28,High,Gros électroménagers et équipement domestique,Chauffe-eau,Chauffe-eau résidentiels électriques et au gaz,Eau chaude résidentielle,Fabrication au Canada depuis 1945,"Montréal-East, Québec","Propriétaire ou société mère indiqué sur la page officielle : ""A.O. Smith has acquired GIANT, the Quebec-based manufacturer of residential and commercial water heaters, for US$192 million.""",Aucune précision sur la page officielle consultée,"Remplace le matériel américain de circulation d’air et de chauffage visé par les droits de douane de rétorsion (ventilateurs 84.14, climatiseurs 84.15, chauffe-eau 85.16, radiateurs 73.22)"
128,Major appliances and household equipment,Vacuums,Johnny Vac,Commercial and household vacuums,Household and commercial vacuuming,Conçu et fabriqué au Canada,Canada (location not stated),ownership not verified,None stated on fetched official page,Replaces U.S.-origin domestic appliances (85.09),85.09,"Conçu et fabriqué au Canada, notre aspirateur central édition spéciale 40e anniversaire de Johnny Vac",https://www.johnnyvac.com/qc/aspirateurs-residentiels,https://www.johnnyvac.com/en/residential-vacuums,2026-08-28,Medium,Gros électroménagers et équipement domestique,Aspirateurs,Aspirateurs commerciaux et domestiques,Nettoyage à l’aspirateur résidentiel et commercial,Vue et fabrication au Canada,Canada (emplacement non précisé),Propriété non vérifiée,Aucune précision sur la page officielle consultée,Remplace les appareils domestiques d’origine américaine (85.09)
129,Major appliances and household equipment,Fireplaces,Kingsman Fireplaces,Gas fireplaces and inserts,Home heating fireplace,Crafted entirely in Canada; each Kingsman fireplace is built to the highest standards and made to last.,Canada (location not stated),ownership not verified,None stated on fetched official page,"Replaces U.S.-origin stoves, ranges and cookers of iron or steel (heading 73.21)",73.21,"CRAFTED ENTIRELY IN CANADA, EACH KINGSMAN FIREPLACE IS BUILT TO THE HIGHEST STANDARDS AND MADE TO LAST.",https://kingsmanind.com/wp-content/uploads/12765-KI-B065-OFP42ENG-Sep2018-WEB1.pdf,https://kingsmanind.com/wp-content/uploads/2017/03/19717-KM-B084-MCVP42ENG-June2024-FNL1-Web.pdf,2026-08-28,Medium,Gros électroménagers et équipement domestique,Foyers,Foyers et encastrables au gaz,Foyer de chauffage résidentiel,Entièrement fabriqué au Canada; chaque foyer Kingsman est construit selon des normes élevées et conçu pour durer.,Canada (emplacement non précisé),Propriété non vérifiée,Aucune précision sur la page officielle consultée,"Remplace les poêles, cuisinières et cuisinières d’origine américaine en fer ou en acier (rubrique SH 73.21)"
130,Major appliances and household equipment,Barbecues,Napoleon,"Gas and charcoal barbecues (Rogue, Prestige)",Outdoor grilling,Fabriqués au Canada,"Barrie, Ontario","Ownership statement on official page: ""Entreprise familiale détenue et exploitée par des Canadiens"" (ownership category not further verified)","Bien que la plupart de nos activités de fabrication se déroulent au Canada, Napoleon possède également des installations à l’étranger. Tous nos produits, quel que soit l’endroit où ils sont fabriqués, sont fièrement conçus et développés au Canada.","Replaces U.S.-origin stoves, ranges and cookers of iron or steel (heading 73.21)",73.21,"Nos installations de Barrie, en Ontario, produisent des grils, des foyers et des produits CVC.",https://www.napoleon.com/fr/ca/barbecues/fabriques-au-canada,https://www.napoleon.com/en/ca/barbecues/made-canada,2026-08-28,High,Gros électroménagers et équipement domestique,Barbecues,"Barbecues au gaz et au charbon (Rogue, Prestige)",Cuisine au barbecue extérieur,Fabriqués au Canada,"Barrie, Ontario","Déclaration concernant la propriété sur la page officielle : ""Entreprise familiale détenue et exploitée par des Canadiens"" (catégorie de propriété non vérifiée)","Bien que la majeure partie de la fabrication ait lieu au Canada, Napoleon exploite aussi des installations à l’étranger. Tous les produits, quel que soit leur lieu de fabrication, sont conçus et mis au point au Canada.","Remplace les poêles, cuisinières et cuisinières d’origine américaine en fer ou en acier (rubrique SH 73.21)"
131,Major appliances and household equipment,Wood stoves,Pacific Energy,Wood stoves and fireplace inserts,Wood heating stove,MADE IN CANADA / FABRIQUÉ AU CANADA,"Duncan, BC",ownership not verified,None stated on fetched official page,"Replaces U.S.-origin stoves, ranges and cookers of iron or steel (heading 73.21)",73.21,MADE IN CANADA / FABRIQUÉ AU CANADA,https://www.pacificenergy.net/wp-content/uploads/2024/02/100004090-Manual-FP16-LE_FP16-AR-LE-071124-36-En.pdf,https://www.pacificenergy.net/wp-content/uploads/2024/02/FP16-LE-Certification-Report-Non-CBI-Updated-4-14-20.pdf,2026-08-28,High,Gros électroménagers et équipement domestique,Poêles à bois,Poêles à bois et encastrables de foyer,Poêle à bois pour le chauffage,FAIT AU CANADA / FABRIQUÉ AU CANADA,"Duncan, Colombie-Britannique",Propriété non vérifiée,Aucune précision sur la page officielle consultée,"Remplace les poêles, cuisinières et cuisinières d’origine américaine en fer ou en acier (rubrique SH 73.21)"
132,Major appliances and household equipment,Fireplaces and stoves,Regency Fireplace Products,Wood and gas fireplaces and inserts,Home heating fireplace,Made in Canada/ Fabriqué au Canada,"Delta, British Columbia","Ownership statement on official page: ""Panorama, AstroCap, HeatWave and Heat Release are trademarks of Fireplace Products International Ltd."" (ownership category not further verified)",None stated on fetched official page,"Replaces U.S.-origin stoves, ranges and cookers of iron or steel (heading 73.21)",73.21,Made in Canada/ Fabriqué au Canada,https://assets.regency-fire.com/getattachment/58b75619-de24-461e-ba75-05b4520383b7/Manual-English-(3).aspx,https://dreifussfireplaces.com/manufacturers/regency-fireplace-products/,2026-08-28,High,Gros électroménagers et équipement domestique,Foyers et poêles,Foyers et encastrables au bois et au gaz,Foyer de chauffage résidentiel,Fabriqué au Canada/ Fabriqué au Canada,"Delta, Colombie-Britannique","Déclaration concernant la propriété sur la page officielle : ""Panorama, AstroCap, HeatWave and Heat Release are trademarks of Fireplace Products International Ltd."" (catégorie de propriété non vérifiée)",Aucune précision sur la page officielle consultée,"Remplace les poêles, cuisinières et cuisinières d’origine américaine en fer ou en acier (rubrique SH 73.21)"
133,Major appliances and household equipment,Wood stoves,SBI (Stove Builder International),Osburn and Drolet wood stoves,Wood heating stove,Manufactured by: STOVE BUILDER INTERNATIONAL INC.,"Saint-Augustin-de-Desmaures, Quebec",ownership not verified,None stated on fetched official page,"Replaces U.S.-origin stoves, ranges and cookers of iron or steel (heading 73.21)",73.21,"SBI INC., one of the most important wood stove and fireplace manufacturers in Canada",https://www.drolet.ca/file/45061A_10-06-2015.pdf,,2026-08-28,High,Gros électroménagers et équipement domestique,Poêles à bois,Poêles à bois Osburn et Drolet,Poêle à bois pour le chauffage,Fabriqué par : STOVE BUILDER INTERNATIONAL INC.,"Saint-Augustin-de-Desmaures, Québec",Propriété non vérifiée,Aucune précision sur la page officielle consultée,"Remplace les poêles, cuisinières et cuisinières d’origine américaine en fer ou en acier (rubrique SH 73.21)"
134,Major appliances and household equipment,Electric heating,Stelpro,Electric baseboard heaters and convectors,Room heating,designed and manufactured in Quebec,Quebec,ownership not verified,None stated on fetched official page,"Replaces U.S.-origin air-handling and heating equipment covered by the counter-tariffs (fans/ventilation 84.14, air conditioning 84.15, water heaters 85.16, radiators 73.22)",85.16,Our products are designed and manufactured in Quebec to the highest quality standards in the industry.,https://www.stelpro.com/,https://www.stelpro.com/wp-content/uploads/produits/documents/CAT/STELPRO_Electric_Catalogue_EN.pdf,2026-08-28,High,Gros électroménagers et équipement domestique,Chauffage électrique,Plinthes chauffantes électriques et convecteurs,Chauffage d’une pièce,conçus et fabriqués au Québec,Québec,Propriété non vérifiée,Aucune précision sur la page officielle consultée,"Remplace le matériel de manutention et de chauffage d’origine américaine couvert par les droits de douane de rétorsion (fans/ventilation 84.14, climatisation 84.15, chauffe-eau 85.16, radiateurs 73.22)"
135,Major appliances and household equipment,Boilers,Thermolec,Electric boilers and duct heaters,Hydronic home heating,"designing and manufacturing next-generation electric heaters, modulating controls, and residential steam humidifiers in the heart of Montreal, Canada",Canada (location not stated),"Ownership statement on official page: ""Thermolec Ltd was founded by Cherif Menassa and his partner Camille Adib in 1973; the family business is now led by Cherif’s son, Daniel Menassa."" (ownership category not further verified)",None stated on fetched official page,"Replaces U.S.-origin air-handling and heating equipment covered by the counter-tariffs (fans/ventilation 84.14, air conditioning 84.15, water heaters 85.16, radiators 73.22)",85.16,"Since the beginning, Thermolec has been designing and manufacturing next-generation electric heaters, modulating controls, and residential steam humidifiers in the heart of Montreal, Canada.",https://www.thermolec.com/en/about-us,,2026-08-28,Medium,Gros électroménagers et équipement domestique,Chaudières,Chaudières électriques et chauffe-conduits,Chauffage hydronique résidentiel,"Conception et fabrication, au cœur de Montréal, de systèmes de chauffage électrique de nouvelle génération, de commandes modulantes et d’humidificateurs résidentiels à vapeur",Canada (emplacement non précisé),"Déclaration concernant la propriété sur la page officielle : ""Thermolec Ltd was founded by Cherif Menassa and his partner Camille Adib in 1973; the family business is now led by Cherif’s son, Daniel Menassa."" (catégorie de propriété non vérifiée)",Aucune précision sur la page officielle consultée,"Remplace le matériel de manutention et de chauffage d’origine américaine couvert par les droits de douane de rétorsion (fans/ventilation 84.14, climatisation 84.15, chauffe-eau 85.16, radiateurs 73.22)"
136,"Housewares, plastics, glass and kitchen products",Bags and liners,Alpha Poly,"Polyethylene bags, liners and sheeting",Garbage bags and liners,"Founded in Canada; manufacturing facility in Brampton, Ontario","Brampton, Ontario",ownership not verified,None stated on fetched official page,Replaces U.S.-origin plastic household and packing articles (headings 39.23/39.24),39.23,"Founded in Canada and proudly serving brands across North America, AlphaPoly operates from a modern 75,000 square foot manufacturing facility in Brampton, Ontario",https://alphapoly.com/,https://alphapoly.com/about/,2026-08-28,High,"Articles ménagers, plastiques, verre et produits de cuisine",Sacs et doublures,"Sacs, doublures et feuilles de polyéthylène",Sacs à ordures et doublures,"Fondée au Canada; usine de fabrication à Brampton, Ontario","Brampton, Ontario",Propriété non vérifiée,Aucune précision sur la page officielle consultée,Remplace les articles ménagers et d'emballage en plastique d’origine américaine (rubriques SH 39.23/39.24)
137,"Housewares, plastics, glass and kitchen products",Disposable tableware,Amhil Enterprises,"Plastic lids, cups and portion containers","Disposable cups, lids and containers (foodservice)","Amhil's manufacturing facility in Brantford, Ontario","Brantford, Ontario","Ownership/parent stated on official page: ""Amhil becomes part of the Wentworth Technologies family""",None stated on fetched official page,Replaces U.S.-origin plastic household and packing articles (headings 39.23/39.24),39.23,"Amhil moves into a new, state-of-the-art manufacturing facility in Brantford, Ontario",https://amhil.com/company/,,2026-08-28,High,"Articles ménagers, plastiques, verre et produits de cuisine",Articles de table jetables,"Couvercles, gobelets et contenants à portions en plastique","Gobelets, couvercles et contenants jetables (restauration)","Usine de fabrication d’Amhil à Brantford, en Ontario","Brantford, Ontario","Propriétaire ou société mère indiqué sur la page officielle : ""Amhil becomes part of the Wentworth Technologies family""",Aucune précision sur la page officielle consultée,Remplace les articles ménagers et d'emballage en plastique d’origine américaine (rubriques SH 39.23/39.24)
138,"Housewares, plastics, glass and kitchen products",Dinnerware,Atelier Make,Handmade porcelain tableware,"Plates, mugs and bowls",Fait main à Montréal depuis 2012.,Canada (location not stated),ownership not verified,None stated on fetched official page,"Replaces U.S.-origin household and kitchen articles on the counter-tariff list (plastics 39.24, iron or steel 73.23, aluminum 76.15)",n.a.,Fait main à Montréal depuis 2012.,https://www.ateliermake.com/,,2026-08-28,Medium,"Articles ménagers, plastiques, verre et produits de cuisine",Vaisselle,Vaisselle en porcelaine faite à la main,"Assiettes, tasses et bols",Fait principal à Montréal depuis 2012.,Canada (emplacement non précisé),Propriété non vérifiée,Aucune précision sur la page officielle consultée,"Remplace les articles de ménage et les articles de cuisine d’origine américaine sur la liste des droits de douane de rétorsion (plastiques 39.24, fer ou acier 73.23, aluminium 76.15)"
139,"Housewares, plastics, glass and kitchen products",Food storage,Colibri,Reusable snack and sandwich bags,Reusable food bags,Proudly made in Canada,Canada (location not stated),ownership not verified,None stated on fetched official page | Availability note: Sold out,Replaces U.S.-origin plastic household articles and packing articles (headings 39.23/39.24),n.a.,Choose these Canadian-made bags to enjoy fresh bread and support a more sustainable lifestyle.,https://www.colibricanada.com/products/reusable-bread-bag-citrus,,2026-08-28,Medium,"Articles ménagers, plastiques, verre et produits de cuisine",Conservation des aliments,Sacs à collation et à sandwich réutilisables,Sacs alimentaires réutilisables,Fièrement fabriqué au Canada,Canada (emplacement non précisé),Propriété non vérifiée,Aucune précision sur la page officielle consultée.,Remplace les articles ménagers et les articles d'emballage en plastique d’origine américaine (rubriques SH 39.23/39.24)
140,"Housewares, plastics, glass and kitchen products",Storage bins,Gracious Living Industries,"Plastic shelving, storage bins and totes",Household storage and shelving,plastic product manufactures in Canada,Canada (location not stated),ownership not verified,None stated on fetched official page,Replaces U.S.-origin plastic household and packing articles (headings 39.23/39.24),39.23,"As one of the largest plastic product manufactures in Canada,",https://www.graciousliving.com/engineered-solutions/,,2026-08-28,Medium,"Articles ménagers, plastiques, verre et produits de cuisine",Bacs de rangement,"Étagères, bacs de rangement et fourre-tout en plastique",Rangement et étagères pour la maison,produits en plastique fabriqués au Canada,Canada (emplacement non précisé),Propriété non vérifiée,Aucune précision sur la page officielle consultée,Remplace les articles ménagers et d'emballage en plastique d’origine américaine (rubriques SH 39.23/39.24)
141,"Housewares, plastics, glass and kitchen products",Kitchen knives,Grohmann Knives,Russell Belt Knife and kitchen cutlery,Kitchen and outdoor knives,"Canadian made with pride in our factory in Pictou, Nova Scotia","Pictou, Nova Scotia",ownership not verified,None stated on fetched official page,Replaces U.S.-origin knives with cutting blades (heading 82.11),82.11,"Grohmann Knives are Canadian made with pride in our factory in Pictou, Nova Scotia!",https://grohmannknives.com/,https://novascotia.com/de/listing/grohmann-knives-factory/,2026-08-28,High,"Articles ménagers, plastiques, verre et produits de cuisine",Couteaux de cuisine,Couteau Russell Belt Knife et coutellerie de cuisine,Couteaux de cuisine et de plein air,"Fièrement fabriqué au Canada dans notre usine de Pictou, en Nouvelle-Écosse","Pictou, Nouvelle-Écosse",Propriété non vérifiée,Aucune précision sur la page officielle consultée,Remplace les couteaux à lame tranchante d’origine américaine (rubrique SH 82.11)
142,"Housewares, plastics, glass and kitchen products",Plumbing supplies,IPEX,"PVC drain, waste and vent pipe and fittings",Household plumbing pipe and fittings,The Company’s products are mostly manufactured in its plants located in Canada.,Canada (location not stated),ownership not verified,The manufacture of some specific product lines is subcontracted to the Company’s affiliates based in the United States; international suppliers represent less than 2%.,"Replaces U.S.-origin plastic pipe, tubes and fittings bought instead of tariffed U.S. goods",n.a.,The Company’s products are mostly manufactured in its plants located in Canada.,https://ipexna.com/wp-content/uploads/2026/05/Report-Forced-Labour-and-Child-Labour-IPEX_260527-Executed.pdf,https://ipexna.com/wp-content/uploads/2022/08/Brochure-CA-IPEX-Blue-Brute-Fittings.pdf,2026-08-28,Medium,"Articles ménagers, plastiques, verre et produits de cuisine",Fournitures de plomberie,Tuyaux et raccords d’évacuation et de ventilation en PVC,Tuyaux et raccords de plomberie résidentiels,Les produits de la Société sont principalement fabriqués dans ses usines situées au Canada.,Canada (emplacement non précisé),Propriété non vérifiée,La fabrication de certaines gammes de produits spécifiques est sous-traitée à des sociétés affiliées basées aux États-Unis; les fournisseurs internationaux représentent moins de 2 %.,"Remplace les tuyaux, tubes et raccords en plastique d’origine américaine achetés au lieu des marchandises américaines assujetties aux droits de douane"
143,"Housewares, plastics, glass and kitchen products",Kitchen cloths,Kliin,Reusable kitchen cloths and towels,Reusable dishcloths,Made in Quebec,Quebec,ownership not verified,None stated on fetched official page,"Replaces U.S.-origin household and kitchen articles on the counter-tariff list (plastics 39.24, iron or steel 73.23, aluminum 76.15)",n.a.,"Offered in a variety of colorful patterns, made in Quebec, KLIIN is revolutionizing household cleaning.",https://www.kliin.co/en/pages/essuie-tout-reutilisables-kliin-info-produit,,2026-08-28,High,"Articles ménagers, plastiques, verre et produits de cuisine",Linges de cuisine,Linges et serviettes de cuisine réutilisables,Linges à vaisselle réutilisables,Fabriqué au Québec,Québec,Propriété non vérifiée,Aucune précision sur la page officielle consultée,"Remplace les articles de ménage et les articles de cuisine d’origine américaine sur la liste des droits de douane de rétorsion (plastiques 39.24, fer ou acier 73.23, aluminium 76.15)"
144,"Housewares, plastics, glass and kitchen products",Cutting boards,Larch Wood Canada,End-grain wood cutting boards,Kitchen cutting board,Larch Wood Canada has been producing beautiful wood flooring and home finishing products for years,"East Margaree, Nova Scotia",ownership not verified,None stated on fetched official page,"Replaces U.S.-origin household and kitchen articles on the counter-tariff list (plastics 39.24, iron or steel 73.23, aluminum 76.15, cutlery 82.11/82.15)",n.a.,Larch Wood Canada has been producing beautiful wood flooring and home finishing products for years,https://www.larchwood.com/,https://www.larchwoodcanada.com/our-story/,2026-08-28,High,"Articles ménagers, plastiques, verre et produits de cuisine",Planches à découper,Planches à découper en bois de bout,Planche à découper de cuisine,Larch Wood Canada fabrique depuis des années de beaux planchers de bois et produits de finition intérieure,"East Margaree, Nouvelle-Écosse",Propriété non vérifiée,Aucune précision sur la page officielle consultée,"Remplace les articles ménagers et les articles de cuisine d’origine américaine figurant sur la liste des droits de douane de rétorsion (plastiques 39.24, fer ou acier 73.23, aluminium 76.15, couverts 82.11/82.15)"
145,"Housewares, plastics, glass and kitchen products",Glass containers,O-I Canada (Owens-Illinois),Glass bottles and jars from Canadian plants,Glass jars and bottles (B2B and canning),Operates two glass manufacturing plants in Canada,"Brampton, Ontario and Montreal, Quebec","Ownership statement on official page: ""O-I Canada is an affiliate of O-I Glass, Inc. (""O-I"" or the ""Company""), a Delaware corporation."" (ownership category not further verified)",None stated on fetched official page,"Replaces U.S.-origin glass carboys, bottles and jars (heading 70.10)",70.10,"O-I Canada operates two glass manufacturing plants in Canada – one in Brampton, Ontario and another in Montreal, Quebec.",https://www.o-i.com/wp-content/uploads/2025/05/Supply-Chains-Act-Report-Fiscal-Year-2024-O-I-Canada-Corp.pdf,https://www.o-i.com/wp-content/uploads/2024/05/Supply-Chains-Act-Report-FY-2023-O-I-Canada-Corp.pdf,2026-08-28,High,"Articles ménagers, plastiques, verre et produits de cuisine",Récipients en verre,Bouteilles et pots en verre provenant d’usines canadiennes,Pots et bouteilles en verre (interentreprises et mise en conserve),Il exploite deux usines de fabrication de verre au Canada,"Brampton, Ontario et Montréal, Québec","Déclaration concernant la propriété sur la page officielle : ""O-I Canada is an affiliate of O-I Glass, Inc. (""O-I"" or the ""Company""), a Delaware corporation."" (catégorie de propriété non vérifiée)",Aucune précision sur la page officielle consultée,"Remplace les bonbonnes, bouteilles et pots en verre d’origine américaine (rubrique SH 70.10)"
146,"Housewares, plastics, glass and kitchen products",Cookware,Paderno,Canadian-made stainless steel cookware,Pots and pans,PADERNO continues to produce cookware there today.,Prince Edward Island,ownership not verified,None stated on fetched official page,"Replaces U.S.-origin household and kitchen articles on the counter-tariff list (plastics 39.24, iron or steel 73.23, aluminum 76.15, cutlery 82.11/82.15)",73.23,The first Canadian PADERNO plant was opened on Prince Edward Island in 1979 and PADERNO continues to produce cookware there today.,https://www.paderno.com/,https://www.paderno.com/pages/our-story,2026-08-28,High,"Articles ménagers, plastiques, verre et produits de cuisine",Batteries de cuisine,Batterie de cuisine en acier inoxydable fabriquée au Canada,Chaudrons et poêles,PADERNO continue d’y fabriquer des articles de cuisson aujourd’hui.,Île-du-Prince-Édouard,Propriété non vérifiée,Aucune précision sur la page officielle consultée,"Remplace les articles ménagers et les articles de cuisine d’origine américaine figurant sur la liste des droits de douane de rétorsion (plastiques 39.24, fer ou acier 73.23, aluminium 76.15, couverts 82.11/82.15)"
147,"Housewares, plastics, glass and kitchen products",Storage cases,Plasticase (NANUK),NANUK protective hard cases,Protective cases for tools and gear,Made in Canada; designed and manufactured in Canada,Canada (location not stated),"Ownership statement on official page: ""Plasticase — the company behind NANUK"" (ownership category not further verified)",None stated on fetched official page,Replaces U.S.-origin plastic household and packing articles (headings 39.23/39.24),39.23,NANUK cases are proudly designed and manufactured in Canada.,https://nanuk.com/,https://nanuk.com/blogs/press/nanuk-opens-a-new-innovation-and-creativity-center,2026-08-28,Medium,"Articles ménagers, plastiques, verre et produits de cuisine",Étuis de rangement,Étuis rigides protecteurs NANUK,Étuis de protection pour outils et équipement,Fabriqué au Canada; conçu et fabriqué au Canada,Canada (emplacement non précisé),"Déclaration concernant la propriété sur la page officielle : ""Plasticase — the company behind NANUK"" (catégorie de propriété non vérifiée)",Aucune précision sur la page officielle consultée,Remplace les articles ménagers et d'emballage en plastique d’origine américaine (rubriques SH 39.23/39.24)
148,"Housewares, plastics, glass and kitchen products",Kitchen gadgets,Ricardo,Ricardo boutique kitchen tools,Kitchen tools,100% made in Quebec,"Montreal, Quebec","Ownership/parent stated on official page: ""Levure Lallemand is a company that’s part of the Chagnon family.""",None stated on fetched official page,"Replaces U.S.-origin household and kitchen articles on the counter-tariff list (plastics 39.24, iron or steel 73.23, aluminum 76.15, cutlery 82.11/82.15)",n.a.,"It’s 100% made in Quebec. From the product to the marketing to the packaging, it’s really yeast from here!",https://www.ricardocuisine.com/en/about-ricardo/news/1323-ricardo-launches-a-new-instant-yeast,https://boutique.ricardocuisine.com/en/bag-of-ricardo-ground-filter-coffee-227-g.html,2026-08-28,High,"Articles ménagers, plastiques, verre et produits de cuisine",Accessoires de cuisine,Outils de cuisine de la boutique Ricardo,Outils de cuisine,100 % fabriqué au Québec,"Montréal, Québec","Propriétaire ou société mère indiqué sur la page officielle : ""Levure Lallemand is a company that’s part of the Chagnon family.""",Aucune précision sur la page officielle consultée,"Remplace les articles ménagers et les articles de cuisine d’origine américaine figurant sur la liste des droits de douane de rétorsion (plastiques 39.24, fer ou acier 73.23, aluminium 76.15, couverts 82.11/82.15)"
149,"Housewares, plastics, glass and kitchen products",Faucets,Riobel,Kitchen and bath faucets,Kitchen and bathroom faucets,Manufactured by / Fabriqué par ST-JÉRÔME (QUÉBEC) CANADA,"St-Jérôme, Québec",ownership not verified,None stated on fetched official page,Replaces U.S.-origin sanitary fittings and household metal articles bought instead of tariffed U.S. goods,n.a.,Manufactured by / Fabriqué par ST-JÉRÔME (QUÉBEC) CANADA,https://dw.riobel.ca/Photo/Guide/Gui-22EF.pdf,https://leadiq.com/c/riobel/5a1d9bdd2300005a008b6737,2026-08-28,High,"Articles ménagers, plastiques, verre et produits de cuisine",Robinets,Robinets de cuisine et de salle de bain,Robinets de cuisine et de salle de bain,"Fabriqué par ST-JÉRÔME (QUÉBEC), CANADA","Saint-Jérôme, Québec",Propriété non vérifiée,Aucune précision sur la page officielle consultée,Remplace les accessoires sanitaires d’origine américaine et les articles en métal ménager achetés au lieu de marchandises américaines assujetties aux droits de douane
150,"Housewares, plastics, glass and kitchen products",Water filtration,Santevia,Gravity water filtration systems,Home water filtration,Made In Canada Filtration,Canada (location not stated),ownership not verified,None stated on fetched official page,"Replaces U.S.-origin household and kitchen articles on the counter-tariff list (plastics 39.24, iron or steel 73.23, aluminum 76.15)",n.a.,Featuring Made In Canada Filtration,https://ca.santevia.com/collections/canadian-filtration,https://santevia.com/en-de/collections/the-gravity-water-system-mina-alkaline-pitcher,2026-08-28,Medium,"Articles ménagers, plastiques, verre et produits de cuisine",Filtration d'eau,Systèmes de filtration d’eau par gravité,Filtration de l’eau à la maison,Systèmes de filtration fabriqués au Canada,Canada (emplacement non précisé),Propriété non vérifiée,Aucune précision sur la page officielle consultée,"Remplace les articles de ménage et les articles de cuisine d’origine américaine sur la liste des droits de douane de rétorsion (plastiques 39.24, fer ou acier 73.23, aluminium 76.15)"
151,"Paper, tissue, packaging and printed goods",Newsprint,Alberta Newsprint Company,Newsprint and directory paper,Newsprint for publishers (B2B),Alberta’s first and only paper mill; manufacture the highest quality newsprint in North America,Alberta,"Ownership statement on official page: ""ANC is a joint venture of The Stern Group (Whitecourt Newsprint Company Limited Partnership) and West Fraser Timber Co."" (ownership category not further verified)",None stated on fetched official page,Replaces U.S.-origin paper and paperboard products covered by the counter-tariffs (48.03/48.04/48.10/48.11),48.01,ALBERTA’S FIRST AND ONLY PAPER MILL,https://www.albertanewsprint.com/downloads/products/ANCNewsprint.pdf,,2026-08-28,High,"Papier, papier hygiénique, emballages et imprimés",Papier journal,Papier journal et papier pour annuaires,Papier journal pour éditeurs (interentreprises),Première et seule papetière de l’Alberta; fabrique du papier journal nord-américain de grande qualité,Alberta,"Déclaration concernant la propriété sur la page officielle : ""ANC is a joint venture of The Stern Group (Whitecourt Newsprint Company Limited Partnership) and West Fraser Timber Co."" (catégorie de propriété non vérifiée)",Aucune précision sur la page officielle consultée,Remplace les papiers et cartons d’origine américaine visés par les droits de douane de rétorsion (48.03/48.04/48.10/48.11)
152,"Paper, tissue, packaging and printed goods",Pulp,Alberta-Pacific Forest Industries,Bleached kraft pulp,Pulp for tissue and paper (industrial),Canadian Kraft Pulp Mill,Canada (location not stated),ownership not verified,None stated on fetched official page,"Replaces U.S.-origin paper, paperboard and pulp products covered by the counter-tariffs (47.02/48.03/48.04/48.10)",47.02,Alberta-Pacific Forest Industries Inc. | Canadian Kraft Pulp Mill,https://alpac.ca/,https://alpac.ca/wp-content/uploads/2021/06/2021.GDP_.Overview.pdf,2026-08-28,Medium,"Papier, papier hygiénique, emballages et imprimés",Pâte,Pâte kraft blanchie,Pâte pour papier hygiénique et papier (industrie),Usine canadienne de pâte à papier Kraft,Canada (emplacement non précisé),Propriété non vérifiée,Aucune précision sur la page officielle consultée,"Remplace le papier, le carton et les produits en pâte d’origine américaine visés par les droits de douane de rétorsion (47.02/48.03/48.04/48.10)"
153,"Paper, tissue, packaging and printed goods",Boxes and cartons,Atlantic Packaging Products,Corrugated boxes and moving boxes,Shipping and moving boxes,"first 100% recycled newsprint mill in Canada, in Whitby Ontario","Toronto, Ontario; Scarborough, Ontario; Mississauga, Ontario; Ingersoll, Ontario; Agincourt, Ontario; Whitby, Ontario; Brampton, Ontario","Ownership statement on official page: ""Atlantic Packaging Products is a privately owned company."" (ownership category not further verified)",None stated on fetched official page | Availability note: Atlantic sells off the Consumer Products division; Atlantic closes the Newsprint division at its Whitby location.,"Replaces U.S.-origin cartons, boxes and packing containers of paper (heading 48.19)",48.19,"Atlantic opens the first 100% recycled newsprint mill in Canada, in Whitby Ontario.",https://atlantic.ca/about/company-history/,,2026-08-28,High,"Papier, papier hygiénique, emballages et imprimés",Boîtes et cartons,Boîtes de carton ondulé et boîtes de déménagement,Boîtes d’expédition et de déménagement,"Première usine canadienne de papier journal 100 % recyclé, située à Whitby, en Ontario","Toronto, Ontario; Scarborough, Ontario; Mississauga, Ontario; Ingersoll, Ontario; Agincourt, Ontario; Whitby, Ontario; Brampton, Ontario","Déclaration concernant la propriété sur la page officielle : ""Atlantic Packaging Products is a privately owned company."" (catégorie de propriété non vérifiée)",Aucune précision sur la page officielle consultée.Note de disponibilité : Atlantic vend la division Produits de consommation; Atlantic ferme la division Newsprint à son emplacement Whitby.,"Remplace les cartons, boîtes et emballages de papier d’origine américaine (rubrique SH 48.19)"
154,"Paper, tissue, packaging and printed goods",Tissue paper,Cascades,Cascades Bathroom Tissue and paper towels,Toilet paper and paper towels,Canadian leader in tissue papers production,"Saint-Hubert, Quebec",ownership not verified,None stated on fetched official page,"Replaces U.S.-origin toilet paper, tissue and household paper (headings 48.03/48.11/48.18)",48.18,Canadian leader in tissue papers production,https://www.cascades.com/en/about-us/our-company/cascades-worldwide/tissue-papers-units,https://www.cascades.com/en/news/cascades-strengthens-its-tissue-paper-production-platform-quebec,2026-08-28,High,"Papier, papier hygiénique, emballages et imprimés",Papier hygiénique et papier-mouchoir,Papier hygiénique Cascades et essuie-tout,Papier hygiénique et essuie-tout,Chef de file canadien de la production de papiers sanitaires,"Saint-Hubert, Québec",Propriété non vérifiée,Aucune précision sur la page officielle consultée,"Remplace le papier hygiénique, le papier-mouchoir et le papier ménager d’origine américaine (rubriques SH 48.03/48.11/48.18)"
155,"Paper, tissue, packaging and printed goods",Office paper,Domtar,"Uncoated freesheet copy paper (Husky, Lynx)",Copy and printing paper,The mill now produces bleached hardwood wet-lap market pulp and uncoated freesheet paper,"Windsor, Quebec, Canada",ownership not verified,None stated on fetched official page,Replaces U.S.-origin uncoated printing and copy paper (heading 48.04/48.10),48.10,"Located in the Eastern Townships Region of Quebec, Canada, Domtar’s Windsor Mill ... now produces bleached hardwood wet-lap market pulp and uncoated freesheet paper",https://www.domtar.com/wp-content/uploads/2025/07/Domtar-Windsor-Fact-Sheet.pdf,https://www.domtar.com/our-location/windsor-mill/,2026-08-28,High,"Papier, papier hygiénique, emballages et imprimés",Papier de bureau,"Papier copie non couché sans pâte mécanique (Husky, Lynx)",Papier pour photocopie et impression,L’usine produit maintenant de la pâte de feuillus blanchie et du papier non couché,"Windsor, Québec, Canada",Propriété non vérifiée,Aucune précision sur la page officielle consultée,Remplace le papier non couché d’impression et de copie d’origine américaine (rubriques SH 48.04 et 48.10)
156,"Paper, tissue, packaging and printed goods",Commercial printing,Jukebox Print,Business cards and printed stationery,Business cards and stationery (small business),Canadian Craftsmanship,"Richmond, BC",ownership not verified,None stated on fetched official page,Replaces U.S.-origin printed matter (49.11) and paper stationery,49.11,"Canadian Craftsmanship, Global Reach",https://www.jukeboxprint.com/printing-business-cards-in-Richmond-BC,,2026-08-28,High,"Papier, papier hygiénique, emballages et imprimés",Impression commerciale,Cartes professionnelles et papeterie imprimée,Cartes professionnelles et papeterie (petites entreprises),Fabrication canadienne,"Richmond, Colombie-Britannique",Propriété non vérifiée,Aucune précision sur la page officielle consultée,Remplace les imprimés d’origine américaine (49.11) et les articles de papeterie
157,"Paper, tissue, packaging and printed goods",Paper towels,Kruger Products,SpongeTowels paper towels,Kitchen paper towels,manufactured here in Canada,Canada (location not stated),ownership not verified,None stated on fetched official page,"Replaces U.S.-origin toilet paper, tissue and household paper (headings 48.03/48.11/48.18)",48.18,we’re proud to be manufactured here in Canada. Made by Canadians for Canadians.,https://mykrugerproducts.ca/en-ca/spongetowels,https://mykrugerproducts.ca/en-ca/spongetowels/where-buy,2026-08-28,Medium,"Papier, papier hygiénique, emballages et imprimés",Serviettes en papier,Essuie-tout SpongeTowels,Essuie-tout de cuisine,fabriqué ici au Canada,Canada (emplacement non précisé),Propriété non vérifiée,Aucune précision sur la page officielle consultée,"Remplace le papier hygiénique, le papier-mouchoir et le papier ménager d’origine américaine (rubriques SH 48.03/48.11/48.18)"
158,"Paper, tissue, packaging and printed goods",Facial tissue,Kruger Products,Scotties facial tissue,Facial tissue,Proudly made in Canada since 1956,Canada (location not stated),ownership not verified,None stated on fetched official page,"Replaces U.S.-origin toilet paper, tissue and household paper (headings 48.03/48.11/48.18)",48.18,Scotties Facial Tissues is Canada’s #1 facial tissue* and has been proudly made in Canada since 1956.,https://mykrugerproducts.ca/en-ca/scotties,https://www.kruger.com/news/krugerproducts-richelieu-announcement/,2026-08-28,Medium,"Papier, papier hygiénique, emballages et imprimés",Papiers-mouchoirs,Papiers-mouchoirs Scotties,Papiers-mouchoirs,Fièrement fabriqué au Canada depuis 1956,Canada (emplacement non précisé),Propriété non vérifiée,Aucune précision sur la page officielle consultée,"Remplace le papier hygiénique, le papier-mouchoir et le papier ménager d’origine américaine (rubriques SH 48.03/48.11/48.18)"
159,"Paper, tissue, packaging and printed goods",Commercial tissue,Kruger Products,White Swan away-from-home tissue,Washroom paper for businesses,Canada’s leading manufacturer of quality tissue products,Canada (location not stated),ownership not verified,None stated on fetched official page,"Replaces U.S.-origin toilet paper, tissue and household paper (headings 48.03/48.11/48.18)",48.18,"Kruger Products grew to become Canada’s leading manufacturer of quality tissue products for household, industrial, and commercial use.",https://www.krugerproducts.ca/en-ca/about-us/what-we-do,https://www.krugerpro.com/brand/white-swan,2026-08-28,Medium,"Papier, papier hygiénique, emballages et imprimés",Papiers sanitaires commerciaux,Papier hygiénique commercial White Swan,Papier pour salles de toilette d’entreprise,Principal fabricant canadien de papiers sanitaires de qualité,Canada (emplacement non précisé),Propriété non vérifiée,Aucune précision sur la page officielle consultée,"Remplace le papier hygiénique, le papier-mouchoir et le papier ménager d’origine américaine (rubriques SH 48.03/48.11/48.18)"
160,"Paper, tissue, packaging and printed goods",Tissue paper,Kruger Products,Cashmere bathroom tissue,Toilet paper,Canadian made,Canada (location not stated),ownership not verified,None stated on fetched official page,"Replaces U.S.-origin toilet paper, tissue and household paper (headings 48.03/48.11/48.18)",48.18,**Canadian made**,https://mykrugerproducts.ca/en-ca/cashmere,https://mykrugerproducts.ca/en-ca/cashmere/product-listing,2026-08-28,Medium,"Papier, papier hygiénique, emballages et imprimés",Papier hygiénique et papier-mouchoir,Papier hygiénique Cashmere,Papier hygiénique,Fabriqué au Canada,Canada (emplacement non précisé),Propriété non vérifiée,Aucune précision sur la page officielle consultée,"Remplace le papier hygiénique, le papier-mouchoir et le papier ménager d’origine américaine (rubriques SH 48.03/48.11/48.18)"
161,"Paper, tissue, packaging and printed goods",Tissue paper,Majesta (Irving Tissue),Majesta bathroom tissue and paper towels,Toilet paper and towels,"Pulp made in Saint John, New Brunswick; Irving Tissue in Saint John, New Brunswick; Master Packaging in Dieppe, New Brunswick and Borden, Prince Edward Island t","Saint John, New Brunswick; Lake Utopia, New Brunswick; Dieppe, New Brunswick; Borden, Prince Edward Island; Toronto, Ontario",ownership not verified,"Consumer tissue is converted at plants in Dieppe, New Brunswick, Toronto, Ontario and Fort Edward, New York; the page does not state that all named products are made in Canada.","Replaces U.S.-origin toilet paper, tissue and household paper (headings 48.03/48.11/48.18)",48.18,"Pulp made in Saint John, New Brunswick is the anchor of our value chain.",https://www.irvingwoodlands.com/jdi-woodlands-value-chain.aspx,https://www.cbc.ca/news/canada/irving-takes-over-tissue-competitor-1.254854,2026-08-28,High,"Papier, papier hygiénique, emballages et imprimés",Papier hygiénique et papier-mouchoir,Papier hygiénique et essuie-tout Majesta,Papier hygiénique et essuie-tout,"Pâte fabriquée à Saint John, au Nouveau-Brunswick; papier sanitaire Irving à Saint John; emballages à Dieppe, au Nouveau-Brunswick, et à Borden, à l’Île-du-Prince-Édouard","Saint John, Nouveau-Brunswick; Lake Utopia, Nouveau-Brunswick; Dieppe, Nouveau-Brunswick; Borden, Île-du-Prince-Édouard; Toronto, Ontario",Propriété non vérifiée,"Les tissus de consommation sont convertis aux usines de Dieppe, au Nouveau-Brunswick, à Toronto, en Ontario et à Fort Edward, à New York; la page ne précise pas que tous les produits désignés sont fabriqués au Canada.","Remplace le papier hygiénique, le papier-mouchoir et le papier ménager d’origine américaine (rubriques SH 48.03/48.11/48.18)"
162,"Paper, tissue, packaging and printed goods",Pulp,Millar Western,Bleached chemi-thermomechanical pulp,Pulp for paper making (industrial),"Producer of bleached chemi-thermomechanical pulp across its mills in Whitecourt, Alberta; Slave Lake, Alberta; and Quesnel, British Columbia","Whitecourt, Alberta; Slave Lake, Alberta; Quesnel, British Columbia",ownership not verified,None stated on fetched official page,Replaces U.S.-origin chemical wood pulp (heading 47.02),47.02,"combined annual production capacity of approximately 1 million tonnes across its mills in Whitecourt, Alberta; Slave Lake, Alberta; and Quesnel, British Columbia",https://millarwestern.com/pulp-mill/,https://millarwestern.com/pulp-mill/people/,2026-08-28,High,"Papier, papier hygiénique, emballages et imprimés",Pâte,Pâte chimicothermomécanique blanchie,Pâte pour la fabrication du papier (industrie),Producteur de pâte chimico-thermomécanique blanchie dans ses usines de Whitecourt (Alberta); de Slave Lake (Alberta); et de Quesnel (Colombie-Britannique),"Whitecourt, Alberta; Slave Lake, Alberta; Quesnel, Colombie-Britannique",Propriété non vérifiée,Aucune précision sur la page officielle consultée,Remplace la pâte de bois chimique d’origine américaine (rubrique SH 47.02)
163,"Paper, tissue, packaging and printed goods",Boxes and cartons,Mitchel-Lincoln Packaging,Corrugated boxes and displays,Shipping boxes (B2B),"corrugated manufacturing facility in Drummondville, Quebec","Drummondville, Quebec","Ownership/parent stated on official page: ""Atlantic Packaging acquired full ownership of Mitchel Lincoln""",None stated on fetched official page,"Replaces U.S.-origin cartons, boxes and packing containers of paper (heading 48.19)",48.19,"With three corrugated manufacturing plants, employing over 800 individuals in Quebec",https://mitchellincoln.ca/en/company-history/,https://mitchellincoln.ca/en/,2026-08-28,High,"Papier, papier hygiénique, emballages et imprimés",Boîtes et cartons,Boîtes et présentoirs en carton ondulé,Boîtes d’expédition (interentreprises),"Usine de fabrication de carton ondulé à Drummondville, au Québec","Drummondville, Québec","Propriétaire ou société mère indiqué sur la page officielle : ""Atlantic Packaging acquired full ownership of Mitchel Lincoln""",Aucune précision sur la page officielle consultée,"Remplace les cartons, boîtes et emballages de papier d’origine américaine (rubrique SH 48.19)"
164,"Paper, tissue, packaging and printed goods",Photo printing,Posterjack,Canvas prints and photo prints,Wall art and photo prints,Our products are printed and handcrafted in our Toronto workshop.,Canada (location not stated),"Canadian-owned per official page: ""100% Canadian-owned and operated""",Materials are sourced from Canadian suppliers whenever possible.,Replaces U.S.-origin printed pictures and other printed matter (heading 49.11),49.11,Our products are printed and handcrafted in our Toronto workshop.,https://posterjack.ca/blogs/inspiration/made-in-canada-photo-prints,https://help.posterjack.ca/en-US/canvas-prints-video-51406,2026-08-28,Medium,"Papier, papier hygiénique, emballages et imprimés",Impression de photos,Impressions sur toile et tirages photo,Décoration murale et tirages photo,Nos produits sont imprimés et fabriqués à la main dans notre atelier de Toronto.,Canada (emplacement non précisé),"Propriété canadienne selon la page officielle : ""100% Canadian-owned and operated""","Les matériaux proviennent, dans la mesure du possible, de fournisseurs canadiens.",Remplace les images et autres imprimés d’origine américaine (rubrique SH 49.11)
165,"Paper, tissue, packaging and printed goods",Office paper,Rolland (Cascades),Rolland Enviro uncoated printing and copy paper,Printer and copier paper,Canadian-made alkaline papers,"Saint-Jérôme, Québec",ownership not verified,The page states that Canadian-made alkaline papers contain an average of 30% postconsumer fibres; it does not explicitly state that each named product line is Canadian-made.,Replaces U.S.-origin uncoated and coated printing papers (headings 48.04/48.10),48.10,"Cascades Fine Papers Group is at the forefront of the recycled paper market, with the widest range of Canadian-made alkaline papers",https://www.cascades.com/sites/default/files/developpement-durable/2004-Report-on-Sustanaible-Development-Cascades-EN.pdf,https://www.patrimoine-culturel.gouv.qc.ca/detail.do?methode=consulter&id=191015&type=bien,2026-08-28,High,"Papier, papier hygiénique, emballages et imprimés",Papier de bureau,Papier non couché d’impression et de copie Rolland Enviro,Papier pour imprimante et photocopieur,Papiers alcalins fabriqués au Canada,"Saint-Jérôme, Québec",Propriété non vérifiée,La page indique que les papiers alcalins fabriqués au Canada contiennent en moyenne 30 % de fibres postconsommation; elle ne précise pas explicitement que chaque gamme de produits désignée est fabriquée au Canada.,Remplace les papiers d'impression non couchés et enduits d’origine américaine (rubriques SH 48.04/48.10)
166,"Paper, tissue, packaging and printed goods",Tissue paper,Royale (Irving Tissue),Royale bathroom tissue and facial tissue,Toilet paper and tissues,"ROYALE is proudly made in New Brunswick as well as Toronto, Ontario and Fort Edward, New York","Saint John and Dieppe, New Brunswick; Toronto, Ontario; Fort Edward, New York",ownership not verified,"ROYALE is also made in Toronto, Ontario and Fort Edward, New York; each of these plants converts tissue made from Irving pulp.","Replaces U.S.-origin toilet paper, tissue and household paper (headings 48.03/48.11/48.18)",48.18,"ROYALE is proudly made in New Brunswick as well as Toronto, Ontario and Fort Edward, New York.",https://jdirving.com/en/newsroom/royale-is-purr-oudly-atlantic-canadian/,,2026-08-28,High,"Papier, papier hygiénique, emballages et imprimés",Papier hygiénique et papier-mouchoir,Papier hygiénique et papiers-mouchoirs Royale,Papier hygiénique et papiers-mouchoirs,ROYALE est fièrement fabriqué au Nouveau-Brunswick ainsi qu'à Toronto (Ontario) et à Fort Edward (New York),"Saint John et Dieppe, Nouveau-Brunswick; Toronto, Ontario; Fort Edward, New York",Propriété non vérifiée,ROYALE est également fabriqué à Toronto (Ontario) et à Fort Edward (New York); chacune de ces plantes convertit les tissus fabriqués à partir de pulpe Irving.,"Remplace le papier hygiénique, le papier-mouchoir et le papier ménager d’origine américaine (rubriques SH 48.03/48.11/48.18)"
167,"Paper, tissue, packaging and printed goods",Packaging,Supremex,Mailing and shipping envelopes (e-commerce packaging),Padded mailers and envelopes,Focused on envelope manufacturing in Canada; Canadian facilities manufacture envelope and packaging products.,Canada (location not stated),ownership not verified,The page also lists manufacturing facilities in the United States.,Replaces U.S.-origin envelopes and packing containers (48.17/48.19),48.17,Focused on envelope manufacturing in Canada,https://supremex.com/wp-content/uploads/2026/02/2025-Q4-SXP-Investor-presentation-EN.pdf,https://supremex.com/about-us/,2026-08-28,Medium,"Papier, papier hygiénique, emballages et imprimés",Emballage,Enveloppes postales et d’expédition (emballage de commerce électronique),Enveloppes matelassées et enveloppes,Fabrication d’enveloppes au Canada; les installations canadiennes produisent des enveloppes et des produits d’emballage.,Canada (emplacement non précisé),Propriété non vérifiée,La page énumère également les installations de fabrication aux États-Unis.,Remplace les enveloppes et les emballages d’origine américaine (48.17/48.19)
168,"Paper, tissue, packaging and printed goods",Food packaging,Winpak,Flexible and rigid food packaging,Food packaging films and containers (B2B),"manufacturing facility in Winnipeg, Manitoba","Winnipeg, Manitoba","Ownership/parent stated on official page: ""Winpak is part of a global packaging group with thirteen manufacturing facilities in North America.""","Winpak manufactures and distributes packaging materials and packaging machines primarily used for the protection of perishable foods, beverages, pharmaceuticals, medical and personal care.",Replaces U.S.-origin plastic household articles and packing articles (headings 39.23/39.24),39.19,"Our Winnipeg, Manitoba location completed the largest Coextrusion line in our Company’s history.",https://www.winpak.com/about-us,,2026-08-28,High,"Papier, papier hygiénique, emballages et imprimés",Emballage alimentaire,Emballages alimentaires souples et rigides,Pellicules et contenants d’emballage alimentaire (interentreprises),"usine de fabrication à Winnipeg, Manitoba","Winnipeg, Manitoba","Propriétaire ou société mère indiqué sur la page officielle : ""Winpak is part of a global packaging group with thirteen manufacturing facilities in North America.""","Winpak fabrique et distribue des matériaux d'emballage et des machines d'emballage principalement utilisés pour la protection des aliments périssables, des boissons, des produits pharmaceutiques, des soins médicaux et personnels.",Remplace les articles ménagers et les articles d'emballage en plastique d’origine américaine (rubriques SH 39.23/39.24)
169,"Cleaning, beauty and personal care",Baby and body care,Anointment Natural Skin Care,"Baby balms, salves and soaps",Baby balm and soap,Made with care in Atlantic Canada,Canada (location not stated),ownership not verified,None stated on fetched official page,"Replaces U.S.-origin beauty, skin-care and make-up preparations (heading 33.04)",34.01,Made with care in Atlantic Canada.,https://anointment.ca/,https://well.ca/brand/anointment-natural-skin-care.html,2026-08-28,Medium,"Entretien ménager, beauté et soins personnels",Soins pour bébés et soins corporels,"Baumes, onguents et savons pour bébés",Baume et savon pour bébés,Fabriqué avec soin au Canada atlantique,Canada (emplacement non précisé),Propriété non vérifiée,Aucune précision sur la page officielle consultée,"Remplace les préparations de beauté, de soin et de maquillage d’origine américaine (rubrique SH 33.04)"
170,"Cleaning, beauty and personal care",Household cleaners,Bio-Vert,Eco laundry detergent and cleaners,Laundry and household cleaning,Faits au Canada,Canada (location not stated),ownership not verified,None stated on fetched official page,"Replaces U.S.-origin household cleaning and personal care products in the counter-tariff basket (e.g. beauty preparations 33.04, hair preparations 33.05, perfumes 33.03)",34.02,"Faits au Canada, les produits pour la lessive Biovert",https://bio-vert.com/nos-produits/,,2026-08-28,Medium,"Entretien ménager, beauté et soins personnels",Produits d’entretien ménager,Détergent à lessive et nettoyants écologiques,Lessive et entretien ménager,Fabriqués au Canada,Canada (emplacement non précisé),Propriété non vérifiée,Aucune précision sur la page officielle consultée,"Remplace les produits américains d’entretien ménager et de soins personnels du panier visé par les droits de douane de rétorsion (p. ex. produits de beauté 33.04, produits capillaires 33.05, parfums 33.03)"
171,"Cleaning, beauty and personal care",Soap,Buck Naked Soap Company,Handmade soap and shampoo bars,Bar soap and shampoo bars,Our Canadian made bar soaps,Canada (location not stated),ownership not verified,None stated on fetched official page | Availability note: Hanky-Panky Bar Soap is sold out,Replaces U.S.-origin beauty or make-up and skin-care preparations (heading 33.04),34.01,"Our Canadian made bar soaps are all-natural, vegan and sustainably made.",https://bucknakedsoapcompany.com/collections/soaps-1,https://www.projectlocallove.com/blog/ontario-best-small-batch-soap-makers,2026-08-28,Medium,"Entretien ménager, beauté et soins personnels",Savon,Savons et shampoings solides faits à la main,Savon en barre et shampoing solide,Nos savons-bar fabriqués au Canada,Canada (emplacement non précisé),Propriété non vérifiée,Aucune précision sur la page officielle consultée.,Remplace les préparations de beauté ou de maquillage d’origine américaine et de soins de la peau (rubrique SH 33.04)
172,"Cleaning, beauty and personal care",Skin care,Cocoon Apothecary,Natural face and body care,Facial skincare,made fresh in small batches at our Kitchener factory,"Kitchener, Ontario",ownership not verified,None stated on fetched official page,"Replaces U.S.-origin beauty, skin-care and make-up preparations (heading 33.04)",33.04,Every Cocoon product is Ecocert COSMOS certified and made fresh in small batches at our Kitchener factory,https://cocoonapothecary.com/,https://cocoonapothecary.com/pages/behind-the-scenes,2026-08-28,Medium,"Entretien ménager, beauté et soins personnels",Soins de la peau,Soins naturels du visage et du corps,Soins du visage,Produits frais fabriqués en petits lots dans notre usine de Kitchener,"Kitchener, Ontario",Propriété non vérifiée,Aucune précision sur la page officielle consultée,"Remplace les préparations de beauté, de soin et de maquillage d’origine américaine (rubrique SH 33.04)"
173,"Cleaning, beauty and personal care",Skin care,Consonant Skincare,Natural face serums and moisturizers,Facial skincare,"All of our skincare, with the exception of our hydrocolloid patches, and body care products are proudly made in Canada.",Canada (location not stated),"Canadian-owned per official page: ""As a Canadian owned and operated business""","All skincare products except hydrocolloid patches and body care products are made in Canada. Ingredients are sourced from around the world. Accessories are sourced based on quality and may not be made in Canada. | Availability note: The business is shutting down, will not replenish inventory or restock products, and the final shipment date will be December 18th.",Replaces U.S.-origin beauty or make-up and skin-care preparations (heading 33.04),33.04,"all of our skincare,with the exception of our hydrocolloid patches, and body care products are proudly made in Canada.",https://consonantskincare.com/pages/faqs,https://inspiringcanadians.com/2025/05/25/consonant-skincare-made-in-canada-2/,2026-08-28,Medium,"Entretien ménager, beauté et soins personnels",Soins de la peau,Sérums et hydratants naturels pour le visage,Soins du visage,"Tous nos soins de la peau, à l'exception de nos patchs hydrocolloïdes, et nos produits de soins du corps sont fièrement fabriqués au Canada.",Canada (emplacement non précisé),"Propriété canadienne selon la page officielle : ""As a Canadian owned and operated business""","Tous les produits de soins de la peau, sauf les patchs hydrocolloïdes et les produits de soins du corps, sont fabriqués au Canada. Les ingrédients proviennent du monde entier. Les accessoires sont fabriqués selon la qualité et peuvent ne pas être fabriqués au Canada. Remarque de disponibilité : L'entreprise est en train de fermer, ne réapprovisionnera pas l'inventaire ou les produits de réapprovisionnement, et la date d'expédition finale sera le 18 décembre.",Remplace les préparations de beauté ou de maquillage d’origine américaine et de soins de la peau (rubrique SH 33.04)
174,"Cleaning, beauty and personal care",Soap,Crate 61 Soap,Cold-process bar soaps,Bar soap,Handmade in Canada,Canada (location not stated),ownership not verified,None stated on fetched official page,Replaces U.S.-origin beauty or make-up and skin-care preparations (heading 33.04),34.01,Handmade in Canada,https://www.crate61.com/,https://www.crate61factory.com/,2026-08-28,Medium,"Entretien ménager, beauté et soins personnels",Savon,Savons en barre saponifiés à froid,Savon en barre,Fabriqué à la main au Canada,Canada (emplacement non précisé),Propriété non vérifiée,Aucune précision sur la page officielle consultée,Remplace les préparations de beauté ou de maquillage d’origine américaine et de soins de la peau (rubrique SH 33.04)
175,"Cleaning, beauty and personal care",Personal care,Druide,"Bio-based shampoos, lotions and body care","Shampoo, lotion and soap","Fabriquer nos produits au Canada, plus précisément au Québec",Québec,ownership not verified,None stated on fetched official page,"Replaces U.S.-origin beauty, skin-care and make-up preparations (heading 33.04)",33.05,"Nous nous engageons à fabriquer nos produits au Canada, plus précisément au Québec",https://druidebio.com/fr/,https://druidebio.com/fr/change-de-bebe-et-prevention-des-erythemes-fessiers-avec-ou-sans-zinc/,2026-08-28,High,"Entretien ménager, beauté et soins personnels",Soins personnels,"Shampoings, lotions et soins corporels biosourcés","Shampoing, lotion et savon","Fabrication de nos produits au Canada, plus précisément au Québec",Québec,Propriété non vérifiée,Aucune précision sur la page officielle consultée,"Remplace les préparations de beauté, de soin et de maquillage d’origine américaine (rubrique SH 33.04)"
176,"Cleaning, beauty and personal care",Commercial cleaning,Dustbane Products,"Floor cleaners, sweeping compounds and disinfectants",Institutional floor care (B2B),made in Canada since 1908,Canada (location not stated),ownership not verified,None stated on fetched official page,"Replaces U.S.-origin household cleaning and personal care products in the counter-tariff basket (e.g. beauty preparations 33.04, hair preparations 33.05, perfumes 33.03)",34.02,Dustbane provides professional cleaning chemicals for commercial facilities - made in Canada since 1908.,https://www.dustbane.ca/products/chemicals,,2026-08-28,Medium,"Entretien ménager, beauté et soins personnels",Entretien commercial,"Nettoyants à plancher, composés de balayage et désinfectants",Entretien institutionnel des planchers (interentreprises),fabriqués au Canada depuis 1908,Canada (emplacement non précisé),Propriété non vérifiée,Aucune précision sur la page officielle consultée,"Remplace le ménage d’origine américaine et les produits de soins personnels dans le panier visé par les droits de douane de rétorsion (p. ex. préparations de beauté 33.04, préparations capillaires 33.05, parfums 33.03)"
177,"Cleaning, beauty and personal care",Household cleaners,Eco-Max,Plant-based household cleaners,Household cleaning,Eco-Max is made in Canada,Canada (location not stated),ownership not verified,None stated on fetched official page,"Replaces U.S.-origin household cleaning and personal care products in the counter-tariff basket (e.g. beauty preparations 33.04, hair preparations 33.05, perfumes 33.03)",34.02,Eco-Max is made in Canada with powerful plant-based ingredients.,https://eco-max.com/,https://help.eco-max.com/hc/en-ca/articles/360041875472-Do-you-manufacture-your-own-products,2026-08-28,Medium,"Entretien ménager, beauté et soins personnels",Produits d’entretien ménager,Nettoyants ménagers à base de plantes,Entretien ménager,Eco-Max est fabriqué au Canada,Canada (emplacement non précisé),Propriété non vérifiée,Aucune précision sur la page officielle consultée,"Remplace le ménage d’origine américaine et les produits de soins personnels dans le panier visé par les droits de douane de rétorsion (p. ex. préparations de beauté 33.04, préparations capillaires 33.05, parfums 33.03)"
178,"Cleaning, beauty and personal care",Cosmetics,Elate Beauty,Refillable pressed eyeshadow and cosmetics,Make-up,Products are produced in Canada,"Victoria, British Columbia","Ownership statement on official page: ""Elate is family and employee owned"" (ownership category not further verified)",None stated on fetched official page,Replaces U.S.-origin beauty or make-up and skin-care preparations (heading 33.04),33.04,"Our products are designed in Victoria BC, produced in Canada, and shipped from our headquarters in Victoria to partners and customers around the world.",https://elatebeauty.com/blogs/the-elate-edit/thank-you-for-supporting-our-family-owned-business,,2026-08-28,High,"Entretien ménager, beauté et soins personnels",Produits cosmétiques,Fards à paupières pressés rechargeables et cosmétiques,Maquillage,Les produits sont produits au Canada,"Victoria, Colombie-Britannique","Déclaration concernant la propriété sur la page officielle : ""Elate is family and employee owned"" (catégorie de propriété non vérifiée)",Aucune précision sur la page officielle consultée,Remplace les préparations de beauté ou de maquillage d’origine américaine et de soins de la peau (rubrique SH 33.04)
179,"Cleaning, beauty and personal care",Skin care,Graydon Skincare,Face creams and serums,Facial skincare,Made in Canada; Canadian-made serum; made with love in Canada,Canada (location not stated),"Ownership statement on official page: ""Female Founded"" (ownership category not further verified)","None stated on fetched official page | Availability note: Supermoon is marked ""More on the way!"" and ""Sold out"".",Replaces U.S.-origin beauty or make-up and skin-care preparations (heading 33.04),33.04,This Canadian-made serum will be a welcome addition to your skincare routine.,https://graydonskincare.ca/,https://graydonskincare.com/,2026-08-28,Medium,"Entretien ménager, beauté et soins personnels",Soins de la peau,Crèmes et sérums pour le visage,Soins du visage,Fabriqué au Canada; sérum fabriqué au Canada; fabriqué avec amour au Canada,Canada (emplacement non précisé),"Déclaration concernant la propriété sur la page officielle : ""Female Founded"" (catégorie de propriété non vérifiée)","Aucune précision sur la page officielle consultée | Remarque sur la disponibilité : Supermoon porte les mentions ""More on the way!"" et ""Sold out"".",Remplace les préparations de beauté ou de maquillage d’origine américaine et de soins de la peau (rubrique SH 33.04)
180,"Cleaning, beauty and personal care",Household cleaners,Nature Clean,"Laundry liquid, dish soap and all-purpose cleaners",Laundry and dish cleaning,producing Canadian made products; products are manufactured and packaged in Canada,Canada (location not stated),"Ownership statement on official page: ""Nature Clean is a locally owned company"" (ownership category not further verified)",None stated on fetched official page,"Replaces U.S.-origin household cleaning and personal care products in the counter-tariff basket (e.g. beauty preparations 33.04, hair preparations 33.05, perfumes 33.03)",34.02,Our products are manufactured and packaged in Canada!,https://natureclean.ca/pages/our-story,,2026-08-28,Medium,"Entretien ménager, beauté et soins personnels",Produits d’entretien ménager,"Détergent à lessive liquide, savon à vaisselle et nettoyants tout usage",Lessive et vaisselle,Production de produits fabriqués au Canada; les produits sont fabriqués et emballés au Canada,Canada (emplacement non précisé),"Déclaration concernant la propriété sur la page officielle : ""Nature Clean is a locally owned company"" (catégorie de propriété non vérifiée)",Aucune précision sur la page officielle consultée,"Remplace le ménage d’origine américaine et les produits de soins personnels dans le panier visé par les droits de douane de rétorsion (p. ex. préparations de beauté 33.04, préparations capillaires 33.05, parfums 33.03)"
181,"Cleaning, beauty and personal care",Oral care,Nelson Naturals,Remineralizing toothpaste,Toothpaste,Made in Canada,"Nelson, BC, Canada","Ownership statement on official page: ""Nelson Naturals is a women owned company consisting of a mother-daughter duo running the company!"" (ownership category not further verified)",None stated on fetched official page,Replaces U.S.-origin beauty or make-up and skin-care preparations (heading 33.04),33.06,"All of our products are made right here in Nelson, BC Canada!",https://nelsonnaturals.com/en-us,https://nelsonnaturals.com/en-us/pages/media-kit,2026-08-28,High,"Entretien ménager, beauté et soins personnels",Soins buccodentaires,Dentifrice reminéralisant,Dentifrice,Fabriqué au Canada,"Nelson, Colombie-Britannique, Canada","Déclaration concernant la propriété sur la page officielle : ""Nelson Naturals is a women owned company consisting of a mother-daughter duo running the company!"" (catégorie de propriété non vérifiée)",Aucune précision sur la page officielle consultée,Remplace les préparations de beauté ou de maquillage d’origine américaine et de soins de la peau (rubrique SH 33.04)
182,"Cleaning, beauty and personal care",Household cleaners,Pink Solution,Natural all-purpose cleaning paste,All-purpose cleaner,manufactured exclusively in Canada,Canada (location not stated),"Ownership statement on official page: ""Still family owned and operated"" (ownership category not further verified)",None stated on fetched official page,"Replaces U.S.-origin household cleaning and personal care products in the counter-tariff basket (e.g. beauty preparations 33.04, hair preparations 33.05, perfumes 33.03)",34.02,The fact that it is manufactured exclusively in Canada,https://store.pinksolution.ca/about-us,https://pinksolution.freshdesk.com/support/solutions/articles/5000657851-where-is-pink-solution-made-,2026-08-28,Medium,"Entretien ménager, beauté et soins personnels",Produits d’entretien ménager,Pâte nettoyante naturelle tout usage,Nettoyant tout usage,fabriqués exclusivement au Canada,Canada (emplacement non précisé),"Déclaration concernant la propriété sur la page officielle : ""Still family owned and operated"" (catégorie de propriété non vérifiée)",Aucune précision sur la page officielle consultée,"Remplace le ménage d’origine américaine et les produits de soins personnels dans le panier visé par les droits de douane de rétorsion (p. ex. préparations de beauté 33.04, préparations capillaires 33.05, parfums 33.03)"
183,"Cleaning, beauty and personal care",Soap and body care,Rocky Mountain Soap Company,Natural bar soaps and body care,Bar soap and lotions,Made in Canada,Canada (location not stated),ownership not verified,None stated on fetched official page,Replaces U.S.-origin beauty or make-up and skin-care preparations (heading 33.04),34.01,Made in Canada—Free Shipping Over $60 CA & US.,https://www.rockymountainsoap.com/,https://www.rockymountainsoap.com/pages/about-us,2026-08-28,Medium,"Entretien ménager, beauté et soins personnels",Savon et soins corporels,Savons en barre naturels et soins corporels,Savon en barre et lotions,Fabriqué au Canada,Canada (emplacement non précisé),Propriété non vérifiée,Aucune précision sur la page officielle consultée,Remplace les préparations de beauté ou de maquillage d’origine américaine et de soins de la peau (rubrique SH 33.04)
184,"Cleaning, beauty and personal care",Cosmetics,Sappho New Paradigm,Organic foundation and cosmetics,Make-up,Made in Canada.,BC,ownership not verified,"We manufacture our makeup sustainably, some in a carbon neutral facility others in Super Natural BC.",Replaces U.S.-origin beauty or make-up and skin-care preparations (heading 33.04),33.04,Made in Canada.,https://www.mysappho.com/,https://www.mysappho.com/pages/sappho-organic-makeup-brand-story,2026-08-28,Medium,"Entretien ménager, beauté et soins personnels",Produits cosmétiques,Fond de teint biologique et cosmétiques,Maquillage,Fabriqué au Canada.,Colombie-Britannique,Propriété non vérifiée,"Nous fabriquons notre maquillage de façon durable, dont une partie dans une installation carboneutre et une autre à Super Natural, en Colombie-Britannique.",Remplace les préparations de beauté ou de maquillage d’origine américaine et de soins de la peau (rubrique SH 33.04)
185,"Cleaning, beauty and personal care",Household cleaners,The Unscented Company,"Refillable dish soap, laundry and hand soap","Dish, hand and laundry soap",Manufactured in Quebec,"Beloeil, Quebec","Ownership statement on official page: ""The Unscented Company is a B Corp Certified and Women Owned business."" (ownership category not further verified)","The last substantial transformation takes place in Quebec; raw ingredients are received at a partner plant, where products are processed through bottling in plastic bottles manufactured on site.","Replaces U.S.-origin household cleaning and personal care products in the counter-tariff basket (e.g. beauty preparations 33.04, hair preparations 33.05, perfumes 33.03)",34.02,"Our products now carry the ""Manufactured in Quebec"" label",https://unscentedco.com/pages/get-to-know-us,https://unscentedco.com/collections/made-in-canada,2026-08-28,High,"Entretien ménager, beauté et soins personnels",Produits d’entretien ménager,"Savon à vaisselle, détergent à lessive et savon à mains rechargeables","Savon à vaisselle, à mains et à lessive",Fabriqué au Québec,"Beloeil, Québec","Déclaration concernant la propriété sur la page officielle : ""The Unscented Company is a B Corp Certified and Women Owned business."" (catégorie de propriété non vérifiée)","La dernière transformation substantielle a lieu au Québec; les ingrédients bruts sont reçus dans une usine partenaire, où les produits sont transformés par mise en bouteille dans des bouteilles en plastique fabriquées sur place.","Remplace le ménage d’origine américaine et les produits de soins personnels dans le panier visé par les droits de douane de rétorsion (p. ex. préparations de beauté 33.04, préparations capillaires 33.05, parfums 33.03)"
186,"Cleaning, beauty and personal care",Skin care,Wildcraft,Natural skincare and body care,Facial and body skincare,Handcrafted in Canada,Canada (location not stated),"Ownership statement on official page: ""Wildcraft is proud to be female owned and run by a small-but-mighty team of amazing women."" (ownership category not further verified)",None stated on fetched official page,Replaces U.S.-origin beauty or make-up and skin-care preparations (heading 33.04),33.04,"Handcrafted in Canada using clean, effective ingredients that deliver real results.",https://wildcraftcare.ca/pages/meet-wildcraft,https://wildcraftcare.ca/,2026-08-28,Medium,"Entretien ménager, beauté et soins personnels",Soins de la peau,Soins naturels de la peau et du corps,Soins du visage et du corps,Fabrication artisanale au Canada,Canada (emplacement non précisé),"Déclaration concernant la propriété sur la page officielle : ""Wildcraft is proud to be female owned and run by a small-but-mighty team of amazing women."" (catégorie de propriété non vérifiée)",Aucune précision sur la page officielle consultée,Remplace les préparations de beauté ou de maquillage d’origine américaine et de soins de la peau (rubrique SH 33.04)
187,"Cleaning, beauty and personal care",Skin care,Zorah biocosmetiques,Argan-oil based skincare,Facial skincare,Fabriqué à Montréal; produits fabriqués localement,Canada (location not stated),ownership not verified,None stated on fetched official page,"Replaces U.S.-origin beauty, skin-care and make-up preparations (heading 33.04)",33.04,Fabriqué à Montréal,https://zorah.ca/fr,https://zorah.ca/fr/pages/faq,2026-08-28,Medium,"Entretien ménager, beauté et soins personnels",Soins de la peau,Soins de la peau à base d’huile d’argan,Soins du visage,Fabriqué à Montréal; produits fabriqués localement,Canada (emplacement non précisé),Propriété non vérifiée,Aucune précision sur la page officielle consultée,"Remplace les préparations de beauté, de soin et de maquillage d’origine américaine (rubrique SH 33.04)"
188,"Hand tools, hardware and building products",Sealants,Adfast,Adseal sealants and adhesives,Construction sealants and adhesives,Adfast designs and manufactures all parts as well as assembles each machine in-house,Canada (location not stated),"Ownership statement on official page: ""Family owned since it’s beginnings, it is now currently managed by the third generation."" (ownership category not further verified)",None stated on fetched official page | Availability note: Eagle III IoT is described as upcoming.,Replaces U.S.-origin sealants and adhesives,n.a.,Its manufacturing plant and Headquarters are located in Montréal Canada.,https://www2.adfastcorp.com/l/534932/2019-10-09/hgvpv,https://www2.adfastcorp.com/l/534932/2019-04-12/d5hxc,2026-08-28,Medium,"Outils à main, quincaillerie et produits de construction",Scellants,Scellants et adhésifs Adseal,Scellants et adhésifs de construction,Adfast conçoit et fabrique toutes les pièces et assemble chaque machine à l’interne,Canada (emplacement non précisé),"Déclaration concernant la propriété sur la page officielle : ""Family owned since it’s beginnings, it is now currently managed by the third generation."" (catégorie de propriété non vérifiée)",Aucune précision sur la page officielle consultée.,Remplace les scellants et adhésifs d’origine américaine
189,"Hand tools, hardware and building products",Framing,Bailey Metal Products,"Steel studs, track and drywall framing",Steel framing for renovations (B2B),Canada's largest manufacturer of lightweight steel framing products,"Vancouver, British Columbia; Calgary, Alberta; Edmonton, Alberta; Toronto, Ontario; Montreal, Quebec",ownership not verified,None stated on fetched official page,Replaces U.S.-origin steel structures and profiles (headings 73.08/72.16),73.08,"Bailey manufacturing facilities are located in Vancouver, Calgary, Edmonton, Toronto, and Montreal.",https://www.bmp-group.com/docs/default-source/resource-library-literature/lightweight-steel-framing-wall-stud-amp-floor-joist-load-tables.pdf?sfvrsn=0,,2026-08-28,High,"Outils à main, quincaillerie et produits de construction",Ossature,"Montants, rails et ossature de cloison sèche en acier",Ossature d’acier pour les rénovations (interentreprises),Plus grand fabricant canadien de produits d’ossature en acier léger,"Vancouver, Colombie-Britannique; Calgary, Alberta; Edmonton, Alberta; Toronto, Ontario; Montréal, Québec",Propriété non vérifiée,Aucune précision sur la page officielle consultée,Remplace les structures et profilés en acier d’origine américaine (rubriques SH 73.08/72.16)
190,"Hand tools, hardware and building products",Paint and coatings,Beauti-Tone (Home Hardware),Beauti-Tone interior and exterior paint,Interior and exterior house paint,"Canadian owned and Canadian made retail paint brand; manufactured in our own factory in Burford, Ontario","Burford, Ontario","Canadian-owned per official page: ""Canada’s #1 Canadian owned and Canadian made retail paint brand""",None stated on fetched official page,Replaces U.S.-origin paints and varnishes bought instead of tariffed U.S. goods (chapter 32),n.a.,"The three most popular lines of Beauti-Tone paint ... are all manufactured in our own factory in Burford, Ontario.",https://www.homehardwarepeterborough.ca/paint-stain/,https://bluewaterhhbc.ca/departments/paint-paint-accessories/,2026-08-28,High,"Outils à main, quincaillerie et produits de construction",Peinture et revêtements,Peinture intérieure et extérieure Beauti-Tone,Peinture résidentielle intérieure et extérieure,"Marque canadienne de peinture au détail, de propriété canadienne et fabriquée au Canada; production dans sa propre usine de Burford, en Ontario","Burford, Ontario","Propriété canadienne selon la page officielle : ""Canada’s #1 Canadian owned and Canadian made retail paint brand""",Aucune précision sur la page officielle consultée,Remplace les peintures et vernis d’origine américaine achetés au lieu de produits américains assujettis aux droits de douane (chapitre 32)
191,"Hand tools, hardware and building products",Masonry,Brampton Brick,Clay brick and Oaks concrete pavers,Brick and pavers,The plant produces 300 million clay brick annually,"Brampton, Ontario","Ownership statement on official page: ""Brampton Brick is a Canadian public company"" (ownership category not further verified)",None stated on fetched official page,"Replaces U.S.-origin building products covered by the counter-tariffs (e.g. plaster articles 68.09, plywood 44.12, sawn wood 44.07, steel structures 73.08)",n.a.,"Brampton Brick is a Canadian public company, located in Brampton since 1871",https://www.brampton.ca/en/Business/planning-development/projects-studies/Norval%20Quarry/Brampton%20Brick%2030nov10%20Public%20information%20session%20display%20boards.pdf,https://bramptonbrick.com/sites/default/files/2020-09/bb419pre.pdf,2026-08-28,High,"Outils à main, quincaillerie et produits de construction",Maçonnerie,Briques d’argile et pavés de béton Oaks,Briques et pavés,L'usine produit 300 millions de briques d'argile par an,"Brampton, Ontario","Déclaration concernant la propriété sur la page officielle : ""Brampton Brick is a Canadian public company"" (catégorie de propriété non vérifiée)",Aucune précision sur la page officielle consultée,"Remplace les produits de construction d’origine américaine visés par les droits de douane de rétorsion (p. ex. les articles en plâtre 68.09, le contreplaqué 44.12, le bois scié 44.07, les structures en acier 73.08)"
192,"Hand tools, hardware and building products",Paint and coatings,Cloverdale Paint,Interior and exterior architectural paints,House paint,Canadian Made,"Langley, BC","Ownership statement on official page: ""We’re a family business with a commitment to strong community values."" (ownership category not further verified)",None stated on fetched official page,Replaces U.S.-origin architectural paints and coatings,n.a.,"Cloverdale Paint – Canadian Made, Industry Trusted",https://www.cloverdalepaint.com/about-us-overview/about-us/cloverdale-paint-history,https://www.cloverdalepaint.com/docs/default-source/press_releases/cloverdale-paint-proudly-canadian-20250307.pdf,2026-08-28,High,"Outils à main, quincaillerie et produits de construction",Peinture et revêtements,Peintures architecturales intérieures et extérieures,Peinture résidentielle,Fabriqué au Canada,"Langley, Colombie-Britannique","Déclaration concernant la propriété sur la page officielle : ""We’re a family business with a commitment to strong community values."" (catégorie de propriété non vérifiée)",Aucune précision sur la page officielle consultée,Remplace les peintures et revêtements architecturaux d’origine américaine
193,"Hand tools, hardware and building products",Roofing,Duchesne,Steel roofing panels and accessories,Steel roofing,Duchesne produces steel roofing and siding products across Eastern Canada.,"Yamachiche, Quebec",ownership not verified,None stated on fetched official page | Availability note: The catalogue states that some products are discontinued and available while quantities last; some colours are in transition and availability should be verified. The contents and availability charts are subject to change without notice.,Replaces U.S.-origin steel building panels and structures (heading 73.08),73.08,Duchesne produces steel roofing products ... across Eastern Canada.,https://www.duchesne.ca/pdf/en/steel/steel-catalog.pdf,,2026-08-28,High,"Outils à main, quincaillerie et produits de construction",Toiture,Panneaux et accessoires de toiture en acier,Toiture en acier,Duchesne fabrique des produits de toiture et de revêtement en acier dans l’Est du Canada.,"Yamachiche, Québec",Propriété non vérifiée,Aucune précision sur la page officielle consultée.Note de disponibilité : Le catalogue indique que certains produits sont interrompus et disponibles alors que les quantités durent; certaines couleurs sont en transition et la disponibilité doit être vérifiée. Le contenu et les tableaux de disponibilité peuvent être modifiés sans préavis.,Remplace les panneaux et structures en acier d’origine américaine (rubrique SH 73.08)
194,"Hand tools, hardware and building products",Ladders,Featherlite Ladders,Aluminum and fibreglass ladders,Step and extension ladders,"modern plant in Aurora, Ontario","Aurora, Ontario",ownership not verified,None stated on fetched official page,Replaces U.S.-origin aluminum structures and ladders (heading 76.10/76.16),76.16,"From its modern plant in Aurora, Ontario and regional warehouses in Montreal and Vancouver, Featherlite is always looking to make life easier to its customers.",https://featherliteladders.com/company/facilities/,https://featherliteladders.com/fr/compagnie/,2026-08-28,High,"Outils à main, quincaillerie et produits de construction",Échelles,Échelles en aluminium et en fibre de verre,Escabeaux et échelles à coulisse,"usine moderne en Aurora, Ontario","Aurora, Ontario",Propriété non vérifiée,Aucune précision sur la page officielle consultée,Remplace les structures et échelles en aluminium d’origine américaine (rubriques SH 76.10 et 76.16)
195,"Hand tools, hardware and building products",Windows,Fenplast,PVC and hybrid windows and patio doors,Replacement windows,Fenplast windows and doors are manufactured in Quebec through a fully integrated production process,"Candiac, Quebec","Ownership statement on official page: ""Quebec-owned company"" (ownership category not further verified)",None stated on fetched official page,"Replaces U.S.-origin building products covered by the counter-tariffs (e.g. plaster articles 68.09, plywood 44.12, sawn wood 44.07, steel structures 73.08)",n.a.,Fenplast windows and doors are manufactured in Quebec through a fully integrated production process,https://www.fenplast.com/en/,,2026-08-28,High,"Outils à main, quincaillerie et produits de construction",Fenêtres,Fenêtres en PVC et hybrides et portes-fenêtres,Fenêtres de remplacement,Les fenêtres et portes Fenplast sont fabriquées au Québec grâce à un processus de production entièrement intégré,"Candiac, Québec","Déclaration concernant la propriété sur la page officielle : ""Quebec-owned company"" (catégorie de propriété non vérifiée)",Aucune précision sur la page officielle consultée,"Remplace les produits de construction d’origine américaine visés par les droits de douane de rétorsion (p. ex. les articles en plâtre 68.09, le contreplaqué 44.12, le bois scié 44.07, les structures en acier 73.08)"
196,"Hand tools, hardware and building products",Doors,Garaga,Residential garage doors,Garage doors,first Canadian-made garage door,Canada (location not stated),"Ownership statement on official page: ""Garaga is still a family business managed by the Gendreau family."" (ownership category not further verified)",Mid-America Door Co. manufactures garage doors in the United States; Garaga's made in Canada products are insulated with polyurethane.,Replaces U.S.-origin base metal mountings and fittings for buildings (heading 83.02),n.a.,"Garaga launches the Eastman Estate, the first Canadian-made garage door with decorative PVC overlays.",https://www.garaga.com/about-us/the-garaga-story,https://www.garaga.com/ca,2026-08-28,Medium,"Outils à main, quincaillerie et produits de construction",Portes,Portes de garage résidentielles,Portes de garage,Première porte de garage fabriquée au Canada,Canada (emplacement non précisé),"Déclaration concernant la propriété sur la page officielle : ""Garaga is still a family business managed by the Gendreau family."" (catégorie de propriété non vérifiée)",Mid-America Door Co. fabrique des portes de garage aux États-Unis; les produits fabriqués au Canada de Garaga sont isolés avec du polyuréthane.,Remplace les fixations et accessoires en métaux communs d’origine américaine pour bâtiments (rubrique SH 83.02)
197,"Hand tools, hardware and building products",Garden and snow tools,Garant,"Snow shovels, rakes and garden tools",Snow shovels and garden tools,"manufacturing quality tools in Saint-François-de-la-Rivière-du-Sud, Quebec","Saint-François-de-la-Rivière-du-Sud, Quebec",ownership not verified,Artevasi decorative planters are designed and manufactured in Portugal.,"Replaces U.S.-origin hand tools on the counter-tariff list (headings 82.03/82.05/82.07, power hand tools 84.67)",82.05,"Since 1895, Garant has been manufacturing quality tools in Saint-François-de-la-Rivière-du-Sud, Quebec.",https://www.garant.com/en/pages/about-us,,2026-08-28,High,"Outils à main, quincaillerie et produits de construction",Outils de jardinage et de déneigement,"Pelles à neige, râteaux et outils de jardin",Pelles à neige et outils de jardin,la fabrication d'outils de qualité en Québec,"Saint-François-de-la-Rivière-du-Sud, Québec",Propriété non vérifiée,Les planteurs décoratifs Artevasi sont conçus et fabriqués au Portugal.,"Remplace les outils à main d’origine américaine sur la liste des droits de douane de rétorsion (rubriques SH 82.03/82.05/82.07, outils à main à moteur 84.67)"
198,"Hand tools, hardware and building products",Flooring and lumber,Goodfellow Inc.,Hardwood flooring and lumber products,Wood flooring and lumber,"manufactures, distributes and sells hardwoods from its operation in Powassan, Ontario","Powassan, Ontario","Ownership/parent stated on official page: ""Goodfellow acquired Quality Hardwoods in 2015.""",None stated on fetched official page,"Replaces U.S.-origin building products covered by the counter-tariffs (e.g. plaster articles 68.09, plywood 44.12, sawn wood 44.07, steel structures 73.08)",44.07,"Goodfellow acquired Quality Hardwoods in 2015, which manufactures, distributes and sells hardwoods from its operation in Powassan, Ontario.",https://www.goodfellowinc.com/en/about-us/,https://www.goodfellowinc.com/en/,2026-08-28,High,"Outils à main, quincaillerie et produits de construction",Planchers et bois,Planchers de bois franc et produits de bois d’œuvre,Plancher de bois et bois d’œuvre,"Fabrication, distribution et vente de bois franc provenant de l’exploitation de Powassan, en Ontario","Powassan, Ontario","Propriétaire ou société mère indiqué sur la page officielle : ""Goodfellow acquired Quality Hardwoods in 2015.""",Aucune précision sur la page officielle consultée,"Remplace les produits de construction d’origine américaine visés par les droits de douane de rétorsion (p. ex. les articles en plâtre 68.09, le contreplaqué 44.12, le bois scié 44.07, les structures en acier 73.08)"
199,"Hand tools, hardware and building products",Hand tools,Gray Tools,"Sockets, wrenches and hand tools","Wrenches, sockets and screwdrivers",Gray Tools is the only company manufacturing premium hand tools in Canada.,Canada (location not stated),ownership not verified,None stated on fetched official page,Replaces U.S.-origin hand tools on the counter-tariff list (headings 82.03/82.05/82.07),82.04,Gray Tools is the only company manufacturing premium hand tools in Canada.,https://www.graytools.com/storage/downloads/Spring%20Tools%20Specials%202026%20-%20ENG.pdf,,2026-08-28,Medium,"Outils à main, quincaillerie et produits de construction",Outils à main,"Douilles, clés et outils à main","Clés, douilles et tournevis",Gray Tools est le seul fabricant d'outils manuels haut de gamme au Canada.,Canada (emplacement non précisé),Propriété non vérifiée,Aucune précision sur la page officielle consultée,Remplace les outils à main d’origine américaine sur la liste des droits de douane de rétorsion (rubriques SH 82.03/82.05/82.07)
200,"Hand tools, hardware and building products",Chimneys and venting,ICC Chimney (Industrial Chimney Company),Excel and UltraBlack chimney systems,Wood stove chimney systems,largest chimney manufacturer in Canada,"St-Jerome, Quebec",ownership not verified,None stated on fetched official page | Availability note: VIP+ Grease Duct: AVAILABLE IN 2016,Replaces U.S.-origin steel tubes and stove pipe products (headings 73.06/73.21),73.06,Our business has grown to become the largest chimney manufacturer in Canada,https://icc-rsf.com/wp-content/uploads/2020/07/Catalogue_VIP_2016_EN_Web.pdf,https://icc-rsf.com/wp-content/uploads/2020/07/Catalogue_VIC_EN_2022_WEB.pdf,2026-08-28,High,"Outils à main, quincaillerie et produits de construction",Cheminées et évents,Systèmes de cheminée Excel et UltraBlack,Systèmes de cheminée pour poêles à bois,Plus grand fabricant de cheminées au Canada,"Saint-Jérôme, Québec",Propriété non vérifiée,Aucune précision sur la page officielle consultée | Remarque sur la disponibilité : Grease Duct — disponible en 2016.,Remplace les tubes d’acier et les conduits de poêle d’origine américaine (rubriques SH 73.06 et 73.21)
201,"Hand tools, hardware and building products",Roofing,IKO Industries,Cambridge and Dynasty asphalt shingles,Roof shingles,Canada Manufacturing Plants,"Brampton, ON; Ashcroft, BC; High River, AB; Hamilton, ON; Madoc, ON; Barrie, ON; Hawkesbury, ON",ownership not verified,None stated on fetched official page,"Replaces U.S.-origin building products covered by the counter-tariffs (e.g. plaster articles 68.09, plywood 44.12, sawn wood 44.07, steel structures 73.08)",n.a.,Canada Manufacturing Plants,https://www.iko.com/na/iko-locations/,https://www.iko.com/na/fr/iko-locations/,2026-08-28,High,"Outils à main, quincaillerie et produits de construction",Toiture,Bardeaux d’asphalte Cambridge et Dynasty,Bardeaux de toiture,Installations manufacturières du Canada,"Brampton, Ontario; Ashcroft, Colombie-Britannique; High River, Alberta; Hamilton, Ontario; Madoc, Ontario; Barrie, Ontario; Hawkesbury, Ontario",Propriété non vérifiée,Aucune précision sur la page officielle consultée,"Remplace les produits de construction d’origine américaine visés par les droits de douane de rétorsion (p. ex. les articles en plâtre 68.09, le contreplaqué 44.12, le bois scié 44.07, les structures en acier 73.08)"
202,"Hand tools, hardware and building products",Siding,Kaycan,Vinyl siding and aluminum soffit,Exterior siding,operates eight manufacturing facilities across Canada,Canada (location not stated),"Ownership/parent stated on official page: ""In 2022, Kaycan was acquired by Saint-Gobain S.A.""",None stated on fetched official page,Replaces U.S.-origin aluminum building products and plastic siding (headings 76.10/39.25),76.10,Kaycan operates eight manufacturing facilities across Canada.,https://www.kaycan.com/about/,https://kaycan.com/wp-content/uploads/2019/06/Kaycan-Group_CANADA_Final.pdf,2026-08-28,Medium,"Outils à main, quincaillerie et produits de construction",Revêtement extérieur,Revêtement extérieur en vinyle et soffite en aluminium,Revêtement extérieur,exploite huit installations de fabrication au Canada,Canada (emplacement non précisé),"Propriétaire ou société mère indiqué sur la page officielle : ""In 2022, Kaycan was acquired by Saint-Gobain S.A.""",Aucune précision sur la page officielle consultée,Remplace les produits de construction en aluminium d’origine américaine et le revêtement en plastique (rubriques SH 76.10/39.25)
203,"Hand tools, hardware and building products",Woodworking tools,Lee Valley / Veritas,Veritas hand planes and woodworking tools,"Hand planes, chisels and jigs",manufacturing arm of Lee Valley since 1985,Canada (location not stated),"Ownership statement on official page: ""Veritas Tools has been the manufacturing arm of Lee Valley since 1985."" (ownership category not further verified)",None stated on fetched official page,"Replaces U.S.-origin hand tools on the counter-tariff list (headings 82.03/82.05/82.07, power hand tools 84.67)",82.05,"Based in Ottawa, Canada, Veritas Tools is a world leader in woodworking tool-design innovation, and has been the manufacturing arm of Lee Valley since 1985.",https://www.leevalley.com/en-ca/tools/brand/veritas,https://www.leevalley.com/fr-ca/outils/brand/veritas,2026-08-28,Medium,"Outils à main, quincaillerie et produits de construction",Outils de travail du bois,Rabots à main Veritas et outils de travail du bois,"Rabots à main, ciseaux à bois et gabarits",bras de fabrication de Lee Valley depuis 1985,Canada (emplacement non précisé),"Déclaration concernant la propriété sur la page officielle : ""Veritas Tools has been the manufacturing arm of Lee Valley since 1985."" (catégorie de propriété non vérifiée)",Aucune précision sur la page officielle consultée,"Remplace les outils à main d’origine américaine sur la liste des droits de douane de rétorsion (rubriques SH 82.03/82.05/82.07, outils à main à moteur 84.67)"
204,"Hand tools, hardware and building products",Fasteners,Leland Industries,"Stainless and specialty screws, bolts and nuts","Screws, bolts and nuts",Canadian manufacturer; 100% North American Made,"Toronto, Ontario","Ownership statement on official page: ""A privately held Canadian company"" (ownership category not further verified)","The page states that the products are made with North American steel and labor, not exclusively Canadian steel and labor.","Replaces U.S.-origin screws, bolts, nails and fasteners of steel (headings 73.17/73.18)",73.18,A privately held Canadian company using only domestic Steel and Labor,https://lelandindustries.com/,,2026-08-28,High,"Outils à main, quincaillerie et produits de construction",Attaches,"Vis, boulons et écrous en acier inoxydable et spécialisés","Vis, boulons et écrous",Fabricant canadien; fabrication nord-américaine à 100 %,"Toronto, Ontario","Déclaration concernant la propriété sur la page officielle : ""A privately held Canadian company"" (catégorie de propriété non vérifiée)","La page indique que les produits sont fabriqués avec de l'acier et du travail en Amérique du Nord, pas exclusivement de l'acier et du travail au Canada.","Remplace les vis, boulons, clous et fixations d’origine américaine en acier (rubriques SH 73.17/73.18)"
205,"Hand tools, hardware and building products",Siding,Maibec,Eastern white cedar siding and shingles,Wood siding and shingles,"manufacturer of Eastern white cedar shingles located in Balmoral, New Brunswick","Balmoral, New Brunswick","Ownership/parent stated on official page: ""Maibec Inc. today announced that it has acquired Cedar Balmoral Ltd.""",None stated on fetched official page,"Replaces U.S.-origin building products covered by the counter-tariffs (e.g. plaster articles 68.09, plywood 44.12, sawn wood 44.07, steel structures 73.08)",44.07,"Maibec Inc. today announced that it has acquired Cedar Balmoral Ltd., a manufacturer of Eastern white cedar shingles located in Balmoral, New Brunswick.",https://maibec.com/en/about-us/nouvelles/maibec-acquires-cedar-balmoral-ltd-from-balmoral-new-brunswick-to-meet-growing-demand-for-eastern-white-cedar-singles/,,2026-08-28,High,"Outils à main, quincaillerie et produits de construction",Revêtement extérieur,Revêtement extérieur et bardeaux en thuya occidental,Revêtement en bois et bardeaux,"Fabricant de bardeaux en thuya occidental établi à Balmoral, au Nouveau-Brunswick","Balmoral, Nouveau-Brunswick","Propriétaire ou société mère indiqué sur la page officielle : ""Maibec Inc. today announced that it has acquired Cedar Balmoral Ltd.""",Aucune précision sur la page officielle consultée,"Remplace les produits de construction d’origine américaine visés par les droits de douane de rétorsion (p. ex. les articles en plâtre 68.09, le contreplaqué 44.12, le bois scié 44.07, les structures en acier 73.08)"
206,"Hand tools, hardware and building products",Windows,Nordik Windows,Vinyl replacement windows,Replacement windows,"Entry doors are 100% Canadian made; Nordik windows are manufactured in Ottawa, ON; Mastertech doors are manufactured in Hamilton, ON","Ottawa, ON; Hamilton, ON","Ownership statement on official page: ""We are a family owned business that opened our doors in Ottawa in 1982."" (ownership category not further verified)",None stated on fetched official page,"Replaces U.S.-origin building products covered by the counter-tariffs (e.g. plaster articles 68.09, plywood 44.12, sawn wood 44.07, steel structures 73.08)",n.a.,Our entry doors are modern and fully customizable. They are 100% Canadian made,https://nordik.com/,https://nordik.com/about-us,2026-08-28,High,"Outils à main, quincaillerie et produits de construction",Fenêtres,Fenêtres de remplacement en vinyle,Fenêtres de remplacement,Les portes d'entrée sont entièrement fabriquées au Canada; les fenêtres Nordik sont fabriquées à Ottawa (Ont.); les portes Mastertech sont fabriquées à Hamilton (Ont.),"Ottawa, Ontario; Hamilton, Ontario","Déclaration concernant la propriété sur la page officielle : ""We are a family owned business that opened our doors in Ottawa in 1982."" (catégorie de propriété non vérifiée)",Aucune précision sur la page officielle consultée,"Remplace les produits de construction d’origine américaine visés par les droits de douane de rétorsion (p. ex. les articles en plâtre 68.09, le contreplaqué 44.12, le bois scié 44.07, les structures en acier 73.08)"
207,"Hand tools, hardware and building products",Doors,Novatech Group,Entry doors and door glass,Exterior entry doors,Designed and manufactured in Québec; built in Québec and Ontario; designed and built in Canada,Québec and Ontario,ownership not verified,Patio doors are built in Québec and Ontario; certification applies to certified products whose last substantial transformation took place in Québec facilities.,Replaces U.S.-origin base metal mountings and fittings for buildings (heading 83.02),n.a.,"Designed and manufactured in Québec, our steel doors are built to last",https://www.groupenovatech.com/en_canada_west/made-in-canada,https://www.groupenovatech.com/en_canada_ontario/made-in-canada,2026-08-28,High,"Outils à main, quincaillerie et produits de construction",Portes,Portes d’entrée et vitrages de porte,Portes d’entrée extérieures,Conçu et fabriqué au Québec; construit au Québec et en Ontario; conçu et construit au Canada,Québec et Ontario,Propriété non vérifiée,Les portes Patio sont construites au Québec et en Ontario; la certification s'applique aux produits certifiés dont la dernière transformation substantielle a eu lieu dans les installations québécoises.,Remplace les fixations et accessoires en métaux communs d’origine américaine pour bâtiments (rubrique SH 83.02)
208,"Hand tools, hardware and building products",Building systems,Nudura,Insulated concrete forms (ICF),ICF wall forms for construction,"Licensee Plants: Quebec mfg Plant, Granby, QC; Alberta mfg Plant, Coaldale, AB","Granby, QC; Coaldale, AB",ownership not verified,None stated on fetched official page,"Replaces U.S.-origin building products covered by the counter-tariffs (e.g. plaster articles 68.09, plywood 44.12, sawn wood 44.07, steel structures 73.08)",n.a.,"Quebec mfg Plant Granby, QC Alberta mfg Plant Coaldale, AB",https://www.nudura.com/resource/download/nudura_10_part_specification.pdf,,2026-08-28,High,"Outils à main, quincaillerie et produits de construction",Systèmes de construction,Coffrages isolants pour béton (CIB),Coffrages muraux CIB pour la construction,"Usines autorisées : usine de fabrication du Québec, à Granby; usine de fabrication de l’Alberta, à Coaldale","Granby, Québec; Coaldale, Alberta",Propriété non vérifiée,Aucune précision sur la page officielle consultée,"Remplace les produits de construction d’origine américaine visés par les droits de douane de rétorsion (p. ex. les articles en plâtre 68.09, le contreplaqué 44.12, le bois scié 44.07, les structures en acier 73.08)"
209,"Hand tools, hardware and building products",Lumber,Taiga Building Products,Treated lumber and building materials,Treated lumber for decks,produce preserved wood for our Canadian market,Canada (location not stated),ownership not verified,None stated on fetched official page,"Replaces U.S.-origin building products covered by the counter-tariffs (e.g. plaster articles 68.09, plywood 44.12, sawn wood 44.07, steel structures 73.08)",44.07,Taiga is proud to produce preserved wood for our Canadian market.,https://www.taigabuilding.com/,https://www.taigabuilding.com/services/treating-plants/,2026-08-28,Medium,"Outils à main, quincaillerie et produits de construction",Bois d’œuvre,Bois traité et matériaux de construction,Bois traité pour terrasses,Production de bois traité pour le marché canadien,Canada (emplacement non précisé),Propriété non vérifiée,Aucune précision sur la page officielle consultée,"Remplace les produits de construction d’origine américaine visés par les droits de douane de rétorsion (p. ex. les articles en plâtre 68.09, le contreplaqué 44.12, le bois scié 44.07, les structures en acier 73.08)"
210,"Hand tools, hardware and building products",Nails and wire,Tree Island Steel,"Nails, collated nails and wire products",Framing nails and wire,"100% Canadian Concrete Reinforcing Mesh; largest domestic nail producer in western North America; facility in Richmond, British Columbia producing over 400 type","Richmond, British Columbia",ownership not verified,None stated on fetched official page,"Replaces U.S.-origin screws, bolts, nails and fasteners of steel (headings 73.17/73.18)",73.17,"The Tree Island Steel facility in Richmond, British Columbia, is one of the most technologically advanced nail mills in the world, producing over 400 types, sizes and finishes of nails and staples.",https://www.treeisland.com/products/industrial-wire/,https://www.treeisland.com/about/,2026-08-28,High,"Outils à main, quincaillerie et produits de construction",Clous et fil métallique,"Clous, clous en bande et produits de fil métallique",Clous à charpente et fil métallique,"Treillis d’armature pour béton 100 % canadien; plus grand producteur national de clous de l’Ouest nord-américain; usine de Richmond, en Colombie-Britannique, produisant plus de 400 types","Richmond, Colombie-Britannique",Propriété non vérifiée,Aucune précision sur la page officielle consultée,"Remplace les vis, boulons, clous et fixations d’origine américaine en acier (rubriques SH 73.17/73.18)"
211,"Hand tools, hardware and building products",Panels,Uniboard,MDF and melamine panels,Shelving and cabinet panels,"The facility produces multiple grades,thicknesses and sizes of particleboard melamine panels","Sayabec, Quebec; Val-d'Or, Quebec; Mont-Laurier, Quebec",ownership not verified,None stated on fetched official page,"Replaces U.S.-origin building products covered by the counter-tariffs (e.g. plaster articles 68.09, plywood 44.12, sawn wood 44.07, steel structures 73.08)",44.11,"Located on the eastern tip of Quebec, the Sayabec mill is Uniboard®’s largest particleboard manufacturing facility. The facility produces multiple grades,thicknesses and sizes of particleboard melamine panels",https://www.uniboard.com/en/who-we-are,https://www.uniboard.com/en/notre-historique/our-history-1996,2026-08-28,High,"Outils à main, quincaillerie et produits de construction",Panneaux,Panneaux de MDF et de mélamine,Panneaux pour étagères et armoires,"L’usine produit des panneaux de particules mélaminés dans plusieurs qualités, épaisseurs et formats","Sayabec, Québec; Val-d'Or, Québec; Mont-Laurier, Québec",Propriété non vérifiée,Aucune précision sur la page officielle consultée,"Remplace les produits de construction d’origine américaine visés par les droits de douane de rétorsion (p. ex. les articles en plâtre 68.09, le contreplaqué 44.12, le bois scié 44.07, les structures en acier 73.08)"
212,"Steel, aluminum and fabricated metal goods",Steel mill products,Algoma Steel,Hot-rolled and plate steel,Steel plate and coil for fabrication (industrial),low-carbon Canadian steel,"Sault Ste. Marie, Ontario",ownership not verified,None stated on fetched official page,"Replaces U.S.-origin steel mill products covered by the counter-tariffs (flat-rolled 72.08-72.12, bars and rods 72.13-72.15, wire 72.17)",72.08,"At Algoma Steel, we produce steel through Electric Arc Furnace (EAF) steelmaking — delivering low-carbon Canadian steel",https://www.algoma.com/,https://www.algoma.com/industries/,2026-08-28,High,"Produits en acier, en aluminium et en métal ouvré",Produits sidérurgiques,Acier laminé à chaud et tôles fortes,Tôles et bobines d’acier pour la fabrication (industrie),Acier canadien à faible teneur en carbone,"Sault Ste. Marie, Ontario",Propriété non vérifiée,Aucune précision sur la page officielle consultée,"Remplace les produits sidérurgiques d’origine américaine visés par les droits de douane de rétorsion (produits plats laminés 72.08 à 72.12, barres et fil machine 72.13 à 72.15, fil 72.17)"
213,"Steel, aluminum and fabricated metal goods",Aluminium extrusion,Apel Extrusions,Aluminium extruded profiles,Extruded aluminium profiles,With production facilities in both Canada and the United States,Canada (location not stated),ownership not verified,None stated on fetched official page,"Replaces U.S.-origin aluminum products covered by the counter-tariffs (unwrought 76.01, bars and profiles 76.04, sheet 76.06, structures 76.10)",76.04,"With production facilities in both Canada and the United States, we provide efficient, tariff-conscious solutions for customers on both sides of the border.",https://apelextrusions.com/,https://apelextrusions.com/about/,2026-08-28,Medium,"Produits en acier, en aluminium et en métal ouvré",Extrusion d’aluminium,Profilés d’aluminium extrudé,Profilés d’aluminium extrudé,Avec des installations de production au Canada et aux États-Unis,Canada (emplacement non précisé),Propriété non vérifiée,Aucune précision sur la page officielle consultée,"Remplace les produits d’aluminium d’origine américaine visés par les droits de douane de rétorsion (aluminium brut 76.01, barres et profilés 76.04, tôles 76.06, structures 76.10)"
214,"Steel, aluminum and fabricated metal goods",Steel mill products,ArcelorMittal Dofasco,Flat-rolled and galvanized steel,Galvanized sheet for autos and appliances (industrial),licensed producer of Galvalume and Galvalume Plus (zinc & aluminum) coated steel products in Canada,Canada (location not stated),ownership not verified,The Canada statement applies to Galvalume and Galvalume Plus; no Canadian location is stated for the other product lines.,"Replaces U.S.-origin steel mill products covered by the counter-tariffs (flat-rolled 72.08-72.12, bars and rods 72.13-72.15, wire 72.17)",72.10,ArcelorMittal Dofasco is a licensed producer of Galvalume and Galvalume Plus (zinc & aluminum) coated steel products in Canada.,https://dofasco.arcelormittal.com/products,https://dofasco.arcelormittal.com/media/alrbffif/amd-2022-esdm-executive-summary_for_posting.pdf,2026-08-28,Medium,"Produits en acier, en aluminium et en métal ouvré",Produits sidérurgiques,Acier plat laminé et galvanisé,Tôle galvanisée pour automobiles et électroménagers (industrie),Producteur canadien autorisé de produits d’acier revêtus Galvalume et Galvalume Plus (zinc et aluminium),Canada (emplacement non précisé),Propriété non vérifiée,La déclaration du Canada s'applique à Galvalume et Galvalume Plus; aucun emplacement canadien n'est indiqué pour les autres gammes de produits.,"Remplace les produits sidérurgiques d’origine américaine visés par les droits de douane de rétorsion (produits laminés plats 72.08-72.12, barres 72.13-72.15, fil 72.17)"
215,"Steel, aluminum and fabricated metal goods",Steel buildings,Behlen Industries,Pre-engineered steel buildings,Farm and shop steel buildings,"manufacturing steel building systems in Brandon, Manitoba, since 1969","Brandon, Manitoba","Ownership statement on official page: ""Behlen Industries LP is a company of WGI Westman Group Inc."" (ownership category not further verified)",None stated on fetched official page,"Replaces U.S.-origin steel mill and fabricated steel products covered by the counter-tariffs (72.08-72.17, 73.08)",73.08,"Behlen has been manufacturing steel building systems in Brandon, Manitoba, since 1969",https://behlen.ca/about-behlen-industries-lp/,https://behlen.ca/,2026-08-28,High,"Produits en acier, en aluminium et en métal ouvré",Bâtiments d’acier,Bâtiments préfabriqués en acier,Bâtiments agricoles et ateliers en acier,"Fabrication de systèmes de bâtiments d’acier à Brandon, au Manitoba, depuis 1969","Brandon, Manitoba","Déclaration concernant la propriété sur la page officielle : ""Behlen Industries LP is a company of WGI Westman Group Inc."" (catégorie de propriété non vérifiée)",Aucune précision sur la page officielle consultée,"Remplace les produits sidérurgiques d’origine américaine et les produits en acier fabriqués visés par les droits de douane de rétorsion (72.08-72.17, 73.08)"
216,"Steel, aluminum and fabricated metal goods",Steel pipe,Bri-Steel Manufacturing,Seamless steel pipe (large diameter),Seamless pipe (industrial),Produces Large Diameter Seamless Steel Pipe in Canada,"Edmonton, Alberta",ownership not verified,None stated on fetched official page,"Replaces U.S.-origin steel tubes, pipes and fittings (headings 73.04/73.05/73.06/73.07)",73.04,Bri-Steel Manufacturing is a state of the art facility that produces Large Diameter Seamless Steel Pipe in Canada.,https://www.steel-technology.com/suppliers/bri-steel-manufacturing,https://www.bri-steel.com/about-us,2026-08-28,High,"Produits en acier, en aluminium et en métal ouvré",Tuyaux d’acier,Tuyaux d’acier sans soudure de grand diamètre,Tuyaux sans soudure (industrie),Produit des tubes en acier sans soudure de grand diamètre au Canada,"Edmonton, Alberta",Propriété non vérifiée,Aucune précision sur la page officielle consultée,"Remplace les tubes, tuyaux et accessoires en acier d’origine américaine (rubriques SH 73.04/73.05/73.06/73.07)"
217,"Steel, aluminum and fabricated metal goods",Galvanizing,Corbec,Hot-dip galvanized steel products,Galvanized steel components (B2B),Canada's largest galvanizer,"Lachine, Quebec; St-Augustin-de-Desmaures, Quebec; Dartmouth, Nova Scotia; Hannon, Ontario",ownership not verified,None stated on fetched official page,Replaces U.S.-origin fabricated iron and steel articles on the counter-tariff list (headings 73.08/73.26 and related),73.26,"Optimally located, and equipped with Canada’s largest kettles, our facilities are perfectly positioned to deliver galvanized steel at scale.",https://www.corbec.com/galvanization,,2026-08-28,High,"Produits en acier, en aluminium et en métal ouvré",Galvanisation,Produits d’acier galvanisé à chaud,Composants d’acier galvanisé (interentreprises),Le plus grand galvaniseur du Canada,"Lachine, Québec; St-Augustin-de-Desmaures, Québec; Dartmouth, Nouvelle-Écosse; Hannon, Ontario",Propriété non vérifiée,Aucune précision sur la page officielle consultée,"Remplace les articles fabriqués en fer ou en acier d’origine américaine figurant sur la liste des droits de douane de rétorsion (rubriques SH 73.08, 73.26 et connexes)"
218,"Steel, aluminum and fabricated metal goods",Steel pipe,Evraz North America (Regina),Line pipe and OCTG steel pipe,"Pipe for water, gas and construction (industrial)","EVRAZ Regina produces carbon steel slabs, flat-rolled discrete plate and coiled plate.","Regina, Saskatchewan",ownership not verified,None stated on fetched official page,"Replaces U.S.-origin steel tubes, pipes and fittings (headings 73.04/73.05/73.06/73.07)",73.05,"EVRAZ Regina produces carbon steel slabs, flat-rolled discrete plate and coiled plate.",https://ar2021.evraz.com/pdf/ar/en/strategic-report_business-review_steel-na-segment.pdf,https://www.gem.wiki/Orion_Regina_Steel_plant,2026-08-28,Medium,"Produits en acier, en aluminium et en métal ouvré",Tuyaux d’acier,Tubes de canalisation et tubage OCTG en acier,"Tuyaux pour l’eau, le gaz et la construction (industrie)","EVRAZ Regina produit des brames d’acier au carbone, des tôles fortes laminées à plat et des tôles en bobine.","Regina, Saskatchewan",Propriété non vérifiée,Aucune précision sur la page officielle consultée,"Remplace les tubes, tuyaux et accessoires en acier d’origine américaine (rubriques SH 73.04/73.05/73.06/73.07)"
219,"Steel, aluminum and fabricated metal goods",Rebar and bar,Gerdau Long Steel North America,"Rebar and merchant bar (Whitby, Cambridge)",Concrete rebar for construction,"Carbon Steel Rebar produced by Gerdau in Whitby, Ontario, Canada","Whitby, Ontario, Canada",ownership not verified,Rebar produced at Whitby is sold unfabricated; average fabrication data for 26 Gerdau fabrication shops is included in the A3 product stage.,"Replaces U.S.-origin steel mill products covered by the counter-tariffs (flat-rolled 72.08-72.12, bars and rods 72.13-72.15, wire 72.17)",72.14,"This EPD is for 1 metric ton of fabricated Carbon Steel Rebar produced by Gerdau in Whitby, Ontario, Canada.",https://www2.gerdau.com/sites/gln_gerdau/files/downloadable_files/epd_gerdau_whitby_rebar.pdf,https://www.steelradar.com/en/haber/gerdau-to-shut-down-its-rolling-mill-in-canada/,2026-08-28,High,"Produits en acier, en aluminium et en métal ouvré",Barres d’armature et barres marchandes,"Barres d’armature et barres marchandes (Whitby, Cambridge)",Barres d’armature pour le béton,"Barres d’acier au carbone produites par Gerdau à Whitby, en Ontario, au Canada","Whitby, Ontario, Canada",Propriété non vérifiée,Les barres d'armature produites à Whitby sont vendues non fabriquées; les données de fabrication moyennes pour 26 ateliers de fabrication Gerdau sont incluses dans l'étape du produit A3.,"Remplace les produits sidérurgiques d’origine américaine visés par les droits de douane de rétorsion (produits laminés plats 72.08-72.12, barres 72.13-72.15, fil 72.17)"
220,"Steel, aluminum and fabricated metal goods",Tanks,Granby Industries,Steel oil tanks and water heaters tanks,Home heating oil tanks,recognized Canadian manufacturer,Canada (location not stated),ownership not verified,None stated on fetched official page,"Replaces U.S.-origin steel tanks, casks and containers (headings 73.09/73.10)",73.09,"A recognized Canadian manufacturer, Granby Industries designs high-performance storage solutions distributed across North America.",https://www.granbyindustries.com/,https://www.granbyindustries.com/en-us/about-us/,2026-08-28,Medium,"Produits en acier, en aluminium et en métal ouvré",Citernes,Réservoirs d’huile en acier et réservoirs de chauffe-eau,Réservoirs d’huile de chauffage résidentiel,fabricant canadien reconnu,Canada (emplacement non précisé),Propriété non vérifiée,Aucune précision sur la page officielle consultée,"Remplace les citernes, fûts et contenants en acier d’origine américaine (rubriques SH 73.09/73.10)"
221,"Steel, aluminum and fabricated metal goods",Rebar fabrication,Harris Rebar,Fabricated reinforcing steel,Fabricated rebar for construction (B2B),Fort Saskatchewan branch in Alberta features a fully capable rebar fabrication shop,"Fort Saskatchewan, Alberta",ownership not verified,None stated on fetched official page,"Replaces U.S.-origin steel mill products covered by the counter-tariffs (flat-rolled 72.08-72.12, bars and rods 72.13-72.15, wire 72.17)",72.14,"Harris Rebar’s Fort Saskatchewan branch, located in the capital region of Alberta features a fully capable rebar fabrication shop.",http://harrisbolt.com/rebar-fabrication/,,2026-08-28,High,"Produits en acier, en aluminium et en métal ouvré",Fabrication de barres d'armature,Acier d’armature façonné,Barres d’armature façonnées pour la construction (interentreprises),"La succursale de Fort Saskatchewan, en Alberta, possède un atelier complet de façonnage de barres d’armature","Fort Saskatchewan, Alberta",Propriété non vérifiée,Aucune précision sur la page officielle consultée,"Remplace les produits sidérurgiques d’origine américaine visés par les droits de douane de rétorsion (produits laminés plats 72.08-72.12, barres 72.13-72.15, fil 72.17)"
222,"Steel, aluminum and fabricated metal goods",Wire rod,Ivaco Rolling Mills,Steel wire rod,Wire rod for fasteners and wire (industrial),"Producer of hot rolled wire rod and steel billets with facilities in L’Orignal, Ontario","L’Orignal, Ontario","Ownership/parent stated on official page: ""Ivaco Rolling Mills was acquired by Heico Holdings Inc. in 2004 and is backed by its parent company, Heico.""",None stated on fetched official page,"Replaces U.S.-origin steel mill products covered by the counter-tariffs (flat-rolled 72.08-72.12, bars and rods 72.13-72.15, wire 72.17)",72.13,"Ivaco Rolling Mills is a world-class producer of hot rolled wire rod and steel billets. Our facilities are located ... in L’Orignal, Ontario",https://www.ivacorm.com/,https://www.ivacorm.com/careers/,2026-08-28,High,"Produits en acier, en aluminium et en métal ouvré",Fil machine,Fil machine en acier,Fil machine pour attaches et produits de fil (industrie),"Producteur de fil machine laminé à chaud et de billettes d’acier, avec des installations à L’Orignal, en Ontario","L’Orignal, Ontario","Propriétaire ou société mère indiqué sur la page officielle : ""Ivaco Rolling Mills was acquired by Heico Holdings Inc. in 2004 and is backed by its parent company, Heico.""",Aucune précision sur la page officielle consultée,"Remplace les produits sidérurgiques d’origine américaine visés par les droits de douane de rétorsion (produits laminés plats 72.08-72.12, barres 72.13-72.15, fil 72.17)"
223,"Steel, aluminum and fabricated metal goods",Scaffolding,Metaltech-Omega,Aluminium and steel scaffolding and work platforms,Scaffolding for renovation,First manufacturer in Canada to do reshoring of the production of its scaffolding products for masons.,Canada (location not stated),"Ownership statement on official page: ""METALTECH-OMEGA is a privately-owned Canadian company"" (ownership category not further verified)",None stated on fetched official page,"Replaces U.S.-origin aluminum products covered by the counter-tariffs (unwrought 76.01, bars and profiles 76.04, sheet 76.06, structures 76.10)",76.10,First manufacturer in Canada to do reshoring of the production of its scaffolding products for masons.,https://www.metaltech-omega.com/en/history/,,2026-08-28,Medium,"Produits en acier, en aluminium et en métal ouvré",Échafaudages,Échafaudages et plateformes de travail en aluminium et en acier,Échafaudages pour la rénovation,Premier fabricant au Canada à réorienter sa production vers des produits d’échafaudage pour maçons,Canada (emplacement non précisé),"Déclaration concernant la propriété sur la page officielle : ""METALTECH-OMEGA is a privately-owned Canadian company"" (catégorie de propriété non vérifiée)",Aucune précision sur la page officielle consultée,"Remplace les produits en aluminium d’origine américaine couverts par les droits de douane de rétorsion (aluminium brut 76.01, barres et profilés 76.04, feuille 76.06, structures 76.10)"
224,"Steel, aluminum and fabricated metal goods",Steel processing,Nova Steel,Processed and tubular steel products,Tube and processed steel (B2B),processor of hot-rolled carbon steel in Montréal,"Montréal, Québec","Ownership statement on official page: ""Cresswell, a Nova company"" (ownership category not further verified)","Some operations and products are located outside Canada, including Mexico and Delta, Ohio.","Replaces U.S.-origin steel tubes, pipes and fittings (headings 73.04/73.05/73.06/73.07)",73.06,"Nova installs its first tube mill in Montréal, accelerating welded tubing growth.",https://novasteel.com/our-history/,,2026-08-28,High,"Produits en acier, en aluminium et en métal ouvré",Transformation de l’acier,Produits d’acier transformés et tubulaires,Tubes et acier transformé (interentreprises),Transformateur d’acier au carbone laminé à chaud à Montréal,"Montréal, Québec","Déclaration concernant la propriété sur la page officielle : ""Cresswell, a Nova company"" (catégorie de propriété non vérifiée)","Certaines opérations et certains produits sont situés à l'extérieur du Canada, y compris le Mexique et Delta, Ohio.","Remplace les tubes, tuyaux et accessoires en acier d’origine américaine (rubriques SH 73.04/73.05/73.06/73.07)"
225,"Steel, aluminum and fabricated metal goods",Aluminium sheet,Novelis Canada,Rolled aluminium sheet and coil (Kingston),Aluminium sheet for products (industrial),"Novelis has one active manufacturing facility in Canada—located in Kingston, Ontario—that produces specialty and industrial products","Kingston, Ontario","Ownership statement on official page: ""Novelis is a Canadian corporation formed under the Canada Business Corporations Act with its global headquarters in Atlanta, Georgia."" (ownership category not further verified)","Input materials for Novelis’ Canadian operations are nearly entirely comprised of aluminum coils from Novelis Corporation’s operations in Oswego, New York; much of this is processed at Kingston and then exported back to the U.S.","Replaces U.S.-origin aluminum products covered by the counter-tariffs (unwrought 76.01, bars and profiles 76.04, sheet 76.06, structures 76.10)",76.06,"Novelis has one active manufacturing facility in Canada – located in Kingston, Ontario – that produces specialty and industrial products",https://novelis.com/wp-content/uploads/2026/05/Novelis-Report-for-FY-2026-on-Fighting-Against-Forced-Labour-and-Child-Labour-in-Supply-Chains-1.pdf,https://novelis.com/wp-content/uploads/2024/02/Kingston-IATF-16949-Exp-Feb-2027.pdf,2026-08-28,High,"Produits en acier, en aluminium et en métal ouvré",Tôle d’aluminium,Tôles et bobines d’aluminium laminé (Kingston),Tôle d’aluminium pour la fabrication (industrie),"Novelis exploite à Kingston, en Ontario, une usine canadienne qui fabrique des produits spécialisés et industriels.","Kingston, Ontario","Déclaration concernant la propriété sur la page officielle : ""Novelis is a Canadian corporation formed under the Canada Business Corporations Act with its global headquarters in Atlanta, Georgia."" (catégorie de propriété non vérifiée)","Matériaux d'entrée pour Novelis Les opérations canadiennes sont presque entièrement composées de bobines d'aluminium provenant des opérations de Novelis Corporation à Oswego, New York; une grande partie de ces matériaux est traitée à Kingston puis exportée aux États-Unis.","Remplace les produits en aluminium d’origine américaine couverts par les droits de douane de rétorsion (aluminium brut 76.01, barres et profilés 76.04, feuille 76.06, structures 76.10)"
226,"Steel, aluminum and fabricated metal goods",Aluminium primary metal,Rio Tinto (Quebec Operations),Primary aluminium ingots and billets,Aluminium metal for manufacturing (industrial),"In Québec, we produce ... aluminium","Québec, Canada","Ownership statement on official page: ""5 wholly owned smelters"" (ownership category not further verified)",None stated on fetched official page,"Replaces U.S.-origin aluminum products covered by the counter-tariffs (unwrought 76.01, bars and profiles 76.04, sheet 76.06, structures 76.10)",76.01,"In Québec, we produce some of the highest quality, lowest carbon footprint aluminium in the world",https://www.riotinto.com/en/operations/canada/saguenay,https://www.riotinto.com/en/can/canada-operations/saguenay,2026-08-28,High,"Produits en acier, en aluminium et en métal ouvré",Aluminium primaire,Lingots et billettes d’aluminium primaire,Aluminium pour la fabrication (industrie),"Au Québec, nous produisons ... aluminium","Québec, Canada","Déclaration concernant la propriété sur la page officielle : ""5 wholly owned smelters"" (catégorie de propriété non vérifiée)",Aucune précision sur la page officielle consultée,"Remplace les produits en aluminium d’origine américaine couverts par les droits de douane de rétorsion (aluminium brut 76.01, barres et profilés 76.04, feuille 76.06, structures 76.10)"
227,"Steel, aluminum and fabricated metal goods",Steel wire,Sivaco Wire Group,Drawn steel wire products,Steel wire for products (industrial),Quebec Manufacturing Plant and Ontario Manufacturing Plant in Canada,"Marieville, Quebec; Ingersoll, Ontario",ownership not verified,None stated on fetched official page,"Replaces U.S.-origin steel mill and tube products covered by the counter-tariffs (72.08-72.17, 73.06)",72.17,"#### Head Office and Quebec Manufacturing Plant 800, rue Ouellette Marieville QC J3M 1P5 CANADA",https://sivaco.com/en/contact/,https://www.globenewswire.com/news-release/2025/03/24/3047999/0/en/sivaco-takes-legal-action-against-unfair-trade-practices-in-the-canadian-steel-market.html,2026-08-28,High,"Produits en acier, en aluminium et en métal ouvré",Fil d’acier,Produits de fil d’acier tréfilé,Fil d’acier pour la fabrication (industrie),"Une usine de fabrication au Québec et une autre en Ontario, au Canada","Marieville, Québec; Ingersoll, Ontario",Propriété non vérifiée,Aucune précision sur la page officielle consultée,"Remplace les produits sidérurgiques et les tubes d’origine américaine visés par les droits de douane de rétorsion (72.08 à 72.17, 73.06)"
228,"Steel, aluminum and fabricated metal goods",Steel mill products,Stelco,"Hot-rolled, cold-rolled and coated sheet steel",Sheet steel for manufacturing (industrial),Hamilton Works is an integrated steel plant and produces approximately 2.5 million tonnes of steel per year,"Hamilton, Ontario","Ownership statement on official page: ""Owner: US Steel Canada"" (ownership category not further verified)",Most slabs cast at Hamilton Works are rolled in the Lake Erie Works Hot Strip Mill; some are shipped to other U. S. Steel facilities or sold.,"Replaces U.S.-origin steel mill products covered by the counter-tariffs (flat-rolled 72.08-72.12, bars and rods 72.13-72.15, wire 72.17)",72.08,Hamilton Works is an integrated steel plant and produces approximately 2.5 million tonnes of steel per year.,https://stelco.com/wp-content/uploads/2019/01/2010%20Toxics%20Reduction%20Annual%20Report%20(Public).pdf,https://stelco.com/our-story/,2026-08-28,High,"Produits en acier, en aluminium et en métal ouvré",Produits sidérurgiques,"Tôles d’acier laminées à chaud, à froid et revêtues",Tôle d’acier pour la fabrication (industrie),"Hamilton Works est une aciérie intégrée qui produit environ 2,5 millions de tonnes d'acier par année.","Hamilton, Ontario","Déclaration concernant la propriété sur la page officielle : ""Owner: US Steel Canada"" (catégorie de propriété non vérifiée)",La plupart des dalles moulées à Hamilton Works sont laminées dans l'usine de la bande chaude Lake Erie Works; certaines sont expédiées à d'autres installations américaines en acier ou vendues.,"Remplace les produits sidérurgiques d’origine américaine visés par les droits de douane de rétorsion (produits laminés plats 72.08-72.12, barres 72.13-72.15, fil 72.17)"
229,"Electronics, audio and electrical equipment",Home theatre electronics,Anthem,AVM preamplifiers and MRX receivers,Home theatre receivers,Made in Canada,Canada (location not stated),ownership not verified,None stated on fetched official page,Replaces U.S.-origin consumer electronics and audio equipment purchased instead of tariffed U.S. goods (related listed headings include monitors/projectors 85.28 and parts 85.29),n.a.,"Engineered and manufactured with a defiant, independent spirit, the MCA Gen 2 is proudly Made in Canada.",https://anthemav.com/mca-525-gen-2,https://www.anthemav.com/statement-m1,2026-08-28,Medium,"Électronique, audio et matériel électrique",Électronique de cinéma maison,Préamplificateurs AVM et récepteurs MRX,Récepteurs de cinéma maison,Fabriqué au Canada,Canada (emplacement non précisé),Propriété non vérifiée,Aucune précision sur la page officielle consultée,Remplace l’électronique grand public et le matériel audio d’origine américaine achetés plutôt que des produits américains assujettis aux droits de douane (les rubriques SH connexes comprennent les moniteurs et projecteurs 85.28 ainsi que les pièces 85.29)
230,"Electronics, audio and electrical equipment",Home audio electronics,Bryston,Cubed Series power amplifiers and BDA DACs,Home stereo amplifiers,"All Bryston amplifiers are engineered and manufactured in our state-of-the-art facility in Ontario, Canada","Ontario, Canada",ownership not verified,None stated on fetched official page,Replaces U.S.-origin consumer electronics and audio equipment purchased instead of tariffed U.S. goods (related listed headings include monitors/projectors 85.28 and parts 85.29),n.a.,"All Bryston amplifiers are engineered and manufactured in our state-of-the-art facility in Ontario, Canada",https://bryston.com/amplifiers/,https://bryston.com/about-bryston/,2026-08-28,High,"Électronique, audio et matériel électrique",Électronique audio résidentielle,Amplificateurs de puissance Cubed Series et convertisseurs BDA,Amplificateurs stéréo résidentiels,"Tous les amplificateurs Bryston sont conçus et fabriqués dans notre installation de pointe en Ontario, au Canada","Ontario, Canada",Propriété non vérifiée,Aucune précision sur la page officielle consultée,Remplace l’électronique grand public et le matériel audio d’origine américaine achetés plutôt que des produits américains assujettis aux droits de douane (les rubriques SH connexes comprennent les moniteurs et projecteurs 85.28 ainsi que les pièces 85.29)
231,"Electronics, audio and electrical equipment",Projectors,Christie Digital Systems,Cinema and large-venue projectors,Projection systems (commercial),Finished products are designed and manufactured in Canada by Christie,Canada (location not stated),"Ownership statement on official page: ""Christie and its global affiliates are wholly-owned subsidiaries of Ushio Inc."" (ownership category not further verified)",Finished products are also manufactured overseas through Christie’s affiliates in China and Germany and through other manufacturers; components and raw materials are sourced from Canada and outside Canada.,Replaces U.S.-origin monitors and projectors (heading 85.28),85.28,Our finished products are designed and manufactured in Canada by Christie and by other entities overseas.,https://www.christiedigital.com/globalassets/about/sustainability/compliance/slavery-act-statement-2025.pdf,https://www.christiedigital.com/globalassets/about/sustainability/compliance/slavery-act-statement-2026.pdf,2026-08-28,Medium,"Électronique, audio et matériel électrique",Projecteurs,Projecteurs de cinéma et pour grandes salles,Systèmes de projection commerciaux,Les produits finis sont conçus et fabriqués au Canada par Christie,Canada (emplacement non précisé),"Déclaration concernant la propriété sur la page officielle : ""Christie and its global affiliates are wholly-owned subsidiaries of Ushio Inc."" (catégorie de propriété non vérifiée)","Les produits finis sont également fabriqués à l'étranger par l'intermédiaire de sociétés affiliées de Christie, en Chine et en Allemagne, ainsi que par d'autres fabricants.",Remplace les moniteurs et projecteurs d’origine américaine (rubrique SH 85.28)
232,"Electronics, audio and electrical equipment",Loudspeakers,Coincident Speaker Technology,Loudspeakers and tube amplifiers,Home stereo speakers and amps,all its speaker models are designed and completely manufactured in Canada,Canada (location not stated),"Ownership statement on official page: ""The company was founded and is operated by Israel Blume."" (ownership category not further verified)","Drivers are sourced from Scan-Speak, Vifa and SEAS; internal wiring uses American 6N copper; crossovers use Canadian and American components. | Availability note: The original Pure Reference, a single enclosure, is now long discontinued.",Replaces U.S.-origin consumer electronics and audio equipment purchased instead of tariffed U.S. goods (listed related headings include monitors/projectors 85.28 and parts 85.29),n.a.,all its speaker models are designed and completely manufactured in Canada,https://coincidentspeaker.com/whatsnew.html,https://coincidentspeaker.com/soundstage9.htm,2026-08-28,Medium,"Électronique, audio et matériel électrique",Haut-parleurs,Haut-parleurs et amplificateurs à tubes,Haut-parleurs et amplificateurs stéréo résidentiels,tous ses modèles de haut-parleurs sont conçus et entièrement fabriqués au Canada,Canada (emplacement non précisé),"Déclaration concernant la propriété sur la page officielle : ""The company was founded and is operated by Israel Blume."" (catégorie de propriété non vérifiée)","Les conducteurs proviennent de Scan-Speak, de Vifa et de SEAS; le câblage interne utilise du cuivre américain 6N; les croisés utilisent des composants canadiens et américains. Remarque de disponibilité : La Référence Pure originale, une seule enceinte, est maintenant longtemps arrêtée.",Remplace l’électronique grand public et le matériel audio d’origine américaine achetés plutôt que des produits américains assujettis aux droits de douane (les rubriques SH connexes comprennent les moniteurs et projecteurs 85.28 ainsi que les pièces 85.29)
233,"Electronics, audio and electrical equipment",Transformers,Delta Transformers,Dry-type distribution transformers,Electrical transformers (B2B),"manufacturing high-quality dry-type transformers and reactors in Granby, Quebec","Granby, Quebec",ownership not verified,None stated on fetched official page,"Replaces U.S.-origin electrical equipment on the counter-tariff list (insulated wire and cable 85.44, electrical parts 85.29)",85.04,"Located in Granby, Quebec, Delta Transformers has been designing and manufacturing high-quality dry-type transformers and reactors for more than 40 years.",https://www.delta.xfo.com/,https://documents.delta.xfo.com/Delta_Documents/Brochures/EN/Delta_Medium_Voltage_Transformers_EN.pdf,2026-08-28,High,"Électronique, audio et matériel électrique",Transformateurs,Transformateurs de distribution à sec,Transformateurs électriques (interentreprises),"Fabrication de transformateurs et de réactances à sec de grande qualité à Granby, au Québec","Granby, Québec",Propriété non vérifiée,Aucune précision sur la page officielle consultée,"Remplace l'équipement électrique d’origine américaine sur la liste des droits de douane de rétorsion (fils et câbles isolés 85.44, pièces électriques 85.29)"
234,"Electronics, audio and electrical equipment",EV chargers,FLO,Home and public EV charging stations,Home EV charging,"Assembly plant located in Shawinigan, Quebec","Shawinigan, Quebec",ownership not verified,None stated on fetched official page,Replaces U.S.-origin electrical charging equipment and related electrical apparatus,85.04,"FLO | AddEnergie’s headquarters and network operations centre are based in Quebec City, and its assembly plant is located in Shawinigan (Quebec).",https://www.flo.com/en-ca/press-release/flo-addenergie-announces-that-it-is-doubling-the-size-of-its-production-facilities/,,2026-08-28,High,"Électronique, audio et matériel électrique",Bornes de recharge pour véhicules électriques,Bornes de recharge pour véhicules électriques résidentielles et publiques,Recharge résidentielle de véhicules électriques,"Usine d’assemblage située à Shawinigan, au Québec","Shawinigan, Québec",Propriété non vérifiée,Aucune précision sur la page officielle consultée,Remplace le matériel de recharge électrique d’origine américaine et les appareils électriques connexes
235,"Electronics, audio and electrical equipment",Loudspeakers,Focus Audio,FS and Prestige loudspeakers,Home stereo speakers,The Liszts are made here in Canada.,"Markham, Ontario",ownership not verified,None stated on fetched official page,Replaces U.S.-origin consumer electronics and audio equipment purchased instead of tariffed U.S. goods (listed related headings include monitors/projectors 85.28 and parts 85.29),n.a.,"The Liszts are made here in Canada. Their circuit boards, transformers, and casework are all Canadian products, and the amps are assembled by hand at Focus Audio’s facility in Markham, Ontario.",https://www.ultraaudio.com/index.php/equipment-menu/695-focus-audio-liszt-concerto-mono-integrated-amplifiers,https://www.foundationaudio.ca/html/aboutus.htm,2026-08-28,High,"Électronique, audio et matériel électrique",Haut-parleurs,Haut-parleurs FS et Prestige,Haut-parleurs stéréo résidentiels,Les Liszts sont fabriqués ici au Canada.,"Markham, Ontario",Propriété non vérifiée,Aucune précision sur la page officielle consultée,Remplace l’électronique grand public et le matériel audio d’origine américaine achetés plutôt que des produits américains assujettis aux droits de douane (les rubriques SH connexes comprennent les moniteurs et projecteurs 85.28 ainsi que les pièces 85.29)
236,"Electronics, audio and electrical equipment",Enclosures,Hammond Manufacturing,Electrical and electronic enclosures,Electrical enclosures and racks (B2B),"Focused factory in Waterloo, Canada for the production of outlet strips, surge suppressors and air movement accessories","Waterloo, Canada",ownership not verified,None stated on fetched official page,"Replaces U.S.-origin electrical equipment on the counter-tariff list (insulated wire and cable 85.44, electrical parts 85.29)",85.38,"Hammond has opened a focused factory in Waterloo, Canada for the production of outlet strips, surge suppressors and air movement accessories.",https://www.hammfg.com/files/literature/corp-overview.pdf?v=1697661432,https://www.hammfg.com/files/news/2025/2025-03-04-annual-information-form-2024.pdf?v=1741186077,2026-08-28,High,"Électronique, audio et matériel électrique",Boîtiers,Boîtiers électriques et électroniques,Boîtiers et bâtis électriques (interentreprises),"Usine spécialisée de Waterloo, au Canada, produisant des barres d’alimentation, des dispositifs antidéflagrants et des accessoires de circulation d’air","Waterloo, Canada",Propriété non vérifiée,Aucune précision sur la page officielle consultée,"Remplace l'équipement électrique d’origine américaine sur la liste des droits de douane de rétorsion (fils et câbles isolés 85.44, pièces électriques 85.29)"
237,"Electronics, audio and electrical equipment",Transformers,Hammond Power Solutions,Dry-type transformers,Electrical transformers (B2B),HPS has manufacturing facilities in Canada,"Guelph, Ontario",ownership not verified,This multi-national strategy allows HPS the ability to shift products between plants as required.,"Replaces U.S.-origin electrical equipment on the counter-tariff list (insulated wire and cable 85.44, electrical parts 85.29)",85.04,"HPS has manufacturing facilities in Canada, the United States, and Mexico.",https://americas.hammondpowersolutions.com/our-company/commitment-to-excellence,,2026-08-28,High,"Électronique, audio et matériel électrique",Transformateurs,Transformateurs à sec,Transformateurs électriques (interentreprises),HPS a des installations de fabrication au Canada,"Guelph, Ontario",Propriété non vérifiée,Cette stratégie multinationale permet à HPS de déplacer les produits entre les usines au besoin.,"Remplace l'équipement électrique d’origine américaine sur la liste des droits de douane de rétorsion (fils et câbles isolés 85.44, pièces électriques 85.29)"
238,"Electronics, audio and electrical equipment",LED lighting,Nemalux,Industrial LED luminaires,Industrial lighting (B2B),"Our products are designed and manufactured in Calgary, AB, Canada.","Calgary, Alberta, Canada","Ownership/parent stated on official page: ""Nemalux is part of Cooper Lighting Solutions, a Signify business""",None stated on fetched official page,Replaces U.S.-origin luminaires (94.05),94.05,"Our products are designed and manufactured in Calgary, AB, Canada.",https://nemalux.com/,https://nemalux.com/hubfs/3-pdf-files/Standard-Stocking-Guide/NEMALUX-COOPER-LIGHTING-Standard-Stocking-Guide-2025-A4.pdf,2026-08-28,High,"Électronique, audio et matériel électrique",Éclairage à DEL,Luminaires industriels à DEL,Éclairage industriel (interentreprises),"Nos produits sont conçus et fabriqués à Calgary, en Alberta, au Canada.","Calgary, Alberta, Canada","Propriétaire ou société mère indiqué sur la page officielle : ""Nemalux is part of Cooper Lighting Solutions, a Signify business""",Aucune précision sur la page officielle consultée,Remplace les luminaires d’origine américaine (94.05)
239,"Electronics, audio and electrical equipment",Wire and cable,Northern Cables,"Armoured cable and building wire (AC90, teck cable)",Electrical wiring for renovations,"Wire and Cable Manufacturer with manufacturing centers in Brockville and Prescott, Ontario","Brockville and Prescott, Ontario","Canadian-owned per official page: ""Northern Cables Inc. is a Canadian owned and Operated Wire and Cable Manufacturer""",None stated on fetched official page,"Replaces U.S.-origin electrical equipment on the counter-tariff list (insulated wire and cable 85.44, electrical parts 85.29)",85.44,Our Facilities in Brockville and Prescott Ontario combine three complete manufacturing centers,https://northerncables.com/about/facility/,,2026-08-28,High,"Électronique, audio et matériel électrique",Fils et câbles,"Câble armé et fil de bâtiment (AC90, câble Teck)",Câblage électrique pour les rénovations,"Fabricant de fils et de câbles ayant des centres de production à Brockville et à Prescott, en Ontario","Brockville et Prescott, Ontario","Propriété canadienne selon la page officielle : ""Northern Cables Inc. is a Canadian owned and Operated Wire and Cable Manufacturer""",Aucune précision sur la page officielle consultée,"Remplace l'équipement électrique d’origine américaine sur la liste des droits de douane de rétorsion (fils et câbles isolés 85.44, pièces électriques 85.29)"
240,"Electronics, audio and electrical equipment",Loudspeakers,Paradigm,Founder Series loudspeakers,Home stereo and theatre speakers,Manufactured in Canada,Canada (location not stated),ownership not verified,None stated on fetched official page,Replaces U.S.-origin consumer electronics and audio equipment purchased instead of tariffed U.S. goods (related listed headings include monitors/projectors 85.28 and parts 85.29),n.a.,"Manufactured in Canada, this all-new range takes performance to the next level with patented technology, step-up components, and hallmark Paradigm sound quality.",https://www.paradigm.com/,https://hometheaterhifi.com/features/factory-tours-interviews/paradigm-tour/,2026-08-28,Medium,"Électronique, audio et matériel électrique",Haut-parleurs,Haut-parleurs Founder Series,Haut-parleurs pour chaîne stéréo et cinéma maison,Fabriqué au Canada,Canada (emplacement non précisé),Propriété non vérifiée,Aucune précision sur la page officielle consultée,Remplace l’électronique grand public et le matériel audio d’origine américaine achetés plutôt que des produits américains assujettis aux droits de douane (les rubriques SH connexes comprennent les moniteurs et projecteurs 85.28 ainsi que les pièces 85.29)
241,"Electronics, audio and electrical equipment",Loudspeakers,PSB Speakers,Imagine and Synchrony loudspeakers,Home stereo speakers,Designed and engineered in Canada; PSB built the B1,Canada (location not stated),ownership not verified,None stated on fetched official page,Replaces U.S.-origin consumer electronics and audio equipment purchased instead of tariffed U.S. goods (related listed headings include monitors/projectors 85.28 and parts 85.29),n.a.,"Designed and engineered in Canada, PSB built the B1 with high-quality MDF",https://www.psbspeakers.com/ca/alpha-b1-bookshelf,https://www.psbspeakers.com/ca/amfile/file/download/file/1867/product/62/,2026-08-28,Medium,"Électronique, audio et matériel électrique",Haut-parleurs,Haut-parleurs Imagine et Synchrony,Haut-parleurs stéréo résidentiels,Conçu et mis au point au Canada; PSB a construit le B1,Canada (emplacement non précisé),Propriété non vérifiée,Aucune précision sur la page officielle consultée,Remplace l’électronique grand public et le matériel audio d’origine américaine achetés plutôt que des produits américains assujettis aux droits de douane (les rubriques SH connexes comprennent les moniteurs et projecteurs 85.28 ainsi que les pièces 85.29)
242,"Electronics, audio and electrical equipment",Pro audio,Radial Engineering,"Direct boxes and audio interfaces (JDI, ProD2)",Studio and stage audio interfaces,Each and every Radial product is hand assembled right here in Canada,"Port Coquitlam, British Columbia",ownership not verified,None stated on fetched official page,Replaces U.S.-origin consumer electronics and audio equipment purchased instead of tariffed U.S. goods (related listed headings include monitors/projectors 85.28 and parts 85.29),n.a.,Each and every Radial product is hand assembled right here in Canada,https://www.radialeng.com/blog/how-to-build-the-worlds-most-reliable-di,https://www.radialeng.com/wp-content/uploads/2018/03/SmartSheetBook-PZ-Pre.pdf,2026-08-28,High,"Électronique, audio et matériel électrique",Audio professionnel,"Boîtes directes et interfaces audio (JDI, ProD2)",Interfaces audio de studio et de scène,Chaque produit Radial est assemblé à la main ici même au Canada,"Port Coquitlam, Colombie-Britannique",Propriété non vérifiée,Aucune précision sur la page officielle consultée,Remplace l’électronique grand public et le matériel audio d’origine américaine achetés plutôt que des produits américains assujettis aux droits de douane (les rubriques SH connexes comprennent les moniteurs et projecteurs 85.28 ainsi que les pièces 85.29)
243,"Electronics, audio and electrical equipment",Loudspeakers,Reference 3A,Reference 3A loudspeakers,Home stereo speakers,All Reference 3A manufacturing is now done in Canada,"Kitchener, Ontario",ownership not verified,None stated on fetched official page,Replaces U.S.-origin consumer electronics and audio equipment purchased instead of tariffed U.S. goods (listed related headings include monitors/projectors 85.28 and parts 85.29),n.a.,"all Reference 3A manufacturing is now done in Canada, having moved there from Switzerland",https://reference3a.com/wp-content/uploads/2021/03/decapo-stereophile.pdf,https://reference3a.com/wp-content/uploads/2021/03/grand-ultra.pdf,2026-08-28,High,"Électronique, audio et matériel électrique",Haut-parleurs,Haut-parleurs Reference 3A,Haut-parleurs stéréo résidentiels,Toute la fabrication de Reference 3A est maintenant faite au Canada,"Kitchener, Ontario",Propriété non vérifiée,Aucune précision sur la page officielle consultée,Remplace l’électronique grand public et le matériel audio d’origine américaine achetés plutôt que des produits américains assujettis aux droits de douane (les rubriques SH connexes comprennent les moniteurs et projecteurs 85.28 ainsi que les pièces 85.29)
244,"Electronics, audio and electrical equipment",Transformers,Rex Power Magnetics,Dry-type transformers and reactors,Electrical transformers (B2B),"Canadian dry-type transformer design and manufacturing company, headquartered in Concord, Ontario","Concord, Ontario",ownership not verified,None stated on fetched official page,"Replaces U.S.-origin electrical equipment on the counter-tariff list (insulated wire and cable 85.44, electrical parts 85.29)",85.04,"With a centralized integrated engineering, manufacturing and customer service facility located in Concord, Ontario",https://www.rexpowermagnetics.com/about/,https://www.rexpowermagnetics.com/,2026-08-28,High,"Électronique, audio et matériel électrique",Transformateurs,Transformateurs et réactances à sec,Transformateurs électriques (interentreprises),"Société canadienne de conception et de fabrication de transformateurs à sec, dont le siège social est à Concord (Ontario)","Concord, Ontario",Propriété non vérifiée,Aucune précision sur la page officielle consultée,"Remplace l'équipement électrique d’origine américaine sur la liste des droits de douane de rétorsion (fils et câbles isolés 85.44, pièces électriques 85.29)"
245,"Electronics, audio and electrical equipment",Broadcast equipment,Ross Video,Carbonite switchers and production equipment,Video production equipment (B2B),"manufacturing facility in Iroquois Ontario, Canada","Iroquois, Ontario",ownership not verified,None stated on fetched official page,Replaces U.S.-origin broadcast and video equipment and parts (headings 85.28/85.29),85.29,"Ross Video demonstrates further commitment to the environment by launching a green energy expansion to its manufacturing facility in Iroquois Ontario, Canada.",https://www.rossvideo.com/company/media/news-releases/ross-video-breaks-ground-on-canadian-green-energy-manufacturing-facility-expansion-to-create-jobs-and-support-customers-in-over-100-countries/,https://www.rossvideo.com/company/media/news-releases/ross-video-wins-green-award-for-manufacturing-facility-in-iroquois-ontario/,2026-08-28,High,"Électronique, audio et matériel électrique",Matériel de diffusion,Mélangeurs Carbonite et équipement de production,Équipement de production vidéo (interentreprises),"Usine de fabrication à Iroquois, en Ontario, au Canada","Iroquois, Ontario",Propriété non vérifiée,Aucune précision sur la page officielle consultée,Remplace les équipements et pièces de radiodiffusion et de vidéo d’origine américaine (rubriques SH 85.28/85.29)
246,"Electronics, audio and electrical equipment",Solar panels,Silfab Solar,Solar photovoltaic modules,Rooftop solar modules,"Design and Manufacturing of high efficiency crystalline silicon (c-Si.) Photovoltaic modules in Mississauga, Ontario, Canada","Mississauga, Ontario",ownership not verified,None stated on fetched official page,Replaces U.S.-origin electrical generating equipment purchased instead of tariffed U.S. goods,n.a.,"Main Site: 240 Courtneypark Drive East, Mississauga, Ontario L5T 2Y3, Canada",https://silfabsolar.com/wp-content/uploads/2024/05/CERT-0121614_ENG_Silfab-Solar-Inc_.pdf,https://www.arcenergyinstitute.com/solar-manufacturing-the-problem-with-canadian-competitiveness/,2026-08-28,High,"Électronique, audio et matériel électrique",Panneaux solaires,Modules solaires photovoltaïques,Modules solaires de toiture,"Conception et fabrication de modules photovoltaïques en silicium cristallin (c-Si) à haut rendement à Mississauga, en Ontario, au Canada","Mississauga, Ontario",Propriété non vérifiée,Aucune précision sur la page officielle consultée,Remplace le matériel de production d'électricité d’origine américaine acheté au lieu de marchandises américaines assujetties aux droits de douane
247,"Electronics, audio and electrical equipment",Home audio electronics,Simaudio (MOON),MOON amplifiers and streaming DACs,Home stereo electronics,Hand-assembled entirely in Canada,"Boucherville, Quebec",ownership not verified,None stated on fetched official page,Replaces U.S.-origin consumer electronics and audio equipment purchased instead of tariffed U.S. goods (related listed headings include monitors/projectors 85.28 and parts 85.29),n.a.,Hand-assembled entirely in Canada,https://simaudio.com/,https://simaudio.com/en/product/641-integrated-amplifier/,2026-08-28,High,"Électronique, audio et matériel électrique",Électronique audio résidentielle,Amplificateurs MOON et convertisseurs de diffusion en continu,Électronique stéréo résidentielle,Montés à la main entièrement au Canada,"Boucherville, Québec",Propriété non vérifiée,Aucune précision sur la page officielle consultée,Remplace l’électronique grand public et le matériel audio d’origine américaine achetés plutôt que des produits américains assujettis aux droits de douane (les rubriques SH connexes comprennent les moniteurs et projecteurs 85.28 ainsi que les pièces 85.29)
248,"Electronics, audio and electrical equipment",Electric heat tracing,Thermon Canada,Heat tracing cable systems,Pipe freeze protection cable (industrial),Process heating products are primarily manufactured at our Canadian facilities,Canada (location not stated),ownership not verified,Process heating products are primarily manufactured at Canadian facilities; other manufacturing locations and product-specific exceptions are stated on the page.,"Replaces U.S.-origin electrical equipment on the counter-tariff list (insulated wire and cable 85.44, electrical parts 85.29)",85.16,"Process heating products are primarily manufactured at our Canadian facilities, which include: Calgary, Edmonton, Fort McMurray, Oakville, and Orillia.",https://ir.thermon.com/sec-filings/all-sec-filings/content/0001489096-25-000071/0001489096-25-000071.pdf,,2026-08-28,Medium,"Électronique, audio et matériel électrique",Traçage électrique chauffant,Systèmes de câbles chauffants,Câble antigel pour tuyaux (industrie),Les produits de chauffage des procédés sont principalement fabriqués dans nos installations canadiennes,Canada (emplacement non précisé),Propriété non vérifiée,Les produits de chauffage des procédés sont principalement fabriqués dans des installations canadiennes; d'autres lieux de fabrication et des exceptions propres à un produit sont indiqués sur la page.,"Remplace l'équipement électrique d’origine américaine sur la liste des droits de douane de rétorsion (fils et câbles isolés 85.44, pièces électriques 85.29)"
249,"Electronics, audio and electrical equipment",Loudspeakers,Totem Acoustic,"Sky, Forest and Element loudspeakers",Home stereo speakers,"producing handcrafted loudspeakers in Montreal, Quebec","Montreal, Quebec",ownership not verified,None stated on fetched official page,Replaces U.S.-origin consumer electronics and audio equipment purchased instead of tariffed U.S. goods (related listed headings include monitors/projectors 85.28 and parts 85.29),n.a.,"Totem Acoustic has a rich history of producing handcrafted loudspeakers in Montreal, Quebec.",https://totemacoustic.com/totem-acoustic-our-story/,https://totemacoustic.com/,2026-08-28,High,"Électronique, audio et matériel électrique",Haut-parleurs,"Haut-parleurs Sky, Forest et Element",Haut-parleurs stéréo résidentiels,"Production artisanale d’enceintes acoustiques à Montréal, au Québec","Montréal, Québec",Propriété non vérifiée,Aucune précision sur la page officielle consultée,Remplace l’électronique grand public et le matériel audio d’origine américaine achetés plutôt que des produits américains assujettis aux droits de douane (les rubriques SH connexes comprennent les moniteurs et projecteurs 85.28 ainsi que les pièces 85.29)
250,"Electronics, audio and electrical equipment",Pro audio,Yorkville Sound / Traynor,Traynor guitar amplifiers and Yorkville powered speakers,Stage amplifiers and PA speakers,"manufactures ... in Canada, at the Pickering facility; Canadian made","Pickering, Ontario","Ownership statement on official page: ""Yorkville Sound wholly owns Applied Research and Technology (ART)."" (ownership category not further verified)",Only professional PA products and Traynor instrument amplifiers are explicitly stated as manufactured in Canada or Canadian made; other brands and products are described as distributed or manufactured elsewhere.,Replaces U.S.-origin consumer electronics and audio equipment purchased instead of tariffed U.S. goods (related listed headings include monitors/projectors 85.28 and parts 85.29),n.a.,Yorkville Sound also designs and manufactures a complete line of Canadian made tube and solid state instrument amplifiers,https://www.sightnsound.ca/en/cp-13394-yorkville,https://www.yorkville.com/images/products/press/pr_yx_series.pdf,2026-08-28,High,"Électronique, audio et matériel électrique",Audio professionnel,Amplificateurs de guitare Traynor et enceintes amplifiées Yorkville,Amplificateurs de scène et enceintes de sonorisation,"Fabrication au Canada, à l’usine de Pickering; fabrication canadienne","Pickering, Ontario","Déclaration concernant la propriété sur la page officielle : ""Yorkville Sound wholly owns Applied Research and Technology (ART)."" (catégorie de propriété non vérifiée)",Seuls les produits de sonorisation professionnelle et les amplificateurs d’instruments Traynor sont expressément présentés comme étant fabriqués au Canada ou de fabrication canadienne; les autres marques et produits sont décrits comme distribués ou fabriqués ailleurs.,Remplace l’électronique grand public et le matériel audio d’origine américaine achetés plutôt que des produits américains assujettis aux droits de douane (les rubriques SH connexes comprennent les moniteurs et projecteurs 85.28 ainsi que les pièces 85.29)
251,"Sports, outdoor, recreation and toys",Outdoor apparel,Arc'teryx,ARC'One Vancouver-made technical shells,Technical outdoor jackets,"ARC’One produces items for Veilance and LEAF at 425 Boyne Street, New Westminster, BC, Canada","New Westminster, BC",ownership not verified,None stated on fetched official page,Replaces U.S.-origin anoraks and outdoor shells (headings 62.01/62.02),62.01,"425 Boyne Street, New Westminster, BC, Canada ... ARC’One produces items for Veilance, a highly technical urban collection, and LEAF",https://arcteryx.com/us/en/explore/supply-chain-partners/arc-one,https://arcteryx.com/us/en/product-advice/arcteryx-manufacturing-partners,2026-08-28,High,"Sports, plein air, loisirs et jouets",Vêtements de plein air,Coquilles techniques ARC’One fabriquées à Vancouver,Manteaux techniques de plein air,"Des articles Veilance et LEAF sont produits au 425, rue Boyne, à New Westminster, en Colombie-Britannique, au Canada","New Westminster, Colombie-Britannique",Propriété non vérifiée,Aucune précision sur la page officielle consultée,Remplace les anoraks d’origine américaine et les coquilles de plein air (rubriques SH 62.01/62.02)
252,"Sports, outdoor, recreation and toys",Hot tubs,Arctic Spas,Hot tubs and swim spas,Backyard hot tub,Made in Canada for Canadian Winters,"Thorsby, Alberta","Ownership statement on official page: ""The Arctic Spas® ownership group is a unique set of guys, having all grown up on farms and in small rural communities of western Canada."" (ownership category not further verified)",None stated on fetched official page,"Replaces U.S.-origin hot tubs, spas and related equipment bought instead of tariffed U.S. goods",n.a.,Arctic Spas® Brand Hot Tubs and Swim Spas – Made in Canada for Canadian Winters!,https://www.arcticspasedmonton.com/,https://myarcticspa.com/App_Themes/Arctic/Documents/Arctic_Brochure.pdf,2026-08-28,High,"Sports, plein air, loisirs et jouets",Spas,Spas et spas de nage,Spa de cour arrière,Fabriqué au Canada pour les hivers canadiens,"Thorsby, Alberta","Déclaration concernant la propriété sur la page officielle : ""The Arctic Spas® ownership group is a unique set of guys, having all grown up on farms and in small rural communities of western Canada."" (catégorie de propriété non vérifiée)",Aucune précision sur la page officielle consultée,"Remplace les bains à remous, spas et matériel connexe d’origine américaine achetés au lieu de marchandises américaines assujetties aux droits de douane"
253,"Sports, outdoor, recreation and toys",Curling equipment,BalancePlus,Curling brushes and sliders,Curling brushes,BalancePlus has a licensing agreement to manufacture and sell EQualizer Brush-Heads in Canada and the United States,Canada (location not stated),"Ownership statement on official page: ""UWO still has the patent, but sold the licensing rights to BalancePlus"" (ownership category not further verified)",None stated on fetched official page,Replaces U.S.-origin sports and exercise equipment covered by the counter-tariffs (general physical exercise articles 95.06),95.06,Now with a licensing agreement with BalancePlus to manufacture and sell the broom heads in Canada and the United States,https://balanceplus.com/news/,https://balanceplus.com/product/rs-foam-brushes/,2026-08-28,Medium,"Sports, plein air, loisirs et jouets",Matériel de curling,Brosses et semelles de glisse pour curling,Brosses de curling,BalancePlus détient une licence pour fabriquer et vendre les têtes de brosse EQualizer au Canada et aux États-Unis,Canada (emplacement non précisé),"Déclaration concernant la propriété sur la page officielle : ""UWO still has the patent, but sold the licensing rights to BalancePlus"" (catégorie de propriété non vérifiée)",Aucune précision sur la page officielle consultée,Remplace le matériel de sport et d'exercice d’origine américaine visé par les droits de douane de rétorsion (articles d’exercice physique 95.06)
254,"Sports, outdoor, recreation and toys",Hot tubs,Beachcomber Hot Tubs,Hot tubs (300 and 500 series),Backyard hot tub,"Beachcomber Hot Tubs factory in Surrey, British Columbia, Canada","Surrey, British Columbia","Ownership statement on official page: ""Beachcomber Hot Tubs is and will continue to be a family-owned and operated multi-generational business."" (ownership category not further verified)",None stated on fetched official page,Replaces U.S.-origin hot tubs and spa equipment,n.a.,"On February 14, 1978, the Scott Family founded the Beachcomber Hot Tubs factory in Surrey, British Columbia, Canada, where our global headquarters and factory still reside today.",https://www.beachcomberhottubs.com/about-us-company,https://www.beachcomberhottubs.com/en_us/,2026-08-28,High,"Sports, plein air, loisirs et jouets",Spas,Spas (séries 300 et 500),Spa de cour arrière,"Usine de Beachcomber Hot Tubs à Surrey, en Colombie-Britannique, au Canada","Surrey, Colombie-Britannique","Déclaration concernant la propriété sur la page officielle : ""Beachcomber Hot Tubs is and will continue to be a family-owned and operated multi-generational business."" (catégorie de propriété non vérifiée)",Aucune précision sur la page officielle consultée,Remplace les bains à remous et les équipements de spa d’origine américaine
255,"Sports, outdoor, recreation and toys",Playgrounds,Blue Imp,Playground structures and swings,Community and school playgrounds (institutional),"Made in Canada, for Canada; designed and manufactured at our headquarters in Medicine Hat, Alberta","Medicine Hat, Alberta","Ownership statement on official page: ""Proudly family-owned since 1917"" (ownership category not further verified)",None stated on fetched official page,Replaces U.S.-origin sports and exercise equipment (heading 95.06),95.06,"Our high quality playground products and park amenities are proudly designed and manufactured at our headquarters in Medicine Hat, Alberta.",https://www.blueimp.com/,https://www.blueimp.com/history/,2026-08-28,High,"Sports, plein air, loisirs et jouets",Aires de jeux,Structures de jeu et balançoires,Aires de jeux communautaires et scolaires (usage institutionnel),"Fabriqué au Canada, pour le Canada; conçu et fabriqué à notre siège social à Medicine Hat, en Alberta","Medicine Hat, Alberta","Déclaration concernant la propriété sur la page officielle : ""Proudly family-owned since 1917"" (catégorie de propriété non vérifiée)",Aucune précision sur la page officielle consultée,Remplace l'équipement de sport et d'exercice d’origine américaine (rubrique SH 95.06)
256,"Sports, outdoor, recreation and toys",Game tables,Canada Billiard & Bowling,Billiard tables,Home billiards,Largest manufacturing unit and distributor of billiard tables and accessories in Canada,"Laval, Quebec","Ownership statement on official page: ""CANADA BILLIARD & BOWLING INC. owned two manufacturing plants."" (ownership category not further verified)",None stated on fetched official page,Replaces U.S.-origin table or parlour games and game articles (heading 95.04),95.04,"Founded in 1973, Canada Billiard is the largest manufacturing unit and distributor of billiard tables and accessories in Canada.",http://www.billiardsforum.com/biz/canada-billiard-bowling-laval,https://canadabilliard.com/products/euro,2026-08-28,High,"Sports, plein air, loisirs et jouets",Tables de jeu,Tables de billard,Billard à la maison,Important fabricant et distributeur canadien de tables et d’accessoires de billard,"Laval, Québec","Déclaration concernant la propriété sur la page officielle : ""CANADA BILLIARD & BOWLING INC. owned two manufacturing plants."" (catégorie de propriété non vérifiée)",Aucune précision sur la page officielle consultée,Remplace les jeux de table ou de salon d’origine américaine et les articles de jeu (rubrique SH 95.04)
257,"Sports, outdoor, recreation and toys",Kayaks,Clearwater Design,Recreational kayaks and canoes,Recreational paddling,Made in Canada since 1995,Ontario,ownership not verified,None stated on fetched official page,Replaces U.S.-origin recreational watercraft and paddling gear bought instead of tariffed U.S. goods (related listed headings include 95.06 sports equipment),n.a.,"All of our boats are made in Ontario, Canada.",https://clearwaterdesign.com/,https://clearwaterdesign.com/about/,2026-08-28,High,"Sports, plein air, loisirs et jouets",Kayaks,Kayaks et canots récréatifs,Pagaie récréative,Fabriqué au Canada depuis 1995,Ontario,Propriété non vérifiée,Aucune précision sur la page officielle consultée,Remplace les embarcations de plaisance et l’équipement de pagaie d’origine américaine achetés plutôt que des produits américains assujettis aux droits de douane (les rubriques SH connexes comprennent l’équipement sportif 95.06)
258,"Sports, outdoor, recreation and toys",Kayaks,Delta Kayaks,Thermoformed touring kayaks,Touring kayaks,PROUDLY MADE IN CANADA,Canada (location not stated),ownership not verified,None stated on fetched official page,Replaces U.S.-origin recreational watercraft and paddling gear bought instead of tariffed U.S. imports,n.a.,# PROUDLY MADE IN CANADA,https://www.deltakayaks.com/,https://www.deltakayaks.com/delta-difference/,2026-08-28,Medium,"Sports, plein air, loisirs et jouets",Kayaks,Kayaks de randonnée thermoformés,Kayaks de randonnée,PRODUCTION AU CANADA,Canada (emplacement non précisé),Propriété non vérifiée,Aucune précision sur la page officielle consultée,Remplace les embarcations de plaisance et les équipement de pagaie d’origine américaine achetés au lieu des importations américaines assujetties aux droits de douane
259,"Sports, outdoor, recreation and toys",Bicycles,Devinci,Aluminium mountain bike frames (Canadian-made line),Mountain biking,Made in Canada,"Chicoutimi, Quebec","Ownership statement on official page: ""Devinci owner and President Francis Morin"" (ownership category not further verified)",We don’t make ALL of our bikes in Canada; we make MOST of them here.,Replaces U.S.-origin bicycles and cycle goods purchased instead of tariffed U.S. imports (motorcycles/e-cycles 87.11 are listed),87.11,Every day our staff proudly make Devinci bikes in our Canadian factory.,https://www.devinci.com/en/quebec/,https://www.devinci.com/en/manufacturing-solutions/,2026-08-28,High,"Sports, plein air, loisirs et jouets",Vélos,Cadres de vélo de montagne en aluminium (gamme fabriquée au Canada),Vélo de montagne,Fabriqué au Canada,"Chicoutimi, Québec","Déclaration concernant la propriété sur la page officielle : ""Devinci owner and President Francis Morin"" (catégorie de propriété non vérifiée)",Nous ne faisons pas TOUS nos vélos au Canada; nous en faisons le PLUS souvent ici.,Remplace les bicyclettes et articles de cyclisme d’origine américaine achetés plutôt que des importations américaines assujetties aux droits de douane (les motocyclettes et cycles électriques 87.11 figurent dans la liste)
260,"Sports, outdoor, recreation and toys",Snowshoes,Faber & Co.,"Snowshoes (Sport, Trail)",Winter hiking,"fabriqués entièrement au Canada, plus précisément au Québec","Québec, Québec","Ownership statement on official page: ""Depuis 2021, Faber a intégré l’entreprise d’économie sociale Groupe TAQ."" (ownership category not further verified)",None stated on fetched official page,Replaces U.S.-origin sports and exercise equipment covered by the counter-tariffs (general physical exercise articles 95.06),95.06,"Groupe TAQ | Division Faber est fière de vous offrir des produits de qualité fabriqués entièrement au Canada, plus précisément au Québec.",https://www.fabersnowshoes.com/fr,https://www.fabersnowshoes.com/fr/pages/about-us,2026-08-28,High,"Sports, plein air, loisirs et jouets",Raquettes,"Raquettes (Sport, Trail)",Randonnée hivernale,"Fabriqués entièrement au Canada, plus précisément au Québec","Québec, Québec","Déclaration concernant la propriété sur la page officielle : ""Depuis 2021, Faber a intégré l’entreprise d’économie sociale Groupe TAQ."" (catégorie de propriété non vérifiée)",Aucune précision sur la page officielle consultée,Remplace le matériel de sport et d'exercice d’origine américaine visé par les droits de douane de rétorsion (articles d’exercice physique 95.06)
261,"Sports, outdoor, recreation and toys",Paddles,Grey Owl Paddles,Wood and composite canoe paddles,Canoe paddles,Handcrafted Canadian Canoeing & Kayaking Paddles,Canada (location not stated),ownership not verified,None stated on fetched official page | Availability note: Northern Light — Sold out,Replaces U.S.-origin recreational watercraft and paddling gear bought instead of tariffed U.S. goods (related listed headings include 95.06 sports equipment),n.a.,Grey Owl Paddles: Handcrafted Canadian Canoeing & Kayaking Paddles,https://greyowlpaddles.com/,,2026-08-28,Medium,"Sports, plein air, loisirs et jouets",Pagaies,Pagaies de canot en bois et en matériaux composites,Pagaies de canot,Canoë-kayak canadien fabriqué à la main,Canada (emplacement non précisé),Propriété non vérifiée,Aucune précision sur la page officielle consultée.,Remplace les embarcations de plaisance et l’équipement de pagaie d’origine américaine achetés plutôt que des produits américains assujettis aux droits de douane (les rubriques SH connexes comprennent l’équipement sportif 95.06)
262,"Sports, outdoor, recreation and toys",Snowshoes,GV Snowshoes,Traditional and aluminum snowshoes,Winter hiking,"Located in the Québec City region, GV Snowshoes manufactures every type of snowshoe available on the market.","Québec City, Québec",ownership not verified,None stated on fetched official page,Replaces U.S.-origin sports and exercise equipment covered by the counter-tariffs (general physical exercise articles 95.06),95.06,"Located in the Québec City region, GV Snowshoes manufactures every type of snowshoe available on the market",https://www.gvsnowshoes.com/en,https://www.gvsnowshoes.com/en/company,2026-08-28,High,"Sports, plein air, loisirs et jouets",Raquettes,Raquettes traditionnelles et en aluminium,Randonnée hivernale,"Située dans la région de Québec, GV Snowshoes fabrique tous les types de raquettes disponibles sur le marché.","Québec City, Québec",Propriété non vérifiée,Aucune précision sur la page officielle consultée,Remplace le matériel de sport et d'exercice d’origine américaine visé par les droits de douane de rétorsion (articles d’exercice physique 95.06)
263,"Sports, outdoor, recreation and toys",Skating equipment,Jackson Ultima,Figure skates and blades,Figure skates,"A state of the art factory in Waterloo, Ontario; manufacturer of high-end skate products","Waterloo, Ontario","Ownership statement on official page: ""In 2021 Tournament Sports Marketing Inc. was sold by Kim Bauer to CCM Hockey."" (ownership category not further verified)",None stated on fetched official page,Replaces U.S.-origin sports and exercise equipment covered by the counter-tariffs (general physical exercise articles 95.06),95.06,"Mr. Loveridge developed a state of the art factory in Waterloo, Ontario and Jackson evolved to a manufacturer of high-end skate products.",https://jacksonultima.com/pages/timeline,,2026-08-28,High,"Sports, plein air, loisirs et jouets",Équipement de patinage,Patins artistiques et lames,Patins artistiques,"Usine de pointe à Waterloo, en Ontario; fabricant de produits de patinage haut de gamme","Waterloo, Ontario","Déclaration concernant la propriété sur la page officielle : ""In 2021 Tournament Sports Marketing Inc. was sold by Kim Bauer to CCM Hockey."" (catégorie de propriété non vérifiée)",Aucune précision sur la page officielle consultée,Remplace le matériel de sport et d'exercice d’origine américaine visé par les droits de douane de rétorsion (articles d’exercice physique 95.06)
264,"Sports, outdoor, recreation and toys",Canoes,Langford Canoe,Cedar and Kevlar canoes,Recreational canoeing,Canadian-built Langford canoes,Canada (location not stated),ownership not verified,None stated on fetched official page,Replaces U.S.-origin recreational watercraft and paddling gear bought instead of tariffed U.S. goods (related listed headings include 95.06 sports equipment),n.a.,"Canadian-built Langford canoes embody the spirit of a wild, untamed land",https://langfordcanoe.com/pages/wood-canoes,,2026-08-28,Medium,"Sports, plein air, loisirs et jouets",Canots,Canots en cèdre et en Kevlar,Canotage récréatif,Canoës de Langford construits au Canada,Canada (emplacement non précisé),Propriété non vérifiée,Aucune précision sur la page officielle consultée,Remplace les embarcations de plaisance et l’équipement de pagaie d’origine américaine achetés plutôt que des produits américains assujettis aux droits de douane (les rubriques SH connexes comprennent l’équipement sportif 95.06)
265,"Sports, outdoor, recreation and toys",Boats,Legend Boats,Aluminium fishing boats,Recreational fishing boats,Component manufacturing is outsourced throughout North America; final assembly is performed in Canada.,Canada (location not stated),"Ownership statement on official page: ""Legend is proud to have the same owners and same focus on family values."" (ownership category not further verified)",Component manufacturing is outsourced to quality manufacturers throughout North America.,Replaces U.S.-origin recreational watercraft and paddling gear bought instead of tariffed U.S. goods (related listed headings include 95.06 sports equipment),n.a.,"By outsourcing component manufacturing and then performing all final assembly, sales, service, and warranty right here in Canada",https://legend-marketing.s3.amazonaws.com/2024/catalogues/Legend-Boats-2024-Family-and-Fishing-Boats.pdf,,2026-08-28,Medium,"Sports, plein air, loisirs et jouets",Bateaux,Bateaux de pêche en aluminium,Bateaux de pêche récréative,La fabrication de composants est externalisée partout en Amérique du Nord; l'assemblage final est effectué au Canada.,Canada (emplacement non précisé),"Déclaration concernant la propriété sur la page officielle : ""Legend is proud to have the same owners and same focus on family values."" (catégorie de propriété non vérifiée)",La fabrication de composants est confiée à des fabricants de qualité partout en Amérique du Nord.,Remplace les embarcations de plaisance et l’équipement de pagaie d’origine américaine achetés plutôt que des produits américains assujettis aux droits de douane (les rubriques SH connexes comprennent l’équipement sportif 95.06)
266,"Sports, outdoor, recreation and toys",Fishing tackle,Len Thompson,Fishing spoons (Five of Diamonds),Fishing lures,"proudly manufactures the following brands in Lacombe, Alberta, Canada","Lacombe, Alberta","Ownership statement on official page: ""Thank you for supporting our family-owned and operated business for over 90 yearS"" (ownership category not further verified)",None stated on fetched official page,"Replaces U.S.-origin fishing rods, tackle and lures (heading 95.07)",95.07,"Thompson-Pallister Bait Co. Ltd. proudly manufactures the following brands in Lacombe, Alberta, Canada:",https://www.lenthompson.com/madeincanada.html,https://www.lenthompson.com/our-history.html,2026-08-28,High,"Sports, plein air, loisirs et jouets",Articles de pêche,Cuillères de pêche Five of Diamonds,Leurres de pêche,"Fabrique fièrement les marques suivantes à Lacombe, en Alberta, au Canada","Lacombe, Alberta","Déclaration concernant la propriété sur la page officielle : ""Thank you for supporting our family-owned and operated business for over 90 yearS"" (catégorie de propriété non vérifiée)",Aucune précision sur la page officielle consultée,"Remplace les cannes, articles et leurres de pêche d’origine américaine (rubrique SH 95.07)"
267,"Sports, outdoor, recreation and toys",Fishing tackle,Lucky Strike Bait Works,Fishing lures and spoons,Freshwater fishing lures,"Manufactured at facilities in Peterborough and Cobourg, Ontario","Peterborough, Ontario; Cobourg, Ontario","Ownership statement on official page: ""Fourth-generation family-owned business of the Edgar family"" (ownership category not further verified)",None stated on fetched official page,"Replaces U.S.-origin fishing rods, tackle and lures (heading 95.07)",95.07,"A second factory was added in 1944 in Cobourg, Ontario to produce treble hooks, split rings and swivels",https://luckystrikebaitworks.com/history/,,2026-08-28,High,"Sports, plein air, loisirs et jouets",Articles de pêche,Leurres et cuillères de pêche,Leurres de pêche en eau douce,"Fabriqué dans des installations à Peterborough et Cobourg, Ontario","Peterborough, Ontario; Cobourg, Ontario","Déclaration concernant la propriété sur la page officielle : ""Fourth-generation family-owned business of the Edgar family"" (catégorie de propriété non vérifiée)",Aucune précision sur la page officielle consultée,"Remplace les cannes à pêche, les articles et les leurres d’origine américaine (rubrique SH 95.07.)"
268,"Sports, outdoor, recreation and toys",Hockey equipment,McKenney Professional,Custom goalie pads and gloves,Goalie equipment,Canadian-Made,Canada (location not stated),ownership not verified,None stated on fetched official page,Replaces U.S.-origin sports and exercise equipment covered by the counter-tariffs (general physical exercise articles 95.06),95.06,Since we build all of our gear in Canada,https://mckenneyhockey.com/en-us,https://madeinca.ca/sports-equipment-mckenney-custom-sports/,2026-08-28,Medium,"Sports, plein air, loisirs et jouets",Matériel de hockey,Jambières et gants de gardien sur mesure,Équipement de gardien de but,Fabriqué au Canada,Canada (emplacement non précisé),Propriété non vérifiée,Aucune précision sur la page officielle consultée,Remplace le matériel de sport et d'exercice d’origine américaine visé par les droits de douane de rétorsion (articles d’exercice physique 95.06)
269,"Sports, outdoor, recreation and toys",Fitness equipment,Northern Lights Fitness Products,Commercial strength equipment and racks,Home and gym strength equipment,"Made in Canada; made in-house in Quebec; Made in Canada, Start to Finish; Canadian Foundry Manufacturing",Canada (location not stated),ownership not verified,None stated on fetched official page,Replaces U.S.-origin sports and exercise equipment (heading 95.06),95.06,"Made in Canada, Start to Finish: No outsourcing or repackaging, everything is crafted in Ontario.",https://www.yanrefitness.com/canadian-fitness-equipment-manufacturers/,https://madeinca.ca/fitness-northern-lights/,2026-08-28,Medium,"Sports, plein air, loisirs et jouets",Équipement de conditionnement physique,Appareils de musculation commerciaux et bâtis,Équipement de musculation pour la maison et le gym,Fabriqué au Canada; fabrication à l’interne au Québec; fabriqué et fini au Canada; pièces moulées au Canada,Canada (emplacement non précisé),Propriété non vérifiée,Aucune précision sur la page officielle consultée,Remplace l'équipement de sport et d'exercice d’origine américaine (rubrique SH 95.06)
270,"Sports, outdoor, recreation and toys",Canoes,Nova Craft Canoe,Prospector and Pal canoes,Recreational canoeing,Made in Canada,"London, Ontario",ownership not verified,None stated on fetched official page,Replaces U.S.-origin recreational watercraft and paddling gear bought instead of tariffed U.S. goods (related listed headings include 95.06 sports equipment),n.a.,"Today, Nova Craft canoes are made in Canada and trusted by paddlers around the world.",https://www.novacraft.com/,https://www.novacraft.com/our-company/,2026-08-28,High,"Sports, plein air, loisirs et jouets",Canots,Canots Prospector et Pal,Canotage récréatif,Fabriqué au Canada,"London, Ontario",Propriété non vérifiée,Aucune précision sur la page officielle consultée,Remplace les embarcations de plaisance et l’équipement de pagaie d’origine américaine achetés plutôt que des produits américains assujettis aux droits de douane (les rubriques SH connexes comprennent l’équipement sportif 95.06)
271,"Sports, outdoor, recreation and toys",Outdoor packs,Ostrom Outdoors,Canoe packs and portage packs,Canoe tripping packs,"Assembled Just For You in Thunder Bay, Ontario.","Thunder Bay, Ontario",ownership not verified,None stated on fetched official page,Replaces U.S.-origin sports and exercise equipment covered by the counter-tariffs (general physical exercise articles 95.06),n.a.,"Assembled Just For You in Thunder Bay, Ontario.",https://ostromoutdoors.ca/,https://ostromoutdoors.ca/pages/about-us,2026-08-28,High,"Sports, plein air, loisirs et jouets",Sacs de plein air,Sacs de canot et de portage,Sacs pour excursions en canot,"Assemblé juste pour vous à Thunder Bay, en Ontario.","Thunder Bay, Ontario",Propriété non vérifiée,Aucune précision sur la page officielle consultée,Remplace le matériel de sport et d'exercice d’origine américaine visé par les droits de douane de rétorsion (articles d’exercice physique 95.06)
272,"Sports, outdoor, recreation and toys",Games and puzzles,Outset Media,Puzzles and family games,Board games and puzzles,Made in Canada,Canada (location not stated),ownership not verified,"We manufacture products in Canada, the United States, and China, as well as import from Europe. Some products may be out of stock, but you can still back order them. | Availability note: Some products may be out of stock, but you can still back order them.",Replaces U.S.-origin table or parlour games and game articles (heading 95.04),95.04,"We manufacture products in Canada, the United States, and China, as well as import from Europe.",https://outsetmedia.com/collections/made-in-canada,,2026-08-28,Medium,"Sports, plein air, loisirs et jouets",Jeux et casse-têtes,Casse-têtes et jeux familiaux,Jeux de société et casse-têtes,Fabriqué au Canada,Canada (emplacement non précisé),Propriété non vérifiée,"Nous fabriquons des produits au Canada, aux États-Unis et en Chine, ainsi que des produits importés d'Europe. Certains produits peuvent être en rupture de stock, mais vous pouvez quand même les commander. Remarque sur la disponibilité : Certains produits peuvent être en rupture de stock, mais vous pouvez quand même les commander en arrière.",Remplace les jeux de table ou de salon d’origine américaine et les articles de jeu (rubrique SH 95.04)
273,"Sports, outdoor, recreation and toys",Skis and snowboards,Prior Snowboards & Skis,Custom skis and snowboards,Skiing and snowboarding,"Handcrafted in Whistler, Canada",Canada (location not stated),ownership not verified,None stated on fetched official page,Replaces U.S.-origin sports and exercise equipment covered by the counter-tariffs (general physical exercise articles 95.06),95.06,"Handcrafted in Whistler, Canada",https://www.priorsnow.com/,https://www.priorsnow.com/pages/about,2026-08-28,Medium,"Sports, plein air, loisirs et jouets",Skis et planches à neige,Skis et planches à neige sur mesure,Ski et planche à neige,"Fabrication artisanale à Whistler, au Canada",Canada (emplacement non précisé),Propriété non vérifiée,Aucune précision sur la page officielle consultée,Remplace le matériel de sport et d'exercice d’origine américaine visé par les droits de douane de rétorsion (articles d’exercice physique 95.06)
274,"Sports, outdoor, recreation and toys",Canoes and kayaks,Swift Canoe & Kayak,Kevlar canoes and kayaks,Paddling,"Canadian made lightweight Canoes, Kayaks and Pack Boats",Canada (location not stated),ownership not verified,None stated on fetched official page,Replaces U.S.-origin recreational watercraft and paddling gear bought instead of tariffed U.S. goods (related listed headings include 95.06 sports equipment),n.a.,"Choose from our selection of Canadian made lightweight Canoes, Kayaks and Pack Boats",https://swiftcanoe.com/,https://swiftcanoe.com/contact/,2026-08-28,Medium,"Sports, plein air, loisirs et jouets",Canots et kayaks,Canots et kayaks en Kevlar,Sports de pagaie,"Canots, kayaks et bâteaux légers fabriqués au Canada",Canada (emplacement non précisé),Propriété non vérifiée,Aucune précision sur la page officielle consultée,Remplace les embarcations de plaisance et l’équipement de pagaie d’origine américaine achetés plutôt que des produits américains assujettis aux droits de douane (les rubriques SH connexes comprennent l’équipement sportif 95.06)
275,"Sports, outdoor, recreation and toys",Games,Tracey Boards,Crokinole boards,Crokinole board game,Made in Canada,Ontario,"Ownership statement on official page: ""Ted Fuller and his wife Alanda are the founding partners of Crokinole Canada."" (ownership category not further verified)",None stated on fetched official page,Replaces U.S.-origin table or parlour games and game articles (heading 95.04),95.04,Our crokinole boards and accessories are made Ontario.,https://crokinole.ca/pages/about-us,https://crokinole.ca/,2026-08-28,High,"Sports, plein air, loisirs et jouets",Jeux,Planches de croquignole,Jeu de croquignole,Fabriqué au Canada,Ontario,"Déclaration concernant la propriété sur la page officielle : ""Ted Fuller and his wife Alanda are the founding partners of Crokinole Canada."" (catégorie de propriété non vérifiée)",Aucune précision sur la page officielle consultée,Remplace les jeux de table ou de salon d’origine américaine et les articles de jeu (rubrique SH 95.04)
276,"Sports, outdoor, recreation and toys",Fishing tackle,Williams Lures,Wabler and Whitefish spoons,Fishing lures,The Canadian location was also producing fishing lures,"Fort Erie, Ontario","Ownership statement on official page: ""In 1986, the Williams families sold to Brush-Wellman. In 1989, Brecks of Sherbrooke, Quebec, purchased the manufacturing rights to all Williams fishin"" (ownership category not further verified)","The very first Williams Wablers were not originally manufactured in Canada; commercial production began in the United States of America. In 1978, the American tackle division transferred all production to the Canadian side of the business.","Replaces U.S.-origin fishing rods, tackle and lures (heading 95.07)",95.07,By 1923 the Canadian location was also producing fishing lures.,https://williams.ca/about/,,2026-08-28,High,"Sports, plein air, loisirs et jouets",Articles de pêche,Cuillères Wabler et Whitefish,Leurres de pêche,L'emplacement canadien produisait également des leurres de pêche.,"Fort Erie, Ontario","Déclaration concernant la propriété sur la page officielle : ""In 1986, the Williams families sold to Brush-Wellman. In 1989, Brecks of Sherbrooke, Quebec, purchased the manufacturing rights to all Williams fishin"" (catégorie de propriété non vérifiée)","Les tout premiers Williams Wablers n'ont pas été fabriqués à l'origine au Canada; la production commerciale a commencé aux États-Unis d'Amérique. En 1978, la division américaine a transféré toute la production du côté canadien de l'entreprise.","Remplace les cannes à pêche, les articles et les leurres d’origine américaine (rubrique SH 95.07.)"
277,"Automotive, mobility and transport-related goods",RVs and trailers,Bigfoot Industries,Truck campers and travel trailers,Truck camper,"Built by skilled craftspeople at our facility in Spallumcheen, BC — Canadian quality from the ground up","Spallumcheen, BC",ownership not verified,None stated on fetched official page,Replaces U.S.-origin trailers and semi-trailers (heading 87.16),87.16,"Every Bigfoot RV is built by skilled craftspeople at our facility in Spallumcheen, BC — Canadian quality from the ground up.",https://bigfootrv.com/,https://madeinca.ca/automotive-bigfoot-rv-%F0%9F%8D%81/,2026-08-28,High,"Automobile, mobilité et produits liés au transport",VR et remorques,Caravanes portées et roulottes de voyage,Caravane portée,"Construit par des artisans qualifiés dans notre établissement de Spallumcheen, en Colombie-Britannique — une qualité canadienne authentique","Spallumcheen, Colombie-Britannique",Propriété non vérifiée,Aucune précision sur la page officielle consultée,Remplace les remorques et semi-remorques d’origine américaine (rubrique SH 87.16)
278,"Automotive, mobility and transport-related goods",Buses,Girardin Minibus,School minibuses and shuttle buses,School minibuses (institutional),fabriqué au Québec par Micro Bird,Québec,ownership not verified,None stated on fetched official page,Replaces U.S.-origin vehicles under the counter-tariffs (87.02/87.03/87.04),87.02,"Le G5e, un minibus scolaire électrique fabriqué au Québec par Micro Bird",https://www.girardinbluebird.com/fr/nouvelles-et-evenements/9-nouvelles/126-girardin-livre-ses-premiers-minibus-electrique-g5e,https://www.girardinbluebird.com/en/news-and-events/37-news/282-commercial-electric-bus-market-now-opened-to-girardin,2026-08-28,High,"Automobile, mobilité et produits liés au transport",Autobus,Minibus scolaires et navettes,Minibus scolaires (usage institutionnel),fabriqué au Québec par Micro Bird,Québec,Propriété non vérifiée,Aucune précision sur la page officielle consultée,Remplace les véhicules d’origine américaine visés par les droits de douane de rétorsion (87.02/87.03/87.04)
279,"Automotive, mobility and transport-related goods",Passenger vehicles,Honda Canada Manufacturing,Honda CR-V and Civic built in Alliston,Family vehicle,Honda of Canada Mfg. produces vehicles and 4-cylinder engines in Canada,"Alliston, ON",ownership not verified,The vehicles produced at HCM are sold in Canada and exported to the United States.,Replaces U.S.-origin passenger vehicles (heading 87.03) and goods vehicles (87.04) under the counter-tariffs,87.03,"In 1986, Honda of Canada Mfg. (HCM) began production with the assembly of the Honda Accord",https://www.hondacanadamfg.ca/our-company/,https://www.hondacanada.ca/manufacturing,2026-08-28,High,"Automobile, mobilité et produits liés au transport",Véhicules de promenade,Honda CR-V et Civic assemblés à Alliston,Véhicule familial,Honda of Canada Mfg. produit des véhicules et des moteurs à quatre cylindres au Canada,"Alliston, Ontario",Propriété non vérifiée,Les véhicules produits à HCM sont vendus au Canada et exportés aux États-Unis.,Remplace les véhicules de promenade d’origine américaine (rubrique SH 87.03) et les véhicules de transport de marchandises (87.04) visés par les droits de douane de rétorsion
280,"Automotive, mobility and transport-related goods",Buses,Lion Electric,LionC electric school buses,Electric school buses (institutional),"St-Jérôme, Que.-based manufacturer of electric buses","St-Jérôme, Quebec","Ownership statement on official page: ""Lion Electric has been bought by a group of Quebec investors."" (ownership category not further verified)",None stated on fetched official page,Replaces U.S.-origin passenger vehicles (heading 87.03) and goods vehicles (87.04) under the counter-tariffs,87.02,"Lion Electric, a St-Jérôme, Que.-based manufacturer of electric buses, has been bought by a group of Quebec investors.",https://electricautonomy.ca/fleets/school-buses/2025-05-22/lion-electric-investors-quebec-school-bus/,https://electricautonomy.ca/news/2020-06-25/transdev-lion-electric-school-bus-deal/,2026-08-28,High,"Automobile, mobilité et produits liés au transport",Autobus,Autobus scolaires électriques LionC,Autobus scolaires électriques (usage institutionnel),"Fabricant d’autobus électriques établi à Saint-Jérôme, au Québec","Saint-Jérôme, Québec","Déclaration concernant la propriété sur la page officielle : ""Lion Electric has been bought by a group of Quebec investors."" (catégorie de propriété non vérifiée)",Aucune précision sur la page officielle consultée,Remplace les véhicules de promenade d’origine américaine (rubrique SH 87.03) et les véhicules de transport de marchandises (87.04) visés par les droits de douane de rétorsion
281,"Automotive, mobility and transport-related goods",Semi-trailers,Manac,"Flatbed, van and dump semi-trailers",Commercial semi-trailers (B2B),Manac operates semi-trailer manufacturing plants in Canada,"Saint-Georges, Quebec; Laurier-Station, Quebec; Penticton, British Columbia; Val-des-Sources, Quebec","Ownership/parent stated on official page: ""Manac is a subsidiary of the holding company 9327-2615 Quebec Inc. Manac owns Peerless Limited, Manac Trailers USA, Inc. and ABS Remorques Inc.""","Manac also operates a manufacturing plant in Oran, Missouri, USA, and directly and indirectly imports materials, components, raw materials, processed raw materials, parts, tools and equipment used in manufacturing.",Replaces U.S.-origin trailers and semi-trailers (heading 87.16),87.16,"Manac operates two (2) semi-trailer manufacturing plants in Canada, located in Saint-Georges (QC) and Laurier-Station (QC)",https://www.manac.com/ca/en/social-commitment,https://www.manac.com/ca/en/company/news/manac-completes-a-170-million-financing,2026-08-28,High,"Automobile, mobilité et produits liés au transport",Semi-remorques,"Semi-remorques à plateforme, fourgons et bennes",Semi-remorques commerciales (interentreprises),Manac exploite des semi-remorques au Canada,"Saint-Georges, Québec; Laurier-Station, Québec; Penticton, Colombie-Britannique; Val-des-Sources, Québec","Propriétaire ou société mère indiqué sur la page officielle : ""Manac is a subsidiary of the holding company 9327-2615 Quebec Inc. Manac owns Peerless Limited, Manac Trailers USA, Inc. and ABS Remorques Inc.""","Manac exploite aussi une usine de fabrication à Oran, au Missouri, aux États-Unis, et importe directement ou indirectement des matériaux, des composants, des matières premières, des pièces, des outils et de l’équipement utilisés dans la fabrication.",Remplace les remorques et semi-remorques d’origine américaine (rubrique SH 87.16)
282,"Automotive, mobility and transport-related goods",Trailers,Miska Trailers,Utility and dump trailers,Utility trailers,"Built By Canadians, For Canadians",Canada (location not stated),ownership not verified,None stated on fetched official page,Replaces U.S.-origin vehicles and trailers under the counter-tariffs (87.03/87.04/87.16),87.16,"Built By Canadians, For Canadians",https://www.miskatrailers.com/,https://www.miskatrailers.com/TrailerModels/SearchResults?category=utility-landscape-and-car-trailers,2026-08-28,Medium,"Automobile, mobilité et produits liés au transport",Remorques,Remorques utilitaires et à benne,Remorques utilitaires,Bâtie par les Canadiens et les Canadiennes,Canada (emplacement non précisé),Propriété non vérifiée,Aucune précision sur la page officielle consultée,Remplace les véhicules et remorques d’origine américaine visés par les droits de douane de rétorsion (87.03/87.04/87.16)
283,"Automotive, mobility and transport-related goods",Railcars,National Steel Car,Freight railcars,Freight rail equipment (industrial),"manufactured in Hamilton, Ontario","Hamilton, Ontario",ownership not verified,None stated on fetched official page,Replaces U.S.-origin railway rolling stock and parts (headings 86.03/86.05/86.07),86.06,"these custom railcars that are manufactured right here in Hamilton, Ontario",https://www.steelcar.com/news/canpotex-invests-its-world-class-supply-chain-acquiring-1300-railcars-national-steel-car,,2026-08-28,High,"Automobile, mobilité et produits liés au transport",Wagons,Wagons de marchandises,Matériel ferroviaire de marchandises (industrie),fabriqués à Hamilton (Ontario),"Hamilton, Ontario",Propriété non vérifiée,Aucune précision sur la page officielle consultée,Remplace le matériel roulant ferroviaire d’origine américaine (rubriques SH 86.03/86.05/86.07)
284,"Automotive, mobility and transport-related goods",Buses,New Flyer (NFI Group),Xcelsior transit buses,Municipal transit buses (institutional),"Full domestic production of heavy-duty transit vehicles, including zero-emission buses, in Winnipeg","Winnipeg, Manitoba","Ownership/parent stated on official page: ""NFI Group Inc. along with its subsidiary New Flyer Industries Canada ULC (New Flyer)""",None stated on fetched official page,Replaces U.S.-origin passenger vehicles (heading 87.03) and goods vehicles (87.04) under the counter-tariffs,87.02,"For the first time in 15 years, buses built by Canadians, for Canadians, will be manufactured—from start to finish—on Canadian soil.",https://www.newflyer.com/2026/03/nfi-group-hosts-ribbon-cutting-ceremony-to-officially-open-new-flyers-all-canadian-build-facility-in-winnipeg/,https://www.newflyer.com/2024/10/new-flyer-expands-winnipeg-capability-for-all-canadian-build-of-xcelsior-heavy-duty-transit-buses-with-funding-support-from-the-government-of-manitoba-and-prairiescan/,2026-08-28,High,"Automobile, mobilité et produits liés au transport",Autobus,Autobus urbains Xcelsior,Autobus de transport collectif municipal (usage institutionnel),"Production nationale complète de véhicules lourds de transport collectif, y compris des autobus zéro émission, à Winnipeg","Winnipeg, Manitoba","Propriétaire ou société mère indiqué sur la page officielle : ""NFI Group Inc. along with its subsidiary New Flyer Industries Canada ULC (New Flyer)""",Aucune précision sur la page officielle consultée,Remplace les véhicules de promenade d’origine américaine (rubrique SH 87.03) et les véhicules de transport de marchandises (87.04) visés par les droits de douane de rétorsion
285,"Automotive, mobility and transport-related goods",Buses,Nova Bus,LFS transit buses,Municipal transit buses (institutional),fabrication d'autobus électriques au Canada,Canada (location not stated),"Ownership statement on official page: ""faisant partie du Groupe Volvo"" (ownership category not further verified)",None stated on fetched official page,Replaces U.S.-origin passenger vehicles (heading 87.03) and goods vehicles (87.04) under the counter-tariffs,87.02,"Nova Bus, chef de file canadien dans la fabrication d'autobus électriques au Canada et membre du groupe Volvo",https://novabus.com/,https://www.canadianmanufacturing.com/manufacturing/nova-bus-wins-bid-for-order-of-electric-buses-in-que-291477/,2026-08-28,Medium,"Automobile, mobilité et produits liés au transport",Autobus,Autobus urbains LFS,Autobus de transport collectif municipal (usage institutionnel),fabrication d'autobus électriques au Canada,Canada (emplacement non précisé),"Déclaration concernant la propriété sur la page officielle : ""faisant partie du Groupe Volvo"" (catégorie de propriété non vérifiée)",Aucune précision sur la page officielle consultée,Remplace les véhicules de promenade d’origine américaine (rubrique SH 87.03) et les véhicules de transport de marchandises (87.04) visés par les droits de douane de rétorsion
286,"Automotive, mobility and transport-related goods",RVs,Pleasure-Way,"Class B camper vans (Ontour, Plateau)",Camper van,"Every Pleasure-Way motorhome is proudly built at our manufacturing facility in Saskatoon, Saskatchewan, Canada.","Saskatoon, Saskatchewan",ownership not verified,None stated on fetched official page,Replaces U.S.-origin passenger vehicles (heading 87.03) and goods vehicles (87.04) under the counter-tariffs,87.03,"Every Pleasure-Way motorhome is proudly built at our manufacturing facility in Saskatoon, Saskatchewan, Canada.",https://pleasureway.com/company/faqs/,https://pleasureway.com/company/our-story/,2026-08-28,High,"Automobile, mobilité et produits liés au transport",VR,"Fourgons aménagés de classe B (Ontour, Plateau)",Fourgon aménagé,"Chaque camping-car Pleasure-Way est fièrement construit dans notre usine de fabrication à Saskatoon, en Saskatchewan, au Canada.","Saskatoon, Saskatchewan",Propriété non vérifiée,Aucune précision sur la page officielle consultée,Remplace les véhicules de promenade d’origine américaine (rubrique SH 87.03) et les véhicules de transport de marchandises (87.04) visés par les droits de douane de rétorsion
287,"Automotive, mobility and transport-related goods",Motorcoaches,Prevost,H3-45 and X3-45 motorcoaches,Intercity coaches (commercial),largest intercity coach builder in Canada,"Sainte-Claire, Québec",ownership not verified,None stated on fetched official page,Replaces U.S.-origin passenger vehicles (heading 87.03) and goods vehicles (87.04) under the counter-tariffs,87.02,"More than 100 coaches were produced each year in 1949, 1950, and 1952, making the company the largest intercity coach builder in Canada.",https://prevostcar.com/stories/eugene-prevost,https://www.newswire.ca/news-releases/prevost-and-coach-atlantic-maritime-bus-an-order-of-100-motorcoaches-for-100-years-863517862.html,2026-08-28,High,"Automobile, mobilité et produits liés au transport",Autocars,Autocars H3-45 et X3-45,Autocars interurbains commerciaux,Plus grand constructeur d’autocars interurbains au Canada,"Sainte-Claire, Québec",Propriété non vérifiée,Aucune précision sur la page officielle consultée,Remplace les véhicules de promenade d’origine américaine (rubrique SH 87.03) et les véhicules de transport de marchandises (87.04) visés par les droits de douane de rétorsion
288,"Automotive, mobility and transport-related goods",Accessibility lifts,Savaria,Home stairlifts and platform lifts,Home accessibility lifts,"Canadian-made, custom-built rails",Canada (location not stated),ownership not verified,"The page states that Canadian-made applies to custom-built rails for curved stairlift models, not necessarily to the entire stairlift.",Replaces U.S.-origin mobility and lifting equipment purchased instead of tariffed U.S. goods (related listed headings include 84.28 lifting machinery),84.28,"curved models with Canadian-made, custom-built rails designed to fit the exact dimensions of your staircase",https://www.savaria.com/where-to-buy/direct-stores-canada/savaria-quebec,https://corp.savaria.com/resource/dm/2393977624103820067?inline=yes,2026-08-28,Medium,"Automobile, mobilité et produits liés au transport",Appareils élévateurs d’accessibilité,Monte-escaliers et plateformes élévatrices résidentiels,Appareils élévateurs d’accessibilité résidentiels,"Rails fabriqués au Canada, sur mesure",Canada (emplacement non précisé),Propriété non vérifiée,"La page indique que la fabrication canadienne s'applique aux rails sur mesure pour les modèles d'escalier incurvés, pas nécessairement à l'ensemble de l'escalier.",Remplace le matériel de mobilité et de levage d’origine américaine acheté plutôt que des produits américains assujettis aux droits de douane (les rubriques SH connexes comprennent les appareils de levage 84.28)
289,"Automotive, mobility and transport-related goods",Snowmobiles,Taiga Motors,Nomad and Atlas electric snowmobiles,Electric snowmobiling,personal watercraft still made in Canada,"Montreal, Quebec",ownership not verified,Taiga plans to begin producing new electric snowmobiles in the fall of 2025.,Replaces U.S.-origin recreational powersports vehicles (motorcycles/e-cycles 87.11 listed),87.11,leading production of the only personal watercraft still made in Canada.,https://www.taigamotors.com/en/stories/taiga-launches-production-of-2025-orca-watercraft/,,2026-08-28,High,"Automobile, mobilité et produits liés au transport",Motoneiges,Motoneiges électriques Nomad et Atlas,Motoneige électrique,Motomarine encore fabriquée au Canada,"Montréal, Québec",Propriété non vérifiée,Taïga prévoit commencer à produire de nouvelles motoneiges électriques à l'automne 2025.,Remplace les véhicules motorisés récréatifs d’origine américaine (les motocyclettes et cycles électriques 87.11 figurent dans la liste)
290,"Automotive, mobility and transport-related goods",Passenger vehicles,Toyota Motor Manufacturing Canada,RAV4 and Lexus RX built in Cambridge/Woodstock,Family vehicle,Toyota Motor Manufacturing Canada has started producing the all-new 6th generation RAV4 for the North American market,"Woodstock, Ontario",ownership not verified,None stated on fetched official page,Replaces U.S.-origin passenger vehicles (heading 87.03) and goods vehicles (87.04) under the counter-tariffs,87.03,Toyota Motor Manufacturing Canada (TMMC) has started producing the all-new 6th generation RAV4 for the North American market.,https://media.toyota.ca/en/releases/2026/toyota-starts-canadian-production-of-the-all-new-6th-generation-.html,https://global.toyota/en/detail/282277,2026-08-28,High,"Automobile, mobilité et produits liés au transport",Véhicules de promenade,RAV4 et Lexus RX assemblés à Cambridge/Woodstock,Véhicule familial,Toyota Motor Manufacturing Canada a commencé à produire le tout nouveau RAV4 de 6e génération pour le marché nord-américain,"Woodstock, Ontario",Propriété non vérifiée,Aucune précision sur la page officielle consultée,Remplace les véhicules de promenade d’origine américaine (rubrique SH 87.03) et les véhicules de transport de marchandises (87.04) visés par les droits de douane de rétorsion
291,Other tariff-relevant Canadian-made goods,Pet food,Big Country Raw,Frozen raw pet food,Raw dog and cat food,"We produce all of our raw pet food right here in Smithville, Ontario.","Smithville, Ontario",ownership not verified,None stated on fetched official page,Replaces U.S.-origin pet food bought instead of tariffed U.S. imports,n.a.,"We produce all of our raw pet food right here in Smithville, Ontario.",https://bigcountryraw.ca/about-us/,https://bigcountryraw.ca/content/BCR_FAQ-WSAVA_06.20.22.pdf,2026-08-28,High,Autres produits fabriqués au Canada visés par les tarifs,Nourriture pour animaux de compagnie,Nourriture crue surgelée pour animaux de compagnie,Nourriture crue pour chiens et chats,"Nous produisons tous nos aliments crus pour animaux de compagnie ici, à Smithville, en Ontario.","Smithville, Ontario",Propriété non vérifiée,Aucune précision sur la page officielle consultée,Remplace les aliments pour animaux de compagnie d’origine américaine achetés au lieu des importations américaines assujetties aux droits de douane
292,Other tariff-relevant Canadian-made goods,Pet food,Champion Petfoods,ORIJEN and ACANA dry pet food (Alberta kitchens),Dog and cat food,"Dried and freeze-dried foods are carefully crafted in kitchens including the NorthStar kitchen in Acheson, Alberta","Acheson, Alberta",ownership not verified,"Foods are made in multiple locations, including DogStar Kitchen in Auburn, Kentucky, USA; canned foods are produced by a collaborator.",Replaces U.S.-origin pet food and animal feed preparations bought instead of tariffed U.S. imports,n.a.,"In December 2019, we opened our new NorthStar kitchen, in Acheson, Alberta.",https://championpetfoods.com/en/frequently-asked-questions.html,https://www.petfoodprocessing.net/articles/13579-canadian-pet-food-producer-champions-regional-sourcing-with-new-facility,2026-08-28,High,Autres produits fabriqués au Canada visés par les tarifs,Nourriture pour animaux de compagnie,Nourriture sèche ORIJEN et ACANA pour animaux (cuisines de l’Alberta),Nourriture pour chiens et chats,"Les aliments secs et lyophilisés sont soigneusement préparés dans des cuisines, notamment la NorthStar Kitchen d’Acheson, en Alberta","Acheson, Alberta",Propriété non vérifiée,"Les aliments sont fabriqués en plusieurs endroits, y compris la cuisine DogStar à Auburn, Kentucky, États-Unis; les aliments en conserve sont produits par un collaborateur.",Remplace les aliments pour animaux d’origine américaine et les préparations pour aliments pour animaux achetés au lieu des importations américaines assujetties aux droits de douane
293,Other tariff-relevant Canadian-made goods,Barbecue fuel,Charbons de bois Basques,Hardwood lump charcoal,Barbecue charcoal,"Producing natural lump charcoal for over 35 years in Saint-Mathieu de Rioux, in the Bas-St-Laurent region of Quebec","Saint-Mathieu de Rioux, Quebec",ownership not verified,None stated on fetched official page,Replaces U.S.-origin wood charcoal (heading 44.02),44.02,"Located in Saint-Mathieu de Rioux, in the Bas-St-Laurent region of Quebec, Basques Hardwood Charcoal has been producing natural lump charcoal for over 35 years.",https://www.basquescharcoal.com/do-business-with-us/,https://www.basquescharcoal.com/faq/,2026-08-28,High,Autres produits fabriqués au Canada visés par les tarifs,Combustible pour barbecue,Charbon de bois dur en morceaux,Charbon pour barbecue,"Production naturelle de charbon en morceaux depuis plus de 35 ans à Saint-Mathieu de Rioux, dans la région du Bas-St-Laurent au Québec","Saint-Mathieu de Rioux, Québec",Propriété non vérifiée,Aucune précision sur la page officielle consultée,Remplace le charbon de bois d’origine américaine (rubrique SH 44.02)
294,Other tariff-relevant Canadian-made goods,Pet food,Corey Nutrition,Dry pet food (Chicken Soup? lines),Dog and cat food,Lovingly made in Canada for pet owners like you.,"Fredericton, New Brunswick, Canada","Ownership statement on official page: ""friendly, family-owned and operated business"" (ownership category not further verified)",None stated on fetched official page,Replaces U.S.-origin pet food bought instead of tariffed U.S. imports,n.a.,"We produce superior quality pet foods with all natural, high quality ingredients only in our Canadian facilities.",https://corey.ca/en/about,https://corey.ca/,2026-08-28,High,Autres produits fabriqués au Canada visés par les tarifs,Nourriture pour animaux de compagnie,Nourriture sèche pour animaux (gammes Chicken Soup? ),Nourriture pour chiens et chats,Fièrement fabriqué au Canada pour les propriétaires d’animaux comme vous,"Fredericton, Nouveau-Brunswick, Canada","Déclaration concernant la propriété sur la page officielle : ""friendly, family-owned and operated business"" (catégorie de propriété non vérifiée)",Aucune précision sur la page officielle consultée,Remplace les aliments pour animaux de compagnie d’origine américaine achetés au lieu des importations américaines assujetties aux droits de douane
295,Other tariff-relevant Canadian-made goods,Musical instruments,Godin Guitars,Godin electric and acoustic guitars,Guitars,100% Canadian-made instruments,"La Patrie, Québec","Ownership statement on official page: ""what started as a family business"" (ownership category not further verified)",None stated on fetched official page,"Canadian-made alternative to U.S. consumer durables affected by the counter-tariff response (instruments themselves are not itemized in the September 8, 2026 schedule)",n.a.,"Our necks and bodies are entirely crafted in La Patrie, Québec, before being assembled in our workshops in Princeville or Richmond.",https://godinguitars.com/a-canadian-story-where-craftsmanship-and-innovation-come-together/,https://godinguitars.com/,2026-08-28,High,Autres produits fabriqués au Canada visés par les tarifs,Instruments de musique,Guitares électriques et acoustiques Godin,Guitares,Instruments 100 % fabriqués au Canada,"La Patrie, Québec","Déclaration concernant la propriété sur la page officielle : ""what started as a family business"" (catégorie de propriété non vérifiée)",Aucune précision sur la page officielle consultée,Solutions de rechange canadiennes aux biens de consommation durables américains touchés par la mesures tarifaires de rétorsion (les instruments eux-mêmes ne sont pas énumérés dans l'annexe du 8 septembre 2026)
296,Other tariff-relevant Canadian-made goods,Musical instruments,Larrivee Guitars,Larrivee acoustic guitars,Acoustic guitars,Vancouver plant in Canada produces all the Larrivee satin finish models,"Vancouver, British Columbia",ownership not verified,Gloss finish guitars are produced at the California plant; only satin finish models are explicitly stated to be produced in Canada.,Canadian-made alternative to U.S. consumer durables (instruments not itemized),n.a.,John Jr. runs the Vancouver plant in Canada which produces all the Larrivee satin finish models.,https://southernvintageguitars.com/pages/history-of-larrivee-acoustic-guitars,https://www.westcoastguitarsvancouver.com/larrivee,2026-08-28,High,Autres produits fabriqués au Canada visés par les tarifs,Instruments de musique,Guitares acoustiques Larrivee,Guitares acoustiques,L’usine canadienne de Vancouver fabrique tous les modèles Larrivee au fini satiné,"Vancouver, Colombie-Britannique",Propriété non vérifiée,Des guitares de finition brillante sont produites à l'usine de Californie; seuls les modèles de finition satinée sont explicitement déclarés pour être produits au Canada.,Solutions de rechange canadiennes aux biens de consommation durables des États-Unis (instruments non détaillés)
297,Other tariff-relevant Canadian-made goods,Musical instruments,Riversong Guitars,Tradition and Performer guitars,Acoustic guitars,We proudly build many guitars in Kamloops BC Canada.,"Kamloops, British Columbia",ownership not verified,"The page states that many guitars are built in Kamloops, BC, Canada.",Canadian-made alternative to U.S. consumer durables (instruments not itemized),n.a.,Our name is inspired by the meeting of two mighty Rivers in Kamloops BC Canada. We proudly build many guitars in this beautiful city.,https://riversongguitars.com/,https://riversongguitars.com/collections/pacific-series,2026-08-28,High,Autres produits fabriqués au Canada visés par les tarifs,Instruments de musique,Guitares Tradition et Performer,Guitares acoustiques,"Nous fabriquons fièrement de nombreuses guitares à Kamloops, en Colombie-Britannique, au Canada","Kamloops, Colombie-Britannique",Propriété non vérifiée,"La page indique que de nombreuses guitares sont fabriquées à Kamloops, en Colombie-Britannique, au Canada.",Solutions de rechange canadiennes aux biens de consommation durables des États-Unis (instruments non détaillés)
298,Other tariff-relevant Canadian-made goods,Musical instruments,Seagull Guitars,Seagull S6 acoustic guitars,Acoustic guitars,All of our guitars are Made In Canada.,"LaPatrie, Quebec",ownership not verified,None stated on fetched official page,"Canadian-made alternative to U.S. consumer durables (instruments not itemized in the September 8, 2026 schedule)",n.a.,All of our guitars are Made In Canada.,https://godinguitars.com/seagull/,https://seagullguitars.com/a-canadian-story-where-craftsmanship-and-innovation-come-together/,2026-08-28,High,Autres produits fabriqués au Canada visés par les tarifs,Instruments de musique,Guitares acoustiques Seagull S6,Guitares acoustiques,Toutes nos guitares sont fabriquées au Canada.,"LaPatrie, Québec",Propriété non vérifiée,Aucune précision sur la page officielle consultée,Alternative canadienne aux biens de consommation durables des États-Unis (instruments non énumérés dans l'annexe du 8 septembre 2026)
299,Other tariff-relevant Canadian-made goods,Work gloves,Superior Glove Works,Work gloves and cut-resistant gloves,Work and safety gloves,"Products are engineered at the headquarters in Ontario, Canada; production facilities span Canada, the United States, Mexico, and Central America.","Ontario, Canada","Ownership statement on official page: ""Frank Geng acquires the company, renaming it Superior Glove Works."" (ownership category not further verified)","Production facilities span across Canada, the United States, Mexico, and Central America.","Replaces U.S.-origin gloves, mittens and mitts (heading 61.16) and protective textile articles",61.16,"our team and production facilities span across Canada, the United States, Mexico, and Central America.",https://www.superiorglove.com/about-us/,https://theorg.com/org/superior-glove/org-chart/tony-geng,2026-08-28,High,Autres produits fabriqués au Canada visés par les tarifs,Gants de travail,Gants de travail et résistants aux coupures,Gants de travail et de sécurité,"Les produits sont conçus au siège social en Ontario, au Canada; les installations de production se trouvent au Canada, aux États-Unis, au Mexique et en Amérique centrale.","Ontario, Canada","Déclaration concernant la propriété sur la page officielle : ""Frank Geng acquires the company, renaming it Superior Glove Works."" (catégorie de propriété non vérifiée)","Les installations de production couvrent le Canada, les États-Unis, le Mexique et l'Amérique centrale.",Remplace les gants et mitaines d’origine américaine (rubrique SH 61.16) ainsi que les articles textiles de protection
300,Other tariff-relevant Canadian-made goods,Work gloves,Watson Gloves,Leather and work gloves,Work gloves,Made in Canada Gloves,Canada (location not stated),ownership not verified,None stated on fetched official page,Replaces U.S.-origin gloves and mitts (heading 61.16),61.16,Check out our Made in Canada Gloves,https://www.watsongloves.com/,https://www.watsongloves.com/product_categories/made-in-canada/,2026-08-28,Medium,Autres produits fabriqués au Canada visés par les tarifs,Gants de travail,Gants de cuir et de travail,Gants de travail,Gants fabriqués au Canada,Canada (emplacement non précisé),Propriété non vérifiée,Aucune précision sur la page officielle consultée,Remplace les gants et les mitaines d’origine américaine (rubrique SH 61.16)
301,Dairy and refrigerated foods,Cheese,Fromagerie St-Albert,St-Albert cheese curds and cheddar,"Fresh squeaky cheese curds and cheddar blocks for poutine, snacking and cooking.","Co-operative in St-Albert, Ontario states it produces cheese made with 100% Canadian milk from its member farms.","St-Albert, Ontario",Co-operative owned by Eastern Ontario dairy producer members,Milk sourced from cooperative members in Eastern Ontario; no imported-ingredient caveat stated.,Replaces U.S.-origin cheese and cheese curds (heading 04.06).,04.06,"St-Albert Cheese is dedicated to producing high-quality cheese, made with 100% Canadian milk, direct from the cows of our members",https://www.fromagestalbert.com/,https://www.fromagestalbert.com/resources/faq,2026-08-30,High,Produits laitiers et aliments réfrigérés,Fromage,Fromage en grains et cheddar St-Albert,"Fromage en grains frais qui « couine » et blocs de cheddar pour la poutine, la collation et la cuisine.","La coopérative de St-Albert, en Ontario, affirme produire du fromage fait de lait 100 % canadien provenant des fermes de ses membres.","St-Albert, Ontario",Coopérative détenue par des producteurs laitiers membres de l’Est de l’Ontario,Le lait provient des membres de la coopérative dans l’Est de l’Ontario; aucune précision sur des ingrédients importés.,Remplace le fromage et le fromage en grains d’origine américaine (rubrique SH 04.06).
302,Dairy and refrigerated foods,Cheese and butter,COWS Creamery,COWS Creamery Avonlea Clothbound Cheddar and sea salt butter,"Aged cheddar and cultured butter for cheese boards, baking and everyday spreading.",Company states all of its cheddars are produced in Prince Edward Island using only PEI milk.,"Charlottetown, Prince Edward Island",Division of COWS Inc.,"Recipes originate from the Orkney Islands, Scotland, but production and milk are stated as Prince Edward Island.",Replaces U.S.-origin cheddar cheese and butter (headings 04.06 and 04.05).,04.06,"COWS Creamery uses recipes from the Orkney Islands, north of mainland Scotland to produce all of our cheddars in Prince Edward Island.",https://www.cowscreamery.ca/pages/about-us,https://www.cowscreamery.ca/,2026-08-30,High,Produits laitiers et aliments réfrigérés,Fromage et beurre,Cheddar Avonlea Clothbound et beurre au sel de mer COWS Creamery,"Cheddar vieilli et beurre de culture pour les plateaux de fromages, la pâtisserie et la tartinade quotidienne.",L’entreprise affirme que tous ses cheddars sont produits à l’Île-du-Prince-Édouard avec du lait exclusivement insulaire.,"Charlottetown, Île-du-Prince-Édouard",Division de COWS Inc.,"Les recettes proviennent des îles Orcades, en Écosse, mais la production et le lait sont déclarés de l’Île-du-Prince-Édouard.",Remplace le cheddar et le beurre d’origine américaine (rubriques SH 04.06 et 04.05).
303,Dairy and refrigerated foods,Ice cream,Kawartha Dairy,Kawartha Dairy ice cream tubs,Scoopable premium ice cream for desserts and family treats.,"Company describes itself as a 100% Canadian, family-owned dairy headquartered in Bobcaygeon, Ontario, using only Ontario milk.","Bobcaygeon, Ontario","Crowe family (independent, Canadian-owned)",Page states milk is from Ontario farms; no statement about other ingredients.,Replaces U.S.-origin ice cream and frozen dairy desserts (heading 21.05).,21.05,"For over 80 years, Kawartha Dairy has been proud to be a 100% Canadian-owned company, still operated by the same family that started it",https://kawarthadairy.com/about-us/,https://kawarthadairy.com/,2026-08-30,Medium,Produits laitiers et aliments réfrigérés,Crème glacée,Contenants de crème glacée Kawartha Dairy,"Crème glacée de qualité supérieure à servir à la cuillère, pour les desserts et les gâteries familiales.","L’entreprise se décrit comme une laiterie familiale 100 % canadienne établie à Bobcaygeon, en Ontario, qui n’utilise que du lait ontarien.","Bobcaygeon, Ontario",Famille Crowe (entreprise indépendante de propriété canadienne),La page indique que le lait provient de fermes ontariennes; rien n’est précisé au sujet des autres ingrédients.,Remplace la crème glacée et les desserts laitiers surgelés d’origine américaine (rubrique SH 21.05).
304,Dairy and refrigerated foods,Artisan cheese,Gunn's Hill Artisan Cheese,Five Brothers and Handeck washed-rind cheeses,"Alpine-style artisan cheeses for cheese boards, fondue and grating.","States its small artisan cheese plant in Oxford County, Ontario produces some of Canada's finest cheeses using milk from the neighbouring family dairy farm.","Woodstock (Oxford County), Ontario",Independently owned by Shep Ysselstein,Milk comes from neighbouring Friesvale Farms; page states the finest Canadian milk is produced there.,Replaces U.S.-origin specialty and alpine-style cheese (heading 04.06).,04.06,"Today, there are two full time cheese makers and a team of staff that work diligently to produce some of Canada's finest award winning cheeses.",https://www.gunnshillcheese.ca/58-main-menu-content/about-us,https://www.gunnshillcheese.ca/,2026-08-30,High,Produits laitiers et aliments réfrigérés,Fromage artisanal,Fromages à croûte lavée Five Brothers et Handeck,"Fromages artisanaux de style alpin pour les plateaux de fromages, la fondue et le râpage.","L’entreprise affirme que sa petite fromagerie artisanale du comté d’Oxford, en Ontario, produit certains des meilleurs fromages du Canada avec le lait de la ferme laitière familiale voisine.","Woodstock (comté d’Oxford), Ontario",Propriété indépendante de Shep Ysselstein,Le lait provient de la ferme voisine Friesvale Farms; la page affirme qu’on y produit le meilleur lait canadien.,Remplace les fromages de spécialité et de style alpin d’origine américaine (rubrique SH 04.06).
305,Dairy and refrigerated foods,Artisan cheese and butter,Natural Pastures Cheese Company,Natural Pastures Cultured Butter and Comox Brie,Vancouver Island artisan cheeses and European-style cultured butter for tables and baking.,"States milk is selected from farms on Vancouver Island, Canada, and produced at its federally inspected facility in Courtenay.","Courtenay, British Columbia",Independent; founded 2001 by the Smith family and partners,Uses cow and water buffalo milk from Vancouver Island farms; no imported-ingredient caveat stated.,Replaces U.S.-origin specialty cheese and butter (headings 04.06 and 04.05).,04.06,"Our fresh cow and water buffalo milks are selected from the pristine farms of Vancouver Island, Canada.",https://naturalpastures.com/page/2/,https://naturalpastures.com/wholesale/,2026-08-30,High,Produits laitiers et aliments réfrigérés,Fromage artisanal et beurre,Beurre de culture Natural Pastures et brie Comox,Fromages artisanaux de l’île de Vancouver et beurre de culture de style européen pour la table et la pâtisserie.,"L’entreprise affirme que son lait est sélectionné auprès de fermes de l’île de Vancouver, au Canada, et transformé dans son usine sous inspection fédérale à Courtenay.","Courtenay, Colombie-Britannique",Entreprise indépendante; fondée en 2001 par la famille Smith et des partenaires,Utilise du lait de vache et de bufflonne provenant de fermes de l’île de Vancouver; aucune précision sur des ingrédients importés.,Remplace les fromages de spécialité et le beurre d’origine américaine (rubriques SH 04.06 et 04.05).
306,Dairy and refrigerated foods,Fluid milk and yogurt,Sheldon Creek Dairy,Sheldon Creek A2 whole milk and kefir,"Non-homogenized single-farm milk, yogurt and kefir for drinking and cooking.","States it is the first in Canada to produce 100% milk free from A1 proteins, processed at its own on-farm plant.","Loretto (Adjala-Tosorontio), Ontario",den Haan and Edward families (single-farm dairy),None stated on fetched official page,Replaces U.S.-origin fluid milk and cultured dairy drinks (headings 04.01 and 04.03).,04.01,We are the first in Canada to produce 100% Milk free from A1 proteins.,https://www.sheldoncreekdairy.ca/,https://www.sheldoncreekdairy.ca/copy-of-about-our-farm,2026-08-30,High,Produits laitiers et aliments réfrigérés,Lait de consommation et yogourt,Lait entier A2 et kéfir Sheldon Creek,"Lait non homogénéisé d’une seule ferme, yogourt et kéfir à boire et à cuisiner.","L’entreprise affirme être la première au Canada à produire un lait 100 % exempt de protéines A1, transformé dans sa propre usine à la ferme.","Loretto (Adjala-Tosorontio), Ontario",Familles den Haan et Edward (laiterie d’une seule ferme),Aucune précision sur la page officielle consultée,Remplace le lait de consommation et les boissons laitières fermentées d’origine américaine (rubriques SH 04.01 et 04.03).
307,Dairy and refrigerated foods,Cheese curds,Fromagerie Boivin,Cheddar en grains (fresh cheese curds),Daily-fresh cheese curds used for poutine and snacking.,States each of its cheeses starts with fresh milk collected daily from regional Quebec dairy producers at its Saguenay plants.,"Saguenay (La Baie), Quebec",Boivin family group (also owns Fromagerie St-Fidèle and Fromagerie Pépite d'or),Page notes the Amooza snack brand it once produced is now owned by Lactalis Canada.,Replaces U.S.-origin fresh cheese and cheese curds (heading 04.06).,04.06,"la préparation de chacun de nos fromages débute avec du lait frais, récolté chaque jour chez nos producteurs laitiers régionaux",https://fromagerieboivin.com/savoir-faire/,https://fromagerieboivin.com/,2026-08-30,High,Produits laitiers et aliments réfrigérés,Fromage en grains,Cheddar en grains (fromage frais du jour),"Fromage en grains frais du jour, pour la poutine et la collation.","L’entreprise affirme que chacun de ses fromages commence par du lait frais recueilli quotidiennement auprès de producteurs laitiers de la région, dans ses usines du Saguenay.","Saguenay (La Baie), Québec",Groupe de la famille Boivin (également propriétaire de la Fromagerie St-Fidèle et de la Fromagerie Pépite d’or),"La page note que la marque de collations Amooza, qu’elle a déjà fabriquée, appartient maintenant à Lactalis Canada.",Remplace le fromage frais et le fromage en grains d’origine américaine (rubrique SH 04.06).
308,Dairy and refrigerated foods,Refrigerated plant-based,Big Mountain Foods,Soy-free tofu and veggie burgers,"Refrigerated plant-based tofu, crumble and burger patties for meatless meals.","States it commissioned the world's first soy-free tofu facility at its plant in Delta, British Columbia.","Delta, British Columbia","Family-owned (Chomiak family), independent",Products are allergen-free reformulated; no imported-ingredient caveat stated.,Replaces U.S.-origin refrigerated tofu and plant-based protein foods (heading 21.06).,21.06,"facility in Delta, British Columbia to commission the world's first soy-free Tofu facility.",https://bigmountainfoods.com/pages/who-we-are,https://bigmountainfoods.com/products/soy-free-tofu,2026-08-30,High,Produits laitiers et aliments réfrigérés,Produits réfrigérés d’origine végétale,Tofu sans soya et burgers végé,"Tofu réfrigéré d’origine végétale, émietté végé et galettes à burger pour des repas sans viande.","L’entreprise affirme avoir mis en service la première usine de tofu sans soya au monde, à son usine de Delta, en Colombie-Britannique.","Delta, Colombie-Britannique",Entreprise familiale indépendante (famille Chomiak),Les produits ont été reformulés sans allergènes; aucune précision sur des ingrédients importés.,Remplace le tofu réfrigéré et les aliments protéiques d’origine végétale des États-Unis (rubrique SH 21.06).
309,Dairy and refrigerated foods,Grass-fed dairy,Rolling Meadow Dairy,Rolling Meadow grass-fed milk and butter,"Grass-fed milk, butter and cream for drinking, cooking and baking.",States its grass-fed dairy products are all made with 100% Canadian grass-fed milk.,Canada (location not stated),Brand of Agrifoods International Cooperative,None stated on fetched official page,Replaces U.S.-origin fluid milk and butter (headings 04.01 and 04.05).,04.01,"we craft Canada's leading lineup of grass-fed dairy products, all made with simple ingredients and 100% Canadian grass-fed milk.",https://www.rollingmeadowdairy.com/our-story,https://agrifoods.ca/our-brands/rolling-meadow,2026-08-30,High,Produits laitiers et aliments réfrigérés,Produits laitiers d’animaux nourris à l’herbe,Lait et beurre d’animaux nourris à l’herbe Rolling Meadow,"Lait, beurre et crème d’animaux nourris à l’herbe, à boire, à cuisiner et à pâtisser.",L’entreprise affirme que tous ses produits laitiers sont faits de lait 100 % canadien provenant d’animaux nourris à l’herbe.,Canada (emplacement non précisé),Marque d’Agrifoods International Cooperative,Aucune précision sur la page officielle consultée,Remplace le lait de consommation et le beurre d’origine américaine (rubriques SH 04.01 et 04.05).
310,Dairy and refrigerated foods,Gouda cheese,Sylvan Star Cheese,Grizzly aged Gouda,"Dutch-style aged and fresh Gouda for snacking, grating and cheese boards.",States it makes authentic Gouda cheese in Alberta at its farm near Sylvan Lake.,"Sylvan Lake / Red Deer County, Alberta",Schalkwijk family and Snoek family ownership (independent),None stated on fetched official page,Replaces U.S.-origin Gouda and other hard cheeses (heading 04.06).,04.06,We're making real authentic Gouda cheese in the heart of Alberta.,https://www.sylvanstar.ca/en/our-story/,https://www.sylvanstar.ca/,2026-08-30,High,Produits laitiers et aliments réfrigérés,Fromage gouda,Gouda vieilli Grizzly,"Gouda frais et vieilli de style néerlandais pour la collation, le râpage et les plateaux de fromages.","L’entreprise affirme fabriquer un gouda authentique en Alberta, à sa ferme près de Sylvan Lake.","Sylvan Lake / comté de Red Deer, Alberta",Propriété des familles Schalkwijk et Snoek (entreprise indépendante),Aucune précision sur la page officielle consultée,Remplace le gouda et les autres fromages à pâte ferme d’origine américaine (rubrique SH 04.06).
311,Dairy and refrigerated foods,Aged cheddar,Fromagerie Perron,Perron aged cheddar,"Sharp aged cheddar for snacking, sandwiches and cooking.",Quebec cheesemaker states its aged cheddar is made through its own manufacturing processes with milk from the Saguenay-Lac-St-Jean region.,"Saint-Prime, Quebec (region stated as Saguenay-Lac-St-Jean)",Independent Quebec cheesemaker,None stated on fetched official page,Replaces U.S.-origin cheddar cheese (heading 04.06).,04.06,This heritage of know-how from the Saguenay-Lac-St-Jean region of Quebec also makes Fromagerie Perron's cheeses stand out.,https://fromagerieperron.com/en/our-company/,https://alimentsduquebec.com/en/enterprises/fromagerie-perron-inc,2026-08-30,Medium,Produits laitiers et aliments réfrigérés,Cheddar vieilli,Cheddar vieilli Perron,"Cheddar fort et vieilli pour la collation, les sandwichs et la cuisine.","Cette fromagerie québécoise affirme que son cheddar vieilli est fabriqué selon ses propres procédés, avec du lait de la région du Saguenay–Lac-Saint-Jean.","Saint-Prime, Québec (région indiquée : Saguenay–Lac-Saint-Jean)",Fromagerie québécoise indépendante,Aucune précision sur la page officielle consultée,Remplace le cheddar d’origine américaine (rubrique SH 04.06).
312,Dairy and refrigerated foods,Artisan cheese,Fromagerie de l'Isle-aux-Grues,Riopelle de l'Isle and Le Mi-Carême,Soft-ripened and semi-firm island cheeses for cheese plates and cooking.,"Describes itself as the largest artisanal cheese factory in Canada, located on Isle-aux-Grues in Quebec.","Isle-aux-Grues, Quebec",Owned by the island's dairy producers (co-operative structure),None stated on fetched official page,Replaces U.S.-origin soft-ripened specialty cheese (heading 04.06).,04.06,the largest artisanal cheese factory in Canada stands at the heart of a unique location,https://fromagesileauxgrues.com/en/the-cheese-factory/,https://fromagesileauxgrues.com/,2026-08-30,High,Produits laitiers et aliments réfrigérés,Fromage artisanal,Riopelle de l’Isle et Le Mi-Carême,Fromages insulaires à pâte molle et à pâte demi-ferme pour les plateaux de fromages et la cuisine.,"L’entreprise se décrit comme la plus grande fromagerie artisanale au Canada, située à l’Isle-aux-Grues, au Québec.","Isle-aux-Grues, Québec",Propriété des producteurs laitiers de l’île (structure coopérative),Aucune précision sur la page officielle consultée,Remplace les fromages de spécialité à pâte molle et à croûte fleurie d’origine américaine (rubrique SH 04.06).
313,Dairy and refrigerated foods,Artisan cheese,Glengarry Fine Cheese,Lankaaster aged loaf cheese,Award-winning aged and washed-rind cheeses for cheese boards and grating.,"States it makes artisanal cheese at its plant in Lancaster, Ontario.","Lancaster, Ontario",Independently owned by the Van Bergeijk family,None stated on fetched official page,Replaces U.S.-origin artisan and washed-rind cheeses (heading 04.06).,04.06,"Artisanal Cheese in Lancaster, Ontario",https://glengarryfinecheese.com/pages/about,https://glengarryfinecheese.com/,2026-08-30,High,Produits laitiers et aliments réfrigérés,Fromage artisanal,Fromage vieilli Lankaaster en meule rectangulaire,"Fromages vieillis et à croûte lavée primés, pour les plateaux de fromages et le râpage.","L’entreprise affirme fabriquer du fromage artisanal à son usine de Lancaster, en Ontario.","Lancaster, Ontario",Propriété indépendante de la famille Van Bergeijk,Aucune précision sur la page officielle consultée,Remplace les fromages artisanaux et à croûte lavée d’origine américaine (rubrique SH 04.06).
314,Dairy and refrigerated foods,Butter and ice cream,Foothills Creamery,Foothills Creamery butter and premium ice cream,"Butter and hard-scoop ice cream for baking, cooking and desserts.","States it has produced dairy products for Western Canada since 1969, starting by manufacturing butter.","Calgary, Alberta (stated service area Western Canada)",Independent Alberta company,None stated on fetched official page,Replaces U.S.-origin butter and ice cream (headings 04.05 and 21.05).,04.05,Foothills Creamery was founded in 1969 and has proudly produced dairy products and served Western Canada for over 50 years.,https://www.foothillscreamery.com/about/,https://www.foothillscreamery.com/,2026-08-30,High,Produits laitiers et aliments réfrigérés,Beurre et crème glacée,Beurre et crème glacée de qualité supérieure Foothills Creamery,"Beurre et crème glacée ferme pour la pâtisserie, la cuisine et les desserts.","L’entreprise affirme produire des produits laitiers pour l’Ouest canadien depuis 1969, en commençant par la fabrication de beurre.","Calgary, Alberta (zone desservie indiquée : Ouest canadien)",Entreprise albertaine indépendante,Aucune précision sur la page officielle consultée,Remplace le beurre et la crème glacée d’origine américaine (rubriques SH 04.05 et 21.05).
315,Dairy and refrigerated foods,Fluid milk,Northumberland Dairy,Northumberland milk and cream,"Fluid milk, chocolate milk and cream for drinking and cooking.","States its products use only quality Canadian milk, produced by its farmer-owned co-operative.",Canada (location not stated),Farmer-owned co-operative (Northumberland Co-operative Limited),Page discusses Canadian regulations on antibiotics and growth hormones; no imported-ingredient caveat stated.,Replaces U.S.-origin fluid milk and cream (headings 04.01 and 04.02).,04.01,- Only quality Canadian milk.,https://www.northumberlanddairy.ca/en/about-us,https://www.northumberlanddairy.ca/en,2026-08-30,Medium,Produits laitiers et aliments réfrigérés,Lait de consommation,Lait et crème Northumberland,"Lait, lait au chocolat et crème à boire et à cuisiner.","L’entreprise affirme que ses produits ne contiennent que du lait canadien de qualité, produit par sa coopérative détenue par des agriculteurs.",Canada (emplacement non précisé),Coopérative détenue par des agriculteurs (Northumberland Co-operative Limited),La page traite de la réglementation canadienne sur les antibiotiques et les hormones de croissance; aucune précision sur des ingrédients importés.,Remplace le lait de consommation et la crème d’origine américaine (rubriques SH 04.01 et 04.02).
316,Dairy and refrigerated foods,Refrigerated tofu,Unisoya,Unisoya organic tofu and tofu spreads,Refrigerated organic tofu blocks and marinated tofu for stir-fries and sandwiches.,"States its mission is to produce Quebec's favourite tofu by farming its own land, with remaining soybeans purchased from Quebec growers.",Quebec (city not stated on fetched page),Beaulieu family (owners since 1986),"Page states its own harvest does not cover all needs, so additional soybeans are purchased from Quebec growers.",Replaces U.S.-origin refrigerated tofu and soy protein foods (heading 21.06).,21.06,"To proudly produce Quebec's favourite tofu by farming our land responsibly, offering food that is healthy, local, and sustainable.",https://unisoya.com/en/about-us/,https://unisoya.com/en/products/,2026-08-30,High,Produits laitiers et aliments réfrigérés,Tofu réfrigéré,Tofu biologique et tartinades de tofu Unisoya,Blocs de tofu biologique réfrigéré et tofu mariné pour les sautés et les sandwichs.,"L’entreprise affirme avoir pour mission de produire le tofu préféré des Québécois en cultivant ses propres terres, le reste du soya étant acheté auprès de producteurs québécois.",Québec (ville non précisée sur la page consultée),Famille Beaulieu (propriétaires depuis 1986),La page indique que sa propre récolte ne suffit pas à ses besoins et que du soya supplémentaire est acheté auprès de producteurs québécois.,Remplace le tofu réfrigéré et les aliments à base de protéines de soya des États-Unis (rubrique SH 21.06).
317,Dairy and refrigerated foods,Artisan cheese,Upper Canada Cheese Company,Niagara Gold and Comfort Cream,Washed-rind and bloomy-rind cheeses for cheese boards and baking.,"States it is the only creamery in Canada producing cheese with 100% Guernsey milk from a family farm in Saint Anns, Ontario.","Jordan Station, Ontario (milk from Saint Anns, Ontario)",Independent Niagara creamery,None stated on fetched official page,Replaces U.S.-origin soft-ripened and washed-rind cheese (heading 04.06).,04.06,we're the only creamery in all of Canada to produce our cheese with 100% Guernsey milk.,https://www.uppercanadacheese.com/aboutus,https://www.uppercanadacheese.com/,2026-08-30,High,Produits laitiers et aliments réfrigérés,Fromage artisanal,Niagara Gold et Comfort Cream,Fromages à croûte lavée et à croûte fleurie pour les plateaux de fromages et la cuisson au four.,"L’entreprise affirme être la seule fromagerie au Canada à produire du fromage avec du lait 100 % Guernesey provenant d’une ferme familiale de Saint Anns, en Ontario.","Jordan Station, Ontario (lait de Saint Anns, Ontario)",Fromagerie indépendante de la région de Niagara,Aucune précision sur la page officielle consultée,Remplace les fromages à pâte molle et à croûte lavée d’origine américaine (rubrique SH 04.06).
318,Dairy and refrigerated foods,Artisan cheese,Fifth Town Artisan Cheese,Fifth Town goat and sheep milk cheeses,Small-batch goat and sheep milk cheeses for cheese plates and salads.,"States it operates a 4,800 sq ft dairy processing facility in Prince Edward County, Ontario, where its artisan cheese is made.","Prince Edward County, Ontario",Independent Ontario creamery,None stated on fetched official page,Replaces U.S.-origin goat and sheep milk cheese (heading 04.06).,04.06,"the 4800 square foot Fifth Town dairy processing, retail and educational facility enhances the practice of artisan cheese making",https://fifthtown.ca/about-us/,https://fifthtown.ca/,2026-08-30,Medium,Produits laitiers et aliments réfrigérés,Fromage artisanal,Fromages de lait de chèvre et de brebis Fifth Town,"Fromages de lait de chèvre et de brebis en petits lots, pour les plateaux de fromages et les salades.","L’entreprise affirme exploiter une usine de transformation laitière de 4 800 pi² dans le comté de Prince Edward, en Ontario, où son fromage artisanal est fabriqué.","Comté de Prince Edward, Ontario",Fromagerie ontarienne indépendante,Aucune précision sur la page officielle consultée,Remplace les fromages de lait de chèvre et de brebis d’origine américaine (rubrique SH 04.06).
319,Dairy and refrigerated foods,Gouda cheese,Mountainoak Cheese,Mountainoak Gouda (aged and flavoured),"Farmstead Gouda for snacking, grating and cheese boards.",States its products can all be labelled Products of Canada and are made from its own fresh milk on the farm.,"New Hamburg (Wilmot Township), Ontario",Van Bergeijk family farm (independent),None stated on fetched official page,Replaces U.S.-origin Gouda and hard cheeses (heading 04.06).,04.06,Our products can all be labelled Products of Canada and we use our own fresh milk right on the farm.,https://mountainoakcheese.ca/,https://mountainoakcheese.ca/about-us,2026-08-30,High,Produits laitiers et aliments réfrigérés,Fromage gouda,Gouda Mountainoak (vieilli et aromatisé),"Gouda fermier pour la collation, le râpage et les plateaux de fromages.",L’entreprise affirme que tous ses produits peuvent porter la mention « Produit du Canada » et qu’ils sont faits du lait frais de sa propre ferme.,"New Hamburg (canton de Wilmot), Ontario",Ferme familiale des Van Bergeijk (entreprise indépendante),Aucune précision sur la page officielle consultée,Remplace le gouda et les fromages à pâte ferme d’origine américaine (rubrique SH 04.06).
320,Dairy and refrigerated foods,Ice cream and cheese,Laiterie de Coaticook,La Gourmande ice cream and Coaticook cheese curds,"Premium ice cream, cheese curds and dairy drinks sold across Canada.",Quebec family dairy states it has operated from the town of Coaticook since 1940 and distributes its branded products across Canada.,"Coaticook, Quebec",Provencher family (independent Quebec dairy),None stated on fetched official page,Replaces U.S.-origin ice cream and fresh cheese (headings 21.05 and 04.06).,21.05,"Whether you want to spoil yourself or a loved one, Coaticook Dairy's branded products are here to spread the fun across Canada!",https://laiteriedecoaticook.com/en,https://laiteriedecoaticook.com/en/our-history,2026-08-30,Medium,Produits laitiers et aliments réfrigérés,Crème glacée et fromage,Crème glacée La Gourmande et fromage en grains Coaticook,"Crème glacée de qualité supérieure, fromage en grains et boissons laitières vendus partout au Canada.",Cette laiterie familiale québécoise affirme être établie dans la ville de Coaticook depuis 1940 et distribuer ses produits de marque partout au Canada.,"Coaticook, Québec",Famille Provencher (laiterie québécoise indépendante),Aucune précision sur la page officielle consultée,Remplace la crème glacée et le fromage frais d’origine américaine (rubriques SH 21.05 et 04.06).
321,Dairy and refrigerated foods,Eggs,Star Egg Company,Star Egg graded shell eggs,Fresh graded shell eggs for cooking and baking.,"States it is a Saskatchewan-based food provider grading, distributing and marketing shell eggs in Western Canada.","Saskatoon, Saskatchewan",Owned by the Harman family and Saskatchewan Egg Producers,None stated on fetched official page,Replaces U.S.-origin shell eggs (heading 04.07).,04.07,"We are a Saskatchewan based food provider specializing in the grading, distribution and marketing of shell eggs in Western Canada.",https://staregg.ca/,https://staregg.ca/more-about-star-egg/,2026-08-30,Medium,Produits laitiers et aliments réfrigérés,Œufs,Œufs en coquille classés Star Egg,Œufs en coquille frais et classés pour la cuisine et la pâtisserie.,"L’entreprise affirme être un fournisseur alimentaire établi en Saskatchewan qui classe, distribue et commercialise des œufs en coquille dans l’Ouest canadien.","Saskatoon, Saskatchewan",Propriété de la famille Harman et des producteurs d’œufs de la Saskatchewan,Aucune précision sur la page officielle consultée,Remplace les œufs en coquille d’origine américaine (rubrique SH 04.07).
322,Dairy and refrigerated foods,Eggs,Gray Ridge Egg Farms,Gray Ridge Ontario eggs,Fresh Ontario shell eggs for everyday cooking and baking.,States its eggs come from local Ontario egg farmers and carry the Foodland Ontario logo.,"Strathroy, Ontario (eggs from Ontario farms)",Canadian egg grading company partnered with Ontario egg farmers,None stated on fetched official page,Replaces U.S.-origin shell eggs (heading 04.07).,04.07,Our Ontario eggs come to you in cartons that sport the Foodland Ontario logo - so you know for sure that your eggs are from local Ontario egg farmers.,https://grayridge.com/our-brands/gray-ridge/,https://grayridge.com/about-gray-ridge/,2026-08-30,High,Produits laitiers et aliments réfrigérés,Œufs,Œufs ontariens Gray Ridge,Œufs en coquille frais de l’Ontario pour la cuisine et la pâtisserie de tous les jours.,L’entreprise affirme que ses œufs proviennent de producteurs d’œufs locaux de l’Ontario et portent le logo Foodland Ontario.,"Strathroy, Ontario (œufs de fermes ontariennes)",Entreprise canadienne de classement des œufs en partenariat avec des producteurs d’œufs ontariens,Aucune précision sur la page officielle consultée,Remplace les œufs en coquille d’origine américaine (rubrique SH 04.07).
323,Dairy and refrigerated foods,Eggs,Sparks Eggs,Sparks fresh table eggs,Graded fresh eggs supplied to Alberta and Western Canadian grocers.,"States it has been the independent egg grader in Alberta since 1976, supplying fresh table eggs from Alberta farms.",Alberta (city not stated on fetched page),Independent Alberta egg grader,Page describes grading and distribution; farms are members of Egg Farmers of Alberta.,Replaces U.S.-origin shell eggs (heading 04.07).,04.07,"Since 1976, Sparks Eggs has been a trusted egg grading partner to Alberta farmers, and we take that commitment seriously to this day.",https://sparkseggs.com/our-story/,https://sparkseggs.com/,2026-08-30,Medium,Produits laitiers et aliments réfrigérés,Œufs,Œufs de table frais Sparks,Œufs frais classés fournis aux épiciers de l’Alberta et de l’Ouest canadien.,"L’entreprise affirme être le classificateur d’œufs indépendant de l’Alberta depuis 1976, fournissant des œufs de table frais provenant de fermes albertaines.",Alberta (ville non précisée sur la page consultée),Classificateur d’œufs albertain indépendant,La page décrit le classement et la distribution; les fermes sont membres d’Egg Farmers of Alberta.,Remplace les œufs en coquille d’origine américaine (rubrique SH 04.07).
324,"Pantry, bakery, snacks, beverages, frozen and canned foods",Potato chips,Old Dutch Foods,Old Dutch Original potato chips and Rip-L chips,Bagged potato chips and snack foods for everyday snacking.,"States the company began in Winnipeg, Manitoba, and its tradition of making snacks spread throughout all of Canada.","Winnipeg, Manitoba",ownership not verified,None stated on fetched official page,Replaces U.S.-origin potato chips and salty snacks (heading 20.05).,20.05,"Old Dutch first started in Winnipeg, Manitoba as a little chip company with a lot of heart.",https://www.olddutchfoods.ca/about/our-story,https://www.olddutchfoods.ca/,2026-08-30,High,"Produits d’épicerie, de boulangerie, collations, boissons, aliments surgelés et en conserve",Croustilles,Croustilles Old Dutch Originales et croustilles Rip-L,Croustilles en sac et grignotines pour la collation de tous les jours.,"L’entreprise affirme avoir vu le jour à Winnipeg, au Manitoba, et que sa tradition de fabrication de grignotines s’est répandue partout au Canada.","Winnipeg, Manitoba",Propriété non vérifiée,Aucune précision sur la page officielle consultée,Remplace les croustilles et les grignotines salées d’origine américaine (rubrique SH 20.05).
325,"Pantry, bakery, snacks, beverages, frozen and canned foods",Potato chips,Yum Yum,Yum Yum salt and vinegar chips,Kettle-style potato chips and snacks popular in Quebec.,States it is a 100% Quebec-based family company that processes potato chips and is Canada's leading manufacturer of salt and vinegar chips.,"Warwick, Quebec (company stated as 100% Quebec-based)",Third-generation family-owned Quebec company,None stated on fetched official page,Replaces U.S.-origin potato chips (heading 20.05).,20.05,"Yum Yum chips is a third-generation, 100% Quebec-based, family-owned company that specializes in processing and distributing delicious potato chips",https://yum-yum.com/en/about-us,https://yum-yum.com/en/our-history,2026-08-30,High,"Produits d’épicerie, de boulangerie, collations, boissons, aliments surgelés et en conserve",Croustilles,Croustilles sel et vinaigre Yum Yum,Croustilles de style cuites en cuve et grignotines populaires au Québec.,L’entreprise affirme être une entreprise familiale 100 % québécoise qui transforme des croustilles et être le premier fabricant canadien de croustilles sel et vinaigre.,"Warwick, Québec (entreprise déclarée 100 % québécoise)",Entreprise familiale québécoise de troisième génération,Aucune précision sur la page officielle consultée,Remplace les croustilles d’origine américaine (rubrique SH 20.05).
326,"Pantry, bakery, snacks, beverages, frozen and canned foods",Chocolate,Purdys Chocolatier,Purdys Hedgehogs and Sweet Georgia Browns,Boxed chocolates and truffles for gifting and treats.,"States it is Canada's chocolatier, making chocolates from its Vancouver origins since 1907.","Vancouver, British Columbia",Privately held Canadian company,Cocoa is an imported commodity; no ingredient-origin caveat stated on the fetched page.,Replaces U.S.-origin chocolate confectionery (heading 18.06).,18.06,"Purdys Chocolatier is Canada's chocolatier, with a story that begins in downtown Vancouver in 1907",https://www.purdys.com/purdys-about-us,https://www.purdys.com/,2026-08-30,Medium,"Produits d’épicerie, de boulangerie, collations, boissons, aliments surgelés et en conserve",Chocolat,Hedgehogs et Sweet Georgia Browns de Purdys,"Chocolats et truffes en boîte, pour offrir ou se gâter.","L’entreprise affirme être le chocolatier du Canada et fabriquer ses chocolats depuis ses origines vancouvéroises, en 1907.","Vancouver, Colombie-Britannique",Entreprise canadienne privée,Le cacao est un produit importé; aucune précision sur l’origine des ingrédients sur la page consultée.,Remplace la confiserie de chocolat d’origine américaine (rubrique SH 18.06).
327,"Pantry, bakery, snacks, beverages, frozen and canned foods",Chocolate,Rogers' Chocolates,Victoria Creams,Boxed cream-filled chocolates and brittles for gifting.,"States its factory and headquarters are located in Victoria, British Columbia.","Victoria, British Columbia",Privately held Canadian confectioner,Cocoa is imported; no ingredient-origin caveat stated on the fetched page.,Replaces U.S.-origin chocolate confectionery (heading 18.06).,18.06,"Our factory and headquarters are at 4253 Commerce Circle in Victoria, BC.",https://www.rogerschocolates.com/help-centre/faq,https://www.rogerschocolates.com/our-story/our-history,2026-08-30,High,"Produits d’épicerie, de boulangerie, collations, boissons, aliments surgelés et en conserve",Chocolat,Victoria Creams,"Chocolats fondants fourrés et croquants en boîte, pour offrir.","L’entreprise affirme que son usine et son siège social sont situés à Victoria, en Colombie-Britannique.","Victoria, Colombie-Britannique",Confiseur canadien privé,Le cacao est importé; aucune précision sur l’origine des ingrédients sur la page consultée.,Remplace la confiserie de chocolat d’origine américaine (rubrique SH 18.06).
328,"Beer, wine and spirits",Beer,Moosehead Breweries,Moosehead Lager,Everyday lager and craft beers sold nationally.,"States the brewery is located in Saint John, New Brunswick, Canada's first incorporated city.","Saint John, New Brunswick","Independent, family-owned Canadian brewery (Oland family)",Page notes it also contracts several brands for sale and distribution in Canada and the United States.,Replaces U.S.-origin beer made from malt (heading 22.03).,22.03,"We're located in Saint John, New Brunswick - Canada's first incorporated city!",https://moosehead.ca/faq/,https://moosehead.ca/,2026-08-30,High,"Bière, vin et spiritueux",Bière,Lager Moosehead,Lager de tous les jours et bières artisanales vendues à l’échelle nationale.,"L’entreprise affirme que sa brasserie se trouve à Saint John, au Nouveau-Brunswick, première ville constituée en municipalité au Canada.","Saint John, Nouveau-Brunswick",Brasserie canadienne familiale indépendante (famille Oland),La page note qu’elle brasse aussi plusieurs marques sous contrat pour la vente et la distribution au Canada et aux États-Unis.,Remplace la bière de malt d’origine américaine (rubrique SH 22.03).
329,"Pantry, bakery, snacks, beverages, frozen and canned foods",Juice,SunRype,SunRype 100% pure apple juice and Fruit to Go bars,Bottled fruit juices and fruit snacks for lunches and everyday drinking.,"States it is a proudly Canadian brand based in Kelowna, BC, with over 80 years manufacturing juice and snack products.","Kelowna, British Columbia",ownership not verified,Some fruit inputs are global commodities; no ingredient-origin caveat stated on the fetched page.,Replaces U.S.-origin fruit juices (heading 20.09).,20.09,We're a proudly Canadian brand with over 80 years of history manufacturing and marketing a wide range of juice and snack products.,https://sunrype.ca/our-story/,https://sunrype.ca/,2026-08-30,High,"Produits d’épicerie, de boulangerie, collations, boissons, aliments surgelés et en conserve",Jus,Jus de pomme 100 % pur SunRype et barres Fruit to Go,Jus de fruits en bouteille et collations aux fruits pour les lunchs et la consommation quotidienne.,"L’entreprise affirme être une marque fièrement canadienne établie à Kelowna, en Colombie-Britannique, forte de plus de 80 ans de fabrication de jus et de collations.","Kelowna, Colombie-Britannique",Propriété non vérifiée,Certains fruits utilisés sont des denrées mondiales; aucune précision sur l’origine des ingrédients sur la page consultée.,Remplace les jus de fruits d’origine américaine (rubrique SH 20.09).
330,"Beer, wine and spirits",Spirits,Iceberg Vodka,Iceberg Vodka,Neutral vodka for cocktails and mixed drinks.,"States it is a proudly Canadian company born and raised in Newfoundland, distilling vodka using iceberg water.",Newfoundland and Labrador,Canadian-owned distiller (founded 1995),None stated on fetched official page,Replaces U.S.-origin vodka and spirits (heading 22.08).,22.08,"Originally founded in 1995, Iceberg Vodka is a proudly Canadian company born and raised in Newfoundland.",https://www.iceberg.ca/our-story,https://www.iceberg.ca/faq,2026-08-30,High,"Bière, vin et spiritueux",Spiritueux,Vodka Iceberg,Vodka neutre pour les cocktails et les boissons mélangées.,"L’entreprise affirme être une société fièrement canadienne née et élevée à Terre-Neuve, qui distille sa vodka avec de l’eau d’iceberg.",Terre-Neuve-et-Labrador,Distillateur de propriété canadienne (fondé en 1995),Aucune précision sur la page officielle consultée,Remplace la vodka et les spiritueux d’origine américaine (rubrique SH 22.08).
331,"Beer, wine and spirits",Wine,Mission Hill Family Estate,Mission Hill Reserve and Oculus wines,Okanagan Valley wines for everyday drinking and cellaring.,"States its winery and vineyards are in British Columbia's Okanagan Valley, producing Canada's most awarded wines.","West Kelowna (Okanagan Valley), British Columbia","Mark Anthony Group (von Mandl family, Canadian)",None stated on fetched official page,Replaces U.S.-origin wine of fresh grapes (heading 22.04).,22.04,Mission Hill Family Estate in British Columbia's Okanagan Valley has been recognized as one of the World's 50 Best Vineyards.,https://www.missionhillwinery.com/the-winery/,https://www.missionhillwinery.com/,2026-08-30,Medium,"Bière, vin et spiritueux",Vin,Vins Mission Hill Reserve et Oculus,Vins de la vallée de l’Okanagan pour la table et le vieillissement en cave.,"L’entreprise affirme que son vignoble et sa cave se trouvent dans la vallée de l’Okanagan, en Colombie-Britannique, et qu’elle produit les vins les plus primés au Canada.","West Kelowna (vallée de l’Okanagan), Colombie-Britannique","Mark Anthony Group (famille von Mandl, canadienne)",Aucune précision sur la page officielle consultée,Remplace le vin de raisins frais d’origine américaine (rubrique SH 22.04).
332,"Pantry, bakery, snacks, beverages, frozen and canned foods",Coffee,Just Us! Coffee Roasters,Just Us! fair trade organic coffee,Roasted whole bean and ground coffee for home brewing.,"States it roasts as Canada's first Fair Trade Organic coffee roaster from its worker-owned co-op home in New Minas, Nova Scotia.","New Minas (Grand Pré), Nova Scotia",100% Canadian worker-owned co-operative,Green coffee is imported from partner producer co-ops around the world; roasting is in Nova Scotia.,Replaces U.S.-roasted coffee (heading 09.01).,09.01,"As Canada's first Fair Trade Organic coffee roaster, we continue to lead with justice, integrity, and solidarity",https://justuscoffee.com/pages/our-co-op,https://justuscoffee.com/,2026-08-30,High,"Produits d’épicerie, de boulangerie, collations, boissons, aliments surgelés et en conserve",Café,Café biologique équitable Just Us!,"Café en grains entiers et moulu, torréfié pour la préparation à la maison.","L’entreprise affirme être le premier torréfacteur de café biologique et équitable au Canada, torréfiant dans les locaux de sa coopérative de travailleurs à New Minas, en Nouvelle-Écosse.","New Minas (Grand-Pré), Nouvelle-Écosse",Coopérative de travailleurs 100 % canadienne,Le café vert est importé de coopératives de producteurs partenaires partout dans le monde; la torréfaction se fait en Nouvelle-Écosse.,Remplace le café torréfié aux États-Unis (rubrique SH 09.01).
333,"Pantry, bakery, snacks, beverages, frozen and canned foods",Cooking oils and mustard,Maison Orphée,Maison Orphée virgin canola oil and natural mustards,"Cold-pressed cooking oils, vinegars and mustards for dressings and cooking.",States it is a 100% Quebec-based company established in Québec City and is the leading Canadian producer of virgin seed oils.,"Québec City, Quebec",Family-owned by the Bélanger sisters (B-Corp certified),Some specialty oils (e.g. olive) come from imported raw material; not stated on the fetched page.,Replaces U.S.-origin canola and seed cooking oils (heading 15.14) and prepared mustard (heading 21.03).,15.14,"Proudly established in Québec City, Canada, Maison Orphée is a 100% Québec-based company run by the Bélanger sisters",https://maisonorphee.com/en/pages/about-us,https://maisonorphee.com/en,2026-08-30,High,"Produits d’épicerie, de boulangerie, collations, boissons, aliments surgelés et en conserve",Huiles de cuisson et moutardes,Huile de canola vierge et moutardes naturelles Maison Orphée,"Huiles pressées à froid, vinaigres et moutardes pour les vinaigrettes et la cuisine.",L’entreprise affirme être une société 100 % québécoise établie à Québec et le principal producteur canadien d’huiles vierges de graines.,"Québec, Québec",Entreprise familiale détenue par les sœurs Bélanger (certifiée B Corp),"Certaines huiles de spécialité (l’huile d’olive, par exemple) sont issues de matières premières importées; ce n’est pas précisé sur la page consultée.",Remplace les huiles de canola et de graines d’origine américaine (rubrique SH 15.14) et la moutarde préparée (rubrique SH 21.03).
334,"Pantry, bakery, snacks, beverages, frozen and canned foods",Bread,Silver Hills Bakery,"Silver Hills sprouted grain breads (Squirrelly, Mack's Flax)",Sprouted whole grain sandwich and toast breads.,"States it is the first non-GMO verified sprouted bakery in Canada, baking in its own bakery.",Canada (location not stated),Family-owned sprouted grain bakery,None stated on fetched official page,Replaces U.S.-origin bread and bakery products (heading 19.05).,19.05,"As the first non-GMO verified sprouted bakery in Canada, it's safe to say we're passionate about keeping genetically modified organisms (GMOs) out",https://silverhillsbakery.ca/our-story/,https://silverhillsbakery.ca/,2026-08-30,Medium,"Produits d’épicerie, de boulangerie, collations, boissons, aliments surgelés et en conserve",Pain,"Pains aux grains germés Silver Hills (Squirrelly, Mack’s Flax)",Pains de grains entiers germés pour les sandwichs et les rôties.,L’entreprise affirme être la première boulangerie de grains germés certifiée sans OGM au Canada et cuire ses pains dans sa propre boulangerie.,Canada (emplacement non précisé),Boulangerie familiale spécialisée dans les grains germés,Aucune précision sur la page officielle consultée,Remplace le pain et les produits de boulangerie d’origine américaine (rubrique SH 19.05).
335,"Pantry, bakery, snacks, beverages, frozen and canned foods",Bread,Boulangerie St-Méthode,La récolte de St-Méthode breads,Packaged sliced breads and bagels for sandwiches and toast.,"States its breads are made with Quebec wheat flour and that headquarters and production remain in Adstock, Quebec.","Adstock (Saint-Méthode-de-Frontenac), Quebec",Faucher family (Quebec-owned bakery),Page emphasizes Quebec wheat flour; no imported-ingredient caveat stated.,Replaces U.S.-origin bread and bakery products (heading 19.05).,19.05,"Our breads are made with Quebec wheat flour, non-GMO, and in line with traditional methods.",https://boulangeriestmethode.com/en/the-bakery,https://www.newswire.ca/news-releases/boulangerie-st-methode-proudly-canadian-867604208.html,2026-08-30,High,"Produits d’épicerie, de boulangerie, collations, boissons, aliments surgelés et en conserve",Pain,Pains La récolte de St-Méthode,Pains tranchés emballés et bagels pour les sandwichs et les rôties.,"L’entreprise affirme que ses pains sont faits de farine de blé du Québec et que son siège social et sa production demeurent à Adstock, au Québec.","Adstock (Saint-Méthode-de-Frontenac), Québec",Famille Faucher (boulangerie de propriété québécoise),La page met l’accent sur la farine de blé du Québec; aucune précision sur des ingrédients importés.,Remplace le pain et les produits de boulangerie d’origine américaine (rubrique SH 19.05).
336,"Pantry, bakery, snacks, beverages, frozen and canned foods",Chocolate,Chocolats Favoris,Chocolats Favoris chocolate fondues and dipping chocolate,"Jarred dipping chocolate, spreads and chocolate bars for desserts.","States each product is made at its own 42,000 square foot factory located in Quebec.",Quebec (Lévis area factory stated as 'located in Quebec'),Quebec-based chocolatier chain,Cocoa is imported; no ingredient-origin caveat stated on the fetched page.,Replaces U.S.-origin chocolate and cocoa preparations (heading 18.06).,18.06,"Each delight from Chocolats Favoris is made with love at our 42,000 square foot factory located in Quebec.",https://www.chocolatsfavoris.com/en/about-us,https://www.chocolatsfavoris.com/en/our-story,2026-08-30,High,"Produits d’épicerie, de boulangerie, collations, boissons, aliments surgelés et en conserve",Chocolat,Fondues et chocolat à tremper Chocolats Favoris,"Chocolat à tremper en pot, tartinades et tablettes de chocolat pour les desserts.",L’entreprise affirme que chaque produit est fabriqué dans sa propre usine de 42 000 pi² située au Québec.,"Québec (usine de la région de Lévis, déclarée « située au Québec »)",Chaîne de chocolateries établie au Québec,Le cacao est importé; aucune précision sur l’origine des ingrédients sur la page consultée.,Remplace le chocolat et les préparations à base de cacao d’origine américaine (rubrique SH 18.06).
337,"Pantry, bakery, snacks, beverages, frozen and canned foods",Nuts and snacks,Krispy Kernels,Krispy Kernels roasted peanuts and mixed nuts,"Roasted and seasoned nuts, seeds and dried fruit for snacking.","States it is a 100% Quebec-based, third-generation family business that processes nuts, peanuts, dried fruits, seeds and snacks.","Quebec City area, Quebec (company stated as 100% Quebec-based)",Third-generation Quebec family business,Raw nuts and dried fruit are imported commodities roasted and packaged in Quebec; not detailed on the fetched page.,Replaces U.S.-origin prepared nuts and nut snacks (heading 20.08).,20.08,"Aliments Krispy Kernels is a 100% Quebec-based, third-generation family business that specializes in processing and distributing delicious snacks",https://krispykernels.com/en/about-us,https://krispykernels.com/en/our-history,2026-08-30,High,"Produits d’épicerie, de boulangerie, collations, boissons, aliments surgelés et en conserve",Noix et grignotines,Arachides rôties et mélanges de noix Krispy Kernels,"Noix, graines et fruits séchés rôtis et assaisonnés pour la collation.","L’entreprise affirme être une entreprise familiale 100 % québécoise de troisième génération qui transforme noix, arachides, fruits séchés, graines et grignotines.","Région de Québec, Québec (entreprise déclarée 100 % québécoise)",Entreprise familiale québécoise de troisième génération,"Les noix crues et les fruits séchés sont des denrées importées, rôties et emballées au Québec; ce n’est pas détaillé sur la page consultée.",Remplace les noix préparées et les grignotines de noix d’origine américaine (rubrique SH 20.08).
338,"Pantry, bakery, snacks, beverages, frozen and canned foods",Bottled water,Eska,Eska natural spring water,Bottled natural spring water for everyday hydration.,States the water is drawn from an esker in the Abitibi-Témiscamingue region of northern Quebec and is never treated or altered.,"Saint-Mathieu-d'Harricana (Abitibi-Témiscamingue), Quebec",Eaux Vives Water Inc. (Quebec),None stated on fetched official page,Replaces U.S.-origin bottled waters (heading 22.01).,22.01,"pure rain and snow seep into the ground and naturally filter through the esker's gravel, sand, and glacial pebbles to become Eska-Quebec's own Natural Spring Water",https://www.eskawater.com/the-source/,https://www.eskawater.com/,2026-08-30,High,"Produits d’épicerie, de boulangerie, collations, boissons, aliments surgelés et en conserve",Eau embouteillée,Eau de source naturelle Eska,Eau de source naturelle embouteillée pour s’hydrater au quotidien.,"L’entreprise affirme que son eau est puisée dans un esker de la région de l’Abitibi-Témiscamingue, dans le nord du Québec, et qu’elle n’est jamais traitée ni modifiée.","Saint-Mathieu-d’Harricana (Abitibi-Témiscamingue), Québec",Eaux Vives Water Inc. (Québec),Aucune précision sur la page officielle consultée,Remplace les eaux embouteillées d’origine américaine (rubrique SH 22.01).
339,"Pantry, bakery, snacks, beverages, frozen and canned foods",Bottled water,Naya,Naya natural spring water,Bottled spring water in single-serve and large formats.,"States its plant is located in Mirabel, Quebec, where the spring water is drawn and bottled on location.","Mirabel, Quebec",Quebec-based bottler (Naya Waters),Page notes products must meet both Canadian and U.S. bottled-water regulations for its markets.,Replaces U.S.-origin bottled waters (heading 22.01).,22.01,"Our plant is located in Mirabel, in the heart of the Laurentians (we repeat ourselves because we are proud of it)",https://www.naya.com/en/discover-naya,https://naya.com/en/history,2026-08-30,High,"Produits d’épicerie, de boulangerie, collations, boissons, aliments surgelés et en conserve",Eau embouteillée,Eau de source naturelle Naya,Eau de source embouteillée en formats individuels et en grands formats.,"L’entreprise affirme que son usine est située à Mirabel, au Québec, où l’eau de source est puisée et embouteillée sur place.","Mirabel, Québec",Embouteilleur établi au Québec (Naya Waters),La page note que ses produits doivent respecter la réglementation canadienne et américaine sur l’eau embouteillée pour ses marchés.,Remplace les eaux embouteillées d’origine américaine (rubrique SH 22.01).
340,"Pantry, bakery, snacks, beverages, frozen and canned foods",Molasses and baking,Crosby's Molasses,Crosby's Fancy Molasses,"Baking molasses for cookies, beans and brown bread.",States it is proudly Canadian since 1879 and one of Canada's most trusted food companies.,Canada (location not stated),"Crosby Foods Limited (family-owned, New Brunswick)",Molasses is refined from imported sugar cane; not stated on the fetched page.,Replaces U.S.-origin molasses and syrups (heading 17.03).,17.03,"Proudly Canadian, Since 1879",https://www.crosbys.com/about-us/,https://www.crosbys.com/our-history/,2026-08-30,Medium,"Produits d’épicerie, de boulangerie, collations, boissons, aliments surgelés et en conserve",Mélasse et produits de pâtisserie,Mélasse de fantaisie Crosby’s,"Mélasse de cuisson pour les biscuits, les fèves au lard et le pain brun.",L’entreprise affirme être fièrement canadienne depuis 1879 et l’une des entreprises alimentaires les plus fiables au Canada.,Canada (emplacement non précisé),Crosby Foods Limited (entreprise familiale du Nouveau-Brunswick),La mélasse est raffinée à partir de canne à sucre importée; ce n’est pas précisé sur la page consultée.,Remplace la mélasse et les sirops d’origine américaine (rubrique SH 17.03).
341,"Pantry, bakery, snacks, beverages, frozen and canned foods",Candy,Rhéo Thompson Candies,Mint Smoothies,Hand-made chocolate mint patties and boxed candies for gifting.,"States it is Canadian owned and operated across three generations, based in Stratford, Ontario.","Stratford, Ontario",Canadian family-owned across three generations,Cocoa is imported; no ingredient-origin caveat stated on the fetched page.,Replaces U.S.-origin sugar confectionery and chocolates (headings 17.04 and 18.06).,18.06,"Three generations of Canadian families have owned and operated Rhéo Thompson's and are proud to call Stratford, Ontario home.",https://rheothompson.com/,https://stratfordchamber.com/member-directory/rheo-thompson-candies-ltd,2026-08-30,Medium,"Produits d’épicerie, de boulangerie, collations, boissons, aliments surgelés et en conserve",Bonbons,Mint Smoothies,"Pastilles de chocolat à la menthe faites à la main et bonbons en boîte, pour offrir.","L’entreprise affirme être de propriété et d’exploitation canadiennes depuis trois générations, à partir de Stratford, en Ontario.","Stratford, Ontario",Entreprise familiale canadienne depuis trois générations,Le cacao est importé; aucune précision sur l’origine des ingrédients sur la page consultée.,Remplace la confiserie de sucre et les chocolats d’origine américaine (rubriques SH 17.04 et 18.06).
342,"Beer, wine and spirits",Craft beer,Garrison Brewing,Garrison Tall Ship Amber Ale,Craft ales and lagers brewed in Halifax for local and regional sale.,States it is determined to stay '100% SEAPORT BREWED' at its Halifax waterfront brewery in Nova Scotia.,"Halifax, Nova Scotia",Independent Nova Scotia craft brewery,None stated on fetched official page,Replaces U.S.-origin beer made from malt (heading 22.03).,22.03,"Determined to stay ""100% SEAPORT BREWED"", the team found another beautifully derelict Port space in the old CN Rail Repair Building",https://www.garrisonbrewing.com/brewery/,https://www.garrisonbrewing.com/visit-us/,2026-08-30,High,"Bière, vin et spiritueux",Bière artisanale,Garrison Tall Ship Amber Ale,Ales et lagers artisanales brassées à Halifax pour la vente locale et régionale.,"L’entreprise affirme être déterminée à demeurer « 100 % brassée au port » à sa brasserie du bord de l’eau de Halifax, en Nouvelle-Écosse.","Halifax, Nouvelle-Écosse",Brasserie artisanale indépendante de la Nouvelle-Écosse,Aucune précision sur la page officielle consultée,Remplace la bière de malt d’origine américaine (rubrique SH 22.03).
343,"Pantry, bakery, snacks, beverages, frozen and canned foods",Spirits,Black Fox Farm & Distillery,Black Fox Gin and Oaked Gin,"Craft gin, whisky and liqueurs distilled from farm-grown grain and fruit.","States every bottle under the Black Fox name is fermented and distilled at its own distillery outside Saskatoon, Saskatchewan.","Saskatoon, Saskatchewan",Owned by farmers Barb Stefanyshyn-Coté and John Coté,Botanicals and fruit are grown on the farm; no imported-ingredient caveat stated.,"Replaces U.S.-origin gin, whisky and liqueurs (heading 22.08).",22.08,"Every bottle sold under the Black Fox name has been fermented and distilled by us, for you, at our distillery.",https://www.blackfoxfarmanddistillery.com/our-story/,https://www.blackfoxfarmanddistillery.com/,2026-08-30,High,"Produits d’épicerie, de boulangerie, collations, boissons, aliments surgelés et en conserve",Spiritueux,Gin Black Fox et Oaked Gin,"Gin, whisky et liqueurs artisanaux distillés à partir de grains et de fruits cultivés à la ferme.","L’entreprise affirme que chaque bouteille portant le nom Black Fox est fermentée et distillée à sa propre distillerie en périphérie de Saskatoon, en Saskatchewan.","Saskatoon, Saskatchewan",Propriété des agriculteurs Barb Stefanyshyn-Coté et John Coté,Les plantes aromatiques et les fruits sont cultivés à la ferme; aucune précision sur des ingrédients importés.,"Remplace le gin, le whisky et les liqueurs d’origine américaine (rubrique SH 22.08)."
344,"Pantry, bakery, snacks, beverages, frozen and canned foods",Coffee,Muskoka Roastery Coffee Co.,Muskoka Roastery Cottage Blend,Roasted whole bean and ground coffee for home and office brewing.,"States its coffee is roasted, packed and distributed in Canada and is 'Proudly Made in Canada'.","Huntsville, Ontario (roasting stated as in Canada)",Fully Canadian-owned and operated business,Green coffee beans are imported (Rainforest Alliance certified) and roasted in Canada.,Replaces U.S.-roasted coffee (heading 09.01).,09.01,"It's not just that our coffee is roasted, packed, and distributed right here in Canada-it's that every blend is crafted with Canadians in mind.",https://www.muskokaroastery.com/blogs/news/unmistakably-canadian,https://www.muskokaroastery.com/,2026-08-30,High,"Produits d’épicerie, de boulangerie, collations, boissons, aliments surgelés et en conserve",Café,Muskoka Roastery Cottage Blend,"Café en grains entiers et moulu, torréfié pour la maison et le bureau.","L’entreprise affirme que son café est torréfié, emballé et distribué au Canada et qu’il est « fièrement fabriqué au Canada ».","Huntsville, Ontario (torréfaction déclarée au Canada)",Entreprise entièrement de propriété et d’exploitation canadiennes,Les grains de café vert sont importés (certifiés Rainforest Alliance) et torréfiés au Canada.,Remplace le café torréfié aux États-Unis (rubrique SH 09.01).
345,"Beer, wine and spirits",Craft beer,Phillips Brewing & Malting Co.,Phillips Blue Buck Ale,"Craft ales, lagers and sodas brewed on Vancouver Island.",States it operates its own malting plant and is one of the only craft brewers in Canada to malt its own barley.,"Victoria, British Columbia","Independent, founder-owned craft brewery",None stated on fetched official page,Replaces U.S.-origin beer made from malt (heading 22.03).,22.03,We launched our malting plant in 2015 and are one of the only craft brewers in Canada to malt our own barley.,https://www.phillipsbeer.com/,https://www.phillipsbeer.com/contact,2026-08-30,Medium,"Bière, vin et spiritueux",Bière artisanale,Phillips Blue Buck Ale,"Ales, lagers et sodas artisanaux brassés sur l’île de Vancouver.",L’entreprise affirme exploiter sa propre malterie et être l’une des seules brasseries artisanales au Canada à malter son propre orge.,"Victoria, Colombie-Britannique",Brasserie artisanale indépendante détenue par son fondateur,Aucune précision sur la page officielle consultée,Remplace la bière de malt d’origine américaine (rubrique SH 22.03).
346,"Beer, wine and spirits",Craft beer,Muskoka Brewery,Muskoka Cream Ale,Craft cream ale and lagers sold across Ontario.,States its flagship Cream Ale was first brewed in 1996 and has become a signature beer of the Muskoka region of Ontario.,"Bracebridge, Ontario",Independent Ontario craft brewery,None stated on fetched official page,Replaces U.S.-origin beer made from malt (heading 22.03).,22.03,"First brewed in 1996, our flagship Muskoka Cream Ale has become a signature beer of the Muskoka region.",https://muskokabrewery.com/,https://muskokabrewery.com/pages/visit-us,2026-08-30,Medium,"Bière, vin et spiritueux",Bière artisanale,Muskoka Cream Ale,Cream ale et lagers artisanales vendues partout en Ontario.,"L’entreprise affirme que sa Cream Ale phare a été brassée pour la première fois en 1996 et qu’elle est devenue une bière emblématique de la région de Muskoka, en Ontario.","Bracebridge, Ontario",Brasserie artisanale ontarienne indépendante,Aucune précision sur la page officielle consultée,Remplace la bière de malt d’origine américaine (rubrique SH 22.03).
347,"Pantry, bakery, snacks, beverages, frozen and canned foods",Bread,Stonemill Bakehouse,Stonemill sprouted and sourdough breads,Packaged artisan-style breads for sandwiches and toast.,"States its family baking tradition began in Europe and was perfected in Canada, where it bakes its breads.",Canada (location not stated),Family-owned Canadian bakery,None stated on fetched official page,Replaces U.S.-origin bread and bakery products (heading 19.05).,19.05,"We're following the same 100-year-old family baking tradition along with time-honoured craftsmanship that began in Europe with our founder, and was perfected in Canada",https://stonemillbakehouse.com/our-craft,https://stonemillbakehouse.com/,2026-08-30,Medium,"Produits d’épicerie, de boulangerie, collations, boissons, aliments surgelés et en conserve",Pain,Pains aux grains germés et au levain Stonemill,Pains emballés de style artisanal pour les sandwichs et les rôties.,"L’entreprise affirme que sa tradition boulangère familiale est née en Europe et a été perfectionnée au Canada, où elle cuit ses pains.",Canada (emplacement non précisé),Boulangerie canadienne familiale,Aucune précision sur la page officielle consultée,Remplace le pain et les produits de boulangerie d’origine américaine (rubrique SH 19.05).
348,"Pantry, bakery, snacks, beverages, frozen and canned foods",Biscuits and crackers,Purity Factories,Purity Hard Bread and Jam Jams,"Newfoundland hard bread, biscuits and candy for traditional recipes and snacking.","States its products are made by the people at its Newfoundland factory, in operation since 1924.","St. John's, Newfoundland and Labrador",Newfoundland-based manufacturer,"Flour, sugar and cocoa inputs are commodities; no ingredient-origin caveat stated.",Replaces U.S.-origin sweet biscuits and crackers (heading 19.05).,19.05,"we couldn't exist without the fine folks at the factory who make our products, or the ones who have invited us into their homes since 1924!",https://purity.nf.ca/,https://purity.nf.ca/crackers-biscuits/,2026-08-30,Medium,"Produits d’épicerie, de boulangerie, collations, boissons, aliments surgelés et en conserve",Biscuits et craquelins,Purity Hard Bread et Jam Jams,"Pain dur, biscuits et bonbons terre-neuviens pour les recettes traditionnelles et la collation.","L’entreprise affirme que ses produits sont fabriqués par les gens de son usine terre-neuvienne, en activité depuis 1924.","St. John’s, Terre-Neuve-et-Labrador",Fabricant établi à Terre-Neuve,"La farine, le sucre et le cacao utilisés sont des denrées de base; aucune précision sur l’origine des ingrédients.",Remplace les biscuits sucrés et les craquelins d’origine américaine (rubrique SH 19.05).
349,"Clothing, footwear and textiles",Work and winter rubber boots,Acton (Chaussures Régence),Acton rubber overshoes and work boots,"Rubber and insulated boots for outdoor work, farm and winter use.","Acton's official brand page states the boots were made in the municipality of Acton Vale, Quebec, and that Acton is now a registered trademark of Chaussures Regence Inc.","Acton Vale, Quebec",Registered trademark of Chaussures Regence Inc. (Quebec),Page describes historic Acton Vale production; current plant location for each model is not itemized.,Replaces U.S.-origin rubber and protective footwear (heading 64.01).,64.01,"At that time, Acton boots were made in the municipality of Acton Vale, where their name comes from.",https://actoncanada.ca/en/pages/marque,https://actoncanada.ca/en/pages/a-propos-acton,2026-08-30,Medium,"Vêtements, chaussures et textiles",Bottes de caoutchouc de travail et d’hiver,Couvre-chaussures en caoutchouc et bottes de travail Acton,"Bottes de caoutchouc et bottes isolées pour le travail extérieur, la ferme et l’hiver.","La page officielle de la marque Acton indique que les bottes étaient fabriquées dans la municipalité d’Acton Vale, au Québec, et qu’Acton est aujourd’hui une marque déposée de Chaussures Regence Inc.","Acton Vale, Québec",Marque déposée de Chaussures Regence Inc. (Québec),La page décrit la production historique à Acton Vale; l’emplacement actuel de l’usine pour chaque modèle n’est pas détaillé.,Remplace les chaussures de caoutchouc et de protection d’origine américaine (rubrique SH 64.01).
350,"Clothing, footwear and textiles",Safety work boots,Royer,Royer XPAN safety boots (Made in Canada collection),"CSA-approved safety footwear for construction, mining and industrial work.","Royer's Made in Canada page states its Canadian products are cut, sewn, fit and soled in-house, and its About page lists Quebec plants at Lac-Drolet, Sherbrooke and Magog with 'Products made in canada'.","Lac-Drolet, Sherbrooke and Magog, Quebec",ownership not verified,Royer's About page distinguishes plants where products are 'made in canada' from a plant where products are 'assembled in Canada'.,Replaces U.S.-origin leather safety and work footwear (heading 64.03).,64.03,"Our Canadian products are cut, sewn, fit and soled by passionate people with an attention for detail.",https://royer.com/pages/made-in-canada,https://royer.com/pages/about-us,2026-08-30,High,"Vêtements, chaussures et textiles",Bottes de sécurité,Bottes de sécurité Royer XPAN (collection Fabriqué au Canada),"Chaussures de sécurité homologuées CSA pour la construction, les mines et l’industrie.","La page « Fabriqué au Canada » de Royer indique que ses produits canadiens sont coupés, cousus, montés et semelés à l’interne, et sa page « À propos » énumère des usines québécoises à Lac-Drolet, Sherbrooke et Magog avec la mention « Produits fabriqués au Canada ».","Lac-Drolet, Sherbrooke et Magog, Québec",Propriété non vérifiée,La page « À propos » de Royer distingue les usines où les produits sont « fabriqués au Canada » d’une usine où les produits sont « assemblés au Canada ».,Remplace les chaussures de sécurité et de travail en cuir d’origine américaine (rubrique SH 64.03).
351,"Clothing, footwear and textiles",Down parkas,Moose Knuckles Canada,Core parka and bomber collection,Heavy insulated winter parkas and bombers for cold-weather city wear.,"The brand's Craftsmanship page states its core parkas, bombers and other jackets are made in Canada with Canadian and imported components.",Canada (location not stated); page references furriers in Toronto and a design team in Montreal,ownership not verified,Page explicitly states products are made in Canada 'with Canadian and imported components'.,Replaces U.S.-origin men's and boys' anoraks and parkas (heading 62.01).,62.01,"Our core parkas, bombers and other jackets are made in Canada with Canadian and imported components.",https://www.mooseknucklescanada.com/pages/craftsmanship,,2026-08-30,High,"Vêtements, chaussures et textiles",Parkas en duvet,Collection principale de parkas et de blousons aviateur,Parkas d’hiver très isolés et blousons aviateur pour la ville par temps froid.,"La page sur le savoir-faire de la marque indique que ses parkas, blousons aviateur et autres manteaux principaux sont fabriqués au Canada avec des composants canadiens et importés.",Canada (emplacement non précisé); la page mentionne des fourreurs à Toronto et une équipe de conception à Montréal,Propriété non vérifiée,La page indique explicitement que les produits sont fabriqués au Canada « avec des composants canadiens et importés ».,Remplace les anoraks et parkas pour hommes et garçons d’origine américaine (rubrique SH 62.01).
352,"Clothing, footwear and textiles",Animal-free parkas,Wuxly Movement,Wuxly Woolly Mammoth parka,Vegan (animal-free) insulated winter parkas.,Wuxly's Our Story page states its parkas are 'ethically manufactured in Canada' and that the company champions 'made in Canadian craftsmanship'.,Canada (location not stated),ownership not verified,None stated on fetched official page,Replaces U.S.-origin women's and men's anoraks and parkas (heading 62.01).,62.01,"Animal-free, made with recycled materials, and ethically manufactured in Canada",https://wuxly.com/pages/our-story,,2026-08-30,High,"Vêtements, chaussures et textiles",Parkas sans matières animales,Parka Woolly Mammoth de Wuxly,Parkas d’hiver isolés véganes (sans matières animales).,La page « Our Story » de Wuxly indique que ses parkas sont « fabriqués de façon éthique au Canada » et que l’entreprise défend le savoir-faire canadien.,Canada (emplacement non précisé),Propriété non vérifiée,Aucune précision sur la page officielle consultée,Remplace les anoraks et parkas pour femmes et hommes d’origine américaine (rubrique SH 62.01).
353,"Clothing, footwear and textiles",Hats,Tilley,Tilley Made in Canada Collection (T3 Classic hat),Broad-brimmed sun and travel hats.,"Tilley's Made in Canada page states its Made in Canada hats are cut, sewn and built in Toronto, Canada.","Toronto, Ontario",ownership not verified,Only the 'Made in Canada Collection' is described as Canadian-built; other Tilley lines are not covered by the claim.,Replaces U.S.-origin hats and other headgear (heading 65.05).,65.05,"At Tilley, our Made in Canada hats are cut, sewn, and built in Toronto, Canada.",https://ca.tilley.com/pages/made-in-canada,https://ca.tilley.com/collections/made-in-canada,2026-08-30,High,"Vêtements, chaussures et textiles",Chapeaux,Collection Fabriqué au Canada de Tilley (chapeau T3 Classic),Chapeaux à large bord pour le soleil et le voyage.,"La page « Fabriqué au Canada » de Tilley indique que ses chapeaux de cette collection sont coupés, cousus et montés à Toronto, au Canada.","Toronto, Ontario",Propriété non vérifiée,Seule la collection « Fabriqué au Canada » est décrite comme montée au Canada; les autres gammes Tilley ne sont pas visées par cette affirmation.,Remplace les chapeaux et autres coiffures d’origine américaine (rubrique SH 65.05).
354,"Clothing, footwear and textiles",Wool shirts and outerwear,ANIAN,Wild Rose Melton Wool Shirt,"Recycled-wool overshirts, jackets and blankets for everyday and outdoor wear.","ANIAN states all of its garments are made in Vancouver, and its home page carries a 'MADE IN CANADA' claim.","Vancouver, British Columbia",ownership not verified,None stated on fetched official page,Replaces U.S.-origin men's woven wool shirts and jackets (heading 62.05).,62.05,"And as all of our ANIAN garments are made in Vancouver, it's gratifying to have them sold so close to where they're carefully cut and sewn.",https://anianmfg.com/blogs/knowledge/hello-vancouver,https://anianmfg.com/,2026-08-30,High,"Vêtements, chaussures et textiles",Chemises et vêtements d’extérieur en laine,Chemise en laine melton Wild Rose,"Surchemises, vestes et couvertures en laine recyclée pour le quotidien et le plein air.","ANIAN affirme que tous ses vêtements sont fabriqués à Vancouver, et sa page d’accueil porte la mention « MADE IN CANADA ».","Vancouver, Colombie-Britannique",Propriété non vérifiée,Aucune précision sur la page officielle consultée,Remplace les chemises et vestes tissées en laine pour hommes d’origine américaine (rubrique SH 62.05).
355,"Clothing, footwear and textiles",T-shirts and sweatshirts,Redwood Classics Apparel,Redwood Classics crewneck sweatshirts and hoodies,"Blank and custom knit basics: tees, hoodies, sweatshirts and sweatpants.","Redwood Classics states all of its t-shirts, hoodies, sweatshirts and sweatpants are made in Canada.","Canada (location not stated); company is based in Toronto, Ontario",Family-owned Canadian apparel manufacturer (parent not stated on page),None stated on fetched official page,Replaces U.S.-origin knitted sweatshirts and pullovers (heading 61.10).,61.10,"That's why we are proud that all of our t-shirts, hoodies, sweatshirts, sweatpants, face masks, and more are all made right here in Canada.",https://redwoodclassics.net/pages/meet-the-makers,https://redwoodclassics.net/,2026-08-30,High,"Vêtements, chaussures et textiles",T-shirts et sweat-shirts,Sweat-shirts ras du cou et chandails à capuchon Redwood Classics,"Vêtements de base en tricot, vierges ou personnalisés : t-shirts, chandails à capuchon, sweat-shirts et pantalons d’entraînement.","Redwood Classics affirme que tous ses t-shirts, chandails à capuchon, sweat-shirts et pantalons d’entraînement sont fabriqués au Canada.","Canada (emplacement non précisé); l’entreprise est établie à Toronto, en Ontario",Fabricant canadien de vêtements de propriété familiale (aucune société mère indiquée sur la page),Aucune précision sur la page officielle consultée,Remplace les sweat-shirts et chandails en tricot d’origine américaine (rubrique SH 61.10).
356,"Clothing, footwear and textiles",Wool blankets,MacAusland's Woollen Mills,The MacAusland Blanket,Heavyweight pure-wool bed blankets and throws.,MacAusland's states the MacAusland Blanket is handcrafted and made on P.E.I. from raw wool produced throughout the Atlantic region.,Prince Edward Island,Family owned and operated (no parent company stated),Wool is sourced from the Atlantic region rather than a single farm; no import caveat stated.,Replaces U.S.-origin wool blankets and travelling rugs (heading 63.01).,63.01,"The MacAusland Blanket is a truly authentic handcrafted gift item of Atlantic Canada, made on P.E.I. from raw wool produced throughout the Atlantic region.",https://www.macauslandswoollenmills.com/blanket.php,,2026-08-30,High,"Vêtements, chaussures et textiles",Couvertures de laine,La couverture MacAusland,Couvertures de lit et jetés en pure laine de fort grammage.,"MacAusland’s affirme que la couverture MacAusland est faite à la main à l’Île-du-Prince-Édouard, à partir de laine brute produite dans l’ensemble de la région de l’Atlantique.",Île-du-Prince-Édouard,Entreprise familiale de propriété et d’exploitation indépendantes (aucune société mère indiquée),La laine provient de la région de l’Atlantique plutôt que d’une seule ferme; aucune précision sur des importations.,Remplace les couvertures de laine et les couvertures de voyage d’origine américaine (rubrique SH 63.01).
357,"Clothing, footwear and textiles",Swimwear,Nettle's Tale,Nettle's Tale swimwear (The Coco),Size-inclusive women's swimsuits and separates.,Nettle's Tale's Manufacturing page states over 90% of its products are still made in Canada at its Vancouver facility.,"Vancouver, British Columbia",Women-owned and led (no parent company stated),"Company states it has added two non-Canadian manufacturers, one in Taiwan and one in the USA.",Replaces U.S.-origin knitted women's swimwear (heading 61.12).,61.12,"Over 90% of our products are still made in Canada, but we're excited to be adding two new global manufacturers to our team: one in Taiwan and one in the USA.",https://nettlestale.com/pages/manufacturing,,2026-08-30,High,"Vêtements, chaussures et textiles",Maillots de bain,Maillots de bain Nettle’s Tale (The Coco),"Maillots de bain et deux-pièces pour femmes, offerts dans une vaste gamme de tailles.","La page sur la fabrication de Nettle’s Tale indique que plus de 90 % de ses produits sont encore fabriqués au Canada, à son atelier de Vancouver.","Vancouver, Colombie-Britannique",Entreprise détenue et dirigée par des femmes (aucune société mère indiquée),"L’entreprise indique avoir ajouté deux fabricants hors Canada, l’un à Taïwan et l’autre aux États-Unis.",Remplace les maillots de bain pour femmes en tricot d’origine américaine (rubrique SH 61.12).
358,"Clothing, footwear and textiles",Toques and mitts,Kombi,Kombi Canadian-made toques,"Knit toques, gloves and mitts for winter.",Kombi states that since 2017 it has manufactured selected toques in Canada.,Canada (location not stated),ownership not verified,Only 'selected toques' are stated to be manufactured in Canada; gloves and mitts are described as designed in Canada.,Replaces U.S.-origin knitted headgear such as toques (heading 65.05).,65.05,"And we're proud that, since 2017, we have manufactured selected toques right here in Canada.",https://www.kombicanada.com/pages/designed-in-canada,,2026-08-30,High,"Vêtements, chaussures et textiles",Tuques et mitaines,Tuques Kombi fabriquées au Canada,"Tuques, gants et mitaines en tricot pour l’hiver.","Kombi affirme que, depuis 2017, elle fabrique certaines tuques au Canada.",Canada (emplacement non précisé),Propriété non vérifiée,Seules « certaines tuques » sont déclarées fabriquées au Canada; les gants et les mitaines sont décrits comme conçus au Canada.,Remplace les coiffures en tricot comme les tuques d’origine américaine (rubrique SH 65.05).
359,"Clothing, footwear and textiles",Carpet and textile flooring,Venture Carpets,"Venture commercial carpet planks and broadloom (Align, Silence)","Tufted commercial carpet planks and broadloom for offices, schools and institutions.",Venture Carpets' official site is titled and branded 'Carpets 100% Made in Canada' and describes the company as a carpet manufacturer in Canada.,Canada (location not stated); company is based in Ontario,ownership not verified,None stated on fetched official page,Replaces U.S.-origin tufted carpets and textile floor coverings (heading 57.03).,57.03,Venture Carpets | Carpets 100% Made in Canada,https://www.venturecarpets.com/en/,https://www.venturecarpets.com/en/products/,2026-08-30,High,"Vêtements, chaussures et textiles",Tapis et revêtements de sol textiles,"Lames et tapis pleine largeur commerciaux Venture (Align, Silence)","Lames de tapis touffeté et tapis pleine largeur commerciaux pour les bureaux, les écoles et les institutions.",Le site officiel de Venture Carpets porte le titre et l’image de marque « Tapis 100 % fabriqués au Canada » et décrit l’entreprise comme un fabricant de tapis au Canada.,Canada (emplacement non précisé); l’entreprise est établie en Ontario,Propriété non vérifiée,Aucune précision sur la page officielle consultée,Remplace les tapis touffetés et les revêtements de sol textiles d’origine américaine (rubrique SH 57.03).
360,"Clothing, footwear and textiles",Outdoor and winter sportswear,Chlorophylle,Chlorophylle Made in Canada collection,Insulated jackets and outdoor apparel for hiking and winter sports.,"Chlorophylle states the garments in this collection are meticulously designed and manufactured in Quebec, Canada.",Quebec (city not stated; company is based in Chicoutimi/Saguenay),ownership not verified,Only the items in the 'Made in Canada' collection carry the Quebec-manufacture claim.,"Replaces U.S.-origin anoraks, windbreakers and similar outerwear (heading 62.01).",62.01,"they are meticulously designed and manufactured in Quebec, Canada, to meet the demands of your exploration while celebrating local craftsmanship",https://chlorophylle.com/shop/categories/features/made-in-canada,https://chlorophylle.com/en/chlorophylle-products-quebec,2026-08-30,High,"Vêtements, chaussures et textiles",Vêtements de plein air et de sport d’hiver,Collection Fabriqué au Canada de Chlorophylle,Manteaux isolés et vêtements de plein air pour la randonnée et les sports d’hiver.,"Chlorophylle affirme que les vêtements de cette collection sont conçus et fabriqués avec minutie au Québec, au Canada.",Québec (ville non précisée; l’entreprise est établie à Chicoutimi/Saguenay),Propriété non vérifiée,Seuls les articles de la collection « Fabriqué au Canada » sont visés par l’affirmation de fabrication québécoise.,"Remplace les anoraks, coupe-vents et vêtements d’extérieur semblables d’origine américaine (rubrique SH 62.01)."
361,"Clothing, footwear and textiles",Wool socks,J.B. Field's (The Great Canadian Sox Co),J.B. Field's 30 Below and Hiker GX merino socks,Merino wool thermal and hiking socks for extreme cold.,"J.B. Field's official site states 'Proudly Made In Canada' and '100% Made in Canada', and that the company continues to manufacture in Toronto, Canada.","Toronto, Ontario","Flagship brand of The Great Canadian Sox Co, established 1934, Canadian owned and operated",None stated on fetched official page,Replaces U.S.-origin knitted socks and hosiery (heading 61.15).,61.15,"With the goal to make the world's most extreme cold weather socks we continue manufacture in Toronto, Canada.",https://www.jbfields.ca/,https://greatsox.com/pages/made-in-canada,2026-08-30,High,"Vêtements, chaussures et textiles",Chaussettes de laine,Chaussettes en mérinos J.B. Field’s 30 Below et Hiker GX,Chaussettes thermiques et de randonnée en laine mérinos pour le froid extrême.,"Le site officiel de J.B. Field’s affiche « Fièrement fabriqué au Canada » et « 100 % fabriqué au Canada », et indique que l’entreprise continue de fabriquer à Toronto, au Canada.","Toronto, Ontario","Marque phare de The Great Canadian Sox Co, fondée en 1934, de propriété et d’exploitation canadiennes",Aucune précision sur la page officielle consultée,Remplace les chaussettes et la bonneterie en tricot d’origine américaine (rubrique SH 61.15).
362,"Clothing, footwear and textiles",Denim,Yoga Jeans (Second Denim Co.),Yoga Jeans Chloe and Lily fits,Stretch denim jeans for women.,"Yoga Jeans' Our Story page carries a 'MADE IN CANADA' statement and says the company owns and operates its 52,000 sq ft manufacturing facility in St-Come Liniere, Quebec.","Saint-Come-Liniere, Quebec",Brand of Second Denim Co.; factory owned and operated by the company,"Company states it sources 'the finest materials available across the world', so fabrics may be imported.",Replaces U.S.-origin women's denim trousers (heading 62.04).,62.04,"Owned and operated in since 2011, we purchased our 52,000 square foot manufacturing facility in St-Come Liniere, QC, Canada.",https://yogajeans.ca/pages/our-story,https://yogajeans.ca/,2026-08-30,High,"Vêtements, chaussures et textiles",Denim,Coupes Chloe et Lily de Yoga Jeans,Jeans en denim extensible pour femmes.,"La page « Notre histoire » de Yoga Jeans porte la mention « FABRIQUÉ AU CANADA » et indique que l’entreprise possède et exploite son usine de 52 000 pi² à Saint-Côme-Linière, au Québec.","Saint-Côme-Linière, Québec",Marque de Second Denim Co.; usine détenue et exploitée par l’entreprise,"L’entreprise indique s’approvisionner en « meilleurs matériaux offerts dans le monde », de sorte que les tissus peuvent être importés.",Remplace les pantalons de denim pour femmes d’origine américaine (rubrique SH 62.04).
363,"Clothing, footwear and textiles",Loungewear and knit basics,Free Label,Free Label loungewear and activewear basics,"Everyday knit loungewear, leggings and tops.","Free Label states every garment is cut and sewn in Canada, produced locally in Toronto and Vancouver, with labels and tags also made in Canada.","Toronto, Ontario and Vancouver, British Columbia","Independent, family-run business founded 2015 by Jess Sternberg (no parent company)",Many fabrics are custom milled in Toronto; the page does not rule out some imported fabric.,Replaces U.S.-origin knitted women's tops and loungewear (heading 61.09).,61.09,Every Free Label garment is cut and sewn in Canada.,https://freelabel.com/pages/about-free-label,,2026-08-30,High,"Vêtements, chaussures et textiles",Vêtements de détente et de base en tricot,Vêtements de détente et vêtements de sport de base Free Label,"Vêtements de détente en tricot, leggings et hauts de tous les jours.","Free Label affirme que chaque vêtement est coupé et cousu au Canada, produit localement à Toronto et à Vancouver, et que les étiquettes sont aussi faites au Canada.","Toronto, Ontario et Vancouver, Colombie-Britannique",Entreprise familiale indépendante fondée en 2015 par Jess Sternberg (aucune société mère),De nombreux tissus sont filés sur mesure à Toronto; la page n’exclut pas l’utilisation de certains tissus importés.,Remplace les hauts et vêtements de détente en tricot pour femmes d’origine américaine (rubrique SH 61.09).
364,"Clothing, footwear and textiles",Knitwear and everyday clothing,atelier b,atelier b unisex knit cardigan (no2452u),"Minimalist natural-fibre clothing and knitwear for men, women and children.",atelier b's vision page states its collections are 'gently made in Montreal from natural fiber textiles'.,"Montreal, Quebec",Founded and owned by Anne-Marie Laflamme and Catherine Metivier (no parent company stated),None stated on fetched official page,"Replaces U.S.-origin knitted jerseys, pullovers and cardigans (heading 61.10).",61.10,"Their sustainable and minimalist clothing collections for men, women and children are gently made in Montreal from natural fiber textiles.",https://atelier-b.ca/en/pages/notre-vision,https://atelier-b.ca/en,2026-08-30,High,"Vêtements, chaussures et textiles",Tricots et vêtements de tous les jours,Cardigan en tricot unisexe atelier b (no2452u),"Vêtements et tricots minimalistes en fibres naturelles pour hommes, femmes et enfants.",La page de vision d’atelier b indique que ses collections sont « fabriquées avec soin à Montréal à partir de textiles de fibres naturelles ».,"Montréal, Québec",Fondé et détenu par Anne-Marie Laflamme et Catherine Métivier (aucune société mère indiquée),Aucune précision sur la page officielle consultée,"Remplace les chandails, pulls et cardigans en tricot d’origine américaine (rubrique SH 61.10)."
365,"Clothing, footwear and textiles",Organic cotton basics,Message Factory / Oom Ethikwear,Oom Ethikwear organic cotton tops and dresses,"Organic-cotton and eco-fibre everyday tops, dresses and basics.","Message Factory states all Message Factory and Oom Ethikwear garments are designed, cut and sewn by responsible manufacturing partners located in Quebec.",Quebec (city not stated; company is based in Saint-Jean-sur-Richelieu),ownership not verified,Company states that if it cannot make an item locally it will not create it; fibre sourcing is not detailed.,Replaces U.S.-origin knitted t-shirts and singlets (heading 61.09).,61.09,"Tous les vetements Message Factory et Oom Ethikwear sont concus, coupes et confectionnes par des partenaires de fabrication responsables qui sont situes au Quebec.",https://messagefcty.com/pages/fabrication-locale,https://messagefcty.com/en/pages/mission,2026-08-30,High,"Vêtements, chaussures et textiles",Vêtements de base en coton biologique,Hauts et robes en coton biologique Oom Ethikwear,"Hauts, robes et vêtements de base de tous les jours en coton biologique et en écofibres.","Message Factory affirme que tous les vêtements Message Factory et Oom Ethikwear sont conçus, coupés et cousus par des partenaires de fabrication responsables établis au Québec.",Québec (ville non précisée; l’entreprise est établie à Saint-Jean-sur-Richelieu),Propriété non vérifiée,"L’entreprise affirme que si elle ne peut pas fabriquer un article localement, elle ne le crée pas; l’approvisionnement en fibres n’est pas détaillé.",Remplace les t-shirts et camisoles en tricot d’origine américaine (rubrique SH 61.09).
366,"Clothing, footwear and textiles",Cotton and wool socks,Purple Moose Sock Company,Actually Made in Canada sock collection (Algonquin ankle socks),Everyday patterned cotton and wool-blend socks.,"Purple Moose states its 'Actually Made in Canada' collection is manufactured in small batches in Ontario, Canada on vintage knitting machines.","Ontario (city not stated; company is based in London, Ontario)",ownership not verified,"Only the 'Actually Made in Canada', 'Single Word Socks' and 'The Sockologist is IN!' lines are stated to be knit in Canada; the shop also resells imported brands.",Replaces U.S.-origin knitted socks and hosiery (heading 61.15).,61.15,"Our Actually Made in Canada sock collection is manufactured in small batches in Ontario, Canada on vintage production knitting machines from the mid 1900s",https://purplemoosesocks.ca/Actually-Made-in-Canada-by-Purple-Moose-c35964058,https://supportontariomade.ca/manufacturer/london/purple-moose-sock-company-1,2026-08-30,High,"Vêtements, chaussures et textiles",Chaussettes de coton et de laine,Collection de chaussettes Actually Made in Canada (chaussettes courtes Algonquin),"Chaussettes à motifs de tous les jours, en coton et en mélange de laine.","Purple Moose affirme que sa collection « Actually Made in Canada » est fabriquée en petits lots en Ontario, au Canada, sur des machines à tricoter d’époque.","Ontario (ville non précisée; l’entreprise est établie à London, en Ontario)",Propriété non vérifiée,"Seules les gammes « Actually Made in Canada », « Single Word Socks » et « The Sockologist is IN! » sont déclarées tricotées au Canada; la boutique revend aussi des marques importées.",Remplace les chaussettes et la bonneterie en tricot d’origine américaine (rubrique SH 61.15).
367,"Clothing, footwear and textiles",Wool sweaters,Northern Watters Knitwear,VC1 Shawl Collar Button Cardigan,Heavyweight knit wool sweaters and cardigans.,"The company's About page states it knits on antique Swiss knitting looms in its own shop, and CBC reports workers knitting the sweaters by hand-operated loom in downtown Charlottetown.","Charlottetown, Prince Edward Island",Co-owned by Bill Watters (no parent company stated),"Company states its sweaters use 100% British wool yarn, so the fibre is imported.",Replaces U.S.-origin knitted wool sweaters and cardigans (heading 61.10).,61.10,"At Northern Watters Knitwear, we use antique Swiss Knitting looms which allow us to produce a woolen product of exceptional craftsmanship.",https://nwknitwear.com/pages/about-us,https://www.cbc.ca/news/canada/prince-edward-island/pei-northern-watters-northern-knitwear-sweaters-wool-hand-operated-looms-1.4653042,2026-08-30,Medium,"Vêtements, chaussures et textiles",Chandails de laine,Cardigan boutonné à col châle VC1,Chandails et cardigans en laine tricotée de fort grammage.,"La page « À propos » de l’entreprise indique qu’elle tricote sur des métiers à tricoter suisses anciens dans son propre atelier, et CBC a rapporté que des travailleurs tricotent les chandails sur un métier manuel au centre-ville de Charlottetown.","Charlottetown, Île-du-Prince-Édouard",Copropriété de Bill Watters (aucune société mère indiquée),L’entreprise indique que ses chandails sont faits de fil de laine 100 % britannique; la fibre est donc importée.,Remplace les chandails et cardigans de laine en tricot d’origine américaine (rubrique SH 61.10).
368,"Clothing, footwear and textiles",Screen-printed apparel and accessories,Smoking Lily,Smoking Lily zero waste underlovelies,"Small-batch printed clothing, underwear and accessories.","Smoking Lily states it is located in Victoria, BC and that its creations are designed, sewn and silk-screened in-house.","Victoria, British Columbia",ownership not verified,Page does not state an explicit 'made in Canada' claim or where fabrics originate.,Replaces U.S.-origin knitted women's underwear and light apparel (heading 61.08).,61.08,"Smoking Lily is located in beautiful Victoria, BC",https://www.smokinglily.com/pages/about-us,,2026-08-30,Medium,"Vêtements, chaussures et textiles",Vêtements et accessoires sérigraphiés,Sous-vêtements zéro déchet Smoking Lily,"Vêtements, sous-vêtements et accessoires imprimés en petits lots.","Smoking Lily indique être établie à Victoria, en Colombie-Britannique, et que ses créations sont conçues, cousues et sérigraphiées à l’interne.","Victoria, Colombie-Britannique",Propriété non vérifiée,La page ne comporte pas d’affirmation explicite de fabrication au Canada et ne précise pas l’origine des tissus.,Remplace les sous-vêtements et vêtements légers en tricot pour femmes d’origine américaine (rubrique SH 61.08).
369,"Clothing, footwear and textiles",Winter coats,Kanuk,Kanuk winter coat collection (Rachel Street workshop),Technical insulated winter coats built for Canadian winters.,"Kanuk's About page states the outerwear collection is designed in its Montreal workshop, where its craftspeople have worked for 50 years at 485 Rachel Street.","Montreal, Quebec",ownership not verified,Official pages describe design and the Montreal workshop but do not include an explicit 'made in Canada' sentence.,Replaces U.S.-origin women's and men's anoraks and parkas (heading 62.02).,62.02,"At Kanuk, we design our outerwear collection in our workshop located in Montreal, Canada.",https://kanuk.com/en/pages/about-us,https://kanuk.com/en/pages/faq,2026-08-30,Medium,"Vêtements, chaussures et textiles",Manteaux d’hiver,Collection de manteaux d’hiver Kanuk (atelier de la rue Rachel),Manteaux d’hiver techniques isolés conçus pour les hivers canadiens.,"La page « À propos » de Kanuk indique que la collection de vêtements d’extérieur est conçue dans son atelier montréalais, où ses artisans travaillent depuis 50 ans au 485, rue Rachel.","Montréal, Québec",Propriété non vérifiée,"Les pages officielles décrivent la conception et l’atelier montréalais, mais ne comportent pas de phrase explicite de fabrication au Canada.",Remplace les anoraks et parkas pour femmes et hommes d’origine américaine (rubrique SH 62.02).
370,"Clothing, footwear and textiles",Felt cowboy hats,Smithbilt Hats,Calgary White Hat,"Handcrafted felt western hats, including the Calgary white hat.",Smithbilt's site states its iconic hats such as the Calgary White Hat are handcrafted and have embodied the spirit of the Canadian West for over 100 years; Global News filmed the hats being made at the company's Calgary facility.,"Calgary, Alberta",Owned and operated by Cam Clark,Official pages do not carry an explicit 'made in Canada' sentence.,Replaces U.S.-origin felt hats and headgear (heading 65.03).,65.03,"Renowned for our handcrafted, iconic hats like the Calgary White Hat, we blend superior craftsmanship with timeless style.",https://smithbilthats.com/,https://globalnews.ca/news/9813670/behind-the-scenes-smithbilt-hats/,2026-08-30,Medium,"Vêtements, chaussures et textiles",Chapeaux de feutre de style western,Le chapeau blanc de Calgary,"Chapeaux western en feutre faits à la main, dont le chapeau blanc de Calgary.","Le site de Smithbilt indique que ses chapeaux emblématiques, comme le chapeau blanc de Calgary, sont faits à la main et incarnent l’esprit de l’Ouest canadien depuis plus de 100 ans; Global News a filmé la fabrication des chapeaux à l’usine calgarienne de l’entreprise.","Calgary, Alberta",Détenue et exploitée par Cam Clark,Les pages officielles ne comportent pas de phrase explicite de fabrication au Canada.,Remplace les chapeaux et coiffures en feutre d’origine américaine (rubrique SH 65.03).
371,"Clothing, footwear and textiles",Gloves and mitts,Auclair,Auclair city and ski gloves (Kiva Fingermitts),"Leather and technical gloves and mitts for winter, ski and snowmobile use.","Auclair's About page states the company established its glove factory in Loretteville, Quebec and continued to produce one-third of its gloves there after being acquired.","Loretteville (Quebec City), Quebec",Owned by Sweden's New Wave Group since 2011; previously acquired by Montreal-based Paris Glove,"Only about one-third of production is stated to remain in Loretteville, implying the remainder is made elsewhere.",Replaces U.S.-origin gloves and mittens (heading 62.16).,62.16,"Despite the acquisition, Auclair retained its iconic name and continued to produce one-third of its gloves in Loretteville.",https://auclair.com/pages/about-auclair,https://auclair.com/,2026-08-30,Medium,"Vêtements, chaussures et textiles",Gants et mitaines,Gants de ville et de ski Auclair (mitaines-doigts Kiva),"Gants et mitaines en cuir et techniques pour l’hiver, le ski et la motoneige.","La page « À propos » d’Auclair indique que l’entreprise a établi son usine de gants à Loretteville, au Québec, et qu’elle a continué d’y produire le tiers de ses gants après son acquisition.","Loretteville (Québec), Québec","Propriété du groupe suédois New Wave Group depuis 2011; auparavant acquise par Paris Glove, de Montréal","Seul environ le tiers de la production est déclaré demeurer à Loretteville, ce qui laisse entendre que le reste est fabriqué ailleurs.",Remplace les gants et mitaines d’origine américaine (rubrique SH 62.16).
372,"Clothing, footwear and textiles",Hunting apparel,Sportchief,Ripper camouflage hunting outfit,"Camouflage hunting jackets, pants and outerwear.","Sportchief's official blog states the Ripper camouflage line is 'made by Quebecers for Quebecers', contrasting it with camouflage created and made in the United States or Europe.",Quebec (city not stated),ownership not verified,Page contrasts the line with camouflage made in the U.S. and Europe but does not give an explicit Canadian manufacturing address.,Replaces U.S.-origin men's woven outerwear and hunting jackets (heading 62.01).,62.01,"The ""Ripper"" is made by Quebecers for Quebecers.",https://sportchief.com/en/blogs/blog/camouflage-ripper-made-by-quebecers-for-quebecers-sportchief,https://sportchief.com/en,2026-08-30,Medium,"Vêtements, chaussures et textiles",Vêtements de chasse,Habit de chasse camouflage Ripper,"Manteaux, pantalons et vêtements d’extérieur de chasse en camouflage.","Le blogue officiel de Sportchief indique que la gamme de camouflage Ripper est « faite par des Québécois pour des Québécois », par opposition aux camouflages créés et fabriqués aux États-Unis ou en Europe.",Québec (ville non précisée),Propriété non vérifiée,"La page compare la gamme aux camouflages fabriqués aux États-Unis et en Europe, mais ne fournit pas d’adresse de fabrication canadienne explicite.",Remplace les vêtements d’extérieur tissés et manteaux de chasse pour hommes d’origine américaine (rubrique SH 62.01).
373,"Clothing, footwear and textiles",Wool blankets and yarn,Topsy Farms,Topsy Farms checkerboard wool blankets,Pure wool bed blankets and throws from a Canadian sheep farm.,"Topsy Farms' official product page states its wool blankets are woven out of Canadian unbleached wool, and its About page describes the farm's 100% Canadian wool blankets, yarn and sheepskins.","Amherst Island, Ontario (farm); weaving mill not named",ownership not verified,"Page does not state where the weaving is done, only that the wool is Canadian.",Replaces U.S.-origin wool blankets and travelling rugs (heading 63.01).,63.01,"Topsy wool blankets are woven out of Canadian unbleached wool, washed only in natural soap.",https://www.topsyfarms.com/products/forest-green-and-light-grey-wool-blanket,https://www.topsyfarms.com/pages/about-topsy-farms,2026-08-30,Medium,"Vêtements, chaussures et textiles",Couvertures de laine et fil,Couvertures de laine à damier Topsy Farms,Couvertures de lit et jetés en pure laine provenant d’une bergerie canadienne.,"La page produit officielle de Topsy Farms indique que ses couvertures sont tissées à partir de laine canadienne non blanchie, et sa page « À propos » décrit les couvertures, le fil et les peaux de mouton 100 % canadiens de la ferme.","Île Amherst, Ontario (ferme); la filature de tissage n’est pas nommée",Propriété non vérifiée,"La page ne précise pas où le tissage est effectué, seulement que la laine est canadienne.",Remplace les couvertures de laine et les couvertures de voyage d’origine américaine (rubrique SH 63.01).
374,"Furniture, mattresses and home furnishings",Leather upholstery,Jaymar,Jaymar leather sofas and motion seating,"Leather sofas, sectionals and reclining seating for living rooms.","Jaymar's manufacturing page is headed 'DESIGNED AND MANUFACTURED IN CANADA' and states it operates a manufacturing plant and showroom in Terrebonne, Quebec.","Terrebonne, Quebec",ownership not verified,Company states leathers are imported from Italian tanneries and headrest mechanisms are imported from Germany.,Replaces U.S.-origin upholstered seats (heading 94.01).,94.01,DESIGNED AND MANUFACTURED IN CANADA,https://www.jaymar.co/en-ca/fabrication-en/,https://www.jaymar.co/en-us/about/,2026-08-30,High,"Meubles, matelas et articles d’ameublement",Meubles rembourrés en cuir,Canapés en cuir et sièges inclinables Jaymar,"Canapés, sectionnels et sièges inclinables en cuir pour le salon.","La page de fabrication de Jaymar est intitulée « CONÇU ET FABRIQUÉ AU CANADA » et indique que l’entreprise exploite une usine et une salle de montre à Terrebonne, au Québec.","Terrebonne, Québec",Propriété non vérifiée,L’entreprise indique que les cuirs sont importés de tanneries italiennes et que les mécanismes d’appuie-tête sont importés d’Allemagne.,Remplace les sièges rembourrés d’origine américaine (rubrique SH 94.01).
375,"Furniture, mattresses and home furnishings",Sofas and upholstery,Montauk Sofa,Montauk custom slipcovered sofas,Custom hand-built upholstered sofas and sectionals.,Montauk's sustainability page states all upholstered products are handmade at their Montreal factory.,"Montreal, Quebec",ownership not verified,None stated on fetched official page,Replaces U.S.-origin upholstered seats (heading 94.01).,94.01,All upholstered products are handmade at their Montreal factory.,https://montauksofa.com/sustainability/,https://montauksofa.com/,2026-08-30,High,"Meubles, matelas et articles d’ameublement",Canapés et meubles rembourrés,Canapés à housses sur mesure Montauk,Canapés et sectionnels rembourrés faits à la main sur mesure.,La page sur le développement durable de Montauk indique que tous ses meubles rembourrés sont faits à la main à son usine de Montréal.,"Montréal, Québec",Propriété non vérifiée,Aucune précision sur la page officielle consultée,Remplace les sièges rembourrés d’origine américaine (rubrique SH 94.01).
376,"Furniture, mattresses and home furnishings",Solid wood dining and bedroom furniture,Verbois,Verbois solid wood dining tables and bedroom collections,"Solid-wood dining tables, beds and case goods.",Verbois states all of its furniture is designed and manufactured at its factory in Riviere-du-Loup.,"Riviere-du-Loup, Quebec",ownership not verified,None stated on fetched official page,Replaces U.S.-origin wooden dining and bedroom furniture (heading 94.03).,94.03,"All our furniture is designed and manufactured at our factory in Riviere-du-Loup, with local pride and great respect for the material.",https://verbois.com/en/faq-2/,https://verbois.com/en/home/,2026-08-30,High,"Meubles, matelas et articles d’ameublement",Meubles de salle à manger et de chambre en bois massif,Tables de salle à manger et collections de chambre en bois massif Verbois,"Tables de salle à manger, lits et meubles de rangement en bois massif.",Verbois affirme que tous ses meubles sont conçus et fabriqués à son usine de Rivière-du-Loup.,"Rivière-du-Loup, Québec",Propriété non vérifiée,Aucune précision sur la page officielle consultée,Remplace les meubles de salle à manger et de chambre en bois d’origine américaine (rubrique SH 94.03).
377,"Furniture, mattresses and home furnishings",Bedroom and dining furniture,Huppe,Huppe bedroom and dining collections,"Contemporary bedroom, dining and storage furniture.",Huppe's FAQ states its furniture is handcrafted in its factories located in Quebec.,Quebec (city not stated),ownership not verified,None stated on fetched official page,Replaces U.S.-origin wooden bedroom and dining furniture (heading 94.03).,94.03,Our furniture is handcrafted in our factories located in Quebec.,https://huppe.net/en/faq/,https://huppe.net/en/,2026-08-30,High,"Meubles, matelas et articles d’ameublement",Meubles de chambre et de salle à manger,Collections de chambre et de salle à manger Huppé,"Meubles contemporains de chambre, de salle à manger et de rangement.",La foire aux questions de Huppé indique que ses meubles sont fabriqués à la main dans ses usines situées au Québec.,Québec (ville non précisée),Propriété non vérifiée,Aucune précision sur la page officielle consultée,Remplace les meubles de chambre et de salle à manger en bois d’origine américaine (rubrique SH 94.03).
378,"Furniture, mattresses and home furnishings",Upholstered sofas and chairs,Barrymore Furniture,Barrymore Modernaire and Starlight collections,Custom-built upholstered sofas and chairs.,"Barrymore's history page states its intention is to carry on the Barrymore tradition of fine quality Canadian built furniture, and describes its move to Toronto's Design District.","Toronto, Ontario",Designs and intellectual property purchased in January 2020 by Creative Custom Furnishings after receivership,Official page says 'Canadian built' but does not give an explicit 'made in Canada' manufacturing statement.,Replaces U.S.-origin upholstered seats (heading 94.01).,94.01,Our intention is to carry on the Barrymore tradition of fine quality Canadian built furniture into the next generation.,https://www.barrymorefurniture.com/about/our-history,https://www.barrymorefurniture.com/sofas-chairs,2026-08-30,Medium,"Meubles, matelas et articles d’ameublement",Canapés et fauteuils rembourrés,Collections Modernaire et Starlight de Barrymore,Canapés et fauteuils rembourrés fabriqués sur mesure.,La page d’historique de Barrymore indique que l’entreprise entend perpétuer la tradition Barrymore de meubles de qualité fabriqués au Canada et décrit son déménagement dans le Design District de Toronto.,"Toronto, Ontario",Modèles et propriété intellectuelle achetés en janvier 2020 par Creative Custom Furnishings après une mise sous séquestre,"La page officielle parle de meubles « fabriqués au Canada », mais ne comporte pas d’énoncé explicite de fabrication au Canada.",Remplace les sièges rembourrés d’origine américaine (rubrique SH 94.01).
379,"Furniture, mattresses and home furnishings",Window shades and blinds,Sun Glow Window Covering Products of Canada,"Sun Glow roller, zebra and cellular shades","Custom-made roller, zebra, cellular and skylight window shades.","Sun Glow states it is a Canadian manufacturer of custom window shades, made to order in Toronto since 1983, at its facility on Hollinger Road.","Toronto, Ontario (50 Hollinger Road)",ownership not verified,None stated on fetched official page,Replaces U.S.-origin interior textile blinds and shades (heading 63.03).,63.03,"Sun Glow Window Covering Products of Canada Ltd. is a Canadian manufacturer of custom window shades, made to order in Toronto since 1983.",https://mysunglow.com/about-us/story/,https://mysunglow.com/about-us/,2026-08-30,High,"Meubles, matelas et articles d’ameublement",Toiles et stores,"Stores à rouleau, zébrés et alvéolaires Sun Glow","Stores à rouleau, zébrés, alvéolaires et de puits de lumière faits sur mesure.","Sun Glow affirme être un fabricant canadien de stores sur mesure, faits sur commande à Toronto depuis 1983, à son usine du chemin Hollinger.","Toronto, Ontario (50, chemin Hollinger)",Propriété non vérifiée,Aucune précision sur la page officielle consultée,Remplace les stores et toiles d’intérieur en textile d’origine américaine (rubrique SH 63.03).
380,"Furniture, mattresses and home furnishings",Outdoor benches and site furnishings,Wishbone Site Furnishings,Bayview bench and recycled-plastic site furnishings,"Outdoor benches, tables and waste receptacles for parks and public spaces.","Wishbone's manufacturing page states all of its products are fabricated and powder coated at its sister company Wellington Foundry in Parksville, BC.","Parksville, British Columbia",Products fabricated at sister company Wellington Foundry,None stated on fetched official page,Replaces U.S.-origin outdoor metal and plastic furniture (heading 94.03).,94.03,"It is here, at our sister company Wellington Foundry, that all our products are fabricated, and powder coated.",https://wishboneltd.com/about-wishbone-site-furnishings/manufacturing,https://www.wishboneltd.com/,2026-08-30,High,"Meubles, matelas et articles d’ameublement",Bancs extérieurs et mobilier urbain,Banc Bayview et mobilier urbain en plastique recyclé,"Bancs, tables et poubelles d’extérieur pour les parcs et les espaces publics.","La page sur la fabrication de Wishbone indique que tous ses produits sont fabriqués et enduits de poudre chez son entreprise sœur, Wellington Foundry, à Parksville, en Colombie-Britannique.","Parksville, Colombie-Britannique",Produits fabriqués par l’entreprise sœur Wellington Foundry,Aucune précision sur la page officielle consultée,Remplace les meubles d’extérieur en métal et en plastique d’origine américaine (rubrique SH 94.03).
381,"Furniture, mattresses and home furnishings",Mattresses,Logan & Cove (GoodMorning.com),"Logan & Cove luxury hybrid mattress collection (Pinnacle, Choice)",Pocket-coil hybrid mattresses sold direct to consumers online.,"The Logan & Cove official site carries a 'MADE IN CANADA' claim for its luxury hybrid mattress collection, and parent GoodMorning.com maintains a 'Made in Canada' page for its mattress brands.",Canada (location not stated),"Brand of GoodMorning.com Inc. (also owns Douglas, Juno and Octave)",None stated on fetched official page,Replaces U.S.-origin mattresses (heading 94.04).,94.04,MADE IN CANADA,https://www.loganandcove.ca/en/main/,https://www.goodmorning.com/en/made-in-canada/,2026-08-30,High,"Meubles, matelas et articles d’ameublement",Matelas,"Collection de matelas hybrides de luxe Logan & Cove (Pinnacle, Choice)",Matelas hybrides à ressorts ensachés vendus directement aux consommateurs en ligne.,"Le site officiel de Logan & Cove affiche la mention « FABRIQUÉ AU CANADA » pour sa collection de matelas hybrides de luxe, et sa société mère GoodMorning.com tient une page « Fabriqué au Canada » pour ses marques de matelas.",Canada (emplacement non précisé),"Marque de GoodMorning.com Inc. (propriétaire aussi de Douglas, Juno et Octave)",Aucune précision sur la page officielle consultée,Remplace les matelas d’origine américaine (rubrique SH 94.04).
382,"Furniture, mattresses and home furnishings",Mattresses and foundations,Restwell Sleep Products,Restwell pocket coil mattresses and foundations,"Pocket-coil and foam mattresses, foundations and pillows.","Restwell's manufacturing page states 'Proudly Made in Canada' and locates its production in Surrey, BC in the Greater Vancouver area.","Surrey, British Columbia",ownership not verified,Company contrasts itself with competitors who manufacture outside Canada; component origins are not detailed.,Replaces U.S.-origin mattresses and mattress supports (heading 94.04).,94.04,Proudly Made in Canada,https://www.restwell.com/manufacturing-process/,https://www.restwell.com/,2026-08-30,High,"Meubles, matelas et articles d’ameublement",Matelas et sommiers,Matelas à ressorts ensachés et sommiers Restwell,"Matelas à ressorts ensachés et en mousse, sommiers et oreillers.","La page de fabrication de Restwell affiche « Fièrement fabriqué au Canada » et situe sa production à Surrey, en Colombie-Britannique, dans la région du Grand Vancouver.","Surrey, Colombie-Britannique",Propriété non vérifiée,L’entreprise se compare à des concurrents qui fabriquent à l’étranger; l’origine des composants n’est pas détaillée.,Remplace les matelas et sommiers d’origine américaine (rubrique SH 94.04).
383,"Furniture, mattresses and home furnishings",Kitchen cabinetry,Elmwood Fine Custom Cabinetry,Elmwood custom kitchen cabinetry,Custom kitchen and bath cabinetry for homes.,"Elmwood's official site states its cabinetry is 'Proudly handcrafted in St. Catharines, Canada'.","St. Catharines, Ontario",Acquired by Groupe Cabico (Cabico) per industry reporting,None stated on fetched official page,Replaces U.S.-origin wooden kitchen cabinets (heading 94.03).,94.03,"Proudly handcrafted in St. Catharines, Canada",https://elmwoodcabinets.com/,https://www.woodworkingnetwork.com/news/canadian-news/cabico-acquires-elmwood-cabinetry-forming-100-million-canadian-giant,2026-08-30,High,"Meubles, matelas et articles d’ameublement",Armoires de cuisine,Armoires de cuisine sur mesure Elmwood,Armoires de cuisine et de salle de bain sur mesure pour la maison.,"Le site officiel d’Elmwood indique que ses armoires sont « fièrement fabriquées à la main à St. Catharines, au Canada ».","St. Catharines, Ontario",Acquise par Groupe Cabico (Cabico) selon la presse spécialisée,Aucune précision sur la page officielle consultée,Remplace les armoires de cuisine en bois d’origine américaine (rubrique SH 94.03).
384,"Furniture, mattresses and home furnishings",Kitchen cabinetry,Superior Cabinets,Superior Cabinets kitchen cabinetry,"Semi-custom kitchen, bath and storage cabinetry.","Superior Cabinets states it has multiple manufacturing facilities in Saskatoon, 'proudly Made in Canada since 1980'.","Saskatoon, Saskatchewan",Owned by the Buller family since 2018,None stated on fetched official page,Replaces U.S.-origin wooden kitchen cabinets (heading 94.03).,94.03,"multiple manufacturing facilities in Saskatoon, proudly Made in Canada since 1980",https://superiorcabinets.ca/about/company/,https://superiorcabinets.ca/about/faqs/,2026-08-30,High,"Meubles, matelas et articles d’ameublement",Armoires de cuisine,Armoires de cuisine Superior Cabinets,"Armoires de cuisine, de salle de bain et de rangement semi-personnalisées.",Superior Cabinets affirme exploiter plusieurs usines à Saskatoon et être « fièrement fabriquée au Canada depuis 1980 ».,"Saskatoon, Saskatchewan",Propriété de la famille Buller depuis 2018,Aucune précision sur la page officielle consultée,Remplace les armoires de cuisine en bois d’origine américaine (rubrique SH 94.03).
385,"Furniture, mattresses and home furnishings",Kitchen cabinetry,Merit Kitchens,Lectus Cabinets semi-custom cabinetry line,Semi-custom kitchen and home cabinetry sold through dealers.,"Merit Kitchens states it continues to manufacture semi-custom cabinetry in Canada, from its Surrey, BC operations.","Surrey, British Columbia",Family-owned and operated by the Siekmann family,None stated on fetched official page,Replaces U.S.-origin wooden kitchen cabinets (heading 94.03).,94.03,"Merit continues to manufacture semi-custom cabinetry in Canada, combining design flexibility, reliable construction, and dealer-supported planning",https://www.merit-kitchens.com/about/,https://www.merit-kitchens.com/,2026-08-30,High,"Meubles, matelas et articles d’ameublement",Armoires de cuisine,Gamme d’armoires semi-personnalisées Lectus Cabinets,Armoires de cuisine et de maison semi-personnalisées vendues par des détaillants.,"Merit Kitchens affirme continuer de fabriquer des armoires semi-personnalisées au Canada, à partir de ses installations de Surrey, en Colombie-Britannique.","Surrey, Colombie-Britannique",Entreprise familiale détenue et exploitée par la famille Siekmann,Aucune précision sur la page officielle consultée,Remplace les armoires de cuisine en bois d’origine américaine (rubrique SH 94.03).
386,"Furniture, mattresses and home furnishings",Custom cabinetry,Cabico,Cabico Unique and Elmwood custom cabinetry,"Fully custom kitchen, bath and millwork cabinetry.","Cabico's owner is quoted by the Canadian Kitchen Cabinet Association saying 'We are a proudly Canadian manufacturer', with plants in Coaticook, Quebec and St. Catharines, Ontario.","Coaticook, Quebec and St. Catharines, Ontario",Privately owned Groupe Cabico Inc.,The explicit Canadian-manufacturer quote appears on the industry association's business story rather than on cabico.com.,Replaces U.S.-origin wooden kitchen cabinets (heading 94.03).,94.03,We are a proudly Canadian manufacturer.,https://ckca.ca/business-story/cabico-co/,https://cabico.com/our-brand/,2026-08-30,Medium,"Meubles, matelas et articles d’ameublement",Armoires sur mesure,Armoires sur mesure Cabico Unique et Elmwood,"Armoires de cuisine, de salle de bain et menuiserie entièrement sur mesure.","Le propriétaire de Cabico est cité par l’Association canadienne des armoires de cuisine : « Nous sommes un fabricant fièrement canadien », avec des usines à Coaticook, au Québec, et à St. Catharines, en Ontario.","Coaticook, Québec et St. Catharines, Ontario","Groupe Cabico Inc., entreprise privée",La citation explicite sur le statut de fabricant canadien figure dans le reportage de l’association sectorielle plutôt que sur cabico.com.,Remplace les armoires de cuisine en bois d’origine américaine (rubrique SH 94.03).
387,"Furniture, mattresses and home furnishings",Custom cabinetry,Miralis,Miralis M.02 collection,Fully custom kitchen cabinetry and millwork.,Miralis states it manufactures locally in Quebec's Lower St-Laurent region and describes itself as the only Quebec-based business that crafts entirely custom-made kitchens.,"Lower St-Laurent region, Quebec (Saint-Anaclet)",Owner and CEO Daniel Drapeau (no parent company stated),None stated on fetched official page,Replaces U.S.-origin wooden kitchen cabinets (heading 94.03).,94.03,"We manufacture locally, near the mighty Saint-Laurent River and its sweeping landscapes, which have nurtured our creativity and respect for the environment for more than 45 years.",https://www.miralis.com/en/about,https://www.miralis.com/en,2026-08-30,High,"Meubles, matelas et articles d’ameublement",Armoires sur mesure,Collection M.02 de Miralis,Armoires de cuisine et menuiserie entièrement sur mesure.,"Miralis affirme fabriquer localement dans la région du Bas-Saint-Laurent, au Québec, et se décrit comme la seule entreprise québécoise à concevoir des cuisines entièrement sur mesure.","Région du Bas-Saint-Laurent, Québec (Saint-Anaclet)",Propriétaire et président-directeur général Daniel Drapeau (aucune société mère indiquée),Aucune précision sur la page officielle consultée,Remplace les armoires de cuisine en bois d’origine américaine (rubrique SH 94.03).
388,"Furniture, mattresses and home furnishings",Custom cabinetry and millwork,Deslaurier Custom Cabinets,Deslaurier custom kitchen cabinets,Custom kitchen cabinets and millwork for homes.,"Deslaurier states it locally manufactures high-quality millwork at its green manufacturing facility in Ontario, and its About page places the company in Renfrew, Ontario.","Renfrew, Ontario",New ownership introduced in 2018; president Jason Chartrand (no parent company stated),None stated on fetched official page,Replaces U.S.-origin wooden kitchen cabinets (heading 94.03).,94.03,we locally manufacture high-quality millwork using cutting-edge equipment and eco-friendly practices at our state-of-the-art green manufacturing facility in Ontario,https://www.deslaurier.com/en-ca/custom-kitchen-cabinets,https://www.deslaurier.com/en-ca/about,2026-08-30,High,"Meubles, matelas et articles d’ameublement",Armoires sur mesure et menuiserie,Armoires de cuisine sur mesure Deslaurier,Armoires de cuisine et menuiserie sur mesure pour la maison.,"Deslaurier affirme fabriquer localement de la menuiserie de grande qualité à son usine écologique en Ontario, et sa page « À propos » situe l’entreprise à Renfrew, en Ontario.","Renfrew, Ontario",Nouvelle propriété depuis 2018; président Jason Chartrand (aucune société mère indiquée),Aucune précision sur la page officielle consultée,Remplace les armoires de cuisine en bois d’origine américaine (rubrique SH 94.03).
389,"Furniture, mattresses and home furnishings",Outdoor wooden furniture,The Bear Chair Company,Bear Chair Muskoka/Adirondack chair kits,Cedar and pine Muskoka (Adirondack) chairs and outdoor furniture kits.,The Bear Chair Company's official site states its outdoor furniture is 'Handcrafted in Canada for comfort and quality.',"Canada (location not stated); company is based in South River, Ontario",ownership not verified,None stated on fetched official page,Replaces U.S.-origin wooden outdoor furniture (heading 94.03).,94.03,Handcrafted in Canada for comfort and quality.,https://thebearchair.com/,https://supportontariomade.ca/manufacturer/south-river/the-bear-chair-company-ltd,2026-08-30,High,"Meubles, matelas et articles d’ameublement",Meubles d’extérieur en bois,Ensembles de chaise Muskoka (Adirondack) Bear Chair,Chaises Muskoka (Adirondack) en cèdre et en pin et ensembles de meubles d’extérieur à assembler.,Le site officiel de The Bear Chair Company indique que ses meubles d’extérieur sont « fabriqués à la main au Canada pour le confort et la qualité ».,"Canada (emplacement non précisé); l’entreprise est établie à South River, en Ontario",Propriété non vérifiée,Aucune précision sur la page officielle consultée,Remplace les meubles d’extérieur en bois d’origine américaine (rubrique SH 94.03).
390,"Furniture, mattresses and home furnishings",Blinds and window treatments,Elite Window Fashions,"Elite custom shades, blinds and vertical blinds","Custom shades, blinds and vertical blinds for homes and offices.","Elite Window Fashions states it is a Canadian manufacturer of custom window treatments based in Concord, Ontario.","Concord, Ontario",ownership not verified,None stated on fetched official page,Replaces U.S.-origin interior blinds and window shades (heading 63.03).,63.03,"Elite Window Fashions is a Canadian manufacturer of custom window treatments based in Concord, Ontario.",https://www.elitewf.com/about-us/,https://www.elitewf.com/products/,2026-08-30,High,"Meubles, matelas et articles d’ameublement",Stores et habillages de fenêtre,"Toiles, stores et stores verticaux sur mesure Elite","Toiles, stores et stores verticaux sur mesure pour la maison et le bureau.","Elite Window Fashions affirme être un fabricant canadien d’habillages de fenêtre sur mesure établi à Concord, en Ontario.","Concord, Ontario",Propriété non vérifiée,Aucune précision sur la page officielle consultée,Remplace les stores et toiles d’intérieur d’origine américaine (rubrique SH 63.03).
391,"Furniture, mattresses and home furnishings",Custom wood furniture,Chervin Furniture & Design,Chervin Crafted in Canada dining tables,"Custom solid-wood dining, bedroom and living room furniture.",Chervin's 'Crafted in Canada' page invites customers to discover the quality of Canadian-made furniture handcrafted by a fellow Canadian.,"Canada (location not stated); company is based in Waterloo Region, Ontario",ownership not verified,Chervin also retails other manufacturers' brands; only the 'Crafted in Canada' range carries the Canadian-made claim.,Replaces U.S.-origin wooden dining and bedroom furniture (heading 94.03).,94.03,Invest in Custom Furniture Handcrafted by a Fellow Canadian,https://www.chervinfurniture.ca/crafted-in-canada/,https://www.chervinfurniture.ca/crafted-in-canada-dining-tables/,2026-08-30,High,"Meubles, matelas et articles d’ameublement",Meubles en bois sur mesure,Tables de salle à manger Crafted in Canada de Chervin,"Meubles sur mesure en bois massif pour la salle à manger, la chambre et le salon.","La page « Crafted in Canada » de Chervin invite les clients à découvrir la qualité de meubles fabriqués au Canada, faits à la main par un compatriote canadien.","Canada (emplacement non précisé); l’entreprise est établie dans la région de Waterloo, en Ontario",Propriété non vérifiée,Chervin vend aussi les marques d’autres fabricants; seule la gamme « Crafted in Canada » porte l’affirmation de fabrication canadienne.,Remplace les meubles de salle à manger et de chambre en bois d’origine américaine (rubrique SH 94.03).
392,"Furniture, mattresses and home furnishings",Upholstered sofas,Van Gogh Designs,Van Gogh Designs Ruben sofa and loveseat collection,"Custom fabric sofas, loveseats and chairs.","Van Gogh Designs' site advertises 'quality Canadian upholstered furniture' and its About page locates the company in Surrey, British Columbia.","Surrey, British Columbia",ownership not verified,Official pages do not include an explicit 'made in Canada' manufacturing sentence.,Replaces U.S.-origin upholstered seats (heading 94.01).,94.01,"Open to public for one week only, quality Canadian upholstered furniture at reduced prices.",https://vangoghdesigns.com/,https://vangoghdesigns.com/pages/about-us,2026-08-30,Medium,"Meubles, matelas et articles d’ameublement",Canapés rembourrés,Collection de canapés et causeuses Ruben de Van Gogh Designs,"Canapés, causeuses et fauteuils en tissu sur mesure.","Le site de Van Gogh Designs annonce des « meubles rembourrés canadiens de qualité » et sa page « À propos » situe l’entreprise à Surrey, en Colombie-Britannique.","Surrey, Colombie-Britannique",Propriété non vérifiée,Les pages officielles ne comportent pas d’énoncé explicite de fabrication au Canada.,Remplace les sièges rembourrés d’origine américaine (rubrique SH 94.01).
393,"Furniture, mattresses and home furnishings",Upholstered and motion furniture,Palliser Furniture,Palliser custom leather and motion upholstery,"Leather and fabric sofas, sectionals and reclining seating.","CBC News reports that Canadian furniture maker Palliser is adding a 12,000-square-metre building to its upholstery manufacturing campus in Winnipeg and growing Canadian production capacity.","Winnipeg, Manitoba",ownership not verified; company also operates manufacturing in Mexico,Palliser also manufactures in Mexico and final assembly may occur in either country depending on shipping destination.,Replaces U.S.-origin upholstered seats (heading 94.01).,94.01,"The company says it's adding a new 12,000-square-metre building to its upholstery manufacturing campus in Winnipeg",https://www.cbc.ca/news/canada/manitoba/palliser-furniture-expanding-operations-1.6407901,https://www.palliser.com/,2026-08-30,Medium,"Meubles, matelas et articles d’ameublement",Meubles rembourrés et sièges inclinables,Meubles rembourrés en cuir et sièges inclinables sur mesure Palliser,"Canapés, sectionnels et sièges inclinables en cuir et en tissu.",CBC News rapporte que le fabricant de meubles canadien Palliser ajoute un bâtiment de 12 000 mètres carrés à son complexe de fabrication de meubles rembourrés à Winnipeg et accroît sa capacité de production canadienne.,"Winnipeg, Manitoba",Propriété non vérifiée; l’entreprise exploite aussi des usines au Mexique,Palliser fabrique également au Mexique et l’assemblage final peut avoir lieu dans l’un ou l’autre pays selon la destination d’expédition.,Remplace les sièges rembourrés d’origine américaine (rubrique SH 94.01).
394,"Furniture, mattresses and home furnishings",Office and healthcare furniture,Krug,Krug Leyton and Libra seating,"Office, healthcare and higher-education seating, tables and casegoods.","Krug's About page states that, founded in 1880, Krug is an Ontario-based designer and manufacturer of office, healthcare, higher education and hospitality furnishings.",Ontario (Kitchener and Stratford; page states 'Ontario-based'),ownership not verified,Page states the company is Ontario-based but does not carry an explicit 'made in Canada' sentence.,Replaces U.S.-origin office seating and furniture (heading 94.01).,94.01,"Founded in 1880, Krug is an Ontario-based, leading designer and manufacturer of office, healthcare, higher education and hospitality furnishings.",https://krug.ca/about-krug/,https://krug.ca/,2026-08-30,Medium,"Meubles, matelas et articles d’ameublement",Mobilier de bureau et de soins de santé,Sièges Leyton et Libra de Krug,"Sièges, tables et meubles de rangement pour les bureaux, les établissements de santé et l’enseignement supérieur.","La page « À propos » de Krug indique que l’entreprise, fondée en 1880, est un concepteur et fabricant établi en Ontario de mobilier de bureau, de santé, d’enseignement supérieur et d’hôtellerie.",Ontario (Kitchener et Stratford; la page indique « établie en Ontario »),Propriété non vérifiée,"La page indique que l’entreprise est établie en Ontario, mais ne comporte pas d’énoncé explicite de fabrication au Canada.",Remplace les sièges et le mobilier de bureau d’origine américaine (rubrique SH 94.01).
395,"Furniture, mattresses and home furnishings",Upholstered furniture,Decor-Rest Furniture,Decor-Rest fine upholstery collections,"Fabric and leather sofas, sectionals and chairs.","Decor-Rest describes itself as a leading North American manufacturer of fine upholstery since 1972 and states its operations are based in a 250,000 sq. ft. facility in Woodbridge, Ontario.","Woodbridge, Ontario",Family owned by the Marzilli family (no parent company stated),Company states it imports accents from around the world to complete its offering.,Replaces U.S.-origin upholstered seats (heading 94.01).,94.01,"A leading North American manufacturer of fine upholstery, since 1972.",https://www.decor-rest.com/about-us/how-its-made,https://www.decor-rest.com/about-us/history,2026-08-30,Medium,"Meubles, matelas et articles d’ameublement",Meubles rembourrés,Collections de meubles rembourrés de qualité Decor-Rest,"Canapés, sectionnels et fauteuils en tissu et en cuir.","Decor-Rest se décrit comme un chef de file nord-américain du meuble rembourré de qualité depuis 1972 et indique que ses activités se déroulent dans une usine de 250 000 pi² à Woodbridge, en Ontario.","Woodbridge, Ontario",Entreprise familiale détenue par la famille Marzilli (aucune société mère indiquée),L’entreprise indique importer des pièces d’accent du monde entier pour compléter son offre.,Remplace les sièges rembourrés d’origine américaine (rubrique SH 94.01).
396,"Furniture, mattresses and home furnishings",Outdoor furniture,ARD Outdoor,ARD Outdoor Canadian-made outdoor furniture collections,"Aluminum and woven outdoor patio furniture for homes, hospitality and commercial spaces.","ARD Outdoor states it has proudly designed and manufactured Canadian-made outdoor furniture in Toronto since 1964, with more than 60 Canadian employees contributing to every piece.","Toronto, Ontario",Family-owned Canadian manufacturer (no parent company stated),None stated on fetched official page,Replaces U.S.-origin outdoor seating and patio furniture (heading 94.01).,94.01,we've been designing and manufacturing premium outdoor furniture in Toronto since 1964,https://ardoutdoor.com/canadian-made-outdoor-furniture-crafted-for-lasting-excellence/,,2026-08-30,High,"Meubles, matelas et articles d’ameublement",Meubles d’extérieur,Collections de meubles d’extérieur fabriqués au Canada d’ARD Outdoor,"Meubles de patio en aluminium et en résine tressée pour la maison, l’hôtellerie et les espaces commerciaux.","ARD Outdoor affirme concevoir et fabriquer fièrement des meubles d’extérieur canadiens à Toronto depuis 1964, avec plus de 60 employés canadiens qui contribuent à chaque pièce.","Toronto, Ontario",Fabricant canadien de propriété familiale (aucune société mère indiquée),Aucune précision sur la page officielle consultée,Remplace les sièges d’extérieur et les meubles de patio d’origine américaine (rubrique SH 94.01).
397,"Furniture, mattresses and home furnishings",Pocket-coil mattresses,Marshall Mattress,Bespoke by Marshall hand-tufted mattresses,Hand-tufted pocket-coil luxury mattresses and divan foundations.,"Marshall Mattress' official history page documents its Toronto mattress factory, and the company's news release describes its handcrafted manufacturing process for the Bespoke by Marshall collection.","Toronto, Ontario",Acquired in 2019 by Spain's Flex Group from the Warner family,"Bespoke mattresses are stated to be upholstered in Belgian damask fabric, so covers are imported.",Replaces U.S.-origin mattresses (heading 94.04).,94.04,The photo shown is of a new Marshall Mattress factory in Toronto that was built for the growing company.,https://marshallmattress.com/our-history/,https://www.newswire.ca/news-releases/marshall-mattress-introduces-bespoke-by-marshall-514406371.html,2026-08-30,Medium,"Meubles, matelas et articles d’ameublement",Matelas à ressorts ensachés,Matelas capitonnés à la main Bespoke by Marshall,Matelas de luxe à ressorts ensachés capitonnés à la main et bases de type divan.,"La page d’historique officielle de Marshall Mattress documente son usine de matelas de Toronto, et le communiqué de l’entreprise décrit le procédé de fabrication artisanale de la collection Bespoke by Marshall.","Toronto, Ontario",Acquise en 2019 par le groupe espagnol Flex auprès de la famille Warner,Les matelas Bespoke sont déclarés recouverts d’un damas belge; les housses sont donc importées.,Remplace les matelas d’origine américaine (rubrique SH 94.04).
398,"Furniture, mattresses and home furnishings",Office furniture systems,Groupe Lacasse,Concept 400E and Think Smart office furniture collections,"Office desks, workstations, storage and conference furniture.","Groupe Lacasse's company page states it is headquartered in Saint-Pie, Quebec, Canada and describes its history as the most significant manufacturer of sewing machine cabinets in Canada.","Saint-Pie, Quebec (headquarters; plant locations not itemized on page)",Bought back from Haworth in 2012 by Sylvain Garneau (50%) and Robin and Guy Lacasse (50%),Page does not carry an explicit current 'made in Canada' statement for the furniture lines.,Replaces U.S.-origin office furniture and workstations (heading 94.03).,94.03,"The company is headquartered in Saint-Pie, Quebec, Canada.",https://www.groupelacasse.com/en/company.html,https://www.groupelacasse.com/en/brand/1-lacasse.html,2026-08-30,Medium,"Meubles, matelas et articles d’ameublement",Systèmes de mobilier de bureau,Collections de mobilier de bureau Concept 400E et Think Smart,"Bureaux, postes de travail, rangement et mobilier de salle de conférence.","La page corporative de Groupe Lacasse indique que son siège social se trouve à Saint-Pie, au Québec, au Canada, et décrit son passé comme le plus important fabricant de meubles pour machines à coudre au Canada.","Saint-Pie, Québec (siège social; les usines ne sont pas énumérées sur la page)",Rachetée de Haworth en 2012 par Sylvain Garneau (50 %) et Robin et Guy Lacasse (50 %),La page ne comporte pas d’énoncé actuel explicite de fabrication au Canada pour les gammes de mobilier.,Remplace le mobilier de bureau et les postes de travail d’origine américaine (rubrique SH 94.03).
399,Major appliances and household equipment,Water heaters,GSW Water Heating (John Wood),GSW SpaceSaver and Standard Electric water heaters,Residential tank water heaters that supply household hot water.,Official GSW 'Made in Canada' page states the collection is 'expertly crafted in Canada' and that the company has been 'Manufacturing in Canada since 1945' from two Montreal-based factories.,"Montreal, Quebec","Owned by A. O. Smith Corporation, which completed its acquisition of GSW in 2006",None stated on fetched official page,Direct substitute for U.S.-built residential storage water heaters imported under HS Chapter 84 (electric/gas water heaters).,84.19,Discover our new Canadian-made GSW collection – expertly crafted in Canada with premium quality at its core.,https://gsw-wh.com/made-in-canada/,https://johnwoodwaterheaters.com/,2026-08-30,High,Gros électroménagers et équipement domestique,Chauffe-eau,Chauffe-eau électriques GSW SpaceSaver et Standard,Chauffe-eau résidentiels à réservoir qui alimentent la maison en eau chaude.,La page officielle « Fabriqué au Canada » de GSW indique que la collection est « fabriquée avec expertise au Canada » et que l’entreprise « fabrique au Canada depuis 1945 » dans deux usines de la région de Montréal.,"Montréal, Québec","Propriété d’A. O. Smith Corporation, qui a conclu l’acquisition de GSW en 2006",Aucune précision sur la page officielle consultée,Substitut direct des chauffe-eau résidentiels à réservoir fabriqués aux États-Unis et importés sous le chapitre 84 du SH (chauffe-eau électriques ou au gaz).
400,Major appliances and household equipment,Central vacuum systems,Husky Vacuums (Husky Vac),"Husky central vacuum power units (e.g. Nanook, Titan)",Whole-home built-in vacuum systems that pull dust to a central canister.,Husky's official 'The Husky Difference' page states the company has been designing and manufacturing its vacuums in Canada for more than 50 years.,Canada (location not stated),ownership not verified,None stated on fetched official page,Replaces U.S.-origin central vacuum power units and household vacuum cleaners in HS Chapter 85 (electro-mechanical domestic appliances).,85.08,Did you know that we have been designing and manufacturing our vacuums in Canada for more than 50 years?,https://huskyvac.com/en/the-difference/,,2026-08-30,High,Gros électroménagers et équipement domestique,Aspirateurs centraux,"Blocs moteurs d’aspirateur central Husky (Nanook, Titan, etc.)","Systèmes d’aspiration centralisés intégrés à la maison, qui acheminent la poussière vers un réservoir central.",La page officielle « The Husky Difference » indique que l’entreprise conçoit et fabrique ses aspirateurs au Canada depuis plus de 50 ans.,Canada (emplacement non précisé),Propriété non vérifiée,Aucune précision sur la page officielle consultée,Remplace les blocs moteurs d’aspirateur central et les aspirateurs domestiques d’origine américaine du chapitre 85 du SH (appareils électromécaniques à usage domestique).
401,Major appliances and household equipment,Central vacuum systems,Cana-Vac Systems,Cana-Vac Signature Series central vacuums,Built-in central vacuum systems for houses and light commercial buildings.,"Cana-Vac's official site describes the company as 'Canada's largest central vacuum manufacturer' with a large combined manufacturing space, but the page does not carry an explicit 'made in Canada' label.",Canada (location not stated),ownership not verified,Fetched page states manufacturing scale but does not name the plant city or address component sourcing.,Replaces U.S.-origin central vacuum units classified in HS Chapter 85 (vacuum cleaners).,85.08,"Cana-Vac Systems Inc, is Canada's largest central vacuum manufacturer with a combined manufacturing space totaling over 3.5 football fields.",https://canavac.eu/about-us/,https://canavac.com/,2026-08-30,Medium,Gros électroménagers et équipement domestique,Aspirateurs centraux,Aspirateurs centraux Cana-Vac série Signature,Systèmes d’aspiration centralisés intégrés pour les maisons et les petits immeubles commerciaux.,"Le site officiel de Cana-Vac décrit l’entreprise comme « le plus grand fabricant d’aspirateurs centraux au Canada », doté d’une vaste superficie de fabrication, mais la page ne porte pas de mention explicite de fabrication au Canada.",Canada (emplacement non précisé),Propriété non vérifiée,"La page consultée fait état de la capacité de fabrication, mais ne nomme pas la ville de l’usine ni ne traite de l’origine des composants.",Remplace les blocs d’aspirateur central d’origine américaine classés au chapitre 85 du SH (aspirateurs).
402,Major appliances and household equipment,Central vacuum systems,Duovac,Duovac central vacuum systems and accessories,Central vacuum power units installed in homes for whole-house cleaning.,"Duovac states its products are 'designed and manufactured by a team of passionate and qualified experts in Blainville, Québec.'","Blainville, Quebec",ownership not verified,None stated on fetched official page,Substitutes for U.S.-built central vacuum and household vacuum units under HS Chapter 85.,85.08,"our Duovac products are designed and manufactured by a team of passionate and qualified experts in Blainville, Québec.",https://duovac.com/en/duovac-benefits/,,2026-08-30,High,Gros électroménagers et équipement domestique,Aspirateurs centraux,Systèmes d’aspiration centrale et accessoires Duovac,Blocs moteurs d’aspirateur central installés dans les maisons pour le nettoyage de toute la résidence.,"Duovac affirme que ses produits sont « conçus et fabriqués par une équipe d’experts passionnés et qualifiés à Blainville, au Québec ».","Blainville, Québec",Propriété non vérifiée,Aucune précision sur la page officielle consultée,"Remplace les aspirateurs centraux et domestiques fabriqués aux États-Unis, classés au chapitre 85 du SH."
403,Major appliances and household equipment,Radiant and infrared heaters,Superior Radiant Products (SRP),"SRP low- and high-intensity infrared tube heaters, eWAVE electric radiant heaters","Gas and electric radiant heaters for garages, warehouses, greenhouses and barns.",SRP's About page states the company 'was founded and began manufacturing infrared heating equipment at its facility in Stoney Creek Ontario.',"Stoney Creek, Ontario",ownership not verified,"Same page lists affiliated entities in Atlanta, Georgia, Europe and Qingdao, China, so not every SRP product line is necessarily Canadian-built.",Alternative to U.S.-made gas-fired unit and infrared heaters in HS Chapter 73/84 (non-electric air heaters).,73.22,Superior Radiant Products was founded and began manufacturing infrared heating equipment at its facility in Stoney Creek Ontario.,https://www.superiorradiant.com/about/,,2026-08-30,High,Gros électroménagers et équipement domestique,Chauffage radiant et infrarouge,Tubes radiants infrarouges de basse et haute intensité SRP et appareils radiants électriques eWAVE,"Appareils de chauffage radiant au gaz et électriques pour les garages, entrepôts, serres et étables.","La page « À propos » de SRP indique que l’entreprise « a été fondée et a commencé à fabriquer des appareils de chauffage infrarouge à son usine de Stoney Creek, en Ontario ».","Stoney Creek, Ontario",Propriété non vérifiée,"La même page énumère des entités affiliées à Atlanta (Géorgie), en Europe et à Qingdao, en Chine; toutes les gammes SRP ne sont donc pas nécessairement fabriquées au Canada.","Solution de rechange aux aérothermes au gaz et aux appareils infrarouges fabriqués aux États-Unis, des chapitres 73 et 84 du SH (générateurs d’air chaud non électriques)."
404,Major appliances and household equipment,Boilers and hydronic heating,NTI Boilers,"NTI high-efficiency gas boilers, combi boilers and water heaters",Condensing gas boilers that heat homes and domestic hot water.,"NTI's About page states its head office and manufacturing facility are located in Saint John, New Brunswick and that NTI manufactures its hydronic products to advanced codes.","Saint John, New Brunswick",ownership not verified,Page markets products as 'North American-made' rather than exclusively Canadian-made.,Replaces U.S.-origin residential gas boilers imported under HS Chapter 84 (central heating boilers).,84.03,"Today our head office and manufacturing facility are located on the stunning Drury Cove in Saint John, NB",https://ntiboilers.com/about,,2026-08-30,High,Gros électroménagers et équipement domestique,Chaudières et chauffage hydronique,"Chaudières au gaz à haute efficacité, chaudières combinées et chauffe-eau NTI",Chaudières au gaz à condensation qui chauffent la maison et l’eau chaude domestique.,"La page « À propos » de NTI indique que son siège social et son usine se trouvent à Saint John, au Nouveau-Brunswick, et que NTI fabrique ses produits hydroniques selon des normes de pointe.","Saint John, Nouveau-Brunswick",Propriété non vérifiée,La page présente les produits comme « fabriqués en Amérique du Nord » plutôt que fabriqués exclusivement au Canada.,Remplace les chaudières résidentielles au gaz d’origine américaine importées sous le chapitre 84 du SH (chaudières pour le chauffage central).
405,Major appliances and household equipment,Boilers and hydronic heating,Camus Hydronics,Camus copper-tube and stainless steel commercial boilers,High-efficiency gas boilers and water heaters for homes and commercial buildings.,Camus states it is a manufacturer of gas-fired high-efficiency boilers operating from a modern manufacturing facility located beside Toronto Pearson Airport.,"Canada (city not stated; page says 'beside Toronto Pearson Airport', Ontario)",ownership not verified,Fetched page does not use the phrase 'made in Canada' and does not name the municipality.,Alternative to U.S.-built commercial hydronic boilers in HS Chapter 84.,84.03,"Located beside Toronto Pearson Airport, we operate out of a modern manufacturing facility complete with a state-of-the-art testing lab",https://camus-hydronics.com/aboutus,,2026-08-30,Medium,Gros électroménagers et équipement domestique,Chaudières et chauffage hydronique,Chaudières commerciales à tubes de cuivre et en acier inoxydable Camus,Chaudières au gaz et chauffe-eau à haute efficacité pour les maisons et les immeubles commerciaux.,Camus affirme être un fabricant de chaudières au gaz à haute efficacité qui exploite une usine moderne située à côté de l’aéroport Pearson de Toronto.,"Canada (ville non précisée; la page indique « à côté de l’aéroport Pearson de Toronto », en Ontario)",Propriété non vérifiée,La page consultée n’emploie pas l’expression « fabriqué au Canada » et ne nomme pas la municipalité.,"Solution de rechange aux chaudières hydroniques commerciales fabriquées aux États-Unis, du chapitre 84 du SH."
406,Major appliances and household equipment,Electric boilers and water heaters,Thermo 2000,Thermo 2000 BTH electric boilers and Turbomax indirect water heaters,Electric boilers and indirect tanks for hydronic home heating and hot water.,"Thermo 2000 states: 'Since 1978, we have been designing and manufacturing electric boilers and indirect water heaters in Richmond' in Quebec's Eastern Townships.","Richmond, Quebec",ownership not verified,None stated on fetched official page,Replaces U.S.-origin electric boilers and indirect water heaters in HS Chapter 84.,84.03,"Since 1978, we have been designing and manufacturing electric boilers and indirect water heaters in Richmond, located in the heart of the Eastern Townships",https://www.thermo2000.com/en/our-history/,,2026-08-30,High,Gros électroménagers et équipement domestique,Chaudières électriques et chauffe-eau,Chaudières électriques BTH et chauffe-eau indirects Turbomax de Thermo 2000,Chaudières électriques et réservoirs indirects pour le chauffage hydronique résidentiel et l’eau chaude.,"Thermo 2000 affirme : « Depuis 1978, nous concevons et fabriquons des chaudières électriques et des chauffe-eau indirects à Richmond », dans les Cantons-de-l’Est, au Québec.","Richmond, Québec",Propriété non vérifiée,Aucune précision sur la page officielle consultée,Remplace les chaudières électriques et les chauffe-eau indirects d’origine américaine du chapitre 84 du SH.
407,Major appliances and household equipment,Heat pumps,Maritime Geothermal (Nordic Heat Pumps),Nordic geothermal and air-to-water heat pumps,Ground-source and air-source heat pumps that heat and cool homes.,"Company states: 'Our heat pumps are built in Petitcodiac, New Brunswick, Canada at our 30,000 square foot manufacturing facility.'","Petitcodiac, New Brunswick",ownership not verified,None stated on fetched official page,Direct alternative to U.S.-built residential heat pumps classified in HS Chapter 84 (heat pumps other than air conditioning machines).,84.18,"Our heat pumps are built in Petitcodiac, New Brunswick, Canada at our 30,000 square foot manufacturing facility.",https://www.nordicghp.com/about-us/our-facility/,,2026-08-30,High,Gros électroménagers et équipement domestique,Thermopompes,Thermopompes géothermiques et air-eau Nordic,Thermopompes géothermiques et à air qui chauffent et climatisent les maisons.,"L’entreprise affirme : « Nos thermopompes sont fabriquées à Petitcodiac, au Nouveau-Brunswick, au Canada, dans notre usine de 30 000 pieds carrés. »","Petitcodiac, Nouveau-Brunswick",Propriété non vérifiée,Aucune précision sur la page officielle consultée,"Solution de rechange directe aux thermopompes résidentielles fabriquées aux États-Unis, classées au chapitre 84 du SH (thermopompes autres que les climatiseurs)."
408,Major appliances and household equipment,HVAC air handling equipment,Engineered Air,"Engineered Air custom air handling units, make-up air and cleanroom systems","Custom commercial heating, ventilating and air-conditioning units for buildings.","Engineered Air's history page describes Canadian manufacturing plants, including a Newmarket, Ontario plant 'built as the Eastern Canada Manufacturing Facility', plus Calgary and Edmonton plants.","Calgary and Edmonton, Alberta; Newmarket, Ontario",ownership not verified,"Company also lists a U.S. manufacturing location (De Soto), so not all units are Canadian-built.",Replaces U.S.-built commercial air handling and heating/ventilating equipment in HS Chapter 84.,84.15,Newmarket Ontario Plant was built as the Eastern Canada Manufacturing Facility making it easier to provide service across Canada.,https://www.engineeredair.com/about/,,2026-08-30,High,Gros électroménagers et équipement domestique,Équipement de traitement de l’air CVCA,"Unités de traitement d’air sur mesure, unités d’air d’appoint et systèmes de salle blanche Engineered Air","Appareils commerciaux sur mesure de chauffage, de ventilation et de climatisation pour les bâtiments.","La page d’historique d’Engineered Air décrit des usines canadiennes, dont une usine de Newmarket, en Ontario, « construite comme l’usine de fabrication de l’Est du Canada », ainsi que des usines à Calgary et à Edmonton.","Calgary et Edmonton, Alberta; Newmarket, Ontario",Propriété non vérifiée,L’entreprise mentionne aussi une usine aux États-Unis (De Soto); tous les appareils ne sont donc pas fabriqués au Canada.,"Remplace l’équipement commercial de traitement d’air et de chauffage-ventilation fabriqué aux États-Unis, du chapitre 84 du SH."
409,Major appliances and household equipment,Commercial refrigeration,KeepRite Refrigeration,"KeepRite condensing units, evaporators and refrigeration systems","Refrigeration systems for walk-in coolers, freezers and commercial food storage.","KeepRite states its Brantford, Ontario facilities span a combined 200,000 sq ft for product design, production and testing, and that its products have been manufactured for more than 80 years.","Brantford, Ontario",ownership not verified,"Company also operates a 190,000 sq ft manufacturing plant in Kilgore, Texas, so specific models may be U.S.-built.",Replaces U.S.-origin commercial refrigeration equipment in HS Chapter 84 (refrigerating equipment).,84.18,"Our Brantford, Ontario facilities feature a combined space of 200,000 ft², allowing for exceptional product design, production, and testing.",https://k-rp.com/company,https://k-rp.com/brantford,2026-08-30,High,Gros électroménagers et équipement domestique,Réfrigération commerciale,"Groupes de condensation, évaporateurs et systèmes de réfrigération KeepRite","Systèmes de réfrigération pour les chambres froides, les congélateurs et l’entreposage alimentaire commercial.","KeepRite indique que ses installations de Brantford, en Ontario, totalisent 200 000 pi² pour la conception, la production et les essais de produits, et que ses produits sont fabriqués depuis plus de 80 ans.","Brantford, Ontario",Propriété non vérifiée,"L’entreprise exploite aussi une usine de 190 000 pi² à Kilgore, au Texas; certains modèles peuvent donc être fabriqués aux États-Unis.",Remplace l’équipement de réfrigération commerciale d’origine américaine du chapitre 84 du SH (matériel frigorifique).
410,Major appliances and household equipment,Commercial cooking equipment,Garland Commercial Ranges,"Garland restaurant ranges, griddles and Master Series cooking equipment",Heavy-duty commercial ranges and griddles used in restaurant kitchens.,"Garland's official company history states a manufacturing facility, Garland Commercial Ranges Ltd., was established in Mississauga, Ontario in 1953 and that in 2010 'Manufacturing for all Garland products moved to the Mississauga facility.'","Mississauga, Ontario",ownership not verified,None stated on fetched official page,Alternative to U.S.-made commercial cooking ranges and ovens imported under HS Chapter 84 (non-domestic cooking appliances).,84.19,2010 - Manufacturing for all Garland products moved to the Mississauga facility.,https://www.garland-group.com/Company/History,https://www.garlandcanada.ca/Contact,2026-08-30,High,Gros électroménagers et équipement domestique,Équipement de cuisson commercial,"Cuisinières de restaurant, plaques de cuisson et équipement de cuisson série Master de Garland",Cuisinières et plaques de cuisson commerciales robustes utilisées dans les cuisines de restaurant.,"L’historique officiel de Garland indique qu’une usine, Garland Commercial Ranges Ltd., a été établie à Mississauga, en Ontario, en 1953 et qu’en 2010 « la fabrication de tous les produits Garland a été transférée à l’usine de Mississauga ».","Mississauga, Ontario",Propriété non vérifiée,Aucune précision sur la page officielle consultée,Solution de rechange aux cuisinières et fours commerciaux fabriqués aux États-Unis et importés sous le chapitre 84 du SH (appareils de cuisson non domestiques).
411,Major appliances and household equipment,Commercial bakery equipment,Doyon Baking Equipment,"Doyon Artisan stone deck ovens, mixers and proofers","Ovens, mixers and proofers used by bakeries and pizzerias.",Doyon's company history states the Quebec-founded firm 'began manufacturing our own line of equipment' in the mid-1970s and later added the manufacture of bakery accessories.,Quebec (page cites Quebec origins; plant city not stated),ownership not verified,Fetched history page does not name the current plant city or state 'made in Canada' explicitly.,Alternative to U.S.-built commercial baking ovens and bakery machinery in HS Chapter 84.,84.38,In the mid 1970's we began manufacturing our own line of equipment and in the 80's we developed equipment for export.,https://doyonbaking.com/about-us/,,2026-08-30,Medium,Gros électroménagers et équipement domestique,Équipement de boulangerie commercial,"Fours à sole de pierre Artisan, mélangeurs et chambres de fermentation Doyon","Fours, mélangeurs et chambres de fermentation utilisés par les boulangeries et les pizzérias.",L’historique de Doyon indique que l’entreprise fondée au Québec « a commencé à fabriquer sa propre gamme d’équipement » au milieu des années 1970 et a plus tard ajouté la fabrication d’accessoires de boulangerie.,Québec (la page évoque des origines québécoises; la ville de l’usine n’est pas précisée),Propriété non vérifiée,La page d’historique consultée ne nomme pas la ville de l’usine actuelle et n’affirme pas explicitement une fabrication au Canada.,"Solution de rechange aux fours de boulangerie commerciaux et à la machinerie de boulangerie fabriqués aux États-Unis, du chapitre 84 du SH."
412,Major appliances and household equipment,Gas fireplaces,Montigo,Montigo direct-vent and custom gas fireplaces,"Built-in gas fireplaces for homes, condos and commercial spaces.","Montigo states that 'CSA Certified stock fireplaces are manufactured in the US and Canadian plant, and custom engineered fireplaces are produced in Canada.'","Langley, British Columbia",ownership not verified,"Company operates plants in both Canada and Ferndale, Washington, so some stock models are U.S.-built.",Substitute for U.S.-made gas fireplaces and stoves classified in HS Chapter 73 (iron/steel stoves and space heaters).,73.21,"CSA Certified stock fireplaces are manufactured in the US and Canadian plant, and custom engineered fireplaces are produced in Canada.",https://www.montigo.com/about/,https://www.montigo.com/contact-us/,2026-08-30,High,Gros électroménagers et équipement domestique,Foyers au gaz,Foyers au gaz à évacuation directe et sur mesure Montigo,"Foyers au gaz encastrés pour les maisons, les condos et les espaces commerciaux.","Montigo indique que « les foyers de série certifiés CSA sont fabriqués dans les usines américaine et canadienne, et que les foyers sur mesure sont produits au Canada ».","Langley, Colombie-Britannique",Propriété non vérifiée,"L’entreprise exploite des usines au Canada et à Ferndale, dans l’État de Washington; certains modèles de série sont donc fabriqués aux États-Unis.","Substitut aux foyers et poêles au gaz fabriqués aux États-Unis, classés au chapitre 73 du SH (poêles et appareils de chauffage en fer ou en acier)."
413,Major appliances and household equipment,"Wood, gas and pellet stoves",Enviro (Sherwood Industries),"Enviro wood, gas and pellet stoves, inserts and fireplaces","Freestanding stoves and inserts that heat homes with wood, pellets or gas.","Sherwood Industries, maker of the Enviro brand, states on its About page that it owns a large manufacturing plant and that the company is located in Saanichton, on Vancouver Island, British Columbia.","Saanichton, British Columbia",Enviro is the heating-appliance brand of Sherwood Industries Ltd.,Fetched page is the French-language version; it describes the factory and location rather than using the phrase 'made in Canada'.,Replaces U.S.-origin wood and pellet stoves in HS Chapter 73 (stoves and space heaters of iron or steel).,73.21,Nous sommes situés à Saanichton (environ 16 km au nord de Victoria) sur l'île de Vancouver en Colombie-Britannique.,https://enviro.com/fr/media/about-us/,https://enviro.com/media/about-us/,2026-08-30,High,Gros électroménagers et équipement domestique,"Poêles à bois, au gaz et aux granules","Poêles, encastrables et foyers au bois, au gaz et aux granules Enviro","Poêles autoportants et encastrables qui chauffent la maison au bois, aux granules ou au gaz.","Sherwood Industries, fabricant de la marque Enviro, indique sur sa page « À propos » qu’elle possède une grande usine et que l’entreprise est établie à Saanichton, sur l’île de Vancouver, en Colombie-Britannique.","Saanichton, Colombie-Britannique",Enviro est la marque d’appareils de chauffage de Sherwood Industries Ltd.,La page consultée est la version française; elle décrit l’usine et l’emplacement plutôt que d’employer l’expression « fabriqué au Canada ».,Remplace les poêles à bois et aux granules d’origine américaine du chapitre 73 du SH (poêles et appareils de chauffage en fer ou en acier).
414,Major appliances and household equipment,Chimneys and venting,Security Chimneys International,Security Chimneys ULC-listed chimney and venting systems,"Insulated chimney and venting pipe for wood stoves, fireplaces and appliances.","Security Chimneys states it is 'Based in Laval, Quebec' with a 104,800-square-foot facility and 'world-class manufacturing' processes.","Laval, Quebec",Part of the Duravent Group portfolio of brands,"Fetched page does not explicitly say products are made in Canada, and the parent group operates many non-Canadian brands and plants.",Alternative to U.S.-origin metal chimney and venting systems in HS Chapter 73 (tubes and structures of iron or steel).,73.06,"Based in Laval, Quebec, our state-of-the-art 104,800-square-foot facility ensures the reliability and performance that our clients expect.",https://securitychimneys.com/about/,,2026-08-30,Medium,Gros électroménagers et équipement domestique,Cheminées et systèmes d’évacuation,Systèmes de cheminée et d’évacuation homologués ULC de Cheminées Sécurité,"Cheminées isolées et conduits d’évacuation pour les poêles à bois, les foyers et les appareils.","Cheminées Sécurité indique être « établie à Laval, au Québec », avec une usine de 104 800 pieds carrés et des procédés de « fabrication de calibre mondial ».","Laval, Québec",Fait partie du portefeuille de marques du Duravent Group,"La page consultée n’affirme pas explicitement que les produits sont fabriqués au Canada, et la société mère exploite de nombreuses marques et usines hors du Canada.",Solution de rechange aux systèmes de cheminée et d’évacuation en métal d’origine américaine du chapitre 73 du SH (tubes et constructions en fer ou en acier).
415,Major appliances and household equipment,Ventilation fans and HRVs,Reversomatic,"Reversomatic bathroom, kitchen and commercial exhaust fans, HRVs and ERVs","Exhaust fans and heat-recovery ventilators that remove moist, stale air from buildings.","Reversomatic bills itself as 'Canada's #1 Fan Manufacturer' and states it 'now boasts 5 facilities across the Toronto region, including a plant in Brampton, Ontario.'","Brampton and Toronto region, Ontario",ownership not verified,None stated on fetched official page,Replaces U.S.-origin residential and commercial ventilating fans in HS Chapter 84 (fans and ventilating hoods).,84.14,"Reversomatic now boasts 5 facilities across the Toronto region, including a plant in Brampton, Ontario.",https://reversomatic.com/pages/our-story,https://reversomatic.com/pages/our-company,2026-08-30,High,Gros électroménagers et équipement domestique,Ventilateurs et VRC,"Ventilateurs d’extraction résidentiels et commerciaux, VRC et VRE Reversomatic",Ventilateurs d’extraction et ventilateurs récupérateurs de chaleur qui évacuent l’air humide et vicié des bâtiments.,"Reversomatic se présente comme « le premier fabricant de ventilateurs au Canada » et indique qu’elle « compte maintenant 5 installations dans la région de Toronto, dont une usine à Brampton, en Ontario ».","Brampton et région de Toronto, Ontario",Propriété non vérifiée,Aucune précision sur la page officielle consultée,Remplace les ventilateurs résidentiels et commerciaux d’origine américaine du chapitre 84 du SH (ventilateurs et hottes aspirantes).
416,Major appliances and household equipment,Electric baseboard and space heating,Ouellet Canada,Ouellet OFM standard electric baseboard heaters and floor heating systems,"Electric baseboards, convectors and floor heating used to heat rooms.","Ouellet's About page traces manufacturing of its heating equipment to L'Islet, Quebec, where the company began making residential heating equipment and later moved floor-heating manufacturing.","L'Islet, Quebec","Ouellet Canada Group Inc.; family-controlled (Beaulieu family), owner of Dettson, Britech, Convectair and other brands","Same timeline page states 'Ouellet's China factory starts assembling various Ouellet products', so some products are assembled offshore.",Alternative to U.S.-made electric space heaters and baseboards in HS Chapter 85 (electric space heating apparatus).,85.16,Charles-Emile Ouellet begins manufacturing residential hot-air heating equipment in a workshop next to his home in L'Islet.,https://www.ouellet.com/en-ca/about/about-us.aspx,,2026-08-30,Medium,Gros électroménagers et équipement domestique,Plinthes électriques et chauffage d’appoint,Plinthes électriques standards OFM et systèmes de chauffage par le sol Ouellet,"Plinthes électriques, convecteurs et chauffage par le sol utilisés pour chauffer les pièces.","La page « À propos » d’Ouellet retrace la fabrication de ses appareils de chauffage à L’Islet, au Québec, où l’entreprise a commencé à produire des appareils de chauffage résidentiel avant d’y transférer la fabrication du chauffage par le sol.","L’Islet, Québec","Groupe Ouellet Canada Inc.; entreprise à contrôle familial (famille Beaulieu), propriétaire des marques Dettson, Britech, Convectair et autres",La même page chronologique indique que « l’usine chinoise d’Ouellet commence à assembler divers produits Ouellet »; certains produits sont donc assemblés à l’étranger.,"Solution de rechange aux appareils de chauffage électriques et plinthes fabriqués aux États-Unis, du chapitre 85 du SH (appareils électriques de chauffage des locaux)."
417,Major appliances and household equipment,Ranges and kitchen appliances,Elmira Stove Works,Northstar retro appliances and Findlay Oval wood cookstove,"Retro-styled kitchen ranges, fridges, wall ovens and wood cookstoves.","Elmira Stove Works displays a 'Made in Canada' statement on its official site, and its About page describes moving manufacturing to a facility just outside Elmira, Ontario.","Elmira, Ontario",ownership not verified,None stated on fetched official page,Substitute for U.S.-built domestic cooking ranges and stoves in HS Chapter 73 (domestic stoves/cookers of iron or steel) and Chapter 85 for electric models.,73.21,Made in Canada,https://elmirastoveworks.com/,https://elmirastoveworks.com/pages/about-us,2026-08-30,High,Gros électroménagers et équipement domestique,Cuisinières et appareils de cuisine,Appareils rétro Northstar et cuisinière à bois Findlay Oval,"Cuisinières, réfrigérateurs, fours encastrés et cuisinières à bois de style rétro.","Elmira Stove Works affiche une mention « Fabriqué au Canada » sur son site officiel, et sa page « À propos » décrit le transfert de la fabrication vers une usine située tout près d’Elmira, en Ontario.","Elmira, Ontario",Propriété non vérifiée,Aucune précision sur la page officielle consultée,"Substitut aux cuisinières et poêles domestiques fabriqués aux États-Unis, du chapitre 73 du SH (cuisinières domestiques en fer ou en acier) et du chapitre 85 pour les modèles électriques."
418,Major appliances and household equipment,Water treatment equipment,Excalibur Water Systems,"Excalibur water softeners, iron filters and reverse osmosis systems",Household and commercial water softeners and filters that treat well or city water.,Excalibur states it is 'a Canadian manufacturer of water treatment and purification equipment' and that 'Our Canadian made products provide solutions for any water problems that you have.',Canada (location not stated; company operates from Ontario),ownership not verified,None stated on fetched official page,Replaces U.S.-origin water softeners and filtration equipment classified in HS Chapter 84 (filtering/purifying machinery for liquids).,84.21,Our Canadian made products provide solutions for any water problems that you have.,https://residential.excaliburwater.com/about-us/,https://www.excaliburwater.com/,2026-08-30,High,Gros électroménagers et équipement domestique,Équipement de traitement de l’eau,"Adoucisseurs d’eau, filtres à fer et systèmes d’osmose inverse Excalibur",Adoucisseurs et filtres domestiques et commerciaux qui traitent l’eau de puits ou l’eau municipale.,Excalibur affirme être « un fabricant canadien d’équipement de traitement et de purification de l’eau » et que « nos produits fabriqués au Canada règlent tous vos problèmes d’eau ».,Canada (emplacement non précisé; l’entreprise exploite ses activités depuis l’Ontario),Propriété non vérifiée,Aucune précision sur la page officielle consultée,Remplace les adoucisseurs et l’équipement de filtration d’eau d’origine américaine classés au chapitre 84 du SH (appareils de filtration ou d’épuration des liquides).
419,Major appliances and household equipment,Air distribution equipment,Price Industries,"Price diffusers, grilles, terminal units and critical-environment products","Air diffusers, grilles and terminal units that distribute conditioned air in buildings.","Price's official site describes its manufacturing operations and states that its Price Electronics division is 'Located in Winnipeg, Canada', backed by Price Industries.","Winnipeg, Manitoba",ownership not verified,Fetched pages describe manufacturing capability without an explicit 'made in Canada' claim; Price also operates U.S. plants.,Alternative to U.S.-made air distribution and ventilation components in HS Chapter 84 (parts of ventilating equipment).,84.14,"Located in Winnipeg, Canada, our company has 25 years' experience backed by the reach and reputation of Price Industries.",https://priceindustries.com/,https://priceindustries.com/corporate/about-price/,2026-08-30,Medium,Gros électroménagers et équipement domestique,Équipement de distribution d’air,"Diffuseurs, grilles, unités terminales et produits pour environnements critiques Price","Diffuseurs, grilles et unités terminales qui distribuent l’air conditionné dans les bâtiments.","Le site officiel de Price décrit ses activités de fabrication et indique que sa division Price Electronics est « située à Winnipeg, au Canada », soutenue par Price Industries.","Winnipeg, Manitoba",Propriété non vérifiée,Les pages consultées décrivent la capacité de fabrication sans affirmation explicite de fabrication au Canada; Price exploite aussi des usines aux États-Unis.,"Solution de rechange aux composants de distribution d’air et de ventilation fabriqués aux États-Unis, du chapitre 84 du SH (parties d’appareils de ventilation)."
420,"Housewares, plastics, glass and kitchen products",Cookware and bakeware,Crown Cookware,"Crown Cookware stock pots, cake pans, pizza pans and cookie sheets","Commercial-grade pots, pans and baking sheets for home and professional kitchens.",Crown Cookware labels its products 'Proudly Made in Canada' and describes itself as 'a Canadian family-owned manufacturing business' operating since 1981.,Canada (location not stated on fetched pages),Canadian family-owned; operates as Crown Custom Metal Spinning Inc.,"Third-party profile notes not every item listed on the site is Canadian-made, so buyers should confirm per product.","Direct substitute for U.S.-origin steel and aluminum cookware/bakeware under HS Chapter 73 (table, kitchen or household articles of iron or steel).",73.23,Proudly Made in Canada,https://www.crowncookware.com/,https://www.crowncookware.com/pages/about-us,2026-08-30,High,"Articles ménagers, plastiques, verre et produits de cuisine",Batteries de cuisine et ustensiles de cuisson,"Marmites, moules à gâteau, plaques à pizza et plaques à biscuits Crown Cookware","Casseroles, poêles et plaques de cuisson de qualité commerciale pour les cuisines domestiques et professionnelles.",Crown Cookware désigne ses produits comme « fièrement fabriqués au Canada » et se décrit comme « une entreprise manufacturière familiale canadienne » en activité depuis 1981.,Canada (emplacement non précisé sur les pages consultées),Entreprise familiale canadienne; exploitée sous le nom de Crown Custom Metal Spinning Inc.,Un profil de tierce partie note que tous les articles offerts sur le site ne sont pas fabriqués au Canada; il faut donc vérifier produit par produit.,"Substitut direct aux batteries de cuisine et ustensiles de cuisson en acier et en aluminium d’origine américaine du chapitre 73 du SH (articles de table, de cuisine ou de ménage en fer ou en acier)."
421,"Housewares, plastics, glass and kitchen products",Plastic pails and containers,Wenplastics,"Wenplastics IBC totes, plastic pails and bottles","Reusable plastic pails, totes and bottles used for storage and bulk liquids.",Wenplastics states 'Proudly made in Canada' on its official site and describes manufacturing durable IBC totes and plastic pails in-house.,Canada (location not stated),ownership not verified,None stated on fetched official page,"Replaces U.S.-origin plastic containers, pails and carboys under HS Chapter 39 (articles for the conveyance or packing of goods, of plastics).",39.23,"At Wenplastics, we manufacture durable IBC totes and plastic pails with the capacity to meet large-scale orders on time.",https://wenplastics.com/,,2026-08-30,High,"Articles ménagers, plastiques, verre et produits de cuisine",Seaux et contenants de plastique,"Grands récipients pour vrac, seaux et bouteilles de plastique Wenplastics","Seaux, grands récipients et bouteilles de plastique réutilisables pour l’entreposage et les liquides en vrac.",Wenplastics affiche « fièrement fabriqué au Canada » sur son site officiel et décrit la fabrication à l’interne de grands récipients pour vrac et de seaux de plastique durables.,Canada (emplacement non précisé),Propriété non vérifiée,Aucune précision sur la page officielle consultée,"Remplace les contenants, seaux et bonbonnes de plastique d’origine américaine du chapitre 39 du SH (articles de transport ou d’emballage en plastique)."
422,"Housewares, plastics, glass and kitchen products","Brooms, brushes and cleaning tools",Atlas Graham Furgale,"Atlas Graham brooms, mops and manual cleaning tools","Brooms, brushes and mops for household and institutional cleaning.","Atlas Graham states: 'We are a 100% Canadian owned and operated company, with more than 65% of our products being manufactured in Canada.'",Canada (location not stated on fetched page),100% Canadian owned and operated (Atlas Graham Furgale),"Company itself states only about 65% of its products are manufactured in Canada, so individual SKUs must be checked.","Alternative to U.S.-origin brooms, brushes and mops under HS Chapter 96 (brooms, brushes and mops).",96.03,"We are a 100% Canadian owned and operated company, with more than 65% of our products being manufactured in Canada.",https://www.atlasgraham.com/about-us/,https://madeincanadadirectory.ca/item/atlas-graham/,2026-08-30,High,"Articles ménagers, plastiques, verre et produits de cuisine","Balais, brosses et accessoires de nettoyage","Balais, vadrouilles et accessoires de nettoyage manuel Atlas Graham","Balais, brosses et vadrouilles pour le nettoyage domestique et institutionnel.","Atlas Graham affirme : « Nous sommes une entreprise détenue et exploitée à 100 % par des Canadiens, et plus de 65 % de nos produits sont fabriqués au Canada. »",Canada (emplacement non précisé sur la page consultée),Entreprise détenue et exploitée à 100 % par des Canadiens (Atlas Graham Furgale),L’entreprise elle-même indique que seulement environ 65 % de ses produits sont fabriqués au Canada; il faut donc vérifier chaque article.,"Solution de rechange aux balais, brosses et vadrouilles d’origine américaine du chapitre 96 du SH (balais, brosses et vadrouilles)."
423,"Housewares, plastics, glass and kitchen products",Cutting boards,Canuck Cutting Boards,Canuck end-grain and edge-grain hardwood cutting boards,Wooden cutting and serving boards for kitchen food prep.,"The brand states its boards are 'Handmade in Canada' and 'proudly handcrafted with over 45 years of wood working experience in Chatham-Kent, Ontario, Canada.'","Chatham-Kent, Ontario",ownership not verified,None stated on fetched official page,Substitute for U.S.-origin wooden kitchen boards under HS Chapter 44 (tableware and kitchenware of wood).,44.19,"Canuck Cutting Boards are proudly handcrafted with over 45 years of wood working experience in Chatham-Kent, Ontario, Canada.",https://www.canuckcuttingboards.com/,,2026-08-30,High,"Articles ménagers, plastiques, verre et produits de cuisine",Planches à découper,Planches à découper en bois franc à bout de fil et à fil de côté Canuck,Planches à découper et de service en bois pour la préparation des aliments.,"La marque affirme que ses planches sont « faites à la main au Canada » et « fièrement fabriquées à la main avec plus de 45 ans d’expérience en travail du bois à Chatham-Kent, en Ontario, au Canada ».","Chatham-Kent, Ontario",Propriété non vérifiée,Aucune précision sur la page officielle consultée,Substitut aux planches de cuisine en bois d’origine américaine du chapitre 44 du SH (articles de table et de cuisine en bois).
424,"Housewares, plastics, glass and kitchen products",Cutting boards,Deer Park Woodwork,Deer Park end-grain cutting boards and butcher blocks,Handmade wooden cutting boards and butcher blocks for kitchens.,Deer Park Woodwork markets its boards as handmade in Canada; the strongest wording captured on the fetched brand page is a customer statement praising the product as 'made in Canada'.,Canada (location not stated on fetched page),ownership not verified,The made-in-Canada wording captured on the fetched page appears in a customer testimonial rather than a company statement.,Substitute for U.S.-origin wooden cutting boards and butcher blocks under HS Chapter 44.,44.19,"High quality, great customer service, and made in Canada.",https://www.deerparkwoodwork.com/,https://www.deerparkwoodwork.com/collections/cutting-boards,2026-08-30,Medium,"Articles ménagers, plastiques, verre et produits de cuisine",Planches à découper,Planches à découper à bout de fil et billots Deer Park,Planches à découper et billots de boucher en bois faits à la main pour la cuisine.,Deer Park Woodwork présente ses planches comme faites à la main au Canada; la formulation la plus forte relevée sur la page de marque consultée est un témoignage de client vantant un produit « fabriqué au Canada ».,Canada (emplacement non précisé sur la page consultée),Propriété non vérifiée,La mention de fabrication au Canada relevée sur la page consultée figure dans un témoignage de client plutôt que dans une déclaration de l’entreprise.,Substitut aux planches à découper et billots de boucher en bois d’origine américaine du chapitre 44 du SH.
425,"Housewares, plastics, glass and kitchen products",Cutting boards,Falcons Woodwork,Falcon's Woodwork handmade cutting and serving boards,Small-batch wooden cutting and charcuterie boards for kitchen use.,Falcon's Woodwork states its boards are made from hardwood 'mostly sourced locally in Northern Ontario' and that the business is 'registered with Ontario Made'.,Northern Ontario,ownership not verified,Page emphasizes local wood sourcing and Ontario Made registration rather than an explicit 'made in Canada' label.,Alternative to U.S.-origin wooden kitchenware under HS Chapter 44.,44.19,Falcon's Woodwork was created in 2021 and registered with Ontario Made as a small business.,https://www.falconswoodwork.com/,,2026-08-30,Medium,"Articles ménagers, plastiques, verre et produits de cuisine",Planches à découper,Planches à découper et de service faites à la main Falcon’s Woodwork,Planches à découper et planches de charcuterie en bois produites en petits lots pour la cuisine.,Falcon’s Woodwork indique que ses planches sont faites de bois franc « provenant surtout du Nord de l’Ontario » et que l’entreprise est « inscrite au programme Ontario Made ».,Nord de l’Ontario,Propriété non vérifiée,La page met l’accent sur l’approvisionnement local en bois et l’inscription à Ontario Made plutôt que sur une mention explicite de fabrication au Canada.,Solution de rechange aux articles de cuisine en bois d’origine américaine du chapitre 44 du SH.
426,"Housewares, plastics, glass and kitchen products",Kitchen knives,Rainy Day Forge,Rainy Day Forge handcrafted kitchen and belt knives,Hand-forged kitchen and utility knives.,"Rainy Day Forge displays 'MADE IN CANADA' and states 'Each blade is ground, heat-treated, and finished by hand in Winnipeg, Manitoba.'","Winnipeg, Manitoba",Sole proprietorship of maker Justin Lamoureux,None stated on fetched official page,Substitute for U.S.-origin kitchen knives under HS Chapter 82 (knives with cutting blades).,82.11,"Each blade is ground, heat-treated, and finished by hand in Winnipeg, Manitoba.",https://www.rainydayforge.ca/,,2026-08-30,High,"Articles ménagers, plastiques, verre et produits de cuisine",Couteaux de cuisine,Couteaux de cuisine et de ceinture faits à la main Rainy Day Forge,Couteaux de cuisine et utilitaires forgés à la main.,"Rainy Day Forge affiche « FABRIQUÉ AU CANADA » et indique que « chaque lame est affûtée, traitée thermiquement et finie à la main à Winnipeg, au Manitoba ».","Winnipeg, Manitoba",Entreprise individuelle de l’artisan Justin Lamoureux,Aucune précision sur la page officielle consultée,Substitut aux couteaux de cuisine d’origine américaine du chapitre 82 du SH (couteaux à lame tranchante).
427,"Housewares, plastics, glass and kitchen products",Reusable food wraps,Nature Bee,Nature Bee beeswax food wraps and wrap variety sets,Reusable beeswax-coated cotton wraps that replace plastic cling film.,Nature Bee lists its beeswax wrap sets as 'Made in Canada' on its official product collection pages.,Canada (location not stated on fetched page),ownership not verified,None stated on fetched official page,Replaces U.S.-origin plastic cling film and coated-fabric food wraps under HS Chapter 39/59 (coated textile fabrics; plastic film).,59.07,Beeswax Wrap Variety Set - Green | Made in Canada | Nature Bee,https://www.naturebeewraps.ca/collections/beeswax-wraps,https://www.naturebeewraps.ca/pages/about-us,2026-08-30,High,"Articles ménagers, plastiques, verre et produits de cuisine",Emballages alimentaires réutilisables,Emballages alimentaires à la cire d’abeille et ensembles assortis Nature Bee,Emballages réutilisables en coton enduit de cire d’abeille qui remplacent la pellicule plastique.,Nature Bee présente ses ensembles d’emballages à la cire d’abeille comme « fabriqués au Canada » sur les pages officielles de ses collections.,Canada (emplacement non précisé sur la page consultée),Propriété non vérifiée,Aucune précision sur la page officielle consultée,Remplace la pellicule plastique et les emballages alimentaires en tissu enduit d’origine américaine des chapitres 39 et 59 du SH (tissus enduits; films de plastique).
428,"Housewares, plastics, glass and kitchen products",Bathtubs and showers,Produits Neptune,"Neptune bathtubs, shower bases and shower enclosures",Acrylic bathtubs and showers installed in home bathrooms.,"Produits Neptune states its products are 'proudly made in Canada' and 'proudly crafted by a passionate team of Canadians at our manufacturing plants nestled in Sainte-Hyacinthe, Quebec.'","Saint-Hyacinthe, Quebec",ownership not verified,None stated on fetched official page,"Substitute for U.S.-origin acrylic baths and shower units under HS Chapter 39 (baths, shower-baths and sinks of plastics).",39.22,"Produits Neptune products are proudly crafted by a passionate team of Canadians at our manufacturing plants nestled in Sainte-Hyacinthe, Quebec.",https://produitsneptune.ca/en-CA/who-we-are,,2026-08-30,High,"Articles ménagers, plastiques, verre et produits de cuisine",Baignoires et douches,"Baignoires, bases de douche et cabines de douche Neptune",Baignoires et douches en acrylique installées dans les salles de bain résidentielles.,"Produits Neptune affirme que ses produits sont « fièrement fabriqués au Canada » et « fièrement façonnés par une équipe de Canadiens passionnés dans nos usines de Saint-Hyacinthe, au Québec ».","Saint-Hyacinthe, Québec",Propriété non vérifiée,Aucune précision sur la page officielle consultée,"Substitut aux baignoires et douches en acrylique d’origine américaine du chapitre 39 du SH (baignoires, douches et éviers en plastique)."
429,"Housewares, plastics, glass and kitchen products",Bathtubs and showers,Mirolin,"Mirolin acrylic tubs, showers and tub-shower doors",Acrylic bathtubs and shower units for new builds and renovations.,"Mirolin's 'Our Made in Canada Story' page states: 'With our manufacturing facility in Ontario, the Mirolin brand is a national manufacturer in the acrylic tub and shower industry.'",Ontario,Masco Canada Limited,Fetched page does not name the specific Ontario municipality.,Replaces U.S.-origin acrylic bath and shower fixtures under HS Chapter 39.,39.22,"With our manufacturing facility in Ontario, the Mirolin brand is a national manufacturer in the acrylic tub and shower industry",https://mirolin.com/our-story/,,2026-08-30,High,"Articles ménagers, plastiques, verre et produits de cuisine",Baignoires et douches,"Baignoires, douches et portes de baignoire-douche en acrylique Mirolin",Baignoires et douches en acrylique pour les constructions neuves et les rénovations.,"La page « Notre histoire de fabrication au Canada » de Mirolin indique : « Avec notre usine en Ontario, la marque Mirolin est un fabricant national dans le secteur des baignoires et douches en acrylique. »",Ontario,Masco Canada Limitée,La page consultée ne nomme pas la municipalité ontarienne précise.,Remplace les appareils de bain et de douche en acrylique d’origine américaine du chapitre 39 du SH.
430,"Housewares, plastics, glass and kitchen products",Bathtubs and showers,Longevity Acrylics,"Longevity Acrylics bathtubs, tub-showers and shower bases","Acrylic bathtubs and shower bases, including accessible and walk-in models.",Longevity Acrylics headlines its site '100% Acrylic Bathware Made in Canada' and states it manufactures its bathware to the highest quality standards.,Canada (location not stated on fetched page; company operates in British Columbia),ownership not verified,None stated on fetched official page,Substitute for U.S.-origin acrylic bathware under HS Chapter 39.,39.22,100% Acrylic Bathware Made in Canada,https://longevityacrylics.com/,https://longevityacrylics.com/product-category/bathtubs/,2026-08-30,High,"Articles ménagers, plastiques, verre et produits de cuisine",Baignoires et douches,"Baignoires, baignoires-douches et bases de douche Longevity Acrylics","Baignoires et bases de douche en acrylique, y compris des modèles accessibles et à seuil bas.",Longevity Acrylics affiche en titre de son site « Articles de bain 100 % acryliques fabriqués au Canada » et affirme fabriquer ses articles de bain selon les normes de qualité les plus élevées.,Canada (emplacement non précisé sur la page consultée; l’entreprise exerce ses activités en Colombie-Britannique),Propriété non vérifiée,Aucune précision sur la page officielle consultée,Substitut aux articles de bain en acrylique d’origine américaine du chapitre 39 du SH.
431,"Housewares, plastics, glass and kitchen products",Bathtubs and shower doors,Acryline,"Acryline bathtubs, shower bases and shower doors","Acrylic tubs, bases and glass shower doors for bathrooms.",Acryline describes itself as an 'expert manufacturer of bathtubs and shower doors for decades' operating from Quebec.,Quebec (city not stated on fetched page),ownership not verified,Fetched About page does not carry an explicit 'made in Canada' statement.,Alternative to U.S.-origin acrylic bathware and shower enclosures under HS Chapter 39.,39.22,"Acryline, expert manufacturer of bathtubs and shower doors for decades.",https://acryline.ca/en/about-us,,2026-08-30,Medium,"Articles ménagers, plastiques, verre et produits de cuisine",Baignoires et portes de douche,"Baignoires, bases de douche et portes de douche Acryline",Baignoires et bases en acrylique et portes de douche en verre pour la salle de bain.,Acryline se décrit comme un « fabricant expert de baignoires et de portes de douche depuis des décennies » exerçant ses activités au Québec.,Québec (ville non précisée sur la page consultée),Propriété non vérifiée,La page « À propos » consultée ne comporte pas d’énoncé explicite de fabrication au Canada.,Solution de rechange aux articles de bain en acrylique et aux cabines de douche d’origine américaine du chapitre 39 du SH.
432,"Housewares, plastics, glass and kitchen products",Bathware,MAAX,"MAAX bathtubs, showers and bathroom suites","Bathtubs, shower bases and enclosures for residential bathrooms.","MAAX's 50th anniversary page traces the company's founding in Quebec's Beauce region and lists research and development centres in Sainte-Marie-de-Beauce and Lachine, Québec plus eight North American manufacturing facilities.","Sainte-Marie-de-Beauce and Lachine, Quebec (Quebec operations); additional plants elsewhere in North America",ownership not verified,"Company states it operates 8 manufacturing facilities across North America, including U.S. sites, so not all MAAX products are Canadian-made.",Alternative to U.S.-origin bathtubs and shower units under HS Chapter 39.,39.22,"2 research and development centres, located in Sainte-Marie-de-Beauce and Lachine, Québec",https://maax.ca/landing-pages/maax-50th,,2026-08-30,Medium,"Articles ménagers, plastiques, verre et produits de cuisine",Articles de bain,"Baignoires, douches et ensembles de salle de bain MAAX","Baignoires, bases de douche et cabines pour les salles de bain résidentielles.","La page du 50e anniversaire de MAAX retrace la fondation de l’entreprise dans la Beauce, au Québec, et énumère des centres de recherche et développement à Sainte-Marie-de-Beauce et à Lachine, au Québec, ainsi que huit usines en Amérique du Nord.","Sainte-Marie-de-Beauce et Lachine, Québec (activités québécoises); autres usines ailleurs en Amérique du Nord",Propriété non vérifiée,"L’entreprise indique exploiter 8 usines en Amérique du Nord, y compris aux États-Unis; tous les produits MAAX ne sont donc pas fabriqués au Canada.",Solution de rechange aux baignoires et douches d’origine américaine du chapitre 39 du SH.
433,"Housewares, plastics, glass and kitchen products",Plumbing fixtures,Zitta,"Zitta shower bases, shower doors and bathroom fixtures","Shower bases, doors and plumbing fixtures for bathrooms.",Zitta states it was 'Founded in 2012 in Quebec' and 'has established itself as a key player in the plumbing manufacturing industry.',Quebec (city not stated on fetched page),Zitta Group,Fetched page does not include an explicit made-in-Canada statement or plant address.,Substitute for U.S.-origin shower bases and plumbing fixtures under HS Chapter 39/74.,39.22,"Founded in 2012 in Quebec, Zitta Group has established itself as a key player in the plumbing manufacturing industry.",https://zitta.ca/en/site/about/,,2026-08-30,Medium,"Articles ménagers, plastiques, verre et produits de cuisine",Appareils de plomberie,"Bases de douche, portes de douche et appareils de salle de bain Zitta","Bases de douche, portes et appareils de plomberie pour la salle de bain.",Zitta indique avoir été « fondée en 2012 au Québec » et « s’être imposée comme un acteur clé de l’industrie manufacturière de la plomberie ».,Québec (ville non précisée sur la page consultée),Groupe Zitta,La page consultée ne comporte pas d’énoncé explicite de fabrication au Canada ni d’adresse d’usine.,Substitut aux bases de douche et appareils de plomberie d’origine américaine des chapitres 39 et 74 du SH.
434,"Housewares, plastics, glass and kitchen products",Faucets and shower systems,Aquabrass,Aquabrass bath and kitchen faucets and shower systems,"Designer faucets, showers and bathroom accessories.","Aquabrass states that 'all of the products we manufacture feature high-performance materials and superb functionality', and its French-language About page presents the firm as a Canadian faucet manufacturer.","Montreal area, Quebec (page does not state plant address)",ownership not verified,Fetched page does not state where manufacturing occurs or whether components are imported.,"Alternative to U.S.-origin taps, cocks and valves under HS Chapter 84 (taps and similar appliances).",84.81,all of the products we manufacture feature high-performance materials and superb functionality.,https://aquabrass.com/en/about-us/,https://aquabrass.com/fr/a-propos-de-nous/,2026-08-30,Medium,"Articles ménagers, plastiques, verre et produits de cuisine",Robinetterie et systèmes de douche,Robinets de bain et de cuisine et systèmes de douche Aquabrass,"Robinets, douches et accessoires de salle de bain de designer.","Aquabrass affirme que « tous les produits que nous fabriquons sont faits de matériaux à haute performance et offrent une fonctionnalité remarquable », et sa page « À propos » en français présente l’entreprise comme un fabricant canadien de robinetterie.","Région de Montréal, Québec (la page ne donne pas l’adresse de l’usine)",Propriété non vérifiée,La page consultée ne précise pas où se déroule la fabrication ni si des composants sont importés.,Solution de rechange aux robinets et articles de robinetterie d’origine américaine du chapitre 84 du SH (robinetterie et appareils similaires).
435,"Housewares, plastics, glass and kitchen products",Shower enclosures,Fleurco,"Fleurco shower doors, bases and enclosures",Glass shower doors and bases for residential bathrooms.,"Fleurco's official history page credits its position to 'years of experience in cutting-edge design and quality manufacturing', operating from Montreal.","Montreal, Quebec (address not stated on fetched page)",Fleurco Products Inc.,Fetched page does not contain an explicit made-in-Canada statement.,Alternative to U.S.-origin glass shower enclosures under HS Chapter 70 (safety glass) and 39 (shower bases of plastics).,70.07,"Years of experience in cutting-edge design and quality manufacturing, coupled with exceptional customer service have made Fleurco the company that it is today.",https://fleurco.com/en/shower-enclosure/our-history,,2026-08-30,Medium,"Articles ménagers, plastiques, verre et produits de cuisine",Cabines de douche,"Portes, bases et cabines de douche Fleurco",Portes de douche en verre et bases de douche pour les salles de bain résidentielles.,"La page d’historique officielle de Fleurco attribue sa position à « des années d’expérience en design de pointe et en fabrication de qualité », depuis Montréal.","Montréal, Québec (adresse non précisée sur la page consultée)",Fleurco Products Inc.,La page consultée ne contient pas d’énoncé explicite de fabrication au Canada.,Solution de rechange aux cabines de douche en verre d’origine américaine du chapitre 70 du SH (verre de sécurité) et du chapitre 39 (bases de douche en plastique).
436,"Housewares, plastics, glass and kitchen products",Plumbing fixtures,Kalia,"Kalia shower systems, faucets and shower doors","Shower systems, faucets and shower doors for bathrooms and kitchens.","Kalia's own press release is issued from 'Sainte-Marie, Beauce' and describes the company as designing distinctive plumbing fixtures; a dealer profile adds that Kalia performs R&D, design, prototyping and assembly in-house at Sainte-Marie, Quebec.","Sainte-Marie, Quebec",ownership not verified,"Assembly in Quebec is documented, but component origin is not stated on the fetched pages.","Alternative to U.S.-origin taps, showers and mixing valves under HS Chapter 84.",84.81,"Sainte-Marie, Beauce — Kalia, a company specializing for 15 years in the design and distribution of distinctive plumbing fixtures for bath and kitchen",https://www.kaliastyle.com/en/press-release,https://www.dupontplumbing.com/brands/kalia/,2026-08-30,Medium,"Articles ménagers, plastiques, verre et produits de cuisine",Appareils de plomberie,"Systèmes de douche, robinets et portes de douche Kalia","Systèmes de douche, robinets et portes de douche pour la salle de bain et la cuisine.","Le communiqué de Kalia est diffusé depuis « Sainte-Marie, en Beauce » et décrit l’entreprise comme conceptrice d’appareils de plomberie distinctifs; un profil de détaillant ajoute que Kalia réalise à l’interne la recherche-développement, le design, le prototypage et l’assemblage à Sainte-Marie, au Québec.","Sainte-Marie, Québec",Propriété non vérifiée,"L’assemblage au Québec est documenté, mais l’origine des composants n’est pas précisée sur les pages consultées.","Solution de rechange aux robinets, douches et robinets mélangeurs d’origine américaine du chapitre 84 du SH."
437,"Housewares, plastics, glass and kitchen products",Faucets,Waltec (Masco Canada),Waltec commercial and residential faucets,"Faucets for kitchens, bathrooms and institutional washrooms.","Masco Canada's official brand page states that 'a selection of Waltec faucets are manufactured in St. Thomas, Ontario' by a Canadian team spanning manufacturing, engineering and product development.","St. Thomas, Ontario",Masco Canada Limited,Only a selection of Waltec faucets is stated to be manufactured in Ontario.,Replaces U.S.-origin faucets and taps under HS Chapter 84.,84.81,"a selection of Waltec faucets are manufactured in St. Thomas, Ontario",https://www.mascocanada.com/brands/waltec/,https://www.mascocanada.com/home/our-brands/waltec,2026-08-30,High,"Articles ménagers, plastiques, verre et produits de cuisine",Robinetterie,Robinets commerciaux et résidentiels Waltec,"Robinets pour les cuisines, les salles de bain et les toilettes institutionnelles.","La page de marque officielle de Masco Canada indique qu’« une sélection de robinets Waltec est fabriquée à St. Thomas, en Ontario » par une équipe canadienne couvrant la fabrication, l’ingénierie et le développement de produits.","St. Thomas, Ontario",Masco Canada Limitée,Seule une sélection de robinets Waltec est déclarée fabriquée en Ontario.,Remplace les robinets d’origine américaine du chapitre 84 du SH.
438,"Housewares, plastics, glass and kitchen products",Plastic containers and bins,IPL Plastics,"IPL returnable containers, bins and injection-moulded packaging","Reusable plastic bins, pails and containers for households, food and industry.","IPL's facilities page describes a 'strategically located manufacturing footprint' that includes a plant at St Damien de Buckland, Quebec.","Saint-Damien-de-Buckland, Quebec (one of several plants)",ownership not verified,"IPL operates plants in several countries, so not every product is Canadian-made.","Substitute for U.S.-origin plastic bins, boxes and containers under HS Chapter 39.",39.23,"IPL is a leading packaging provider, with a well-invested strategically located manufacturing footprint.",https://ipl-plastics.com/en/about-ipl/facilities,,2026-08-30,Medium,"Articles ménagers, plastiques, verre et produits de cuisine",Contenants et bacs de plastique,"Contenants retournables, bacs et emballages moulés par injection IPL","Bacs, seaux et contenants de plastique réutilisables pour la maison, l’alimentation et l’industrie.","La page des installations d’IPL décrit un « réseau manufacturier situé stratégiquement » qui comprend une usine à Saint-Damien-de-Buckland, au Québec.","Saint-Damien-de-Buckland, Québec (l’une de plusieurs usines)",Propriété non vérifiée,IPL exploite des usines dans plusieurs pays; tous les produits ne sont donc pas fabriqués au Canada.,"Substitut aux bacs, boîtes et contenants de plastique d’origine américaine du chapitre 39 du SH."
439,"Housewares, plastics, glass and kitchen products",Rigid plastic packaging,Polytainers,"Polytainers rigid plastic tubs, cups and lids for dairy and food","Plastic tubs, cups and lids used for yogurt, ice cream and other foods.","Polytainers states: 'Not only do we have manufacturing plants in Toronto and Missouri, we also have over 50 years of experience in the rigid plastic packaging industry.'","Toronto, Ontario",ownership not verified,"Company also operates a U.S. plant in Missouri, so specific orders may be produced outside Canada.",Replaces U.S.-origin rigid plastic food containers and lids under HS Chapter 39.,39.23,"Not only do we have manufacturing plants in Toronto and Missouri, we also have over 50 years of experience in the rigid plastic packaging industry.",https://www.polytainersinc.com/rigid-plastic-packaging/,https://www.polytainersinc.com/about-us/,2026-08-30,High,"Articles ménagers, plastiques, verre et produits de cuisine",Emballages de plastique rigide,"Pots, gobelets et couvercles de plastique rigide Polytainers pour les produits laitiers et alimentaires","Pots, gobelets et couvercles de plastique utilisés pour le yogourt, la crème glacée et d’autres aliments.","Polytainers affirme : « Non seulement nous avons des usines à Toronto et au Missouri, mais nous comptons aussi plus de 50 ans d’expérience dans le secteur de l’emballage de plastique rigide. »","Toronto, Ontario",Propriété non vérifiée,L’entreprise exploite aussi une usine américaine au Missouri; certaines commandes peuvent donc être produites à l’extérieur du Canada.,Remplace les contenants et couvercles alimentaires en plastique rigide d’origine américaine du chapitre 39 du SH.
440,"Housewares, plastics, glass and kitchen products",Plastics resin,NOVA Chemicals,"SCLAIR and SURPASS polyethylene resins (Joffre, Alberta site)","Polyethylene resin that Canadian converters turn into film, containers and housewares.",NOVA Chemicals' Joffre site page states that nearly 70% of the ethylene produced there 'is used for our polyethylene (PE) manufacturing on-site' in Alberta.,"Joffre, Alberta",ownership not verified,"Page describes resin production, not finished consumer housewares.",Upstream substitute for U.S.-origin polyethylene resin under HS Chapter 39 (polymers of ethylene in primary forms).,39.01,"While a small amount of our ethylene is transported to customers, nearly 70% is used for our polyethylene (PE) manufacturing on-site.",https://www.novachem.com/locations/joffre-ab-canada/,https://www.novachem.com/locations/joffre-ab-canada/plant-facilities/,2026-08-30,Medium,"Articles ménagers, plastiques, verre et produits de cuisine",Résine de plastique,"Résines de polyéthylène SCLAIR et SURPASS (site de Joffre, Alberta)","Résine de polyéthylène que les transformateurs canadiens convertissent en films, contenants et articles ménagers.","La page du site de Joffre de NOVA Chemicals indique que près de 70 % de l’éthylène qui y est produit « est utilisé pour notre fabrication de polyéthylène (PE) sur place », en Alberta.","Joffre, Alberta",Propriété non vérifiée,"La page décrit la production de résine, et non des articles ménagers finis.",Substitut en amont à la résine de polyéthylène d’origine américaine du chapitre 39 du SH (polymères de l’éthylène sous formes primaires).
441,"Paper, tissue, packaging and printed goods",Printing and publishing paper,Irving Paper,Irving Paper super-calendered printing papers,"Paper used for flyers, catalogues, inserts and magazines.","J.D. Irving states: 'Irving Paper operates a world class facility with the latest technology in Saint John, New Brunswick', manufacturing a full range of paper grades.","Saint John, New Brunswick","J.D. Irving, Limited (Irving Paper is a separate operation from Irving Tissue's Royale/Majesta brands)",None stated on fetched official page,Replaces U.S.-origin coated and super-calendered printing papers under HS Chapter 48 (uncoated/coated paper in rolls or sheets).,48.02,"Irving Paper operates a world class facility with the latest technology in Saint John, New Brunswick.",https://jdirving.com/en/our-business-division/forestry-products/irvingpaper/,,2026-08-30,High,"Papier, papier hygiénique, emballages et imprimés",Papier d’impression et d’édition,Papiers d’impression supercalandrés Irving Paper,"Papier utilisé pour les circulaires, les catalogues, les encarts et les magazines.","J.D. Irving affirme : « Irving Paper exploite une installation de calibre mondial dotée des technologies les plus récentes à Saint John, au Nouveau-Brunswick », où elle fabrique une gamme complète de papiers.","Saint John, Nouveau-Brunswick","J.D. Irving, Limited (Irving Paper est une activité distincte des marques Royale et Majesta d’Irving Tissue)",Aucune précision sur la page officielle consultée,Remplace les papiers d’impression couchés et supercalandrés d’origine américaine du chapitre 48 du SH (papier couché ou non couché en rouleaux ou en feuilles).
442,"Paper, tissue, packaging and printed goods",Pulp and specialty paper,Twin Rivers Paper,Twin Rivers bleached softwood sulphite and groundwood pulp (Edmundston mill),"Pulp that becomes packaging, label and publishing papers.","Twin Rivers' operations page states the Edmundston, New Brunswick pulp mill 'delivers 100% of its bleached softwood sulphite and bleached groundwood pulp' for manufacture into specialized papers.","Edmundston, New Brunswick",ownership not verified,"The company's paper machine operations are located across the border in Madawaska, Maine, so finished paper is not necessarily Canadian-made.",Alternative to U.S.-origin chemical and mechanical wood pulp under HS Chapter 47.,47.02,"It delivers 100% of its bleached softwood sulphite and bleached groundwood pulp to the Madawaska paper mill for the manufacture of specialized packaging, technical, label and publishing papers.",https://www.twinriverspaper.com/operations/edmundston-pulp-mill/,https://www.twinriverspaper.com/operations/madawaska-paper-mill/,2026-08-30,High,"Papier, papier hygiénique, emballages et imprimés",Pâte et papiers de spécialité,Pâte au sulfite de résineux blanchie et pâte mécanique Twin Rivers (usine d’Edmundston),"Pâte transformée en papiers d’emballage, d’étiquettes et d’édition.","La page des activités de Twin Rivers indique que l’usine de pâte d’Edmundston, au Nouveau-Brunswick, « livre 100 % de sa pâte au sulfite de résineux blanchie et de sa pâte mécanique blanchie » pour la fabrication de papiers spécialisés.","Edmundston, Nouveau-Brunswick",Propriété non vérifiée,"Les machines à papier de l’entreprise se trouvent de l’autre côté de la frontière, à Madawaska, dans le Maine; le papier fini n’est donc pas nécessairement fabriqué au Canada.",Solution de rechange aux pâtes de bois chimiques et mécaniques d’origine américaine du chapitre 47 du SH.
443,"Paper, tissue, packaging and printed goods",Market pulp,Harmac Pacific,Harmac northern bleached softwood kraft (NBSK) pulp,"Softwood kraft pulp used to make tissue, paper and packaging.","Harmac Pacific's About page describes the Nanaimo, British Columbia pulp mill and refers to its employee-partnership ownership structure as 'unique to British Columbia industrial manufacturing'.","Nanaimo, British Columbia",Nanaimo Forest Products Ltd. (employee and partner ownership),Fetched page does not use the phrase 'made in Canada'.,"Substitute for U.S.-origin market kraft pulp under HS Chapter 47 (chemical wood pulp, sulphate).",47.03,"The organizational ownership structure is unique to British Columbia industrial manufacturing, for a business of this scale.",https://harmacpacific.com/about-us/,https://harmacpacific.com/,2026-08-30,Medium,"Papier, papier hygiénique, emballages et imprimés",Pâte commerciale,Pâte kraft de résineux blanchie du Nord (NBSK) Harmac,"Pâte kraft de résineux utilisée pour fabriquer papiers-mouchoirs, papiers et emballages.","La page « À propos » de Harmac Pacific décrit l’usine de pâte de Nanaimo, en Colombie-Britannique, et qualifie sa structure de propriété en partenariat avec les employés d’« unique dans la fabrication industrielle en Colombie-Britannique ».","Nanaimo, Colombie-Britannique",Nanaimo Forest Products Ltd. (propriété des employés et de partenaires),La page consultée n’emploie pas l’expression « fabriqué au Canada ».,Substitut à la pâte kraft commerciale d’origine américaine du chapitre 47 du SH (pâte de bois chimique au sulfate).
444,"Paper, tissue, packaging and printed goods","Pulp, printing and packaging papers",Paper Excellence Canada (incl. Catalyst mills),Catalyst printing papers and Paper Excellence market pulp,"Printing, writing and packaging papers plus market pulp.","A company statement describes 'Paper Excellence, headquartered in British Columbia' as 'a diversified manufacturer of pulp and specialty, printing, writing, and packaging papers in Canada' with over 2.5 million tonnes of capacity.",British Columbia and Saskatchewan mills,Paper Excellence Group (affiliated with Domtar),"The company permanently curtailed its Catalyst Paper Tiskwat (Powell River) mill, so specific mill capacity has been reduced.",Alternative to U.S.-origin printing/writing papers and pulp under HS Chapter 48 and Chapter 47.,48.02,"Paper Excellence, headquartered in British Columbia, is a diversified manufacturer of pulp and specialty, printing, writing, and packaging papers in Canada",https://www.domtar.com/paper-excellence-canada-permanently-curtails-catalyst-paper-tiskwat/,https://albernichamber.ca/directory/catalyst-port-alberni-paper-excellence-company,2026-08-30,High,"Papier, papier hygiénique, emballages et imprimés","Pâte, papiers d’impression et d’emballage",Papiers d’impression Catalyst et pâte commerciale Paper Excellence,"Papiers d’impression, d’écriture et d’emballage ainsi que pâte commerciale.","Une déclaration de l’entreprise décrit « Paper Excellence, dont le siège social est en Colombie-Britannique », comme « un fabricant diversifié de pâtes et de papiers de spécialité, d’impression, d’écriture et d’emballage au Canada », avec une capacité de plus de 2,5 millions de tonnes.",Usines en Colombie-Britannique et en Saskatchewan,Groupe Paper Excellence (affilié à Domtar),L’entreprise a fermé définitivement son usine Catalyst Paper Tiskwat (Powell River); la capacité de cette usine est donc réduite.,Solution de rechange aux papiers d’impression et d’écriture et à la pâte d’origine américaine des chapitres 48 et 47 du SH.
445,"Paper, tissue, packaging and printed goods",Market pulp,Mercer Celgar,Celgar NBSK reinforcement-grade kraft pulp,Softwood kraft pulp sold to tissue and paper makers.,"Mercer states: 'Mercer Celgar is an integrated kraft pulp mill in British Columbia's Kootenay region, producing reinforcement-grade NBSK pulp, renewable electricity, and bio-based coproducts.'","Castlegar (Kootenay region), British Columbia",Mercer International Inc.,None stated on fetched official page,Substitute for U.S.-origin bleached softwood kraft pulp under HS Chapter 47.,47.03,"Mercer Celgar is an integrated kraft pulp mill in British Columbia's Kootenay region, producing reinforcement-grade NBSK pulp",https://mercerint.obataweb.com/our-businesses/pulp/mercer-celgar/,,2026-08-30,High,"Papier, papier hygiénique, emballages et imprimés",Pâte commerciale,Pâte kraft NBSK de renforcement Celgar,Pâte kraft de résineux vendue aux fabricants de papiers-mouchoirs et de papiers.,"Mercer affirme : « Mercer Celgar est une usine de pâte kraft intégrée de la région des Kootenays, en Colombie-Britannique, qui produit de la pâte NBSK de renforcement, de l’électricité renouvelable et des coproduits biosourcés. »","Castlegar (région des Kootenays), Colombie-Britannique",Mercer International Inc.,Aucune précision sur la page officielle consultée,Substitut à la pâte kraft de résineux blanchie d’origine américaine du chapitre 47 du SH.
446,"Paper, tissue, packaging and printed goods",Market pulp,Canfor Pulp,Canfor northern softwood kraft pulp,"Kraft pulp used to make tissue, paper and packaging grades.",Canfor's pulp product page states its pulp is 'Produced from sustainably sourced premium softwood species in British Columbia'.,British Columbia,Canfor Corporation,"Canfor announced the closure of its Northwood Pulp Mill, so Canadian capacity is shrinking.",Alternative to U.S.-origin softwood kraft pulp under HS Chapter 47.,47.03,Produced from sustainably sourced premium softwood species in British Columbia,https://www.canfor.com/products/pulp-and-paper/pulp,https://www.canfor.com/newsroom/2026-07-14/canfor-announces-closure-of-northwood-pulp-mill,2026-08-30,Medium,"Papier, papier hygiénique, emballages et imprimés",Pâte commerciale,Pâte kraft de résineux du Nord Canfor,"Pâte kraft servant à fabriquer des papiers-mouchoirs, des papiers et des emballages.",La page produit de Canfor indique que sa pâte est « produite à partir d’essences de résineux de première qualité issues de sources durables en Colombie-Britannique ».,Colombie-Britannique,Canfor Corporation,Canfor a annoncé la fermeture de son usine de pâte Northwood; la capacité canadienne diminue donc.,Solution de rechange à la pâte kraft de résineux d’origine américaine du chapitre 47 du SH.
447,"Paper, tissue, packaging and printed goods","Tissue, napkins and wax paper",MPI Papermills (Metro Paper Industries),"MPI jumbo roll tissue, napkins, paper towel and wax paper","Napkins, paper towel, wax paper and tissue for foodservice and washrooms.","MPI states: 'We manufacture a wide variety of paper products, including wax paper, wrapping and hygiene tissue, napkins, paper towels, and much more', from its Canadian mill.","Portneuf, Quebec (paper mill); founded in Toronto, Ontario",ownership not verified,"The company divested its converting operations in 2014 and retained the Portneuf, Quebec paper mill.","Replaces U.S.-origin tissue, napkins and towels under HS Chapter 48 (toilet paper, napkins, towels of paper pulp).",48.18,"We manufacture a wide variety of paper products, including wax paper, wrapping and hygiene tissue, napkins, paper towels, and much more.",https://www.mpipapermills.com/site/paper-products-food-hygiene-north-america,https://www.mpipapermills.com/site/history-of-green-products,2026-08-30,High,"Papier, papier hygiénique, emballages et imprimés","Papier-mouchoir, serviettes de table et papier ciré","Rouleaux géants de papier hygiénique, serviettes de table, essuie-tout et papier ciré MPI","Serviettes de table, essuie-tout, papier ciré et papier-mouchoir pour la restauration et les toilettes.","MPI affirme : « Nous fabriquons une grande variété de produits de papier, dont du papier ciré, du papier d’emballage et d’hygiène, des serviettes de table, de l’essuie-tout et bien plus », à partir de son usine canadienne.","Portneuf, Québec (usine de papier); entreprise fondée à Toronto, en Ontario",Propriété non vérifiée,"L’entreprise s’est départie de ses activités de transformation en 2014 et a conservé son usine de papier de Portneuf, au Québec.","Remplace le papier-mouchoir, les serviettes de table et l’essuie-tout d’origine américaine du chapitre 48 du SH (papier hygiénique, serviettes et essuie-tout en pâte à papier)."
448,"Paper, tissue, packaging and printed goods",Corrugated boxes and packaging,Great Little Box Company (Ideon Packaging),"GLBC custom corrugated boxes, labels and folding cartons","Custom boxes, labels and displays for shipping and retail packaging.","GLBC's About page states that 'From design, through to printing, application and manufacturing we have you covered', operating from its Richmond, British Columbia headquarters and plants.","Richmond, British Columbia (plus other Western Canada plants)",Ideon Packaging / Great Little Box Company,Fetched official page does not include an explicit made-in-Canada statement; company also serves and operates in the U.S. Pacific Northwest.,"Alternative to U.S.-origin corrugated cartons and boxes under HS Chapter 48 (cartons, boxes and cases of corrugated paper).",48.19,"From design, through to printing, application and manufacturing we have you covered in all aspects of your packaging journey.",https://www.glbc.com/about-us/,https://www.glbc.com/,2026-08-30,Medium,"Papier, papier hygiénique, emballages et imprimés",Boîtes de carton ondulé et emballages,"Boîtes de carton ondulé sur mesure, étiquettes et cartons pliants GLBC","Boîtes, étiquettes et présentoirs sur mesure pour l’expédition et l’emballage de détail.","La page « À propos » de GLBC indique que « du design à l’impression, à l’application et à la fabrication, nous vous couvrons », depuis son siège social et ses usines de Richmond, en Colombie-Britannique.","Richmond, Colombie-Britannique (et autres usines dans l’Ouest canadien)",Ideon Packaging / Great Little Box Company,La page officielle consultée ne comporte pas d’énoncé explicite de fabrication au Canada; l’entreprise dessert aussi le Nord-Ouest américain et y exerce des activités.,"Solution de rechange aux boîtes et cartons ondulés d’origine américaine du chapitre 48 du SH (cartons, boîtes et caisses en papier ondulé)."
449,"Paper, tissue, packaging and printed goods",Corrugated boxes,Prime Carton,Prime Carton custom and stock corrugated boxes,Corrugated shipping boxes for businesses and e-commerce.,"Prime Carton states it is 'a family-owned corrugated box manufacturer based in Scarborough, Ontario' selling 'well-made corrugated boxes, made in Canada'.","Scarborough (Toronto), Ontario",Family-owned,None stated on fetched official page,Direct substitute for U.S.-origin corrugated boxes under HS Chapter 48.,48.19,"Just well-made corrugated boxes, made in Canada, shipped flat to your door.",https://www.primecarton.com/about-us,,2026-08-30,High,"Papier, papier hygiénique, emballages et imprimés",Boîtes de carton ondulé,Boîtes de carton ondulé sur mesure et en stock Prime Carton,Boîtes d’expédition en carton ondulé pour les entreprises et le commerce en ligne.,"Prime Carton affirme être « un fabricant familial de boîtes de carton ondulé établi à Scarborough, en Ontario » qui vend « des boîtes de carton ondulé bien faites, fabriquées au Canada ».","Scarborough (Toronto), Ontario",Entreprise familiale,Aucune précision sur la page officielle consultée,Substitut direct aux boîtes de carton ondulé d’origine américaine du chapitre 48 du SH.
450,"Paper, tissue, packaging and printed goods",Corrugated packaging,Planet Paper Box,"Planet Paper corrugated boxes, displays and protective packaging","Corrugated boxes, inserts and displays for shipping and retail.","Planet Paper states: 'Planet Paper Box is a Canadian corrugated packaging manufacturer headquartered in Concord, Ontario' and that its Concord facility ships packaging across Canada.","Concord, Ontario",ownership not verified,"Company also ships to U.S. customers but states manufacturing is at its Concord, Ontario facility.",Replaces U.S.-origin corrugated cartons and protective packaging under HS Chapter 48.,48.19,"Planet Paper Box is a Canadian corrugated packaging manufacturer headquartered in Concord, Ontario.",https://planetpaper.com/,,2026-08-30,High,"Papier, papier hygiénique, emballages et imprimés",Emballages de carton ondulé,"Boîtes de carton ondulé, présentoirs et emballages de protection Planet Paper","Boîtes de carton ondulé, encarts et présentoirs pour l’expédition et le détail.","Planet Paper affirme : « Planet Paper Box est un fabricant canadien d’emballages de carton ondulé dont le siège social est à Concord, en Ontario », et que son usine de Concord expédie des emballages partout au Canada.","Concord, Ontario",Propriété non vérifiée,"L’entreprise expédie aussi à des clients américains, mais indique que la fabrication se fait à son usine de Concord, en Ontario.",Remplace les cartons ondulés et les emballages de protection d’origine américaine du chapitre 48 du SH.
451,"Paper, tissue, packaging and printed goods",Corrugated boxes,Alpacko,Alpacko food-grade corrugated boxes and shipping cartons,"Corrugated boxes for food businesses, shipping and storage.","Alpacko states it is 'a family-owned business based in Mississauga, Ontario, Canada' that manufactures boxes in all ECT grades at its Mississauga facility.","Mississauga, Ontario",Family-owned,None stated on fetched official page,Substitute for U.S.-origin corrugated cartons under HS Chapter 48.,48.19,"Alpacko is a family-owned business based in Mississauga, Ontario, Canada, built on the principles of honesty, trust, and reliability.",https://www.alpacko.com/,,2026-08-30,High,"Papier, papier hygiénique, emballages et imprimés",Boîtes de carton ondulé,Boîtes de carton ondulé de qualité alimentaire et cartons d’expédition Alpacko,"Boîtes de carton ondulé pour les entreprises alimentaires, l’expédition et l’entreposage.","Alpacko affirme être « une entreprise familiale établie à Mississauga, en Ontario, au Canada » qui fabrique des boîtes de toutes les catégories ECT à son usine de Mississauga.","Mississauga, Ontario",Entreprise familiale,Aucune précision sur la page officielle consultée,Substitut aux cartons ondulés d’origine américaine du chapitre 48 du SH.
452,"Paper, tissue, packaging and printed goods",Flexible packaging,Packall Packaging,"Packall printed films, laminates and stand-up pouches",Printed film and pouch packaging for food producers.,"Packall states: 'We also print, laminate, slit, and make pouches, all at our facility in Brampton' and that it manufactures films from resins.","Brampton, Ontario",ownership not verified,None stated on fetched official page,"Alternative to U.S.-origin flexible plastic film and pouch packaging under HS Chapter 39 (plastic film, sacks and bags).",39.20,"We also print, laminate, slit, and make pouches, all at our facility in Brampton.",https://www.packall.com/,,2026-08-30,High,"Papier, papier hygiénique, emballages et imprimés",Emballages souples,"Films imprimés, laminés et sachets debout Packall",Emballages de film imprimé et sachets pour les producteurs alimentaires.,"Packall affirme : « Nous imprimons, laminons, coupons et fabriquons aussi des sachets, tout cela à notre usine de Brampton », et indique fabriquer ses films à partir de résines.","Brampton, Ontario",Propriété non vérifiée,Aucune précision sur la page officielle consultée,"Solution de rechange aux films de plastique souples et aux emballages en sachets d’origine américaine du chapitre 39 du SH (films, sacs et sachets de plastique)."
453,"Paper, tissue, packaging and printed goods",Foodservice packaging,Genpak (Great Pacific Enterprises),"Genpak foam and plastic foodservice containers, hinged takeout containers","Takeout containers, trays and lids used by restaurants and grocers.","Genpak's own compliance report states: 'Genpak, a division of Great Pacific Enterprises LP, is a Canadian manufacturing company with a head office in Ontario located at 3185 Pepper Mill Court, Mississauga, ON and plants based in Ontario and' Quebec.","Mississauga, Ontario (head office); plants in Ontario and Quebec",Great Pacific Enterprises LP,Genpak also operates plants outside Canada under related entities.,Replaces U.S.-origin plastic foodservice containers and trays under HS Chapter 39.,39.23,"Genpak, a division of Great Pacific Enterprises LP, is a Canadian manufacturing company with a head office in Ontario",https://www.genpak.com/wp-content/uploads/2024/06/Modern-Slavery-Report-2023-Genpak.pdf,https://products.bpiworld.org/companies/genpak-a-division-of-great-pacific-enterprises-lp,2026-08-30,High,"Papier, papier hygiénique, emballages et imprimés",Emballages pour la restauration,Contenants de mousse et de plastique et contenants à charnière pour emporter Genpak,"Contenants pour emporter, barquettes et couvercles utilisés par les restaurants et les épiciers.","Le rapport de conformité de Genpak indique : « Genpak, une division de Great Pacific Enterprises LP, est une entreprise manufacturière canadienne dont le siège social est en Ontario, au 3185 Pepper Mill Court, Mississauga (Ontario), et qui possède des usines en Ontario et » au Québec.","Mississauga, Ontario (siège social); usines en Ontario et au Québec",Great Pacific Enterprises LP,Genpak exploite aussi des usines hors du Canada par l’intermédiaire d’entités liées.,Remplace les contenants et barquettes de plastique pour la restauration d’origine américaine du chapitre 39 du SH.
454,"Paper, tissue, packaging and printed goods",Flexible packaging,Peel Plastics,"Peel Plastics printed bags, pouches and roll stock","Printed plastic bags and pouches for pet food, lawn and garden and food brands.","Peel Plastics' site lists a 'Corporate Office & Manufacturing Facility' and an 'Orenda Manufacturing Facility' in the Brampton, Ontario area.","Brampton, Ontario (per company facility listings)",ownership not verified,Fetched official page lists facilities without an explicit made-in-Canada statement.,Alternative to U.S.-origin printed plastic bags and pouches under HS Chapter 39.,39.23,Corporate Office & Manufacturing Facility,https://www.peelplastics.com/,https://www.thomasnet.com/company/peel-plastic-products-ltd-30825305/profile,2026-08-30,Medium,"Papier, papier hygiénique, emballages et imprimés",Emballages souples,"Sacs imprimés, sachets et rouleaux Peel Plastics","Sacs et sachets de plastique imprimés pour la nourriture pour animaux, les produits d’horticulture et les marques alimentaires.","Le site de Peel Plastics énumère un « bureau corporatif et usine de fabrication » ainsi qu’une « usine de fabrication Orenda » dans la région de Brampton, en Ontario.","Brampton, Ontario (selon la liste d’installations de l’entreprise)",Propriété non vérifiée,La page officielle consultée énumère les installations sans énoncé explicite de fabrication au Canada.,Solution de rechange aux sacs et sachets de plastique imprimés d’origine américaine du chapitre 39 du SH.
455,"Paper, tissue, packaging and printed goods",Flexible packaging and films,Layfield Group,"Layfield flexible packaging films, bags and pouches","Plastic films, bags and pouches for food and industrial packaging.","Layfield states 'Design and manufacture the perfect package with us', and in a filing to the Government of Canada describes itself as 'a diversified group of companies involved in manufacturing, fabrication' with a Flexible Films division.","Canada (head operations in Edmonton, Alberta; not stated on fetched page)",Layfield Group Ltd.,Layfield also operates U.S. facilities; fetched pages do not state which products are Canadian-made.,"Replaces U.S.-origin plastic films, sacks and bags under HS Chapter 39.",39.23,"Flexible Films focuses on manufacturing and processing a variety of flexible packaging products,",https://www.layfieldgroup.com/,https://www.canada.ca/content/dam/eccc/documents/pdf/cepa/notice-of-objection/layfield.pdf,2026-08-30,Medium,"Papier, papier hygiénique, emballages et imprimés",Emballages souples et films,"Films, sacs et sachets d’emballage souple Layfield","Films, sacs et sachets de plastique pour l’emballage alimentaire et industriel.","Layfield affirme « concevoir et fabriquer avec vous l’emballage parfait » et, dans un dépôt auprès du gouvernement du Canada, se décrit comme « un groupe diversifié d’entreprises œuvrant dans la fabrication et la transformation », avec une division de films souples.","Canada (activités principales à Edmonton, en Alberta; non précisé sur la page consultée)",Layfield Group Ltd.,Layfield exploite aussi des installations aux États-Unis; les pages consultées ne précisent pas quels produits sont fabriqués au Canada.,"Remplace les films, sacs et sachets de plastique d’origine américaine du chapitre 39 du SH."
456,"Paper, tissue, packaging and printed goods",Flexible packaging,Emmerson Packaging,Emmerson printed flexible packaging for pet food and frozen food,Printed film bags and pouches for frozen food and pet food brands.,"Emmerson describes itself as 'a flexible packaging manufacturer' with North American manufacturing, and states it 'was incorporated as Polycello in Saint John, New Brunswick'.","Amherst, Nova Scotia and Belleville, Ontario (company history references Canadian plants)",ownership not verified,Fetched pages reference North American manufacturing generally without an explicit made-in-Canada label.,Alternative to U.S.-origin printed flexible plastic packaging under HS Chapter 39.,39.20,"Emmerson Packaging was incorporated as Polycello in Saint John, New Brunswick as an extension of Easter Paper Products Limited.",https://www.emmersonpackaging.com/about/,https://www.emmersonpackaging.com/contact/,2026-08-30,Medium,"Papier, papier hygiénique, emballages et imprimés",Emballages souples,Emballages souples imprimés Emmerson pour la nourriture pour animaux et les aliments surgelés,Sacs et sachets de film imprimé pour les marques d’aliments surgelés et de nourriture pour animaux.,"Emmerson se décrit comme « un fabricant d’emballages souples » doté d’installations en Amérique du Nord et indique avoir été « constituée en société sous le nom de Polycello à Saint John, au Nouveau-Brunswick ».","Amherst, Nouvelle-Écosse et Belleville, Ontario (l’historique de l’entreprise fait état d’usines canadiennes)",Propriété non vérifiée,"Les pages consultées évoquent la fabrication en Amérique du Nord de façon générale, sans mention explicite de fabrication au Canada.",Solution de rechange aux emballages souples de plastique imprimés d’origine américaine du chapitre 39 du SH.
457,"Paper, tissue, packaging and printed goods",Labels,CCL Industries,CCL Label pressure-sensitive labels and sleeves,"Printed labels applied to food, beverage, household and healthcare packaging.","CCL Industries, headquartered in Toronto, states it operates 214 manufacturing facilities across North America and other continents.",Canada (Toronto head office); specific Canadian plants not named on fetched page,"CCL Industries Inc. (publicly traded, Toronto)",Only a portion of CCL's 214 plants are in Canada; the fetched page makes no Canadian-origin claim for specific products.,Alternative to U.S.-origin printed paper and plastic labels under HS Chapter 48 (paper labels).,48.21,"With approximately 26,000 dedicated employees, we operate 214 state-of-the-art manufacturing facilities in North America, South America, Europe, Asia, Australia and Africa.",https://www.cclind.com/,,2026-08-30,Medium,"Papier, papier hygiénique, emballages et imprimés",Étiquettes,Étiquettes autocollantes et manchons CCL Label,"Étiquettes imprimées apposées sur les emballages alimentaires, de boissons, de produits ménagers et de santé.","CCL Industries, dont le siège social est à Toronto, indique exploiter 214 usines en Amérique du Nord et sur d’autres continents.",Canada (siège social à Toronto); les usines canadiennes précises ne sont pas nommées sur la page consultée,"CCL Industries Inc. (société cotée en bourse, Toronto)",Seule une partie des 214 usines de CCL se trouve au Canada; la page consultée ne revendique pas d’origine canadienne pour des produits précis.,Solution de rechange aux étiquettes imprimées de papier et de plastique d’origine américaine du chapitre 48 du SH (étiquettes de papier).
458,"Paper, tissue, packaging and printed goods",Printed books,Friesens Corporation,"Friesens hardcover and softcover book manufacturing, yearbooks","Printed and bound books, yearbooks and packaging.","Friesens describes itself as a premier book printer and manufacturer whose 'story of book printing begins in the small rural town of Altona, Manitoba', where its plant operates.","Altona, Manitoba",Employee-owned (Friesens Corporation),Fetched page does not use the exact phrase 'made in Canada'.,Substitute for U.S.-printed books and yearbooks under HS Chapter 49 (printed books and brochures).,49.01,"Our story of book printing begins in the small rural town of Altona, Manitoba.",https://www.friesens.com/,,2026-08-30,High,"Papier, papier hygiénique, emballages et imprimés",Livres imprimés,Impression de livres à couverture rigide et souple et albums de finissants Friesens,"Livres imprimés et reliés, albums de finissants et emballages.","Friesens se décrit comme un imprimeur et fabricant de livres de premier plan dont « l’histoire d’impression de livres commence dans la petite ville rurale d’Altona, au Manitoba », où se trouve son usine.","Altona, Manitoba",Propriété des employés (Friesens Corporation),La page consultée n’emploie pas l’expression exacte « fabriqué au Canada ».,"Substitut aux livres et albums de finissants imprimés aux États-Unis, du chapitre 49 du SH (livres et brochures imprimés)."
459,"Paper, tissue, packaging and printed goods",Printed books,Marquis Book Printing,Marquis book printing (Montmagny and Louiseville plants),Printed and bound books for publishers and self-publishers.,"Marquis presents itself as a book manufacturer with Quebec plants; an industry association profile states 'The company operates three production plants in Montmagny, Louiseville and Toronto, as well as a logistics centre in Ontario.'","Montmagny and Louiseville, Quebec; Toronto, Ontario",Marquis Imprimeur / Marquis Book Printing,The explicit plant list comes from a secondary industry profile rather than the fetched brand page.,Alternative to U.S.-printed books under HS Chapter 49.,49.01,"Marquis Logitistics center is an 80,000-square-foot facility located in Newmarket Ontario, just outside of Toronto",https://marquisbook.com/who-we-are/,https://bookpublishers.ab.ca/publishers/marquisbook-com/,2026-08-30,Medium,"Papier, papier hygiénique, emballages et imprimés",Livres imprimés,Impression de livres Marquis (usines de Montmagny et de Louiseville),Livres imprimés et reliés pour les éditeurs et l’autoédition.,"Marquis se présente comme un fabricant de livres doté d’usines québécoises; un profil d’association sectorielle indique que « l’entreprise exploite trois usines de production à Montmagny, à Louiseville et à Toronto, ainsi qu’un centre logistique en Ontario ».","Montmagny et Louiseville, Québec; Toronto, Ontario",Marquis Imprimeur / Marquis Book Printing,La liste explicite des usines provient d’un profil sectoriel secondaire plutôt que de la page de marque consultée.,"Solution de rechange aux livres imprimés aux États-Unis, du chapitre 49 du SH."
460,"Paper, tissue, packaging and printed goods",Notebooks and planners,Blueline (Dominion Blueline),"Blueline MiracleBind notebooks, planners and account books","Notebooks, planners and accounting books for home and office.","Blueline states: 'Founded in 1917, Blueline is a Canadian-owned company that manufactures and distributes superior quality office products.'",Quebec (Saint-Jean-sur-Richelieu / Granby operations; not stated on fetched page),Canadian-owned (Dominion Blueline Inc.),Fetched page does not name the plant city or address imported components.,"Replaces U.S.-origin notebooks, registers and planners under HS Chapter 48 (registers, notebooks, diaries of paper).",48.20,"Founded in 1917, Blueline is a Canadian-owned company that manufactures and distributes superior quality office products",https://blueline.com/pages/about-us,https://blueline.com/collections/notebooks,2026-08-30,High,"Papier, papier hygiénique, emballages et imprimés",Cahiers et agendas,"Cahiers MiracleBind, agendas et livres comptables Blueline","Cahiers, agendas et livres comptables pour la maison et le bureau.","Blueline affirme : « Fondée en 1917, Blueline est une entreprise de propriété canadienne qui fabrique et distribue des articles de bureau de qualité supérieure. »",Québec (activités à Saint-Jean-sur-Richelieu et à Granby; non précisé sur la page consultée),Propriété canadienne (Dominion Blueline Inc.),La page consultée ne nomme pas la ville de l’usine et ne traite pas des composants importés.,"Remplace les cahiers, registres et agendas d’origine américaine du chapitre 48 du SH (registres, cahiers et agendas de papier)."
461,"Paper, tissue, packaging and printed goods",School and office stationery,Hilroy (ACCO Brands Canada),"Hilroy exercise books, notebooks and report covers","School exercise books, notebooks and report covers.","The Globe and Mail reports that ACCO 'still manufactures some of its best-known goods in Canada' and that 'At its Mississauga, Ontario, factory, it takes 45 seconds to make the iconic Hilroy notebook.'","Mississauga, Ontario",ACCO Brands Canada,Only some ACCO/Hilroy goods are stated to be made in Canada.,Substitute for U.S.-origin exercise books and notebooks under HS Chapter 48.,48.20,"At its Mississauga, Ontario, factory, it takes 45 seconds to make the iconic Hilroy notebook, including trimming the paper, binding and adding a cover.",https://www.theglobeandmail.com/business/rob-magazine/article-back-to-school-special-how-the-iconic-hilroy-notebook-gets-made/,https://accobrandscanada.com/brands/hilroy/,2026-08-30,High,"Papier, papier hygiénique, emballages et imprimés",Fournitures scolaires et de bureau,"Cahiers d’exercices, carnets et couvertures de présentation Hilroy","Cahiers d’exercices scolaires, carnets et couvertures de présentation.","Le Globe and Mail rapporte qu’ACCO « fabrique encore certains de ses produits les plus connus au Canada » et qu’« à son usine de Mississauga, en Ontario, il faut 45 secondes pour fabriquer le cahier Hilroy emblématique ».","Mississauga, Ontario",ACCO Brands Canada,Seuls certains produits ACCO/Hilroy sont déclarés fabriqués au Canada.,Substitut aux cahiers d’exercices et carnets d’origine américaine du chapitre 48 du SH.
462,"Paper, tissue, packaging and printed goods",Printed labels and stickers,Mabel's Labels,"Mabel's Labels name stickers, clothing labels and tags","Personalized waterproof name labels for kids' clothing, bottles and gear.","Mabel's Labels states the company 'started humbly out of a basement in Hamilton, Ontario, and grew into the award-winning, market-leading company it is today'.","Hamilton, Ontario",ownership not verified,Fetched About page describes Hamilton origins rather than an explicit current made-in-Canada statement.,Alternative to U.S.-origin printed labels and stickers under HS Chapter 48/49.,48.21,"Mabel's Labels started humbly out of a basement in Hamilton, Ontario, and grew into the award-winning, market-leading company it is today.",https://mabelslabels.ca/en-CA/about-us,https://hamiltoncitymagazine.ca/made-in-hamilton-the-mabels-labels-story/,2026-08-30,Medium,"Papier, papier hygiénique, emballages et imprimés",Étiquettes et autocollants imprimés,"Autocollants nominatifs, étiquettes à vêtements et étiquettes Mabel’s Labels","Étiquettes nominatives personnalisées et imperméables pour les vêtements, bouteilles et articles des enfants.","Mabel’s Labels indique que l’entreprise « a démarré modestement dans un sous-sol de Hamilton, en Ontario, et est devenue l’entreprise primée et chef de file qu’elle est aujourd’hui ».","Hamilton, Ontario",Propriété non vérifiée,La page « À propos » consultée décrit les origines hamiltoniennes plutôt qu’un énoncé actuel explicite de fabrication au Canada.,Solution de rechange aux étiquettes et autocollants imprimés d’origine américaine des chapitres 48 et 49 du SH.
463,"Paper, tissue, packaging and printed goods",Handmade art paper,Papeterie Saint-Gilles,Saint-Gilles handmade cotton-based art and stationery paper,"Handmade cotton paper for stationery, invitations and artwork.","The mill's history page states 'the Saint-Gilles mill has produced high quality paper for over 60 years' as 'the oldest and last artisanal paper making industry in Quebec', on paper 'made in Québec'.","Saint-Joseph-de-la-Rive (Charlevoix), Quebec",Operated as an economuseum/foundation-run artisanal mill,None stated on fetched official page,Substitute for U.S.-origin handmade and specialty art paper under HS Chapter 48 (handmade paper and paperboard).,48.02,"In its dual role as the oldest and last artisanal paper making industry in Quebec, the Saint-Gilles mill has produced high quality paper for over 60 years",https://papeteriesaintgilles.com/en/origine-papier-saint-gilles/,https://papeteriesaintgilles.com/en/,2026-08-30,High,"Papier, papier hygiénique, emballages et imprimés",Papier d’art fait main,Papier d’art et de correspondance à base de coton fait main Saint-Gilles,"Papier de coton fait main pour la correspondance, les invitations et les œuvres d’art.","La page d’historique de la papeterie indique que « la papeterie Saint-Gilles produit du papier de grande qualité depuis plus de 60 ans » en tant que « plus ancienne et dernière papeterie artisanale au Québec », sur du papier « fait au Québec ».","Saint-Joseph-de-la-Rive (Charlevoix), Québec",Exploitée comme papeterie artisanale sous forme d’économusée géré par une fondation,Aucune précision sur la page officielle consultée,Substitut au papier d’art fait main et de spécialité d’origine américaine du chapitre 48 du SH (papiers et cartons faits à la main).
464,"Paper, tissue, packaging and printed goods",Commercial printing,St. Joseph Communications (SJC),"SJC commercial print, magazines and marketing collateral","Printed magazines, catalogues and marketing materials.","SJC's official history states it 'expands to its brand new, built-from-the ground-up 220,000-square-foot print facility in Concord, Ontario (which has since expanded to 300,000 square feet)'.","Concord, Ontario","St. Joseph Communications (family-owned, Canada)",Fetched page does not include an explicit made-in-Canada statement.,"Alternative to U.S.-origin commercial printed matter under HS Chapter 49 (printed matter, catalogues, trade advertising material).",49.11,"SJC expands to its brand new, built-from-the ground-up 220,000-square-foot print facility in Concord, Ontario",https://www.stjoseph.com/about/,,2026-08-30,Medium,"Papier, papier hygiénique, emballages et imprimés",Impression commerciale,"Impression commerciale, magazines et matériel de marketing SJC","Magazines, catalogues et matériel de marketing imprimés.","L’historique officiel de SJC indique que l’entreprise « prend de l’expansion vers sa toute nouvelle usine d’impression de 220 000 pieds carrés construite de A à Z à Concord, en Ontario (agrandie depuis à 300 000 pieds carrés) ».","Concord, Ontario","St. Joseph Communications (entreprise familiale, Canada)",La page consultée ne comporte pas d’énoncé explicite de fabrication au Canada.,"Solution de rechange aux imprimés commerciaux d’origine américaine du chapitre 49 du SH (imprimés, catalogues, matériel publicitaire)."
465,"Paper, tissue, packaging and printed goods",Commercial printing,The Printing House (TPH),"TPH business cards, signage and digital print services","Business cards, brochures, signage and print-on-demand documents.","TPH states: 'TPH is 100% Canadian-owned and operated, serving customers across the country since 1961.'",Canada (multiple Canadian print centres; city not stated on fetched page),100% Canadian-owned (The Printing House Ltd.),Canadian ownership and operation are stated; the page does not itemize where each printed product is produced.,Substitute for U.S.-printed commercial stationery and marketing print under HS Chapter 49.,49.11,"TPH is 100% Canadian-owned and operated, serving customers across the country since 1961.",https://www.tph.ca/,https://bramptonbot.com/blog/the-printing-house/,2026-08-30,Medium,"Papier, papier hygiénique, emballages et imprimés",Impression commerciale,"Cartes professionnelles, affichage et services d’impression numérique TPH","Cartes professionnelles, brochures, affiches et documents imprimés à la demande.",TPH affirme : « TPH est détenue et exploitée à 100 % par des Canadiens et sert des clients partout au pays depuis 1961. »,Canada (plusieurs centres d’impression canadiens; ville non précisée sur la page consultée),Propriété canadienne à 100 % (The Printing House Ltd.),La propriété et l’exploitation canadiennes sont affirmées; la page ne précise pas où chaque produit imprimé est fabriqué.,"Substitut aux articles de papeterie commerciale et aux imprimés de marketing produits aux États-Unis, du chapitre 49 du SH."
466,"Cleaning, beauty and personal care",Household cleaners,Attitude,ATTITUDE all-purpose and bathroom cleaners,"Plant- and mineral-based sprays for cleaning kitchens, bathrooms and household surfaces.","Attitude states on its 'Our Factory' page that it owns and operates its own manufacturing facility in Canada, where its household and personal care products are made.","Sherbrooke, Quebec","Canadian-owned (Bio Spectra Inc., Quebec); ownership not verified on fetched page",None stated on fetched official page,Replaces U.S.-origin household surface-cleaning preparations (heading 34.02).,34.02,Owning our own facility in Canada,https://ca.attitudeliving.com/our-factory,https://attitudeliving.com/careers-factory,2026-08-30,High,"Entretien ménager, beauté et soins personnels",Nettoyants ménagers,Nettoyants tout usage et pour la salle de bain ATTITUDE,"Vaporisateurs à base de plantes et de minéraux pour nettoyer les cuisines, les salles de bain et les surfaces de la maison.","Attitude indique sur sa page « Notre usine » qu’elle possède et exploite sa propre usine au Canada, où sont fabriqués ses produits ménagers et de soins personnels.","Sherbrooke, Québec","Propriété canadienne (Bio Spectra Inc., Québec); propriété non vérifiée sur la page consultée",Aucune précision sur la page officielle consultée,Remplace les préparations de nettoyage des surfaces domestiques d’origine américaine (rubrique SH 34.02).
467,"Cleaning, beauty and personal care",Laundry detergent,Tru Earth,Tru Earth Eco-Strips laundry detergent strips,Pre-measured laundry detergent strips that dissolve in the wash instead of liquid detergent.,Tru Earth's own store page states every Eco-Strip is manufactured in Canada.,Canada (location not stated),ownership not verified,None stated on fetched official page,Replaces U.S.-origin laundry detergents and washing preparations (heading 34.02).,34.02,Every Tru Earth Eco-Strip is manufactured in a state of the art laboratory right here in Canada.,https://shop.tru.earth/,,2026-08-30,High,"Entretien ménager, beauté et soins personnels",Détergent à lessive,Bandelettes de détergent à lessive Eco-Strips de Tru Earth,"Bandelettes de détergent prédosées qui se dissolvent au lavage, en remplacement du détergent liquide.",La page boutique de Tru Earth indique que chaque bandelette Eco-Strip est fabriquée au Canada.,Canada (emplacement non précisé),Propriété non vérifiée,Aucune précision sur la page officielle consultée,Remplace les détergents à lessive et les préparations de lavage d’origine américaine (rubrique SH 34.02).
468,"Cleaning, beauty and personal care",Laundry and multi-purpose soap,Nellie's,Nellie's One Soap,"Concentrated multi-purpose soap used for laundry, dishes and general cleaning.","Nellie's product page for One Soap carries an explicit 'Made in Canada' statement; the company operates from North Vancouver, British Columbia.","North Vancouver, British Columbia",ownership not verified,None stated on fetched official page,Replaces U.S.-origin soap and organic surface-active washing preparations (heading 34.01/34.02).,34.02,Made in Canada.,https://nelliesclean.ca/collections/pets/products/one-soap,,2026-08-30,High,"Entretien ménager, beauté et soins personnels",Savon à lessive et tout usage,Nellie’s One Soap,"Savon concentré tout usage pour la lessive, la vaisselle et le nettoyage général.","La page produit de Nellie’s pour One Soap porte une mention explicite « Fabriqué au Canada »; l’entreprise exerce ses activités à North Vancouver, en Colombie-Britannique.","North Vancouver, Colombie-Britannique",Propriété non vérifiée,Aucune précision sur la page officielle consultée,Remplace les savons et préparations de lavage tensioactives d’origine américaine (rubriques SH 34.01 et 34.02).
469,"Cleaning, beauty and personal care",Oral care,Green Beaver,Green Beaver Natural Toothpaste,Fluoride-free natural toothpaste for daily brushing.,"Green Beaver's toothpaste collection page states the toothpaste is made in Canada; the company manufactures in Hawkesbury, Ontario.","Hawkesbury, Ontario",ownership not verified,None stated on fetched official page,Replaces U.S.-origin dentifrices and oral hygiene preparations (heading 33.06).,33.06,it's made in Canada!,https://greenbeaver.com/collections/natural-toothpaste,,2026-08-30,High,"Entretien ménager, beauté et soins personnels",Soins buccodentaires,Dentifrice naturel Green Beaver,Dentifrice naturel sans fluorure pour le brossage quotidien.,"La page de la collection de dentifrices de Green Beaver indique que le dentifrice est fabriqué au Canada; l’entreprise fabrique à Hawkesbury, en Ontario.","Hawkesbury, Ontario",Propriété non vérifiée,Aucune précision sur la page officielle consultée,Remplace les dentifrices et préparations d’hygiène buccodentaire d’origine américaine (rubrique SH 33.06).
470,"Cleaning, beauty and personal care",Shampoo and haircare,Oneka Elements,Oneka Cedar & Sage Shampoo,Plant-based shampoo sold in bottles and bulk refills.,"Oneka's product page states the shampoo is crafted in Canada; the company's workshop is in Frelighsburg, Quebec.","Frelighsburg, Quebec",ownership not verified,None stated on fetched official page,Replaces U.S.-origin shampoos and hair preparations (heading 33.05).,33.05,crafted in Canada,https://www.onekaelements.com/products/cedar-sage-shampoo-20l-refill,,2026-08-30,High,"Entretien ménager, beauté et soins personnels",Shampooing et soins capillaires,Shampooing cèdre et sauge Oneka,Shampooing d’origine végétale vendu en bouteille et en recharge en vrac.,"La page produit d’Oneka indique que le shampooing est fabriqué au Canada; l’atelier de l’entreprise est à Frelighsburg, au Québec.","Frelighsburg, Québec",Propriété non vérifiée,Aucune précision sur la page officielle consultée,Remplace les shampooings et préparations capillaires d’origine américaine (rubrique SH 33.05).
471,"Cleaning, beauty and personal care",Household cleaners,AspenClean,"AspenClean natural cleaning range (all-purpose, bathroom, laundry)",EWG-verified household cleaners and laundry detergent for everyday cleaning.,"AspenClean's FAQ page states its products are made in Canada and the US, with named exceptions for accessories.",Canada (location not stated),ownership not verified,FAQ notes microfibre cloths are made in Korea and that some products are made in the US as well as Canada.,Replaces U.S.-origin household cleaning and washing preparations (heading 34.02).,34.02,All of our products are made in Canada and the US,https://aspenclean.com/pages/faqs,,2026-08-30,High,"Entretien ménager, beauté et soins personnels",Nettoyants ménagers,"Gamme de nettoyants naturels AspenClean (tout usage, salle de bain, lessive)",Nettoyants ménagers et détergent à lessive vérifiés par EWG pour le nettoyage quotidien.,"La foire aux questions d’AspenClean indique que ses produits sont fabriqués au Canada et aux États-Unis, avec des exceptions nommées pour les accessoires.",Canada (emplacement non précisé),Propriété non vérifiée,La FAQ précise que les chiffons en microfibre sont fabriqués en Corée et que certains produits sont fabriqués aux États-Unis en plus du Canada.,Remplace les préparations de nettoyage et de lavage ménagères d’origine américaine (rubrique SH 34.02).
472,"Cleaning, beauty and personal care",Personal care (body and hair),Bkind,"Bkind body care, shampoo bars and deodorant","Vegan personal care products including shampoo bars, body lotion and deodorant.",Bkind's homepage states its products are made in Quebec.,Quebec,ownership not verified,None stated on fetched official page,"Replaces U.S.-origin beauty, skin and hair preparations (headings 33.04/33.05/33.07).",33.04,made in Quebec,https://bkind.com/,,2026-08-30,High,"Entretien ménager, beauté et soins personnels",Soins personnels (corps et cheveux),"Soins du corps, shampooings solides et déodorants Bkind","Produits de soins personnels véganes, dont des shampooings solides, du lait pour le corps et des déodorants.",La page d’accueil de Bkind indique que ses produits sont fabriqués au Québec.,Québec,Propriété non vérifiée,Aucune précision sur la page officielle consultée,"Remplace les préparations de beauté, de soins de la peau et capillaires d’origine américaine (rubriques SH 33.04, 33.05 et 33.07)."
473,"Cleaning, beauty and personal care",Cosmetics,Pure Anada,Pure Anada mineral makeup line,"Mineral-based foundations, blushes and eye colours.","Pure Anada's 'Why Pure Anada' page states its cosmetics are made in its own facility in Morden, Manitoba.","Morden, Manitoba",ownership not verified,Page notes some items are not Canadian-made: nail polish is made in the USA and pencils in Italy.,Replaces U.S.-origin beauty and make-up preparations (heading 33.04).,33.04,"facility in Morden, Manitoba",https://www.pureanada.ca/pages/why-pure-anada,,2026-08-30,High,"Entretien ménager, beauté et soins personnels",Cosmétiques,Gamme de maquillage minéral Pure Anada,"Fonds de teint, fards à joues et ombres à paupières à base de minéraux.","La page « Pourquoi Pure Anada » indique que ses cosmétiques sont fabriqués dans sa propre usine à Morden, au Manitoba.","Morden, Manitoba",Propriété non vérifiée,"La page précise que certains articles ne sont pas fabriqués au Canada : le vernis à ongles est fabriqué aux États-Unis et les crayons, en Italie.",Remplace les préparations de beauté et de maquillage d’origine américaine (rubrique SH 33.04).
474,"Cleaning, beauty and personal care",Cosmetics,Cheekbone Beauty,Cheekbone Beauty colour cosmetics,Indigenous-owned colour cosmetics including lip and complexion products.,Cheekbone Beauty's own blog post about where its products are made states that some of its products are made in Canada.,"Canada (location not stated); brand based in St. Catharines, Ontario","Indigenous-owned (Jenn Harper, founder); ownership not verified on fetched page","Post states other products are made outside Canada (including Italy), so not the entire range is Canadian-made.",Replaces U.S.-origin beauty and make-up preparations (heading 33.04).,33.04,Some of our products are made in Canada,https://www.cheekbonebeauty.com/blogs/blog/where-your-beauty-products-are-made-matters,,2026-08-30,High,"Entretien ménager, beauté et soins personnels",Cosmétiques,Cosmétiques de couleur Cheekbone Beauty,"Cosmétiques de couleur d’une entreprise autochtone, dont des produits pour les lèvres et le teint.",Le billet de blogue de Cheekbone Beauty sur la provenance de ses produits indique que certains de ses produits sont fabriqués au Canada.,"Canada (emplacement non précisé); marque établie à St. Catharines, en Ontario",Entreprise autochtone (fondatrice Jenn Harper); propriété non vérifiée sur la page consultée,Le billet indique que d’autres produits sont fabriqués à l’extérieur du Canada (notamment en Italie); toute la gamme n’est donc pas canadienne.,Remplace les préparations de beauté et de maquillage d’origine américaine (rubrique SH 33.04).
475,"Cleaning, beauty and personal care",Skincare,Province Apothecary,Province Apothecary Rejuvenating + Hydrating Face Serum,Botanical facial serum used in daily skincare routines.,Province Apothecary's product page states the serum is made in Canada; the brand formulates and produces in Toronto.,"Toronto, Ontario",ownership not verified,None stated on fetched official page,Replaces U.S.-origin skin-care preparations (heading 33.04).,33.04,Made in Canada,https://provinceapothecary.com/pages/rejuvenating-hydrating-face-serum,,2026-08-30,High,"Entretien ménager, beauté et soins personnels",Soins de la peau,Sérum visage rajeunissant et hydratant Province Apothecary,"Sérum botanique pour le visage, utilisé dans la routine quotidienne de soins de la peau.",La page produit de Province Apothecary indique que le sérum est fabriqué au Canada; la marque le formule et le produit à Toronto.,"Toronto, Ontario",Propriété non vérifiée,Aucune précision sur la page officielle consultée,Remplace les préparations de soins de la peau d’origine américaine (rubrique SH 33.04).
476,"Cleaning, beauty and personal care",Aromatherapy and personal care,Escents Aromatherapy,Escents essential oil blends and bath/body line,"Essential oils, diffuser blends and bath products for home aromatherapy.",Escents' 'About' page states blending is done locally in Canada at its Vancouver operation.,"Vancouver, British Columbia",ownership not verified,Essential oils are sourced globally; only blending is stated to occur in Canada.,"Replaces U.S.-origin perfumery, cosmetic and toilet preparations (heading 33.07).",33.07,blending done locally in Canada,https://escentsaromatherapy.com/pages/about-escents,,2026-08-30,High,"Entretien ménager, beauté et soins personnels",Aromathérapie et soins personnels,Mélanges d’huiles essentielles et gamme bain et corps Escents,"Huiles essentielles, mélanges pour diffuseur et produits pour le bain, pour l’aromathérapie à la maison.","La page « À propos » d’Escents indique que le mélange des huiles est effectué localement au Canada, à ses installations de Vancouver.","Vancouver, Colombie-Britannique",Propriété non vérifiée,Les huiles essentielles proviennent du monde entier; seul le mélange est déclaré effectué au Canada.,Remplace les produits de parfumerie et de toilette d’origine américaine (rubrique SH 33.07).
477,"Cleaning, beauty and personal care",Institutional cleaning and sanitation,Sani Marc,"Sani Marc cleaning, sanitizing and disinfecting products","Commercial and institutional cleaners, sanitizers and disinfectants for food plants, buildings and healthcare.","Sani Marc's 'About us' page describes the company as a leading Canadian manufacturer of cleaning and sanitation products, manufacturing in Victoriaville, Quebec.","Victoriaville, Quebec",Canadian-owned group (Sani Marc Group); ownership not verified on fetched page,None stated on fetched official page,Replaces U.S.-origin industrial and institutional cleaning preparations (heading 34.02).,34.02,leading Canadian manufacturer of cleaning and sanitation products,https://www.sanimarc.com/about-us,,2026-08-30,High,"Entretien ménager, beauté et soins personnels",Nettoyage et assainissement institutionnels,"Produits de nettoyage, d’assainissement et de désinfection Sani Marc","Nettoyants, assainisseurs et désinfectants commerciaux et institutionnels pour les usines alimentaires, les immeubles et les milieux de santé.","La page « À propos » de Sani Marc décrit l’entreprise comme un chef de file canadien de la fabrication de produits de nettoyage et d’assainissement, qui fabrique à Victoriaville, au Québec.","Victoriaville, Québec",Groupe de propriété canadienne (Groupe Sani Marc); propriété non vérifiée sur la page consultée,Aucune précision sur la page officielle consultée,Remplace les préparations de nettoyage industrielles et institutionnelles d’origine américaine (rubrique SH 34.02).
478,"Cleaning, beauty and personal care",Laundry detergent,Dizolve,Dizolve laundry detergent strips,Dissolving laundry detergent strips replacing liquid or powder detergent.,"Dizolve's site states the strips are proudly made in Canada; the company operates from Moncton, New Brunswick.","Moncton, New Brunswick",ownership not verified,None stated on fetched official page,Replaces U.S.-origin laundry detergents and washing preparations (heading 34.02).,34.02,Proudly Made in Canada,https://www.dizolve.com/,https://www.dizolve.com/about,2026-08-30,High,"Entretien ménager, beauté et soins personnels",Détergent à lessive,Bandelettes de détergent à lessive Dizolve,Bandelettes de détergent solubles remplaçant le détergent liquide ou en poudre.,"Le site de Dizolve indique que les bandelettes sont fièrement fabriquées au Canada; l’entreprise exerce ses activités à Moncton, au Nouveau-Brunswick.","Moncton, Nouveau-Brunswick",Propriété non vérifiée,Aucune précision sur la page officielle consultée,Remplace les détergents à lessive et les préparations de lavage d’origine américaine (rubrique SH 34.02).
479,"Cleaning, beauty and personal care",Bath products,Bathorium,Bathorium shower steamers and bath soaks,Bath soaks and shower steamers for at-home bathing.,Bathorium's product page states the product is made in Canada; the brand blends in Toronto.,"Toronto, Ontario",ownership not verified,None stated on fetched official page,Replaces U.S.-origin bath preparations and perfumery/toilet preparations (heading 33.07).,33.07,Made in Canada,https://www.bathorium.com/products/the-bathologist-shower-steamers,,2026-08-30,High,"Entretien ménager, beauté et soins personnels",Produits pour le bain,Comprimés pour la douche et sels de bain Bathorium,"Sels de bain et comprimés effervescents pour la douche, pour le bain à la maison.",La page produit de Bathorium indique que le produit est fabriqué au Canada; la marque effectue ses mélanges à Toronto.,"Toronto, Ontario",Propriété non vérifiée,Aucune précision sur la page officielle consultée,Remplace les préparations pour le bain et les produits de parfumerie et de toilette d’origine américaine (rubrique SH 33.07).
480,"Cleaning, beauty and personal care",Skincare and fragrance,Lise Watier,Lise Watier skincare collection,"Facial moisturizers, serums and fragrances.",The Watier skincare collection page states that its skincare and fragrances are made in Canada; the brand is produced by Groupe Marcelle.,"Dorval, Quebec (Groupe Marcelle manufacturing site)",Owned by Groupe Marcelle Inc. (Quebec),Statement covers skincare and fragrances; colour cosmetics not covered by the same statement.,Replaces U.S.-origin skin-care and fragrance preparations (headings 33.04/33.03).,33.04,Our skincare and fragrances are made in Canada,https://watier.com/en/collections/skincare,https://groupemarcelle.com/en,2026-08-30,High,"Entretien ménager, beauté et soins personnels",Soins de la peau et parfums,Collection de soins de la peau Lise Watier,"Hydratants pour le visage, sérums et parfums.",La page de la collection de soins de Watier indique que ses soins de la peau et ses parfums sont fabriqués au Canada; la marque est produite par le Groupe Marcelle.,"Dorval, Québec (site de fabrication du Groupe Marcelle)",Propriété du Groupe Marcelle Inc. (Québec),L’énoncé porte sur les soins de la peau et les parfums; les cosmétiques de couleur ne sont pas visés par le même énoncé.,Remplace les préparations de soins de la peau et de parfumerie d’origine américaine (rubriques SH 33.04 et 33.03).
481,"Cleaning, beauty and personal care",Cosmetics,Marcelle (Groupe Marcelle),Marcelle hypoallergenic skincare and cosmetics,Fragrance-free hypoallergenic cosmetics and skincare for sensitive skin.,"Groupe Marcelle describes itself as the largest cosmetic manufacturer in Canada, producing at its Quebec facility, and Marcelle publishes a 'Made in Canada' page.","Dorval, Quebec","Groupe Marcelle Inc., Canadian-owned (also owns Lise Watier, Annabelle)",None stated on fetched official page,Replaces U.S.-origin beauty and make-up preparations (heading 33.04).,33.04,The Largest Cosmetic Manufacturer in Canada,https://groupemarcelle.com/en,https://marcelle.com/en/pages/made-in-canada,2026-08-30,High,"Entretien ménager, beauté et soins personnels",Cosmétiques,Soins de la peau et cosmétiques hypoallergéniques Marcelle,Cosmétiques et soins de la peau hypoallergéniques sans parfum pour les peaux sensibles.,"Le Groupe Marcelle se décrit comme le plus grand fabricant de cosmétiques au Canada, produisant à son usine québécoise, et Marcelle publie une page « Fabriqué au Canada ».","Dorval, Québec","Groupe Marcelle Inc., propriété canadienne (détient aussi Lise Watier et Annabelle)",Aucune précision sur la page officielle consultée,Remplace les préparations de beauté et de maquillage d’origine américaine (rubrique SH 33.04).
482,"Cleaning, beauty and personal care",Skincare,Three Ships Beauty,Three Ships Beauty serums and moisturizers,"Natural facial serums, cleansers and moisturizers.","The Three Ships FAQ states products are proudly made in Canada, with a stated exception for eye masks.","Canada (location not stated); brand based in Toronto, Ontario",ownership not verified,FAQ states eye masks are made in South Korea.,Replaces U.S.-origin skin-care preparations (heading 33.04).,33.04,proudly made in Canada with the exception of our eye masks,https://www.threeshipsbeauty.com/pages/frequently-asked-questions,,2026-08-30,High,"Entretien ménager, beauté et soins personnels",Soins de la peau,Sérums et hydratants Three Ships Beauty,"Sérums, nettoyants et hydratants naturels pour le visage.","La foire aux questions de Three Ships indique que les produits sont fièrement fabriqués au Canada, avec une exception déclarée pour les masques pour les yeux.","Canada (emplacement non précisé); marque établie à Toronto, en Ontario",Propriété non vérifiée,La FAQ précise que les masques pour les yeux sont fabriqués en Corée du Sud.,Remplace les préparations de soins de la peau d’origine américaine (rubrique SH 33.04).
483,"Cleaning, beauty and personal care",Skincare,Riversol,Riversol sensitive-skin skincare system,Dermatologist-developed cleansers and serums for sensitive and rosacea-prone skin.,Riversol's homepage states its products are formulated and made in Vancouver.,"Vancouver, British Columbia",ownership not verified,None stated on fetched official page,Replaces U.S.-origin skin-care preparations (heading 33.04).,33.04,Formulated and made in Vancouver,https://www.riversol.com/,,2026-08-30,High,"Entretien ménager, beauté et soins personnels",Soins de la peau,Système de soins pour peaux sensibles Riversol,Nettoyants et sérums mis au point par des dermatologues pour les peaux sensibles et sujettes à la rosacée.,La page d’accueil de Riversol indique que ses produits sont formulés et fabriqués à Vancouver.,"Vancouver, Colombie-Britannique",Propriété non vérifiée,Aucune précision sur la page officielle consultée,Remplace les préparations de soins de la peau d’origine américaine (rubrique SH 33.04).
484,"Cleaning, beauty and personal care",Skincare,Bee By The Sea,Bee By The Sea sea buckthorn body care,"Sea buckthorn hand creams, body butters and soaps.",Bee By The Sea's shop page carries a 'MADE IN CANADA' statement for its sea buckthorn body care line.,Canada (location not stated),ownership not verified,None stated on fetched official page,Replaces U.S.-origin skin-care and body-care preparations (heading 33.04).,33.04,MADE IN CANADA,https://beebythesea.com/shop/,,2026-08-30,High,"Entretien ménager, beauté et soins personnels",Soins de la peau,Soins du corps à l’argousier Bee By The Sea,"Crèmes à mains, beurres corporels et savons à l’argousier.",La page boutique de Bee By The Sea porte la mention « FABRIQUÉ AU CANADA » pour sa gamme de soins du corps à l’argousier.,Canada (emplacement non précisé),Propriété non vérifiée,Aucune précision sur la page officielle consultée,Remplace les préparations de soins de la peau et du corps d’origine américaine (rubrique SH 33.04).
485,"Cleaning, beauty and personal care",Household cleaners,The Green Cricket,The Green Cricket household cleaners and hand soaps,"Plant-based all-purpose cleaners, dish soap and hand soap.",The Green Cricket's FAQ states its products are Canadian made in the Greater Toronto Area.,"Greater Toronto Area, Ontario",ownership not verified,None stated on fetched official page,Replaces U.S.-origin household cleaning and washing preparations (heading 34.02).,34.02,CANADIAN MADE in the Greater Toronto Area,https://greencricketlifestyle.com/pages/faq,,2026-08-30,High,"Entretien ménager, beauté et soins personnels",Nettoyants ménagers,Nettoyants ménagers et savons à mains The Green Cricket,"Nettoyants tout usage, savons à vaisselle et savons à mains d’origine végétale.","La foire aux questions de The Green Cricket indique que ses produits sont fabriqués au Canada, dans la région du Grand Toronto.","Région du Grand Toronto, Ontario",Propriété non vérifiée,Aucune précision sur la page officielle consultée,Remplace les préparations de nettoyage et de lavage ménagères d’origine américaine (rubrique SH 34.02).
486,"Cleaning, beauty and personal care",Skincare,KaLaya Naturals,KaLaya pain relief and skin creams,"Topical creams for dry skin, eczema and muscle and joint discomfort.",KaLaya's homepage states its products are proudly Canadian made.,Canada (location not stated),ownership not verified,None stated on fetched official page,Replaces U.S.-origin skin-care preparations (heading 33.04).,33.04,PROUDLY CANADIAN MADE,https://kalaya.ca/,,2026-08-30,High,"Entretien ménager, beauté et soins personnels",Soins de la peau,Crèmes analgésiques et pour la peau KaLaya,"Crèmes topiques pour la peau sèche, l’eczéma et les douleurs musculaires et articulaires.",La page d’accueil de KaLaya indique que ses produits sont fièrement fabriqués au Canada.,Canada (emplacement non précisé),Propriété non vérifiée,Aucune précision sur la page officielle consultée,Remplace les préparations de soins de la peau d’origine américaine (rubrique SH 33.04).
487,"Cleaning, beauty and personal care",Oral care,etee,etee Chewpaste plastic-free toothpaste tablets,Chewable toothpaste tablets that replace tubed toothpaste.,etee's Chewpaste page states the product was developed and is made in the Greater Toronto Area.,"Greater Toronto Area, Ontario",ownership not verified,None stated on fetched official page,Replaces U.S.-origin dentifrices and oral hygiene preparations (heading 33.06).,33.06,developed and is made in the Greater Toronto Area,https://club.shopetee.com/pages/plastic-free-toothpaste-chewpaste,,2026-08-30,High,"Entretien ménager, beauté et soins personnels",Soins buccodentaires,Comprimés de dentifrice sans plastique Chewpaste d’etee,Comprimés de dentifrice à croquer remplaçant le dentifrice en tube.,La page Chewpaste d’etee indique que le produit a été mis au point et est fabriqué dans la région du Grand Toronto.,"Région du Grand Toronto, Ontario",Propriété non vérifiée,Aucune précision sur la page officielle consultée,Remplace les dentifrices et préparations d’hygiène buccodentaire d’origine américaine (rubrique SH 33.06).
488,"Cleaning, beauty and personal care",Haircare,Prairie Naturals,Prairie Naturals Silver Toning Shampoo,Sulphate-free shampoos and conditioners for colour-treated and grey hair.,"Prairie Naturals' product page states the shampoo is a Canadian product made in the Okanagan Valley, British Columbia.","Okanagan Valley, British Columbia",ownership not verified,None stated on fetched official page,Replaces U.S.-origin shampoos and hair preparations (heading 33.05).,33.05,"A Canadian product made in the Okanagan Valley, British Columbia",https://www.prairienaturals.ca/products/silver-toning-shampoo/,,2026-08-30,High,"Entretien ménager, beauté et soins personnels",Soins capillaires,Shampooing tonifiant argenté Prairie Naturals,Shampooings et revitalisants sans sulfates pour les cheveux colorés et gris.,"La page produit de Prairie Naturals indique que le shampooing est un produit canadien fabriqué dans la vallée de l’Okanagan, en Colombie-Britannique.","Vallée de l’Okanagan, Colombie-Britannique",Propriété non vérifiée,Aucune précision sur la page officielle consultée,Remplace les shampooings et préparations capillaires d’origine américaine (rubrique SH 33.05).
489,"Cleaning, beauty and personal care",Soap and skincare,Fable Naturals,Fable Naturals soap and body care,"Handmade natural soaps, balms and body care.",Fable Naturals' shop page states its products are handmade in Vancouver in small batches.,"Vancouver, British Columbia",ownership not verified,None stated on fetched official page,Replaces U.S.-origin soap and organic surface-active products for skin (heading 34.01).,34.01,handmade in Vancouver,https://fablenaturals.com/shop-fable-naturals/,,2026-08-30,High,"Entretien ménager, beauté et soins personnels",Savon et soins de la peau,Savons et soins du corps Fable Naturals,"Savons naturels faits main, baumes et soins du corps.","La page boutique de Fable Naturals indique que ses produits sont faits main à Vancouver, en petits lots.","Vancouver, Colombie-Britannique",Propriété non vérifiée,Aucune précision sur la page officielle consultée,Remplace les savons et produits tensioactifs organiques pour la peau d’origine américaine (rubrique SH 34.01).
490,"Cleaning, beauty and personal care",Soap,Sudsatorium,Sudsatorium artisan soap and bath range,"Handmade bar soaps, bath soaks and body products.",Sudsatorium's products page states the range is proudly handmade in Canada; the studio is in Toronto.,"Toronto, Ontario",ownership not verified,None stated on fetched official page,Replaces U.S.-origin soap and organic surface-active products for skin (heading 34.01).,34.01,Proudly Handmade in Canada,https://www.sudsatorium.com/products,,2026-08-30,High,"Entretien ménager, beauté et soins personnels",Savon,Gamme artisanale de savons et de produits pour le bain Sudsatorium,"Pains de savon faits main, sels de bain et produits pour le corps.",La page des produits de Sudsatorium indique que la gamme est fièrement faite main au Canada; l’atelier est à Toronto.,"Toronto, Ontario",Propriété non vérifiée,Aucune précision sur la page officielle consultée,Remplace les savons et produits tensioactifs organiques pour la peau d’origine américaine (rubrique SH 34.01).
491,"Hand tools, hardware and building products",Paint and coatings,Peintures MF,MF Paints interior and exterior architectural paints,"Interior and exterior wall paints, primers and stains for homes and commercial buildings.",Peintures MF's 'About' page states its products are 100% made in Quebec at its own plant.,"Quebec (Sainte-Marie / Quebec City area, per company site)",Quebec family-owned; ownership not verified on fetched page,None stated on fetched official page,Replaces U.S.-origin paints and varnishes in aqueous or non-aqueous media (headings 32.08/32.09).,32.09,Products 100% made in Quebec,https://www.peinturesmf.com/en/about/,,2026-08-30,High,"Outils à main, quincaillerie et produits de construction",Peintures et revêtements,Peintures architecturales intérieures et extérieures MF,"Peintures murales intérieures et extérieures, apprêts et teintures pour les maisons et les bâtiments commerciaux.","La page « À propos » de Peintures MF indique que ses produits sont fabriqués à 100 % au Québec, dans sa propre usine.","Québec (région de Sainte-Marie et de Québec, selon le site de l’entreprise)",Entreprise familiale québécoise; propriété non vérifiée sur la page consultée,Aucune précision sur la page officielle consultée,Remplace les peintures et vernis en milieu aqueux ou non aqueux d’origine américaine (rubriques SH 32.08 et 32.09).
492,"Hand tools, hardware and building products",Roofing shingles and sheathing,Building Products of Canada (BP Canada),BP asphalt roofing shingles and fibreboard sheathing,"Asphalt shingles, underlayment and wood-fibre sheathing panels for residential roofs and walls.",BP Canada's 2025 'Made in Canada for Canadians' flyer states its products are made in Canada and lists its Canadian plants.,"LaSalle and Pont-Rouge, Quebec; Edmonton, Alberta",Canadian-owned (Building Products of Canada Corp.); ownership not verified on fetched page,None stated on fetched official document,Replaces U.S.-origin asphalt roofing shingles and bituminous building boards (heading 68.07).,68.07,MADE IN CANADA,https://bpcan.com/wp-content/uploads/2025/03/bp-madeincanadaforcanadians-2025flyer-web.pdf,,2026-08-30,High,"Outils à main, quincaillerie et produits de construction",Bardeaux de toiture et revêtements intermédiaires,Bardeaux d’asphalte et panneaux de fibre BP,"Bardeaux d’asphalte, membranes de sous-couche et panneaux de fibre de bois pour les toits et les murs résidentiels.",Le dépliant 2025 « Fabriqué au Canada pour les Canadiens » de BP Canada indique que ses produits sont fabriqués au Canada et énumère ses usines canadiennes.,"LaSalle et Pont-Rouge, Québec; Edmonton, Alberta",Propriété canadienne (Produits de construction BP Canada); propriété non vérifiée sur la page consultée,Aucune précision dans le document officiel consulté,Remplace les bardeaux de toiture en asphalte et les panneaux de construction bitumés d’origine américaine (rubrique SH 68.07).
493,"Hand tools, hardware and building products",Rubber roofing,Euroshield Roofing,Euroshield recycled rubber roofing tiles and shakes,Impact-resistant roofing made from recycled tire rubber for houses.,"Euroshield's FAQ page states its manufacturing facilities are located in Calgary, Alberta, Canada.","Calgary, Alberta",ownership not verified,None stated on fetched official page,Replaces U.S.-origin vulcanised rubber roofing articles (heading 40.16) and asphalt roofing (68.07).,40.16,"manufacturing facilities are located at 9330 48th st SE, Calgary, AB, Canada",https://www.euroshieldroofing.com/faq,,2026-08-30,High,"Outils à main, quincaillerie et produits de construction",Toiture de caoutchouc,Tuiles et bardeaux de toiture en caoutchouc recyclé Euroshield,"Toiture résistante aux impacts fabriquée à partir de caoutchouc de pneus recyclés, pour les maisons.","La foire aux questions d’Euroshield indique que ses installations de fabrication se trouvent à Calgary, en Alberta, au Canada.","Calgary, Alberta",Propriété non vérifiée,Aucune précision sur la page officielle consultée,Remplace les articles de toiture en caoutchouc vulcanisé (rubrique SH 40.16) et les bardeaux d’asphalte (68.07) d’origine américaine.
494,"Hand tools, hardware and building products",Metal roofing and wall systems,Vicwest,Vicwest metal roofing and wall panel systems,"Steel roofing and cladding panels for agricultural, commercial and residential buildings.",Vicwest's 'About Us' page states it engineers and manufactures metal roofing and wall systems and reports 5 manufacturing facilities from coast to coast with employees in communities across Canada.,Canada (multiple plants; specific cities not stated on fetched page),Part of Kingspan Group (cookie notice on fetched page refers to Kingspan's cookies),Page does not use an explicit 'made in Canada' phrase; some operations serve North America broadly.,Replaces U.S.-origin flat-rolled steel roofing/cladding products (headings 72.10/73.08).,73.08,engineering and manufacturing metal roofing and wall systems that withstand our harshest climates,https://www.vicwest.com/ca/en/about-us/,,2026-08-30,Medium,"Outils à main, quincaillerie et produits de construction",Systèmes de toiture et de murs métalliques,Systèmes de panneaux de toiture et de murs métalliques Vicwest,"Panneaux de toiture et de revêtement en acier pour les bâtiments agricoles, commerciaux et résidentiels.","La page « À propos » de Vicwest indique que l’entreprise conçoit et fabrique des systèmes de toiture et de murs métalliques et fait état de 5 installations de fabrication d’un océan à l’autre, avec des employés dans des collectivités partout au Canada.",Canada (plusieurs usines; villes précises non indiquées sur la page consultée),Fait partie du groupe Kingspan (l’avis relatif aux témoins de la page consultée renvoie aux témoins de Kingspan),La page n’emploie pas explicitement l’expression « fabriqué au Canada »; certaines activités desservent l’ensemble de l’Amérique du Nord.,Remplace les produits de toiture et de revêtement en acier laminé plat d’origine américaine (rubriques SH 72.10 et 73.08).
495,"Hand tools, hardware and building products",Siding and exterior cladding,Gentek Building Products,"Gentek vinyl and aluminum siding, soffit and trim","Exterior siding, soffit, fascia and rainware for houses.",Gentek publishes a 'Made in Canada' page stating its products are proudly made in Canada at its Canadian plants.,"Burlington and London, Ontario; Pointe-Claire, Quebec",ownership not verified,Page notes some components are sourced internationally.,Replaces U.S.-origin plastic siding (heading 39.25) and aluminum building components (76.10).,39.25,Proudly Made in Canada,https://www.gentek.ca/about-us/made-in-canada/,,2026-08-30,High,"Outils à main, quincaillerie et produits de construction",Revêtements extérieurs,"Revêtements, soffites et moulures de vinyle et d’aluminium Gentek","Revêtements extérieurs, soffites, fascias et gouttières pour les maisons.","Gentek publie une page « Fabriqué au Canada » indiquant que ses produits sont fièrement fabriqués au Canada, dans ses usines canadiennes.","Burlington et London, Ontario; Pointe-Claire, Québec",Propriété non vérifiée,La page précise que certains composants sont approvisionnés à l’étranger.,Remplace les revêtements de plastique (rubrique SH 39.25) et les composants de construction en aluminium (76.10) d’origine américaine.
496,"Hand tools, hardware and building products",Aluminum architectural products,Longboard Products,"Longboard aluminum architectural planks, siding and soffit","Woodgrain-finish aluminum cladding, soffit and privacy screens for buildings.","Longboard's manufacturing page states its products are locally manufactured in Abbotsford, Canada.","Abbotsford, British Columbia",ownership not verified,None stated on fetched official page,Replaces U.S.-origin aluminum profiles and building components (headings 76.04/76.10).,76.10,"Locally manufactured in Abbotsford, Canada",https://longboardproducts.com/complete-manufacturing-control,,2026-08-30,High,"Outils à main, quincaillerie et produits de construction",Produits architecturaux en aluminium,"Planches, revêtements et soffites architecturaux en aluminium Longboard","Revêtements, soffites et écrans d’intimité en aluminium à fini de grain de bois pour les bâtiments.","La page de fabrication de Longboard indique que ses produits sont fabriqués localement à Abbotsford, au Canada.","Abbotsford, Colombie-Britannique",Propriété non vérifiée,Aucune précision sur la page officielle consultée,Remplace les profilés d’aluminium et composants de construction d’origine américaine (rubriques SH 76.04 et 76.10).
497,"Hand tools, hardware and building products",Windows and doors,All Weather Windows,All Weather Windows vinyl windows and entry doors,Replacement and new-construction windows and doors for houses.,"The company's site states it manufactures all of its doors and windows locally, at its Canadian plants.","Edmonton, Alberta (plus other Canadian plants)",Canadian-owned; ownership not verified on fetched page,None stated on fetched official page,Replaces U.S.-origin plastic windows and doors (heading 39.25) and glazed units (70.08).,39.25,We manufacture all of our doors and windows locally,https://www.allweatherwindows.com/what-to-expect/,,2026-08-30,High,"Outils à main, quincaillerie et produits de construction",Fenêtres et portes,Fenêtres de vinyle et portes d’entrée All Weather Windows,Fenêtres et portes de remplacement et de construction neuve pour les maisons.,"Le site de l’entreprise indique qu’elle fabrique toutes ses portes et fenêtres localement, dans ses usines canadiennes.","Edmonton, Alberta (et autres usines canadiennes)",Propriété canadienne; propriété non vérifiée sur la page consultée,Aucune précision sur la page officielle consultée,Remplace les fenêtres et portes de plastique (rubrique SH 39.25) et les vitrages isolants (70.08) d’origine américaine.
498,"Hand tools, hardware and building products",Windows and doors,Pollard Windows & Doors,"Pollard vinyl, wood and aluminum-clad windows",Custom windows and patio doors for residential renovation and new builds.,"Pollard's 'Why Pollard' page states its windows are 100 percent Canadian made at its Burlington, Ontario factory.","Burlington, Ontario",Family-owned Canadian company; ownership not verified on fetched page,None stated on fetched official page,Replaces U.S.-origin windows and doors of plastics or wood (headings 39.25/44.18).,39.25,100 percent Canadian made,https://pollardwindows.com/why-pollard/,,2026-08-30,High,"Outils à main, quincaillerie et produits de construction",Fenêtres et portes,"Fenêtres de vinyle, de bois et à revêtement d’aluminium Pollard",Fenêtres et portes-patio sur mesure pour la rénovation résidentielle et les constructions neuves.,"La page « Pourquoi Pollard » indique que ses fenêtres sont fabriquées à 100 % au Canada, à son usine de Burlington, en Ontario.","Burlington, Ontario",Entreprise canadienne familiale; propriété non vérifiée sur la page consultée,Aucune précision sur la page officielle consultée,Remplace les fenêtres et portes de plastique ou de bois d’origine américaine (rubriques SH 39.25 et 44.18).
499,"Hand tools, hardware and building products",Rigid foam insulation,Plasti-Fab,Plasti-Fab PlastiSpan EPS rigid insulation,"Expanded polystyrene rigid insulation for foundations, walls and roofs.",Plasti-Fab's Ontario regional page states its insulation is manufactured right here in Ontario.,Ontario (plus other Canadian plants),ownership not verified,None stated on fetched official page,Replaces U.S.-origin polystyrene insulation boards (heading 39.21/39.25).,39.21,manufactured right here in Ontario,https://www.plastifab.com/region/on.html,,2026-08-30,High,"Outils à main, quincaillerie et produits de construction",Isolant en mousse rigide,Isolant rigide PlastiSpan en PSE de Plasti-Fab,"Isolant rigide en polystyrène expansé pour les fondations, les murs et les toits.",La page régionale ontarienne de Plasti-Fab indique que son isolant est fabriqué ici même en Ontario.,Ontario (et autres usines canadiennes),Propriété non vérifiée,Aucune précision sur la page officielle consultée,Remplace les panneaux isolants de polystyrène d’origine américaine (rubriques SH 39.21 et 39.25).
500,"Hand tools, hardware and building products",Rigid foam insulation,Isolofoam,Isolofoam EPS insulation panels,"Rigid insulating panels for exterior walls, roofs and foundations.",Isolofoam's residential insulation page states its products are designed and made in Canada.,Quebec (Saint-Ulric / Saint-Augustin-de-Desmaures per company site),Quebec-owned (Groupe Isolofoam); ownership not verified on fetched page,None stated on fetched official page,Replaces U.S.-origin polystyrene insulation boards (heading 39.21).,39.21,Designed and made in Canada,https://isolofoam.com/en/residential-insulation/,,2026-08-30,High,"Outils à main, quincaillerie et produits de construction",Isolant en mousse rigide,Panneaux isolants en PSE Isolofoam,"Panneaux isolants rigides pour les murs extérieurs, les toits et les fondations.",La page d’isolation résidentielle d’Isolofoam indique que ses produits sont conçus et fabriqués au Canada.,"Québec (Saint-Ulric et Saint-Augustin-de-Desmaures, selon le site de l’entreprise)",Propriété québécoise (Groupe Isolofoam); propriété non vérifiée sur la page consultée,Aucune précision sur la page officielle consultée,Remplace les panneaux isolants de polystyrène d’origine américaine (rubrique SH 39.21).
501,"Hand tools, hardware and building products",Stone wool insulation,ROCKWOOL Canada,ROCKWOOL Comfortbatt and Comfortboard stone wool insulation,"Fire-resistant stone wool batt and board insulation for walls, attics and exteriors.","ROCKWOOL's Milton page states its 750,000-square-foot Milton, Ontario manufacturing facility produces its insulation products for residential, commercial and roofing applications.","Milton, Ontario (also Grand Forks, British Columbia)",Subsidiary of ROCKWOOL A/S (Denmark),Parent company is Danish; only the Canadian plants' output is covered by this page.,Replaces U.S.-origin mineral wool insulation (heading 68.06).,68.06,"The Milton manufacturing facility produces our insulation products for residential, commercial, and roofing applications",https://www.rockwool.com/north-america/milton/,,2026-08-30,High,"Outils à main, quincaillerie et produits de construction",Isolant en laine de roche,Isolants en laine de roche Comfortbatt et Comfortboard de ROCKWOOL,"Isolants en matelas et en panneaux de laine de roche résistants au feu pour les murs, les combles et l’extérieur.","La page de Milton de ROCKWOOL indique que son usine de 750 000 pieds carrés à Milton, en Ontario, produit ses isolants pour les applications résidentielles, commerciales et de toiture.","Milton, Ontario (aussi Grand Forks, Colombie-Britannique)",Filiale de ROCKWOOL A/S (Danemark),La société mère est danoise; seule la production des usines canadiennes est visée par cette page.,Remplace les isolants en laine minérale d’origine américaine (rubrique SH 68.06).
502,"Hand tools, hardware and building products",Concrete hardscape products,Barkman Concrete,"Barkman pavers, slabs and retaining wall blocks","Concrete pavers, patio slabs and retaining walls for landscaping.","Barkman's own article states the company is Canadian-owned, made, and proud, operating from Steinbach, Manitoba with plants in Western Canada.","Steinbach, Manitoba (plants in Manitoba, Alberta and British Columbia)",100% Canadian-owned per fetched page,None stated on fetched official page,Replaces U.S.-origin articles of cement and concrete such as pavers and blocks (heading 68.10).,68.10,"At Barkman Concrete, we're Canadian-owned, made, and proud.",https://www.barkmanconcrete.com/blog/why-buying-canadian-owned-matters-hardscapes/,,2026-08-30,High,"Outils à main, quincaillerie et produits de construction",Produits d’aménagement paysager en béton,"Pavés, dalles et blocs de murs de soutènement Barkman","Pavés de béton, dalles de patio et murs de soutènement pour l’aménagement paysager.","Un article de Barkman indique que l’entreprise est de propriété canadienne, fabrique au Canada et en est fière, exerçant ses activités depuis Steinbach, au Manitoba, avec des usines dans l’Ouest canadien.","Steinbach, Manitoba (usines au Manitoba, en Alberta et en Colombie-Britannique)",Propriété canadienne à 100 % selon la page consultée,Aucune précision sur la page officielle consultée,"Remplace les ouvrages en ciment et en béton d’origine américaine, comme les pavés et les blocs (rubrique SH 68.10)."
503,"Hand tools, hardware and building products",Masonry and building stone,Arriscraft,Arriscraft Citadel and building stone products,Calcium silicate building stone and thin-clad masonry for exterior walls.,"Arriscraft's product page states the stone is manufactured in Cambridge, Ontario.","Cambridge, Ontario",Part of General Shale / Wienerberger group; ownership not verified on fetched page,None stated on fetched official page,Replaces U.S.-origin artificial stone and concrete masonry units (heading 68.10).,68.10,"Manufactured in Cambridge, Ontario",https://arriscraft.com/arriscraft-citadel-ontario/,,2026-08-30,High,"Outils à main, quincaillerie et produits de construction",Maçonnerie et pierre de construction,Pierre de construction Citadel et produits de maçonnerie Arriscraft,Pierre de construction en silicate de calcium et maçonnerie de placage mince pour les murs extérieurs.,"La page produit d’Arriscraft indique que la pierre est fabriquée à Cambridge, en Ontario.","Cambridge, Ontario",Fait partie du groupe General Shale / Wienerberger; propriété non vérifiée sur la page consultée,Aucune précision sur la page officielle consultée,Remplace la pierre artificielle et les blocs de maçonnerie en béton d’origine américaine (rubrique SH 68.10).
504,"Hand tools, hardware and building products",Concrete masonry and pavers,Permacon,"Permacon pavers, slabs, bricks and stones",Concrete masonry units and landscaping pavers for homes and commercial projects.,"Permacon's 'About' page states it has been Canada's largest manufacturer of concrete products for over 70 years and is committed to producing its products locally, with 8 plants in Quebec and Ontario.",Quebec and Ontario (8 plants),Part of Oldcastle/CRH group; ownership not verified on fetched page,None stated on fetched official page,Replaces U.S.-origin articles of cement and concrete (heading 68.10).,68.10,Permacon is committed to producing its products locally to better serve its customers and reduce its environmental footprint.,https://permacon.ca/en/about/,,2026-08-30,High,"Outils à main, quincaillerie et produits de construction",Maçonnerie de béton et pavés,"Pavés, dalles, briques et pierres Permacon",Blocs de maçonnerie en béton et pavés d’aménagement paysager pour les maisons et les projets commerciaux.,"La page « À propos » de Permacon indique qu’elle est le plus grand fabricant de produits de béton au Canada depuis plus de 70 ans et qu’elle s’engage à produire localement, avec 8 usines au Québec et en Ontario.",Québec et Ontario (8 usines),Fait partie du groupe Oldcastle/CRH; propriété non vérifiée sur la page consultée,Aucune précision sur la page officielle consultée,Remplace les ouvrages en ciment et en béton d’origine américaine (rubrique SH 68.10).
505,"Hand tools, hardware and building products",Concrete pavers and walls,Unilock,Unilock paving stones and retaining walls,"Interlocking concrete pavers and wall units for driveways, patios and landscapes.","Unilock's 2023 sustainability report states 99% of its products are crafted in Ontario, with Canadian manufacturing sites including Georgetown, Ontario.",Ontario (sites including Georgetown),"Unilock Group of Companies, operating in Canada and the United States",Report states 1% of products are made outside Ontario; the group also operates U.S. plants.,Replaces U.S.-origin concrete pavers and wall units (heading 68.10).,68.10,"The lions share of our products, 99%, are crafted in Ontario",https://commercial.unilock.com/wp-content/uploads/sites/3/2024/06/Unilock-Report-2023.pdf,,2026-08-30,High,"Outils à main, quincaillerie et produits de construction",Pavés et murs de béton,Pavés et murs de soutènement Unilock,"Pavés de béton autobloquants et blocs de mur pour les entrées, les patios et les aménagements paysagers.","Le rapport de durabilité 2023 d’Unilock indique que 99 % de ses produits sont fabriqués en Ontario, ses sites de fabrication canadiens comprenant Georgetown, en Ontario.",Ontario (sites dont Georgetown),"Groupe d’entreprises Unilock, actif au Canada et aux États-Unis",Le rapport indique que 1 % des produits est fabriqué à l’extérieur de l’Ontario; le groupe exploite aussi des usines américaines.,Remplace les pavés et blocs de mur en béton d’origine américaine (rubrique SH 68.10).
506,"Hand tools, hardware and building products",Vinyl windows,Vinylbilt Windows,Vinylbilt vinyl replacement windows,High-performance vinyl windows for residential replacement and new construction.,"Vinylbilt's 'About' page describes the company as one of the leading window manufacturers in Canada, manufacturing at its Ontario plant.","Concord, Ontario (per company site; city not stated on fetched page)",Ownership has changed over the years per fetched page; current owner not stated,Page does not include an explicit 'made in Canada' phrase.,Replaces U.S.-origin plastic windows and window frames (heading 39.25).,39.25,our strong reputation as one of the leading window manufacturers in Canada,https://www.vinylbilt.com/about/,,2026-08-30,Medium,"Outils à main, quincaillerie et produits de construction",Fenêtres de vinyle,Fenêtres de remplacement en vinyle Vinylbilt,Fenêtres de vinyle à haute performance pour le remplacement résidentiel et la construction neuve.,"La page « À propos » de Vinylbilt décrit l’entreprise comme l’un des principaux fabricants de fenêtres au Canada, qui fabrique à son usine ontarienne.","Concord, Ontario (selon le site de l’entreprise; ville non précisée sur la page consultée)",La propriété a changé au fil des ans selon la page consultée; le propriétaire actuel n’est pas précisé,La page ne comporte pas d’énoncé explicite « fabriqué au Canada ».,Remplace les fenêtres et cadres de fenêtres de plastique d’origine américaine (rubrique SH 39.25).
507,"Hand tools, hardware and building products",Hand tools and paint applicators,A. Richard Tools,"A. Richard drywall knives, trowels and paint applicators","Taping knives, trowels, paint brushes and rollers for renovation and painting work.","A. Richard's company pages state the Berthierville, Quebec company manufactures more than 1,200 products and aims to be the leading manufacturer and distributor in North America.","Berthierville, Quebec",Quebec family-owned since 1942; ownership not verified on fetched page,Fetched pages do not carry an explicit 'made in Canada' statement for every product line.,Replaces U.S.-origin hand tools (heading 82.05) and paint brushes/rollers (96.03).,82.05,"Today, the company manufactures more than 1.200 products, sold in 14 countries.",https://www.arichardcanada.com/about,https://www.arichardcanada.com/company-overview,2026-08-30,Medium,"Outils à main, quincaillerie et produits de construction",Outils à main et applicateurs de peinture,"Couteaux à cloison sèche, truelles et applicateurs de peinture A. Richard","Couteaux à joints, truelles, pinceaux et rouleaux pour les travaux de rénovation et de peinture.","Les pages de l’entreprise A. Richard indiquent que la société de Berthierville, au Québec, fabrique plus de 1 200 produits et souhaite être le principal fabricant et distributeur en Amérique du Nord.","Berthierville, Québec",Entreprise familiale québécoise depuis 1942; propriété non vérifiée sur la page consultée,Les pages consultées ne comportent pas d’énoncé explicite de fabrication au Canada pour chaque gamme de produits.,Remplace les outils à main (rubrique SH 82.05) et les pinceaux et rouleaux à peinture (96.03) d’origine américaine.
508,"Hand tools, hardware and building products",Outdoor power equipment attachments,Bercomac,"Bercomac snow blowers, blades and rotary brooms","Snow blowers, plow blades and brush attachments for tractors, ATVs and UTVs.","Bercomac's press page states the company has designed and manufactured attachments and equipment for tractors, ATVs and utility vehicles for 30 years from its Quebec operation.","Adstock, Quebec (per company site; city not stated on fetched page)",ownership not verified,Fetched page is in French and does not use an explicit 'made in Canada' phrase.,Replaces U.S.-origin snow-clearing and tractor attachment equipment (headings 84.30/84.32).,84.30,"Bercomac conçoit et fabrique des accessoires et équipements pour des tracteurs, des véhicules tout-terrain ou encore des véhicules utilitaires depuis maintenant 30 ans.",https://bercomac.com/on-parle-de,,2026-08-30,Medium,"Outils à main, quincaillerie et produits de construction",Accessoires pour équipement motorisé d’extérieur,"Souffleuses, lames et balais rotatifs Bercomac","Souffleuses à neige, lames de déneigement et balais pour tracteurs, VTT et véhicules utilitaires.","La page de presse de Bercomac indique que l’entreprise conçoit et fabrique depuis 30 ans des accessoires et des équipements pour tracteurs, VTT et véhicules utilitaires, depuis ses installations québécoises.","Adstock, Québec (selon le site de l’entreprise; ville non précisée sur la page consultée)",Propriété non vérifiée,La page consultée est en français et n’emploie pas explicitement l’expression « fabriqué au Canada ».,Remplace le matériel de déneigement et les accessoires pour tracteurs d’origine américaine (rubriques SH 84.30 et 84.32).
509,"Hand tools, hardware and building products",Masonry and building stone,Shouldice Designer Stone,Shouldice Stone architectural masonry units,Manufactured stone and masonry units for house and building exteriors.,"Shouldice's product catalogue states that architects, builders, masons and homeowners have relied on Canadian made Shouldice Stone for more than 75 years.","Shallow Lake, Ontario (per company site; city not stated in fetched excerpt)",Third-generation Shouldice family-owned per fetched catalogue,None stated on fetched official document,Replaces U.S.-origin artificial stone and concrete masonry products (heading 68.10).,68.10,"architects, builders, masons and homeowners have relied on Canadian made Shouldice Stone for durable, eye-catching results",https://shouldice.ca/userContent/documents/Shouldice-Stone-Catalogue-2023.pdf,https://shouldice.ca/company,2026-08-30,High,"Outils à main, quincaillerie et produits de construction",Maçonnerie et pierre de construction,Blocs de maçonnerie architecturale Shouldice Stone,Pierre manufacturée et blocs de maçonnerie pour les extérieurs de maisons et de bâtiments.,"Le catalogue de produits de Shouldice indique que les architectes, constructeurs, maçons et propriétaires font confiance à la pierre Shouldice fabriquée au Canada depuis plus de 75 ans.","Shallow Lake, Ontario (selon le site de l’entreprise; ville non précisée dans l’extrait consulté)","Propriété familiale des Shouldice, troisième génération, selon le catalogue consulté",Aucune précision dans le document officiel consulté,Remplace la pierre artificielle et les produits de maçonnerie en béton d’origine américaine (rubrique SH 68.10).
510,"Hand tools, hardware and building products",Mouldings and millwork,Metrie,Metrie MDF mouldings and Metrie Complete pre-finished millwork,"Interior baseboards, casings and crown mouldings for finishing rooms.","Metrie's manufacturing page states its MDF manufacturing facilities include plants in Toronto, Ontario and Calgary and Edmonton, Alberta.","Toronto, Ontario; Calgary and Edmonton, Alberta",ownership not verified,"Page also lists a Rocklin, California facility, so not all Metrie MDF millwork is Canadian-made.",Replaces U.S.-origin wood and fibreboard mouldings (headings 44.09/44.11).,44.11,"Our MDF manufacturing facilities in Toronto, ON, Calgary AB, Edmonton AB and Rocklin CA",https://www.metrie.com/manufacturing/mdf,,2026-08-30,High,"Outils à main, quincaillerie et produits de construction",Moulures et menuiserie architecturale,Moulures en MDF Metrie et menuiserie préfinie Metrie Complete,"Plinthes, cadrages et moulures couronnées intérieures pour la finition des pièces.","La page de fabrication de Metrie indique que ses usines de MDF comprennent des installations à Toronto, en Ontario, ainsi qu’à Calgary et à Edmonton, en Alberta.","Toronto, Ontario; Calgary et Edmonton, Alberta",Propriété non vérifiée,"La page mentionne aussi une usine à Rocklin, en Californie; toute la menuiserie en MDF de Metrie n’est donc pas fabriquée au Canada.",Remplace les moulures de bois et de panneaux de fibres d’origine américaine (rubriques SH 44.09 et 44.11).
511,"Hand tools, hardware and building products",Hardwood flooring,Mirage (Boa-Franc),Mirage prefinished hardwood flooring,Prefinished solid and engineered hardwood flooring for homes.,Mirage's own news release states its flooring is entirely designed and manufactured in Canada and that Boa-Franc continues to manufacture in its factories in Quebec.,"Saint-Georges, Quebec (Boa-Franc factories in Quebec)","Made by Boa-Franc, a Quebec company",None stated on fetched official page,Replaces U.S.-origin assembled wood flooring panels (heading 44.18).,44.18,"Boa-Franc continues to manufacture its products in its factories in Quebec, Canada",https://www.miragefloors.com/pro/en-ca/news/mirage-hardwood-flooring-entirely-designed-and-manufactured-in-north-america/,,2026-08-30,High,"Outils à main, quincaillerie et produits de construction",Planchers de bois franc,Planchers de bois franc préfinis Mirage,Planchers de bois franc massif et d’ingénierie préfinis pour les maisons.,Un communiqué de Mirage indique que ses planchers sont entièrement conçus et fabriqués au Canada et que Boa-Franc continue de fabriquer dans ses usines du Québec.,"Saint-Georges, Québec (usines de Boa-Franc au Québec)","Fabriqué par Boa-Franc, une entreprise québécoise",Aucune précision sur la page officielle consultée,Remplace les panneaux de plancher de bois assemblés d’origine américaine (rubrique SH 44.18).
512,"Hand tools, hardware and building products",Hardwood flooring,Preverco,Preverco hardwood and engineered flooring,Prefinished hardwood flooring for residential interiors.,Preverco's sustainability page states its hardwood floors are 100% made in Canada from 100% Canadian resources.,Quebec (Quebec City area per company site),ownership not verified,None stated on fetched official page,Replaces U.S.-origin assembled wood flooring panels (heading 44.18).,44.18,Our hardwood floors are 100% made in Canada from 100% Canadian resources.,https://preverco.com/en/creating-ambiance/sustainability/,,2026-08-30,High,"Outils à main, quincaillerie et produits de construction",Planchers de bois franc,Planchers de bois franc et d’ingénierie Preverco,Planchers de bois franc préfinis pour les intérieurs résidentiels.,La page de développement durable de Preverco indique que ses planchers de bois franc sont fabriqués à 100 % au Canada à partir de ressources canadiennes à 100 %.,Québec (région de Québec selon le site de l’entreprise),Propriété non vérifiée,Aucune précision sur la page officielle consultée,Remplace les panneaux de plancher de bois assemblés d’origine américaine (rubrique SH 44.18).
513,"Hand tools, hardware and building products",Cabinet and furniture hardware,Richelieu Hardware,Richelieu decorative and functional cabinet hardware,"Cabinet handles, hinges, drawer slides and related hardware for kitchens and furniture.","Richelieu's 2025 annual information form states the company is an importer, distributor and manufacturer with three manufacturing plants in Canada.",Canada (three plants; cities not stated in fetched excerpt),"Richelieu Hardware Ltd., publicly traded Canadian company (TSX: RCH)","Document states most products are sourced directly from manufacturers worldwide, so much of the catalogue is imported.",Replaces U.S.-origin base-metal mountings and fittings for furniture (heading 83.02).,83.02,"the United States, the www.richelieu.com website, and 3 manufacturing plants in Canada",https://www.richelieu.com/html/An/statique/infoFinanciere/fichier/Notice%20RCH-Anglais%202025.pdf,,2026-08-30,Medium,"Outils à main, quincaillerie et produits de construction",Quincaillerie d’armoires et de meubles,Quincaillerie décorative et fonctionnelle d’armoires Richelieu,"Poignées d’armoires, charnières, coulisses de tiroirs et quincaillerie connexe pour les cuisines et les meubles.","La notice annuelle 2025 de Richelieu indique que l’entreprise est un importateur, un distributeur et un fabricant comptant trois usines de fabrication au Canada.",Canada (trois usines; villes non précisées dans l’extrait consulté),"Quincaillerie Richelieu ltée, société canadienne cotée en bourse (TSX : RCH)",Le document indique que la plupart des produits proviennent directement de fabricants du monde entier; une grande partie du catalogue est donc importée.,Remplace les garnitures et ferrures en métal commun pour meubles d’origine américaine (rubrique SH 83.02).
514,"Hand tools, hardware and building products",Steel building components,Steelway Building Systems (ExSteel),ExSteel pre-engineered steel building components,"Pre-engineered steel framing, wall and roof components for commercial and agricultural buildings.",Steelway's ExSteel brochure describes ExSteel as a leading Canadian manufacturer of steel building components that designs and manufactures its products.,"Aylmer, Ontario (per company site; city not stated in fetched excerpt)",ownership not verified,None stated on fetched official document,Replaces U.S.-origin fabricated structural steel building components (heading 73.08).,73.08,"ExSteel, a leading Canadian manufacturer of steel building components, designs and manufactures",https://steelway.com/wp-content/uploads/ExSteel-Heritage-2023.pdf,https://steelway.com/contact-us/,2026-08-30,High,"Outils à main, quincaillerie et produits de construction",Composants de bâtiments en acier,Composants de bâtiments d’acier préfabriqués ExSteel,"Ossatures, murs et composants de toit en acier préfabriqués pour les bâtiments commerciaux et agricoles.",La brochure ExSteel de Steelway décrit ExSteel comme un important fabricant canadien de composants de bâtiments en acier qui conçoit et fabrique ses produits.,"Aylmer, Ontario (selon le site de l’entreprise; ville non précisée dans l’extrait consulté)",Propriété non vérifiée,Aucune précision dans le document officiel consulté,Remplace les composants de charpente en acier ouvré d’origine américaine (rubrique SH 73.08).
515,"Hand tools, hardware and building products",Door and cabinet hardware,Taymor,"Taymor door hardware, locksets and bath accessories","Interior and exterior door handles, locksets and bathroom accessories.",Taymor's 'About us' page states the company has been proudly Canadian-owned and operated for over 75 years.,"Canada (location not stated); head office in Delta, British Columbia per company site",Canadian-owned and operated per fetched page (founded 1948 by Jake Zalkowitz),Page states Canadian ownership and operation but makes no explicit claim that products are manufactured in Canada.,Replaces U.S.-origin base-metal locks and door mountings (headings 83.01/83.02).,83.01,Proudly Canadian-owned and operated for over 75 years,https://www.taymor.com/en-ca/about-us,,2026-08-30,Medium,"Outils à main, quincaillerie et produits de construction",Quincaillerie de portes et d’armoires,"Quincaillerie de portes, serrures et accessoires de salle de bain Taymor","Poignées de portes intérieures et extérieures, serrures et accessoires de salle de bain.",La page « À propos » de Taymor indique que l’entreprise est fièrement détenue et exploitée par des Canadiens depuis plus de 75 ans.,"Canada (emplacement non précisé); siège social à Delta, en Colombie-Britannique, selon le site de l’entreprise",Détenue et exploitée par des Canadiens selon la page consultée (fondée en 1948 par Jake Zalkowitz),"La page fait état de la propriété et de l’exploitation canadiennes, mais n’affirme pas explicitement que les produits sont fabriqués au Canada.",Remplace les serrures et garnitures de portes en métal commun d’origine américaine (rubriques SH 83.01 et 83.02).
516,"Steel, aluminum and fabricated metal goods",Steel pipe and tube (HSS),Atlas Tube,Atlas Tube hollow structural sections (HSS),"Square, rectangular and round steel tubing used in building frames and structures.","Atlas Tube's Environmental Product Declaration states the HSS it covers is produced by Atlas Tube at its production facility in Harrow, Ontario.","Harrow, Ontario",Part of Zekelman Industries; ownership not verified on fetched page,"EPD reflects an average annual steel supply mix, so input steel may be sourced from multiple mills.",Replaces U.S.-origin welded steel tubes and hollow profiles (heading 73.06).,73.06,"fabricated HSS produced by Atlas Tube at the production facility in Harrow, Ontario",https://www.atlastube.com/resource-library/environmental-product-declaration-harrow-on/,,2026-08-30,High,"Produits en acier, en aluminium et en métal ouvré",Tubes et tuyaux d’acier (profilés creux),Profilés creux de charpente (HSS) Atlas Tube,"Tubes d’acier carrés, rectangulaires et ronds utilisés dans les ossatures et les charpentes de bâtiments.","La déclaration environnementale de produit d’Atlas Tube indique que les profilés creux visés sont produits par Atlas Tube à son usine de Harrow, en Ontario.","Harrow, Ontario",Fait partie de Zekelman Industries; propriété non vérifiée sur la page consultée,La DEP reflète un approvisionnement annuel moyen en acier; l’acier d’entrée peut donc provenir de plusieurs aciéries.,Remplace les tubes et profilés creux d’acier soudés d’origine américaine (rubrique SH 73.06).
517,"Steel, aluminum and fabricated metal goods",Steel pipe and tube (HSS),Welded Tube of Canada,"Welded Tube HSS, mechanical ERW tube and OCTG","Structural tubing, mechanical tube and oil-country tubular goods for construction and energy.","Welded Tube's facilities page states its HSS facilities are located in Concord, Ontario, with mills, slitting and finishing on site.","Concord, Ontario (company also operates in Welland, Ontario)",ownership not verified,None stated on fetched official page,Replaces U.S.-origin welded steel tube and pipe (heading 73.06).,73.06,"Welded Tube's HSS facilities are located just north of Toronto in Concord, Ontario.",https://www.weldedtube.com/hollow-structural-sections/facilities/,https://www.weldedtube.com/,2026-08-30,High,"Produits en acier, en aluminium et en métal ouvré",Tubes et tuyaux d’acier (profilés creux),"Profilés creux, tubes mécaniques soudés (ERW) et tubes pour puits de pétrole Welded Tube","Tubes de charpente, tubes mécaniques et tubes pour puits de pétrole destinés à la construction et à l’énergie.","La page des installations de Welded Tube indique que ses installations de profilés creux se trouvent à Concord, en Ontario, avec laminoirs, refendage et finition sur place.","Concord, Ontario (l’entreprise exploite aussi des installations à Welland, en Ontario)",Propriété non vérifiée,Aucune précision sur la page officielle consultée,Remplace les tubes et tuyaux d’acier soudés d’origine américaine (rubrique SH 73.06).
518,"Steel, aluminum and fabricated metal goods",Steel bars and grinding rod,AltaSteel,AltaSteel 1090 grinding rod and special bar quality steel,"Steel bar and grinding rod used in mining mills, rebar and industrial applications.","AltaSteel's product specification sheet states the grade is produced in Edmonton, Alberta, Canada by AltaSteel.","Edmonton, Alberta",ownership not verified,None stated on fetched official document,Replaces U.S.-origin hot-rolled steel bars and rods (headings 72.13/72.14).,72.14,"produced in Edmonton, Alberta, Canada by AltaSteel.",https://www.altasteel.com/uploads/files/Documents/spec_sheets/AltaSteel%201090%20Grinding%20Rod%20Specification.pdf,,2026-08-30,High,"Produits en acier, en aluminium et en métal ouvré",Barres d’acier et barres de broyage,Barres de broyage 1090 et aciers de qualité spéciale AltaSteel,"Barres d’acier et barres de broyage utilisées dans les broyeurs miniers, l’armature et les applications industrielles.","La fiche technique du produit d’AltaSteel indique que la nuance est produite à Edmonton, en Alberta, au Canada, par AltaSteel.","Edmonton, Alberta",Propriété non vérifiée,Aucune précision dans le document officiel consulté,Remplace les barres et tiges d’acier laminées à chaud d’origine américaine (rubriques SH 72.13 et 72.14).
519,"Steel, aluminum and fabricated metal goods",Flat-rolled steel processing,Janco Steel,Janco stretcher-levelled steel sheet and plate,"Flat-rolled steel sheet and plate, cut, levelled and profiled for manufacturers.","Janco's 'About' page describes it as a family operated Canadian steel service center specializing in flat rolled steel products, processed at its own facility.","Canada (location not stated); Stoney Creek, Ontario per company site","Family operated, founded 1988 by Al and Janet Schutten",Company is a processor/service centre; input steel origin is not stated on the fetched page.,Replaces U.S.-origin flat-rolled steel sheet and plate (headings 72.08/72.10).,72.08,Janco Steel is a family operated Canadian steel service center specializing in flat rolled steel products.,https://www.jancosteel.com/about,,2026-08-30,Medium,"Produits en acier, en aluminium et en métal ouvré",Transformation de l’acier laminé plat,Tôles et plaques d’acier planées sous tension Janco,"Tôles et plaques d’acier laminé plat, coupées, planées et profilées pour les fabricants.","La page « À propos » de Janco la décrit comme un centre de service de l’acier canadien exploité par une famille et spécialisé dans les produits d’acier laminé plat, transformés à ses propres installations.","Canada (emplacement non précisé); Stoney Creek, Ontario, selon le site de l’entreprise","Exploitée par une famille, fondée en 1988 par Al et Janet Schutten",L’entreprise est un transformateur et un centre de service; l’origine de l’acier d’entrée n’est pas précisée sur la page consultée.,Remplace les tôles et plaques d’acier laminé plat d’origine américaine (rubriques SH 72.08 et 72.10).
520,"Steel, aluminum and fabricated metal goods",Metal processing and fabricated systems,"Samuel, Son & Co.",Samuel Automation custom systems and metal products,Processed metals and custom fabricated automation systems for industrial customers.,"Samuel's own news item describes hosting officials at its Waterloo, Ontario facility to discuss Canadian-made automation solutions, including custom systems and AMRs.","Waterloo, Ontario (one of many Samuel Canadian facilities)","Samuel, Son & Co., Limited, Canadian family-owned; ownership not verified on fetched page","Page addresses the Waterloo automation business specifically, not all Samuel product lines.",Replaces U.S.-origin fabricated steel articles and processed flat-rolled steel (headings 73.26/72.10).,73.26,"to our facility in Waterloo, ON to discuss Canadian-made automation solutions, including our custom systems and AMRs",https://www.samuel.com/en/news/2025/samuel-automation-welcomes-government-officials-shop-floor,,2026-08-30,High,"Produits en acier, en aluminium et en métal ouvré",Transformation des métaux et systèmes ouvrés,Systèmes sur mesure et produits métalliques Samuel Automation,Métaux transformés et systèmes d’automatisation sur mesure pour la clientèle industrielle.,"Une nouvelle publiée par Samuel décrit l’accueil de représentants gouvernementaux à ses installations de Waterloo, en Ontario, pour discuter de solutions d’automatisation fabriquées au Canada, dont des systèmes sur mesure et des robots mobiles autonomes.","Waterloo, Ontario (l’une des nombreuses installations canadiennes de Samuel)","Samuel, Son & Co., Limited, entreprise familiale canadienne; propriété non vérifiée sur la page consultée",La page porte précisément sur les activités d’automatisation de Waterloo et non sur toutes les gammes de produits de Samuel.,Remplace les ouvrages en acier et l’acier laminé plat transformé d’origine américaine (rubriques SH 73.26 et 72.10).
521,"Steel, aluminum and fabricated metal goods",Primary aluminum,Aluminerie Alouette,Alouette primary aluminum ingots and sows,"Primary aluminum ingots and sows used as raw material by extruders, rolling mills and foundries.","Alouette's official contact page identifies it as a primary aluminum producer of ingots and sows operating from its plant at Sept-Îles, Quebec, Canada.","Sept-Îles, Quebec","Consortium of five shareholders per fetched page: Rio Tinto 40%, AMAG Austria Metall 20%, Hydro Aluminium 20%, Marubeni 13.33%, Investissement Québec 6.67%",Page does not use an explicit 'made in Canada' phrase; sales are handled by the foreign and domestic shareholders.,Replaces U.S.-origin unwrought aluminum (heading 76.01).,76.01,Aluminerie Alouette is a primary aluminum producer of ingots and sows on behalf of a consortium of five shareholders,https://www.alouette.com/en/contact-us,,2026-08-30,Medium,"Produits en acier, en aluminium et en métal ouvré",Aluminium primaire,Lingots et gueuses d’aluminium primaire Alouette,"Lingots et gueuses d’aluminium primaire utilisés comme matière première par les extrudeurs, les laminoirs et les fonderies.","La page de contact officielle d’Alouette la présente comme un producteur d’aluminium primaire sous forme de lingots et de gueuses, exploitant son usine de Sept-Îles, au Québec, au Canada.","Sept-Îles, Québec","Consortium de cinq actionnaires selon la page consultée : Rio Tinto 40 %, AMAG Austria Metall 20 %, Hydro Aluminium 20 %, Marubeni 13,33 %, Investissement Québec 6,67 %",La page n’emploie pas explicitement l’expression « fabriqué au Canada »; les ventes sont assurées par les actionnaires étrangers et canadiens.,Remplace l’aluminium sous forme brute d’origine américaine (rubrique SH 76.01).
522,"Steel, aluminum and fabricated metal goods",Aluminum extrusions,Can Art Aluminum Extrusion,Can Art custom aluminum extruded profiles and anodized finishes,"Custom aluminum profiles for building products, transportation and industrial equipment.","Can Art's official brochure lists its extrusion plants and anodizing plant at Brampton, Windsor and Mississauga, Ontario, Canada, where dies, jigs and fixtures are designed and manufactured in-house.","Brampton, Windsor and Mississauga, Ontario",ownership not verified,Brochure does not use an explicit 'made in Canada' phrase.,"Replaces U.S.-origin aluminum bars, rods and profiles (heading 76.04).",76.04,"Extrusion Plant (Head Office) 85 Parkshore Drive Brampton, Ontario Canada",https://www.canart.com/public/frontend/pdf/canart-brochure.pdf,https://www.canart.com/contact-us,2026-08-30,Medium,"Produits en acier, en aluminium et en métal ouvré",Profilés d’aluminium extrudés,Profilés d’aluminium extrudés sur mesure et finis anodisés Can Art,"Profilés d’aluminium sur mesure pour les produits de construction, le transport et l’équipement industriel.","La brochure officielle de Can Art énumère ses usines d’extrusion et son usine d’anodisation à Brampton, Windsor et Mississauga, en Ontario, au Canada, où les matrices, gabarits et montages sont conçus et fabriqués à l’interne.","Brampton, Windsor et Mississauga, Ontario",Propriété non vérifiée,La brochure n’emploie pas explicitement l’expression « fabriqué au Canada ».,"Remplace les barres, tiges et profilés d’aluminium d’origine américaine (rubrique SH 76.04)."
523,"Steel, aluminum and fabricated metal goods",Aluminum extrusions,Extrudex Aluminum,Extrudex standard and custom aluminum extrusions,"Aluminum extruded shapes for construction, transportation and consumer products.","Extrudex's 'About' page states its head office and plant were established in Woodbridge, Ontario and that a manufacturing operation was purchased in St. Nicholas, Quebec, forming part of its three-plant manufacturing capability.","Woodbridge, Ontario and Saint-Nicolas, Quebec",ownership not verified,"One of the company's three plants is in North Jackson, Ohio, so not all output is Canadian.","Replaces U.S.-origin aluminum bars, rods and profiles (heading 76.04).",76.04,"A new head office and plant was established in Woodbridge, Ontario.",https://www.extrudex.com/about,,2026-08-30,Medium,"Produits en acier, en aluminium et en métal ouvré",Profilés d’aluminium extrudés,Extrusions d’aluminium standard et sur mesure Extrudex,"Formes d’aluminium extrudées pour la construction, le transport et les produits de consommation.","La page « À propos » d’Extrudex indique que son siège social et son usine ont été établis à Woodbridge, en Ontario, et qu’une installation de fabrication a été acquise à Saint-Nicolas, au Québec, ce qui fait partie de sa capacité de production en trois usines.","Woodbridge, Ontario et Saint-Nicolas, Québec",Propriété non vérifiée,"L’une des trois usines de l’entreprise se trouve à North Jackson, en Ohio; toute la production n’est donc pas canadienne.","Remplace les barres, tiges et profilés d’aluminium d’origine américaine (rubrique SH 76.04)."
524,"Steel, aluminum and fabricated metal goods",Aluminum extrusions,Spectra Aluminum Products,Spectra aluminum extrusions and fabricated components,"Custom aluminum extrusions and fabrication for building, industrial and OEM uses.","Spectra's 'About Us' page states it is a family-owned aluminum extrusion and manufacturing business located outside of Toronto, Canada.","Ontario, outside Toronto (Bradford per company site)",Family-owned and operated per fetched page,None stated on fetched official page,"Replaces U.S.-origin aluminum bars, rods and profiles (heading 76.04).",76.04,"aluminum extrusion and manufacturing business located outside of Toronto, Canada",https://spectraaluminum.com/about-us/,,2026-08-30,High,"Produits en acier, en aluminium et en métal ouvré",Profilés d’aluminium extrudés,Extrusions d’aluminium et composants ouvrés Spectra,"Extrusions d’aluminium sur mesure et transformation pour la construction, l’industrie et les équipementiers.","La page « À propos » de Spectra indique qu’il s’agit d’une entreprise familiale d’extrusion et de fabrication d’aluminium située en périphérie de Toronto, au Canada.","Ontario, en périphérie de Toronto (Bradford selon le site de l’entreprise)",Entreprise détenue et exploitée par une famille selon la page consultée,Aucune précision sur la page officielle consultée,"Remplace les barres, tiges et profilés d’aluminium d’origine américaine (rubrique SH 76.04)."
525,"Steel, aluminum and fabricated metal goods",Wire and cable,Nexans Canada,"Nexans building wire, distribution and transmission cable","Electrical wire and cable for homes, utilities, data centres and industry.","Nexans Canada's 'About Us' page includes a 'Made in Canada' section and states its products are made at facilities located in Quebec, Ontario and Saskatchewan.","Fergus, Ontario; Weyburn, Saskatchewan; Montreal, Quebec",Subsidiary of Nexans S.A. (France),Parent company is French; page describes the Canadian plants' output.,Replaces U.S.-origin insulated wire and cable (heading 85.44).,85.44,"our products are made at facilities located in Quebec, Ontario, and Saskatchewan.",https://www.nexans.ca/en/About-Us.html,,2026-08-30,High,"Produits en acier, en aluminium et en métal ouvré",Fils et câbles,Fils de bâtiment et câbles de distribution et de transport Nexans,"Fils et câbles électriques pour les maisons, les services publics, les centres de données et l’industrie.","La page « À propos » de Nexans Canada comprend une section « Fabriqué au Canada » et indique que ses produits sont fabriqués dans des installations situées au Québec, en Ontario et en Saskatchewan.","Fergus, Ontario; Weyburn, Saskatchewan; Montréal, Québec",Filiale de Nexans S.A. (France),La société mère est française; la page décrit la production des usines canadiennes.,Remplace les fils et câbles isolés d’origine américaine (rubrique SH 85.44).
526,"Steel, aluminum and fabricated metal goods",Structural steel fabrication,Walters Group,Walters fabricated structural steel packages,"Engineered and fabricated structural steel for towers, bridges and industrial buildings.","Walters Group's 'About Us' page states it is a family-owned steel construction company that designs, fabricates and constructs commercial and industrial projects, operating from Ontario.","Canada (location not stated on fetched page); Hamilton, Ontario per company materials",Family-owned since 1956; group includes U.S. subsidiary Dave Steel Company,"Group includes U.S. fabrication operations, so not all output is Canadian-fabricated.",Replaces U.S.-origin fabricated structural steel (heading 73.08).,73.08,"Walters Group is a family-owned steel construction company that designs, fabricates, and constructs commercial and industrial projects",https://www.waltersgroupinc.com/about-us/,,2026-08-30,Medium,"Produits en acier, en aluminium et en métal ouvré",Fabrication de charpentes d’acier,Ensembles de charpente d’acier ouvré Walters,"Charpentes d’acier conçues et fabriquées pour les tours, les ponts et les bâtiments industriels.","La page « À propos » du Groupe Walters indique qu’il s’agit d’une entreprise familiale de construction en acier qui conçoit, fabrique et construit des projets commerciaux et industriels depuis l’Ontario.","Canada (emplacement non précisé sur la page consultée); Hamilton, Ontario, selon la documentation de l’entreprise",Entreprise familiale depuis 1956; le groupe comprend la filiale américaine Dave Steel Company,Le groupe comprend des activités de fabrication aux États-Unis; toute la production n’est donc pas fabriquée au Canada.,Remplace les charpentes d’acier ouvré d’origine américaine (rubrique SH 73.08).
527,"Steel, aluminum and fabricated metal goods",Cold-formed steel building components,Canam,Canam cold-formed C-section purlins and girts,Cold-formed steel purlins and girts that frame roofs and walls of steel buildings.,"Canam's product page states the girts are manufactured in Canada at Boucherville, Quebec.","Boucherville, Quebec","Canam Group Inc., Quebec-based; also owns Supermetal",Canam also operates U.S. plants; this product page specifies Canadian manufacture.,Replaces U.S.-origin fabricated structural steel components (heading 73.08).,73.08,"Manufactured in Canada: Boucherville, Quebec",https://shop.canam.com/products/purlins-and-girts-c-section,https://www.canam.com/en/manufacturing-expertise/,2026-08-30,High,"Produits en acier, en aluminium et en métal ouvré",Composants de bâtiment en acier formé à froid,Pannes et lisses en C formées à froid Canam,Pannes et lisses d’acier formées à froid qui constituent l’ossature des toits et des murs des bâtiments d’acier.,"La page produit de Canam indique que les lisses sont fabriquées au Canada, à Boucherville, au Québec.","Boucherville, Québec","Groupe Canam inc., établi au Québec; détient aussi Supermetal",Canam exploite aussi des usines américaines; cette page produit précise toutefois une fabrication canadienne.,Remplace les composants de charpente en acier ouvré d’origine américaine (rubrique SH 73.08).
528,"Steel, aluminum and fabricated metal goods",Heavy steel fabrication (wind towers),Marmen,Marmen onshore wind towers and machined components,Large fabricated steel wind-turbine towers and precision machined industrial components.,"Marmen's wind tower page states it manufactures with plants in Trois-Rivières and Matane, Québec (alongside one U.S. plant), serving Canadian and U.S. markets.","Trois-Rivières and Matane, Quebec",Family-run Quebec company founded 1972 per company history page,"Company also operates a plant in Brandon, South Dakota, so not all towers are Canadian-made.",Replaces U.S.-origin fabricated structural steel towers and lattice masts (heading 73.08).,73.08,"With our plants in Trois-Rivières and Matane in Québec and Brandon in South Dakota in the United States, we serve the Canadian and US markets.",https://marmeninc.com/en/manufacturing-services/wind-tower-fabrication,https://marmeninc.com/en/about-us/our-plants,2026-08-30,High,"Produits en acier, en aluminium et en métal ouvré",Fabrication de pièces d’acier lourdes (tours éoliennes),Tours éoliennes terrestres et composants usinés Marmen,Grandes tours d’éoliennes en acier ouvré et composants industriels usinés de précision.,"La page des tours éoliennes de Marmen indique qu’elle fabrique dans ses usines de Trois-Rivières et de Matane, au Québec (en plus d’une usine américaine), desservant les marchés canadien et américain.","Trois-Rivières et Matane, Québec",Entreprise québécoise familiale fondée en 1972 selon la page d’historique de l’entreprise,"L’entreprise exploite aussi une usine à Brandon, au Dakota du Sud; toutes les tours ne sont donc pas fabriquées au Canada.",Remplace les tours et pylônes en acier ouvré d’origine américaine (rubrique SH 73.08).
529,"Steel, aluminum and fabricated metal goods",Structural steel fabrication,Ocean Steel (OSCO Construction Group),Ocean Steel fabricated structural steel and bridge steel,"Fabricated structural steel for buildings, bridges and industrial structures.","Ocean Steel's project page states it supplied 20 tons of structural steel fabricated at its Saint John, New Brunswick plant.","Saint John, New Brunswick","Part of OSCO Construction Group, founded in Saint John in 1955",None stated on fetched official page,Replaces U.S.-origin fabricated structural steel and bridge sections (heading 73.08).,73.08,"supplying 20 tons of structural steel fabricated at our Saint John, NB plant",https://oceansteel.com/project/hatchtown-bridge/,https://oceansteel.com/,2026-08-30,High,"Produits en acier, en aluminium et en métal ouvré",Fabrication de charpentes d’acier,Charpentes d’acier ouvré et acier de ponts Ocean Steel,"Charpentes d’acier ouvré pour les bâtiments, les ponts et les structures industrielles.","La page de projet d’Ocean Steel indique qu’elle a fourni 20 tonnes d’acier de charpente fabriquées à son usine de Saint John, au Nouveau-Brunswick.","Saint John, Nouveau-Brunswick","Fait partie du Groupe de construction OSCO, fondé à Saint John en 1955",Aucune précision sur la page officielle consultée,Remplace les charpentes d’acier ouvré et les sections de ponts d’origine américaine (rubrique SH 73.08).
530,"Steel, aluminum and fabricated metal goods",Structural steel fabrication,ADF Group,ADF fabricated structural steel and heavy built-up sections,"Complex fabricated structural steel for stadiums, towers, airports and industrial plants.","ADF's official plant page identifies its Terrebonne, Quebec, Canada fabrication plant with 10 production bays, robotic equipment and its own paint shop.","Terrebonne, Quebec","ADF Group Inc., publicly traded Quebec company; ownership not verified on fetched page",The Terrebonne plant serves both Canadian and U.S. markets; ADF also has U.S. operations.,Replaces U.S.-origin fabricated structural steel (heading 73.08).,73.08,Our Terrebonne facility serves a vast territory that extends from Northeastern Canada to the central and southeastern United States.,https://adfgroup.com/en/terrebonne-fabrication-plant/,,2026-08-30,High,"Produits en acier, en aluminium et en métal ouvré",Fabrication de charpentes d’acier,Charpentes d’acier ouvré et profilés lourds reconstitués ADF,"Charpentes d’acier ouvré complexes pour les stades, les tours, les aéroports et les usines.","La page officielle de l’usine d’ADF présente son usine de fabrication de Terrebonne, au Québec, au Canada, dotée de 10 baies de production, d’équipement robotisé et de son propre atelier de peinture.","Terrebonne, Québec","Groupe ADF inc., société québécoise cotée en bourse; propriété non vérifiée sur la page consultée",L’usine de Terrebonne dessert les marchés canadien et américain; ADF a aussi des activités aux États-Unis.,Remplace les charpentes d’acier ouvré d’origine américaine (rubrique SH 73.08).
531,"Steel, aluminum and fabricated metal goods","Steel bins, tanks and handling equipment",Meridian Manufacturing,"Meridian SmoothWall hopper bins, fuel tanks and augers","Steel storage bins, tanks and augers for farms and industrial bulk handling.","Meridian's official operator manual decal page shows 'MADE IN CANADA' with its Regina, Saskatchewan plant, and its 'Who We Are' page states it has production facilities in Canada and the United States.","Regina, Saskatchewan (plus other Canadian plants)","Division of WGI Westman Group Inc., headquartered in Winnipeg, Manitoba","Company also has U.S. production facilities, so individual products may be built in either country.","Replaces U.S.-origin steel tanks, bins and reservoirs (heading 73.09/73.10).",73.09,"MODEL#: 1650TL Regina, Saskatchewan (306) 545 - 4044 MADE IN CANADA",https://meridianmfg.com/Resource-Library/uploads/Meridian%20TL1346%20Auger%20OperatorManual%20130000013026-REV1.pdf,https://meridianmfg.com/about/who-we-are/,2026-08-30,High,"Produits en acier, en aluminium et en métal ouvré","Silos, réservoirs et équipement de manutention en acier","Silos-trémies SmoothWall, réservoirs à carburant et vis transporteuses Meridian","Silos de stockage, réservoirs et vis transporteuses en acier pour les fermes et la manutention industrielle de produits en vrac.","La page des autocollants du manuel d’utilisation officiel de Meridian affiche « MADE IN CANADA » avec son usine de Regina, en Saskatchewan, et sa page « Qui nous sommes » indique qu’elle possède des installations de production au Canada et aux États-Unis.","Regina, Saskatchewan (et autres usines canadiennes)","Division de WGI Westman Group Inc., dont le siège social est à Winnipeg, au Manitoba",L’entreprise possède aussi des installations de production aux États-Unis; certains produits peuvent donc être fabriqués dans l’un ou l’autre pays.,"Remplace les réservoirs, silos et cuves en acier d’origine américaine (rubriques SH 73.09 et 73.10)."
532,"Steel, aluminum and fabricated metal goods",Rebar fabrication,Salit Steel,Salit rebar fabrication and steel service centre products,Cut-and-bent reinforcing steel and general steel products for construction.,"Salit Steel's locations page states it supplies steel products from over 20 locations across Canada and in New York State, with rebar fabrication services at Canadian plants.","Multiple Canadian locations (Ontario, Saskatchewan, British Columbia, Quebec per fetched page)","Salit Steel group of companies (includes Ardel Steel, StelCrete); ownership not verified","Group includes a New York State location, and the page makes no explicit 'made in Canada' claim.",Replaces U.S.-origin reinforcing bars and fabricated rebar (headings 72.14/73.08).,72.14,"With over 20 locations across Canada and in New York State, we supply a wide range of steel products to our customers.",https://www.salitsteel.com/about/locations,https://www.salitsteel.com/about/company-overview,2026-08-30,Medium,"Produits en acier, en aluminium et en métal ouvré",Transformation d’armature,Armature façonnée et produits de centre de service de l’acier Salit,Acier d’armature coupé et plié et produits d’acier généraux pour la construction.,"La page des emplacements de Salit Steel indique qu’elle fournit des produits d’acier depuis plus de 20 emplacements partout au Canada et dans l’État de New York, avec des services de façonnage d’armature à ses usines canadiennes.","Plusieurs emplacements canadiens (Ontario, Saskatchewan, Colombie-Britannique et Québec selon la page consultée)",Groupe d’entreprises Salit Steel (comprend Ardel Steel et StelCrete); propriété non vérifiée,Le groupe compte un emplacement dans l’État de New York et la page ne comporte aucune affirmation explicite de fabrication au Canada.,Remplace les barres d’armature et l’armature façonnée d’origine américaine (rubriques SH 72.14 et 73.08).
533,"Steel, aluminum and fabricated metal goods",Steel fasteners,Infasco,Infasco threaded and forged steel fasteners,"Structural bolts, nuts and forged fasteners for construction and industry.","Infasco's 'About' page describes it as a North American manufacturer of threaded and forged steel fasteners whose steel is supplied by its Canadian sister company, Ivaco Rolling Mills.","Marieville, Quebec (per company site; city not stated on fetched page)","Owned by The Heico Companies, which also owns Ivaco Rolling Mills",Page says 'North American manufacturer' rather than explicitly stating manufacture in Canada.,"Replaces U.S.-origin iron or steel screws, bolts and nuts (heading 73.18).",73.18,"Our steel is supplied by our sister company, Ivaco Rolling Mills (IRM), also owned by The Heico Companies.",https://infasco.com/en/about/,,2026-08-30,Medium,"Produits en acier, en aluminium et en métal ouvré",Fixations en acier,Fixations d’acier filetées et forgées Infasco,"Boulons de charpente, écrous et fixations forgées pour la construction et l’industrie.","La page « À propos » d’Infasco la décrit comme un fabricant nord-américain de fixations d’acier filetées et forgées dont l’acier est fourni par son entreprise sœur canadienne, Ivaco Rolling Mills.","Marieville, Québec (selon le site de l’entreprise; ville non précisée sur la page consultée)","Propriété de The Heico Companies, qui détient aussi Ivaco Rolling Mills",La page parle d’un « fabricant nord-américain » plutôt que d’affirmer explicitement une fabrication au Canada.,"Remplace les vis, boulons et écrous de fer ou d’acier d’origine américaine (rubrique SH 73.18)."
534,"Steel, aluminum and fabricated metal goods",Seamless steel pipe (OCTG),Tenaris Algoma Tubes,Tenaris AlgomaTubes seamless casing and tubing with premium connections,Seamless steel pipe and premium connections for oil and gas wells.,"Tenaris's news release states its premium connections line at the AlgomaTubes mill in Sault Ste. Marie, Ontario is operational and is its hub for pipe manufacturing in Canada.","Sault Ste. Marie, Ontario","Owned by Tenaris (global steel pipe group, headquartered in Luxembourg)",Parent company is foreign-owned; the mill and finishing line are in Canada.,Replaces U.S.-origin seamless steel pipe and casing (heading 73.04).,73.04,"Tenaris's new premium connections line at its AlgomaTubes mill in Sault Ste. Marie, Ontario, is now operational",https://www.tenaris.com/en/news/2021/new-premium-line-adds-capacity-and-product-range-for-tenaris-in-canada,,2026-08-30,High,"Produits en acier, en aluminium et en métal ouvré",Tuyaux d’acier sans soudure (tubes pour puits),Tubages et tubes sans soudure à raccords haut de gamme Tenaris AlgomaTubes,Tuyaux d’acier sans soudure et raccords haut de gamme pour les puits de pétrole et de gaz.,"Le communiqué de Tenaris indique que sa ligne de raccords haut de gamme à l’usine AlgomaTubes de Sault Ste. Marie, en Ontario, est opérationnelle et constitue sa plaque tournante de fabrication de tuyaux au Canada.","Sault Ste. Marie, Ontario","Propriété de Tenaris (groupe mondial de tuyaux d’acier, siège social au Luxembourg)",La société mère est étrangère; l’usine et la ligne de finition se trouvent au Canada.,Remplace les tuyaux et tubages d’acier sans soudure d’origine américaine (rubrique SH 73.04).
535,"Steel, aluminum and fabricated metal goods",Primary aluminum,Alcoa Canada (Deschambault smelter),Alcoa T-ingot and standard ingot from the Deschambault smelter (ADQ),"Primary aluminum ingot supplied to foundries, extruders and rolling mills.","Alcoa's official Deschambault fact sheet states the Deschambault smelter began operations in 1992 and has annual capacity of 287,000 metric tons of T-ingot and standard ingot.","Deschambault, Quebec (Alcoa also operates Baie-Comeau and Bécancour, Quebec)",Subsidiary of Alcoa Corporation (United States),U.S.-headquartered parent; raw materials are received at the Port of Trois-Rivières per the fact sheet.,Replaces U.S.-origin unwrought aluminum ingot (heading 76.01).,76.01,"ADQ has an annual production capacity of 287,000 metric tons of T-ingot and standard ingot",https://www.alcoa.com/canada/fr/pdf/Fact-Sheet-Deschambault-English.pdf,,2026-08-30,High,"Produits en acier, en aluminium et en métal ouvré",Aluminium primaire,Lingots en T et lingots standard d’Alcoa de l’aluminerie de Deschambault (ADQ),"Lingots d’aluminium primaire fournis aux fonderies, aux extrudeurs et aux laminoirs.",La fiche d’information officielle d’Alcoa sur Deschambault indique que l’aluminerie a démarré ses activités en 1992 et possède une capacité annuelle de 287 000 tonnes métriques de lingots en T et de lingots standard.,"Deschambault, Québec (Alcoa exploite aussi Baie-Comeau et Bécancour, au Québec)",Filiale d’Alcoa Corporation (États-Unis),La société mère a son siège social aux États-Unis; les matières premières arrivent au port de Trois-Rivières selon la fiche d’information.,Remplace les lingots d’aluminium sous forme brute d’origine américaine (rubrique SH 76.01).
536,"Steel, aluminum and fabricated metal goods",Custom steel fabrication,MacDonald Steel,MacDonald Steel custom steel fabrications and weldments,"Custom fabricated steel chassis, tanks, cabs and machine components for equipment makers.","MacDonald Steel's 'About' page states the company is located in Cambridge, Ontario, where its modern facilities provide over 200,000 square feet of manufacturing space.","Cambridge, Ontario",Established 1957; ownership not verified on fetched page,None stated on fetched official page,Replaces U.S.-origin other articles of iron or steel and fabricated structures (headings 73.26/73.08).,73.26,"Located in Cambridge, Ontario, our modern facilities provide over 200,000 square feet of manufacturing space",https://macdonaldsteel.com/about/,,2026-08-30,High,"Produits en acier, en aluminium et en métal ouvré",Fabrication d’acier sur mesure,Pièces d’acier et assemblages soudés sur mesure MacDonald Steel,"Châssis, réservoirs, cabines et composants de machines en acier fabriqués sur mesure pour les fabricants d’équipement.","La page « À propos » de MacDonald Steel indique que l’entreprise est située à Cambridge, en Ontario, où ses installations modernes offrent plus de 200 000 pieds carrés d’espace de fabrication.","Cambridge, Ontario",Fondée en 1957; propriété non vérifiée sur la page consultée,Aucune précision sur la page officielle consultée,Remplace les autres ouvrages en fer ou en acier et les constructions ouvrées d’origine américaine (rubriques SH 73.26 et 73.08).
537,"Steel, aluminum and fabricated metal goods",Heavy plate fabrication,Cambridge Pro Fab,"Cambridge Pro Fab steel ducting, stacks and SCR modules","Fabricated heavy steel ducting, silencers and stacks for power generation plants.","Cambridge Pro Fab's project page states a baghouse project was fabricated by CPF in Ontario, Canada and shipped in panelized form to site.","Brantford, Ontario (250,000 sq ft plant per company facilities page)",ownership not verified,None stated on fetched official page,Replaces U.S.-origin fabricated steel structures and plate work (heading 73.08).,73.08,"The baghouse project shown for Southern Company, was fabricated by CPF in Ontario, Canada",https://cambridgeprofab.com/fabrication/coal-fabrication-projects,http://www.cambridgeprofab.com/about/our-facilities,2026-08-30,High,"Produits en acier, en aluminium et en métal ouvré",Fabrication de tôles fortes,"Conduits, cheminées et modules SCR en acier Cambridge Pro Fab","Conduits, silencieux et cheminées en acier lourd fabriqués pour les centrales électriques.","La page de projet de Cambridge Pro Fab indique qu’un projet de dépoussiéreur à manches a été fabriqué par CPF en Ontario, au Canada, et expédié en panneaux vers le chantier.","Brantford, Ontario (usine de 250 000 pi² selon la page des installations de l’entreprise)",Propriété non vérifiée,Aucune précision sur la page officielle consultée,Remplace les constructions et ouvrages en tôle d’acier d’origine américaine (rubrique SH 73.08).
538,"Steel, aluminum and fabricated metal goods",Steel plate rolling and forming,Hodgson Custom Rolling,"Hodgson steel plate rolling, brake forming and structural rolling services","Rolled and formed heavy steel plate components such as cylinders, cones and curved sections.","Hodgson's Ontario page states it is the premier steel plate rolling, brake forming and structural steel rolling company in Ontario, producing components at its Ontario works.","Kingsville, Ontario (per company site; city not stated on fetched page)",ownership not verified,Page makes no explicit 'made in Canada' statement and serves customers across North America.,Replaces U.S.-origin fabricated steel plate articles (headings 73.26/73.08).,73.26,"Hodgson Custom Rolling is the premier steel plate rolling, brake forming and structural steel rolling company in Ontario.",https://www.hcrsteel.com/ontario-steel-rolling-brake-forming/,,2026-08-30,Medium,"Produits en acier, en aluminium et en métal ouvré",Cintrage et formage de tôles d’acier,"Services de cintrage de tôles, de pliage à la presse et de cintrage de profilés Hodgson","Composants de tôle forte cintrés et formés, comme des cylindres, des cônes et des sections courbées.","La page ontarienne de Hodgson indique qu’elle est la principale entreprise de cintrage de tôles, de pliage à la presse et de cintrage de profilés d’acier en Ontario, produisant ses composants à ses ateliers ontariens.","Kingsville, Ontario (selon le site de l’entreprise; ville non précisée sur la page consultée)",Propriété non vérifiée,La page ne comporte pas d’énoncé explicite de fabrication au Canada et l’entreprise dessert des clients partout en Amérique du Nord.,Remplace les ouvrages en tôle d’acier d’origine américaine (rubriques SH 73.26 et 73.08).
539,"Steel, aluminum and fabricated metal goods","Wire rope, slings and rigging",Unirope,Unirope UNI-WEB web slings and wire rope rigging products,"Lifting slings and wire rope rigging assemblies for construction, marine and industrial lifting.","Unirope's official sling guideline document states all slings are made and tested in Canada by Unirope, with test beds in Mississauga and Montreal.","Mississauga, Ontario (head office and plant) and Montreal, Quebec",Originally incorporated as WDI Wire Rope of Canada Limited; current ownership not verified,Company both manufactures and distributes; some catalogue products are third-party brands.,"Replaces U.S.-origin stranded steel wire, ropes and slings (heading 73.12).",73.12,All slings made & tested in Canada by UNIROPE®,https://www.unirope.com/wp-content/themes/unirope/pdfs/Web-Sling-Recommended-Operating-and-Inspection-Guideline.pdf,https://www.unirope.com/about-us/,2026-08-30,High,"Produits en acier, en aluminium et en métal ouvré","Câbles d’acier, élingues et gréement",Élingues en sangle UNI-WEB et produits de gréement en câble d’acier Unirope,"Élingues de levage et assemblages de gréement en câble d’acier pour le levage en construction, en milieu maritime et en industrie.","Le document officiel de directives sur les élingues d’Unirope indique que toutes les élingues sont fabriquées et éprouvées au Canada par Unirope, avec des bancs d’essai à Mississauga et à Montréal.","Mississauga, Ontario (siège social et usine) et Montréal, Québec",Constituée à l’origine sous le nom de WDI Wire Rope of Canada Limited; propriété actuelle non vérifiée,L’entreprise fabrique et distribue à la fois; certains produits du catalogue sont des marques de tiers.,"Remplace les torons, câbles et élingues d’acier d’origine américaine (rubrique SH 73.12)."
540,"Steel, aluminum and fabricated metal goods",Pre-engineered metal buildings,Robertson Building Systems,Robertson pre-engineered metal building systems,"Engineered steel building frames, roofs and wall systems for commercial and industrial buildings.","Robertson's article states the company was founded in 1863 in Hamilton, Ontario and operates a fully staffed Canadian office in Brantford, Ontario, positioning itself as the trusted Canadian expert in metal building solutions.","Hamilton and Brantford, Ontario",ownership not verified,Page emphasises Canadian operations and expertise but does not explicitly state all components are made in Canada.,Replaces U.S.-origin prefabricated steel building structures (headings 73.08/94.06).,73.08,"With over 150 years of experience, a fully staffed Canadian office in Brantford, Ontario",https://www.robertsonbuildings.com/blogpost/why-canadian-builders-trust-robertson-building-systems-for-high-performance-metal-building-solutions/,https://www.robertsonbuildings.com/industries-served/,2026-08-30,Medium,"Produits en acier, en aluminium et en métal ouvré",Bâtiments métalliques préfabriqués,Systèmes de bâtiments métalliques préfabriqués Robertson,"Ossatures, toits et systèmes de murs en acier conçus pour les bâtiments commerciaux et industriels.","Un article de Robertson indique que l’entreprise a été fondée en 1863 à Hamilton, en Ontario, et exploite un bureau canadien à effectif complet à Brantford, en Ontario, se positionnant comme l’expert canadien de confiance en solutions de bâtiments métalliques.","Hamilton et Brantford, Ontario",Propriété non vérifiée,"La page met l’accent sur les activités et l’expertise canadiennes, mais n’affirme pas explicitement que tous les composants sont fabriqués au Canada.",Remplace les constructions préfabriquées en acier d’origine américaine (rubriques SH 73.08 et 94.06).
541,"Electronics, audio and electrical equipment",Speakers,Gershman Acoustics,Studio II / Grande Avant Garde loudspeakers,Home hi-fi floorstanding and bookshelf loudspeakers for music listening,Company states its loudspeakers are 'Hand Crafted in Canada',Canada (location not stated),Canadian-owned (family-run Toronto-area loudspeaker maker; ownership not stated on fetched page),None stated on fetched official page,"Substitute for US-made home audio loudspeakers (e.g. Klipsch, JBL, Bose) under Canada's counter-tariff line for machinery/electronics; audio equipment falls in the 25% electronics/machinery band",85.18,Hand Crafted in Canada,https://gershmanacoustics.com/,,2026-08-30,High,"Électronique, audio et matériel électrique",Haut-parleurs,Haut-parleurs Studio II / Grande Avant Garde,Haut-parleurs haute-fidélité sur pied et d’étagère pour l’écoute de musique à la maison,L’entreprise affirme que ses haut-parleurs sont « fabriqués à la main au Canada »,Canada (emplacement non précisé),Propriété canadienne (fabricant familial de haut-parleurs de la région de Toronto; propriété non précisée sur la page consultée),Aucune précision sur la page officielle consultée,"Substitut aux haut-parleurs audio domestiques fabriqués aux États-Unis (p. ex. Klipsch, JBL, Bose) visés par la ligne de contre-tarif canadienne pour la machinerie et l’électronique; le matériel audio se situe dans la tranche de 25 % visant l’électronique et la machinerie"
542,"Electronics, audio and electrical equipment",Speakers (electrostatic),Muraudio,PX1 / SP1 omnidirectional electrostatic hybrid loudspeakers,High-end home loudspeakers combining electrostatic panels with dynamic woofers,"Company states every loudspeaker leaves its factory in Ottawa, Canada","Ottawa, Ontario",Canadian-owned (Ottawa-based; founders Murray Harman and Rob Runolfson),None stated on fetched official page,Substitute for US-origin high-end loudspeakers (e.g. Martin Logan electrostatics); electronics/machinery counter-tariff band (25%),85.18,"Every design making it to production, and every loudspeaker leaving the factory in Ottawa, Canada, must meet this non-negotiable criterium.",https://www.muraudio.com/,https://www.soundstageglobal.com/index.php/blogging-on-audio/232-roger-kanno/874-a-visit-with-muraudios-murray-harman-and-rob-runolfson,2026-08-30,High,"Électronique, audio et matériel électrique",Haut-parleurs (électrostatiques),Haut-parleurs hybrides électrostatiques omnidirectionnels PX1 / SP1,Haut-parleurs domestiques haut de gamme combinant des panneaux électrostatiques et des haut-parleurs de graves dynamiques,"L’entreprise affirme que chaque haut-parleur sort de son usine d’Ottawa, au Canada","Ottawa, Ontario",Propriété canadienne (établie à Ottawa; fondateurs Murray Harman et Rob Runolfson),Aucune précision sur la page officielle consultée,Substitut aux haut-parleurs haut de gamme d’origine américaine (p. ex. les électrostatiques Martin Logan); tranche de contre-tarif de 25 % visant l’électronique et la machinerie
543,"Electronics, audio and electrical equipment",Speakers and audio electronics,Tri-Art Audio,"B-Series open speakers, turntables and amplifiers","Bamboo-bodied hi-fi speakers, turntables, amplifiers and racks for home listening","Company states it designs, manufactures and assembles its products in Kingston, Ontario","Kingston, Ontario","Canadian-owned (founded by Steve Ginsberg, Kingston ON)",None stated on fetched official page,"Substitute for US-origin hi-fi speakers, turntables and integrated amplifiers; electronics/machinery counter-tariff band (25%)",85.18,"We are a company that designs, manufactures and assembles our products in Kingston on the North shore of Lake Ontario in Canada.",https://www.triartaudio.com/about,,2026-08-30,High,"Électronique, audio et matériel électrique",Haut-parleurs et électronique audio,"Haut-parleurs ouverts, tourne-disques et amplificateurs de la série B","Haut-parleurs haute-fidélité à caisson de bambou, tourne-disques, amplificateurs et supports pour l’écoute à la maison","L’entreprise affirme concevoir, fabriquer et assembler ses produits à Kingston, en Ontario","Kingston, Ontario","Propriété canadienne (fondée par Steve Ginsberg, Kingston, Ontario)",Aucune précision sur la page officielle consultée,"Substitut aux haut-parleurs, tourne-disques et amplificateurs intégrés haute-fidélité d’origine américaine; tranche de contre-tarif de 25 % visant l’électronique et la machinerie"
544,"Electronics, audio and electrical equipment",Guitar effects pedals,Fairfield Circuitry,"Shallow Water, The Barbershop, Randy's Revenge pedals",Boutique guitar and bass effects pedals for musicians,"Company states all manufacturing is done in Hull, Quebec","Hull (Gatineau), Quebec",Canadian-owned (independent Quebec pedal builder),None stated on fetched official page,"Substitute for US-made effects pedals (e.g. Boss US lines, Strymon, EarthQuaker Devices); electronics/machinery counter-tariff band (25%)",85.43,"All manufacturing is done in Hull, Québec, where music, and the eccentric flourish amidst a backdrop of civil servitude, with Canada's Capital, Ottawa, just across the river.",https://fairfieldcircuitry.com/pages/about,,2026-08-30,High,"Électronique, audio et matériel électrique",Pédales d’effets pour guitare,"Pédales Shallow Water, The Barbershop et Randy’s Revenge",Pédales d’effets artisanales pour guitare et basse destinées aux musiciens,"L’entreprise affirme que toute la fabrication est effectuée à Hull, au Québec","Hull (Gatineau), Québec",Propriété canadienne (fabricant québécois indépendant de pédales),Aucune précision sur la page officielle consultée,"Substitut aux pédales d’effets fabriquées aux États-Unis (p. ex. gammes américaines de Boss, Strymon, EarthQuaker Devices); tranche de contre-tarif de 25 % visant l’électronique et la machinerie"
545,"Electronics, audio and electrical equipment",Guitar effects pedals,SolidGoldFX,"Beta, Imperial, Electroman pedals","Hand-built guitar effects pedals (overdrive, fuzz, modulation, delay)",Company markets itself as 'Canadian-made Guitar Pedals & Effects since 2006' built by hand in Montreal,"Montreal, Quebec",Canadian-owned (Montreal; also operates the Diamond Pedals brand),None stated on fetched official page,Substitute for US-made boutique guitar pedals; electronics/machinery counter-tariff band (25%),85.43,Canadian-made Guitar Pedals & Effects since 2006.,https://solidgoldfx.com/pages/about-us,,2026-08-30,High,"Électronique, audio et matériel électrique",Pédales d’effets pour guitare,"Pédales Beta, Imperial et Electroman","Pédales d’effets pour guitare fabriquées à la main (saturation, fuzz, modulation, délai)","L’entreprise se présente comme un fabricant de « pédales et effets pour guitare de fabrication canadienne depuis 2006 », assemblés à la main à Montréal","Montréal, Québec",Propriété canadienne (Montréal; exploite aussi la marque Diamond Pedals),Aucune précision sur la page officielle consultée,Substitut aux pédales de guitare artisanales fabriquées aux États-Unis; tranche de contre-tarif de 25 % visant l’électronique et la machinerie
546,"Electronics, audio and electrical equipment",Guitar effects pedals,Diamond Pedals,"Memory Lane delay, Comp/EQ, Tremolo","Studio-grade guitar effects pedals (analog delay, compression, tremolo)",Company describes its pedals as 'Canadian-made' since 2004,"Canada (location not stated; brand originated in Halifax, now produced with SolidGoldFX in Montreal)",Canadian-owned (relaunched under Montreal-based SolidGoldFX),None stated on fetched official page,Substitute for US-made analog delay/compression pedals; electronics/machinery counter-tariff band (25%),85.43,"Since beginning in 2004, Diamond's Canadian-made pedals have become a globally renowned staple on many pedalboards",https://www.diamondpedals.com/en-ca/pages/legacy,https://solidgoldfx.com/pages/diamond-pedals-solidgoldfx,2026-08-30,High,"Électronique, audio et matériel électrique",Pédales d’effets pour guitare,"Délai Memory Lane, Comp/EQ et Tremolo","Pédales d’effets pour guitare de qualité studio (délai analogique, compression, trémolo)",L’entreprise décrit ses pédales comme étant « de fabrication canadienne » depuis 2004,Canada (emplacement non précisé; la marque est née à Halifax et est maintenant produite avec SolidGoldFX à Montréal),"Propriété canadienne (relancée sous l’égide de SolidGoldFX, de Montréal)",Aucune précision sur la page officielle consultée,Substitut aux pédales de délai analogique et de compression fabriquées aux États-Unis; tranche de contre-tarif de 25 % visant l’électronique et la machinerie
547,"Electronics, audio and electrical equipment",Guitar effects pedals,Dr. Scientist,"The Elements, Heisenberg, Phreak pedals",Boutique guitar effects pedals built in British Columbia,"Company states its pedals are hand-made in the Okanagan Valley of British Columbia, Canada","Okanagan Valley, British Columbia",Canadian-owned (owner/builder Ryan Clarke),None stated on fetched official page,Substitute for US-made boutique effects pedals; electronics/machinery counter-tariff band (25%),85.43,"Dr. Scientist boutique guitar pedals are hand-made in the Okanagan Valley of Beautiful British Columbia, Canada.",https://www.drscientist.ca/about/,,2026-08-30,High,"Électronique, audio et matériel électrique",Pédales d’effets pour guitare,"Pédales The Elements, Heisenberg et Phreak",Pédales d’effets artisanales pour guitare fabriquées en Colombie-Britannique,"L’entreprise affirme que ses pédales sont fabriquées à la main dans la vallée de l’Okanagan, en Colombie-Britannique, au Canada","Vallée de l’Okanagan, Colombie-Britannique",Propriété canadienne (propriétaire et artisan Ryan Clarke),Aucune précision sur la page officielle consultée,Substitut aux pédales d’effets artisanales fabriquées aux États-Unis; tranche de contre-tarif de 25 % visant l’électronique et la machinerie
548,"Electronics, audio and electrical equipment",Audio processors / effects,Empress Effects,"ZOIA, Echosystem, Reverb",Digital and analog guitar effects processors and modular pedal platforms,"Industry retailer page states every Empress processor is designed and assembled by a team in Ottawa, Canada","Ottawa, Ontario",Canadian-owned (Ottawa-based),None stated on fetched source page; no official Empress page with an explicit claim was retrievable,"Substitute for US-made digital effects processors (e.g. Strymon, Line 6); electronics/machinery counter-tariff band (25%)",85.43,"Every Empress Effects processor is designed and assembled with pride by a small, elite team in Ottawa, Canada.",https://www.sweetwater.com/store/manufacturer/Empress_Effects,https://www.musicstore.com/en_OT/EUR/Empress-Effects-Heavy/art-GIT0044399-000,2026-08-30,Medium,"Électronique, audio et matériel électrique",Processeurs et effets audio,"ZOIA, Echosystem et Reverb",Processeurs d’effets pour guitare numériques et analogiques et plateformes de pédales modulaires,"La page d’un détaillant du secteur indique que chaque processeur Empress est conçu et assemblé par une équipe d’Ottawa, au Canada","Ottawa, Ontario",Propriété canadienne (établie à Ottawa),Aucune précision sur la page source consultée; aucune page officielle d’Empress comportant une affirmation explicite n’a pu être récupérée,"Substitut aux processeurs d’effets numériques fabriqués aux États-Unis (p. ex. Strymon, Line 6); tranche de contre-tarif de 25 % visant l’électronique et la machinerie"
549,"Electronics, audio and electrical equipment",Electrical boxes and fittings,ABB Installation Products Canada (Iberville brand),"IBERVILLE electrical boxes, Marrette connectors, Star Teck cable fittings","Steel and PVC electrical boxes, wire connectors and cable fittings used in house and building wiring",ABB states its Canadian brands including IBERVILLE and Marrette are still manufactured or assembled locally in its seven Canadian plants,"Saint-Jean-sur-Richelieu, Iberville, Saint-Remi, Pointe-Claire and Dorval (QC) and Edmonton (AB)","Foreign-owned subsidiary with Canadian manufacturing (ABB Ltd., Switzerland; division formerly Thomas & Betts)",Page does not state component origins for all lines; only that brands are 'manufactured or assembled locally',"Substitute for US-origin electrical boxes, connectors and fittings; steel-based electrical products fall in the 25% machinery/electrical band and steel-content lines can attract the 50% steel/aluminum rate",85.36,"Many of our most well-known brands, including IBERVILLE, Marrette, Microlectric, and Star Teck, are products that started in Canada and are still manufactured or assembled locally to meet Canadian standards.",https://tnb.ca.abb.com/en/madeincanada/,https://library.e.abb.com/public/276bdd91b9964712b1d6b4ce9dae098d/9AKK108473A0073_en_A_Fact%20Sheet%20St%20Jean%20sur%20Richelieu.pdf,2026-08-30,High,"Électronique, audio et matériel électrique",Boîtes et raccords électriques,"Boîtes électriques IBERVILLE, connecteurs Marrette, raccords de câble Star Teck","Boîtes électriques d’acier et de PVC, connecteurs de fils et raccords de câbles utilisés dans le câblage des maisons et des bâtiments","ABB affirme que ses marques canadiennes, dont IBERVILLE et Marrette, sont toujours fabriquées ou assemblées localement dans ses sept usines canadiennes","Saint-Jean-sur-Richelieu, Iberville, Saint-Rémi, Pointe-Claire et Dorval (Québec) et Edmonton (Alberta)","Filiale étrangère avec fabrication canadienne (ABB Ltd., Suisse; division anciennement Thomas & Betts)",La page ne précise pas l’origine des composants pour toutes les gammes; elle indique seulement que les marques sont « fabriquées ou assemblées localement »,"Substitut aux boîtes, connecteurs et raccords électriques d’origine américaine; les produits électriques à base d’acier se situent dans la tranche de 25 % visant la machinerie et l’électricité, et les gammes à contenu d’acier peuvent être visées par le taux de 50 % sur l’acier et l’aluminium"
550,"Electronics, audio and electrical equipment",Lithium batteries / energy storage,Electrovaya,Infinity lithium-ion battery systems,"Lithium-ion battery systems for forklifts, industrial vehicles and stationary storage",Company states its Mississauga site assembles low-voltage battery systems and is its primary engineering centre,"Mississauga, Ontario (plus Jamestown, NY gigafactory)","Canadian-owned (TSX/Nasdaq-listed, headquartered in Mississauga)","Page notes only low-voltage battery systems are assembled in Mississauga; cell production capacity is in Jamestown, New York",Substitute for US-origin industrial lithium battery packs; machinery/electrical counter-tariff band (25%),85.07,"Electrovaya's 65,000-sq-ft Mississauga headquarters serves as the company's primary engineering and development center, advancing Infinity technology and assembling low-voltage battery systems for global industrial customers.",https://electrovaya.com/our-facilities/,,2026-08-30,Medium,"Électronique, audio et matériel électrique",Piles au lithium et stockage d’énergie,Systèmes de batteries lithium-ion Infinity,"Systèmes de batteries lithium-ion pour chariots élévateurs, véhicules industriels et stockage stationnaire",L’entreprise affirme que son site de Mississauga assemble des systèmes de batteries à basse tension et constitue son principal centre d’ingénierie,"Mississauga, Ontario (ainsi qu’une gigafactory à Jamestown, dans l’État de New York)","Propriété canadienne (cotée à la TSX et au Nasdaq, siège social à Mississauga)","La page précise que seuls les systèmes de batteries à basse tension sont assemblés à Mississauga; la capacité de production de cellules se trouve à Jamestown, dans l’État de New York",Substitut aux blocs-batteries au lithium industriels d’origine américaine; tranche de contre-tarif de 25 % visant la machinerie et l’électricité
551,"Electronics, audio and electrical equipment",Deep-cycle batteries,Surrette Battery Company (Rolls Battery),"Rolls deep-cycle flooded, AGM and LiFePO4 batteries","Deep-cycle batteries for off-grid solar, RV, marine and backup power","Company states it is Canada's only remaining independent battery manufacturer, producing in Springhill, Nova Scotia","Springhill, Nova Scotia","Canadian-owned (independent, family-held since 1935)",None stated on fetched official page,"Substitute for US-made deep-cycle batteries (e.g. Trojan, US Battery); machinery/electrical counter-tariff band (25%)",85.07,"Established in 1935, Surrette Battery Company Ltd. is proud to be one of North America's leading lead-acid battery producers and Canada's only remaining independent battery manufacturer.",https://www.rollsbattery.com/,https://investnovascotia.ca/news-and-stories/spotlight-surrette-battery-company,2026-08-30,High,"Électronique, audio et matériel électrique",Batteries à décharge profonde,"Batteries Rolls à décharge profonde : à électrolyte liquide, AGM et LiFePO4","Batteries à décharge profonde pour le solaire hors réseau, les véhicules récréatifs, le nautisme et l’alimentation de secours","L’entreprise affirme être le seul fabricant de batteries indépendant qui subsiste au Canada, produisant à Springhill, en Nouvelle-Écosse","Springhill, Nouvelle-Écosse",Propriété canadienne (entreprise indépendante et familiale depuis 1935),Aucune précision sur la page officielle consultée,"Substitut aux batteries à décharge profonde fabriquées aux États-Unis (p. ex. Trojan, US Battery); tranche de contre-tarif de 25 % visant la machinerie et l’électricité"
552,"Electronics, audio and electrical equipment",Broadcast video equipment,Evertz Microsystems,"DreamCatcher, EXE routers, SDVN broadcast infrastructure","Broadcast and live-production video routing, playout and IP infrastructure equipment","Company states it operates major manufacturing facilities in Burlington, Ontario","Burlington, Ontario (plus US sites)","Canadian-owned (TSX-listed, headquartered in Burlington)","Company also lists US manufacturing facilities in Indiana, Pennsylvania and Arizona","Substitute for US-origin broadcast/AV hardware (e.g. Grass Valley US lines, Blackmagic US assembly); machinery/electronics band (25%)",85.25,"The company operates major manufacturing facilities in Burlington, Ontario, Canada, as well as Indiana, Pennsylvania, and Chandler, Arizona, USA.",https://evertz.com/contact/about/,,2026-08-30,High,"Électronique, audio et matériel électrique",Équipement vidéo de diffusion,"DreamCatcher, routeurs EXE et infrastructure de diffusion SDVN","Équipement d’acheminement vidéo, de diffusion et d’infrastructure IP pour la diffusion et la production en direct","L’entreprise affirme exploiter d’importantes installations de fabrication à Burlington, en Ontario","Burlington, Ontario (ainsi que des sites américains)","Propriété canadienne (cotée à la TSX, siège social à Burlington)","L’entreprise énumère aussi des installations de fabrication américaines en Indiana, en Pennsylvanie et en Arizona","Substitut au matériel de diffusion et audiovisuel d’origine américaine (p. ex. gammes américaines de Grass Valley, assemblage américain de Blackmagic); tranche de 25 % visant la machinerie et l’électronique"
553,"Electronics, audio and electrical equipment",Printed circuit boards,Firan Technology Group (FTG Circuits),FTG Circuits rigid printed circuit boards,"High-reliability printed circuit boards for aerospace, defence and industrial electronics",Company's locations page states its Toronto site produces high-quality rigid printed circuit boards,"Toronto, Ontario",Canadian-owned (TSX-listed Firan Technology Group Corporation),Company also operates US and China facilities; the Toronto description does not address material origins,Substitute for US-origin printed circuit boards used in electronics assembly; machinery/electronics band (25%),85.34,"This site produces high-quality rigid printed circuit boards with an emphasis on higher-layer products, RF, advanced materials, and HDI technology.",https://www.ftgcorp.com/locations/,,2026-08-30,Medium,"Électronique, audio et matériel électrique",Circuits imprimés,Circuits imprimés rigides FTG Circuits,"Circuits imprimés de haute fiabilité pour l’aérospatiale, la défense et l’électronique industrielle",La page des emplacements de l’entreprise indique que son site de Toronto produit des circuits imprimés rigides de haute qualité,"Toronto, Ontario","Propriété canadienne (Firan Technology Group Corporation, cotée à la TSX)",L’entreprise exploite aussi des installations aux États-Unis et en Chine; la description de Toronto ne traite pas de l’origine des matériaux,Substitut aux circuits imprimés d’origine américaine utilisés dans l’assemblage électronique; tranche de 25 % visant la machinerie et l’électronique
554,"Electronics, audio and electrical equipment",Radiant floor heating,Flextherm (Stelpro Group),Flextherm heating cable and Flexdeco floor heating systems,Electric radiant floor heating cable and membranes for tile and flooring,"Acquisition release quotes Stelpro and Flextherm's shared value of 'manufacturing in Quebec', with Flextherm operating a 50,000 sq ft Longueuil plant","Longueuil, Quebec",Canadian-owned (acquired by the family-owned Quebec Stelpro Group),None stated on fetched source page,"Substitute for US-origin electric floor-heating systems (e.g. WarmlyYours, SunTouch); electrical band (25%)",85.16,"manufacturing in Quebec, continuous innovation and high quality and service standards",https://www.newswire.ca/news-releases/stelpro-group-acquires-floor-heating-system-manufacturer-flextherm-884028174.html,,2026-08-30,Medium,"Électronique, audio et matériel électrique",Plancher chauffant radiant,Câble chauffant Flextherm et systèmes de plancher chauffant Flexdeco,Câble chauffant radiant électrique et membranes pour la céramique et les revêtements de sol,"Le communiqué d’acquisition cite la valeur commune de Stelpro et de Flextherm, soit « fabriquer au Québec », Flextherm exploitant une usine de 50 000 pi² à Longueuil","Longueuil, Québec","Propriété canadienne (acquise par le Groupe Stelpro, entreprise familiale québécoise)",Aucune précision sur la page source consultée,"Substitut aux systèmes de plancher chauffant électrique d’origine américaine (p. ex. WarmlyYours, SunTouch); tranche de 25 % visant l’électricité"
555,"Electronics, audio and electrical equipment",Power transformers,Northern Transformer Corporation,Liquid-filled power transformers up to 240 kV class,Medium and high-voltage power transformers for utilities and industry,"Company states it was established in Concord, Ontario to manufacture liquid-filled transformers and is now Canadian-owned","Maple / Concord, Ontario",Canadian-owned (purchased in 2012 by Canadian entrepreneur Giovanni Marcelli),None stated on fetched official page,Substitute for US-origin power transformers; electrical machinery band (25%) with steel/aluminum content exposed to the 50% metals rate,85.04,"Northern Transformer was established in 1981 in Concord, Ontario to manufacture liquid-filled transformers.",https://www.northerntransformer.com/about-us,https://trilliummfg.ca/profile/northern-transformer/,2026-08-30,High,"Électronique, audio et matériel électrique",Transformateurs de puissance,Transformateurs de puissance immergés dans l’huile jusqu’à la classe 240 kV,Transformateurs de puissance à moyenne et à haute tension pour les services publics et l’industrie,"L’entreprise affirme avoir été établie à Concord, en Ontario, pour fabriquer des transformateurs immergés dans l’huile et être aujourd’hui de propriété canadienne","Maple / Concord, Ontario",Propriété canadienne (achetée en 2012 par l’entrepreneur canadien Giovanni Marcelli),Aucune précision sur la page officielle consultée,"Substitut aux transformateurs de puissance d’origine américaine; tranche de 25 % visant les machines électriques, le contenu d’acier et d’aluminium étant exposé au taux de 50 % sur les métaux"
556,"Electronics, audio and electrical equipment",Switchgear,S&C Electric Canada,"Vista underground distribution switchgear, high-voltage switches and fuses","Utility-grade switchgear, fuses and grid automation equipment","Industry profile states S&C Electric Canada, based in Toronto, manufactures high-voltage switch, fuse, automation and protection products","Toronto, Ontario","Foreign-owned subsidiary with Canadian manufacturing (wholly-owned subsidiary of S&C Electric Company, Chicago)",No component-origin statement on fetched page,"Substitute for US-origin switchgear and protection equipment; electrical machinery band (25%), metal enclosures exposed to 50% steel/aluminum rate",85.37,"S&C Electric Canada Ltd., a wholly-owned subsidiary based in Toronto, manufactures high-voltage switch, fuse, automation and protection products",https://manufacturing-today.com/news/sac-electric-canada-ltd/,,2026-08-30,Medium,"Électronique, audio et matériel électrique",Appareillage de commutation,"Appareillage de commutation souterrain Vista, interrupteurs à haute tension et fusibles","Appareillage de commutation, fusibles et équipement d’automatisation de réseau de qualité pour les services publics","Un profil sectoriel indique que S&C Electric Canada, établie à Toronto, fabrique des interrupteurs à haute tension, des fusibles et des produits d’automatisation et de protection","Toronto, Ontario","Filiale étrangère avec fabrication canadienne (filiale en propriété exclusive de S&C Electric Company, Chicago)",Aucun énoncé sur l’origine des composants sur la page consultée,"Substitut à l’appareillage de commutation et à l’équipement de protection d’origine américaine; tranche de 25 % visant les machines électriques, les enveloppes métalliques étant exposées au taux de 50 % sur l’acier et l’aluminium"
557,"Electronics, audio and electrical equipment",Solar modules,Heliene,Heliene 72M and 144HC bifacial solar modules,"Photovoltaic solar panels for rooftop, commercial and utility installations",Company states it has produced 'Canadian made solar modules' at its Sault Ste. Marie plant since 2010 and is a Canadian held private company,"Sault Ste. Marie, Ontario (plus Mountain Iron, Minnesota)","Canadian-owned ('a Canadian held private company founded in 2009 in Sault Ste Marie, Ontario')",Company states it 'will continue to rely on foreign sourcing for some key components until a complete globally competitive local supply network is established for raw material.',"Substitute for US-made solar modules (e.g. First Solar, Qcells USA); machinery/electrical band (25%), aluminum frame content exposed to 50% metals rate",85.41,"Since starting its initial module manufacturing line in Sault Ste Marie in 2010 with an annual capacity of 35MW of Canadian made solar modules, Heliene has since expanded",https://heliene.com/wp-content/uploads/Heliene-Inc-Modern-Slavery-Statement-2023.pdf,https://heliene.com/wp-content/uploads/Modern-Slavery-Statement-2025-Signed.pdf,2026-08-30,High,"Électronique, audio et matériel électrique",Modules solaires,Modules solaires bifaciaux Heliene 72M et 144HC,"Panneaux solaires photovoltaïques pour les installations sur toiture, commerciales et de services publics",L’entreprise affirme produire des « modules solaires de fabrication canadienne » à son usine de Sault Ste. Marie depuis 2010 et être une société privée à capitaux canadiens,"Sault Ste. Marie, Ontario (ainsi que Mountain Iron, au Minnesota)","Propriété canadienne (« une société privée à capitaux canadiens fondée en 2009 à Sault Ste. Marie, en Ontario »)",L’entreprise indique qu’elle « continuera de s’approvisionner à l’étranger pour certains composants clés jusqu’à ce qu’un réseau d’approvisionnement local pleinement concurrentiel à l’échelle mondiale soit établi pour les matières premières ».,"Substitut aux modules solaires fabriqués aux États-Unis (p. ex. First Solar, Qcells USA); tranche de 25 % visant la machinerie et l’électricité, le contenu de cadres d’aluminium étant exposé au taux de 50 % sur les métaux"
558,"Electronics, audio and electrical equipment",Building-integrated solar,Mitrex,"Solar Brick, solar cladding, solar glass and railings","Building-integrated photovoltaic facade, roof and railing products that generate electricity",Company announcement states its new Toronto factory allows 100 per cent of Mitrex products to be made in Canada,"Toronto, Ontario",Canadian-owned (Toronto-based; ownership not stated on fetched page),None stated on fetched source page,Substitute for US-origin solar cladding and PV panels; machinery/electrical band (25%) plus aluminum/glass content exposed to metals rates,85.41,The new factory will allow for 100 per cent of Mitrex products to be made in Canada.,https://www.newswire.ca/news-releases/mitrex-launches-operations-of-new-factory-in-canada-marking-world-s-largest-building-with-its-patented-bipv-system-800000738.html,https://www.canadianmanufacturing.com/manufacturing/mitrex-launches-solar-brick-to-create-buildings-that-emit-solar-power-279367/,2026-08-30,High,"Électronique, audio et matériel électrique",Solaire intégré au bâtiment,"Solar Brick, revêtements solaires, verre solaire et garde-corps","Produits photovoltaïques intégrés au bâtiment (façades, toits et garde-corps) qui produisent de l’électricité",Une annonce de l’entreprise indique que sa nouvelle usine de Toronto permet de fabriquer 100 % des produits Mitrex au Canada,"Toronto, Ontario",Propriété canadienne (établie à Toronto; propriété non précisée sur la page consultée),Aucune précision sur la page source consultée,"Substitut aux revêtements solaires et panneaux photovoltaïques d’origine américaine; tranche de 25 % visant la machinerie et l’électricité, en plus du contenu d’aluminium et de verre exposé aux taux sur les métaux"
559,"Electronics, audio and electrical equipment",Infrared cameras,Telops,"Hyper-Cam hyperspectral imagers, FAST high-speed infrared cameras","High-speed and hyperspectral infrared cameras for research, industry and defence",Corporate page states the Quebec City company designs and manufactures advanced optical/infrared solutions,"Quebec City, Quebec","Foreign-owned subsidiary with Canadian manufacturing ('Telops, part of Exosens', France)",None stated on fetched source page,Substitute for US-origin thermal/infrared imaging equipment (e.g. FLIR/Teledyne US lines); machinery/electronics band (25%),90.27,"Located in Quebec City, Canada, the company designs and manufactures advanced solutions while also offering R&D services for optical systems technology development",https://www.exosens.com/companies/Exosens-Canada,,2026-08-30,Medium,"Électronique, audio et matériel électrique",Caméras infrarouges,"Imageurs hyperspectraux Hyper-Cam, caméras infrarouges haute vitesse FAST","Caméras infrarouges haute vitesse et hyperspectrales pour la recherche, l’industrie et la défense",La page d’entreprise indique que la société de Québec conçoit et fabrique des solutions optiques et infrarouges de pointe,"Québec, Québec","Filiale étrangère avec fabrication canadienne (« Telops, une division d’Exosens », France)",Aucune précision sur la page source consultée,Substitut au matériel d’imagerie thermique et infrarouge d’origine américaine (p. ex. gammes américaines de FLIR/Teledyne); tranche de 25 % visant la machinerie et l’électronique
560,"Electronics, audio and electrical equipment",Broadcast transmitters,Nautel,"NV, GV and VS series AM/FM radio transmitters",Solid-state AM and FM radio broadcast transmitters for radio stations,"Reference source states Nautel is the only Canadian manufacturer of broadcast transmitters, based in Nova Scotia","Hackett's Cove, Nova Scotia (per company location; not stated on fetched page)",Canadian-owned (privately held Nova Scotia company; US subsidiary Nautel Maine Inc.),"Company operates a wholly owned US subsidiary in Bangor, Maine, so not all output is Canadian",Substitute for US-origin broadcast transmitter equipment; machinery/electronics band (25%),85.25,"With the July 10, 2014 shutdown of Larcan, Nautel is the only Canadian manufacturer of broadcast transmitters.",https://en.wikipedia.org/wiki/Nautel,,2026-08-30,Low,"Électronique, audio et matériel électrique",Émetteurs de radiodiffusion,"Émetteurs radio AM/FM des séries NV, GV et VS",Émetteurs de radiodiffusion AM et FM à semi-conducteurs pour les stations de radio,"Une source de référence indique que Nautel est le seul fabricant canadien d’émetteurs de radiodiffusion, établi en Nouvelle-Écosse","Hackett’s Cove, Nouvelle-Écosse (selon l’emplacement de l’entreprise; non précisé sur la page consultée)",Propriété canadienne (société privée de la Nouvelle-Écosse; filiale américaine Nautel Maine Inc.),"L’entreprise exploite une filiale américaine en propriété exclusive à Bangor, dans le Maine; toute la production n’est donc pas canadienne",Substitut aux émetteurs de radiodiffusion d’origine américaine; tranche de 25 % visant la machinerie et l’électronique
561,"Sports, outdoor, recreation and toys",Canoes/Kayaks,Abitibi & Co.,"Chibougamau, Mistassini and Waswanipi canoes",Lightweight composite canoes for wilderness tripping and lake paddling,Company states it manufactures its boats in northern Quebec and partners with Canadian suppliers,Northern Quebec,Canadian-owned (Quebec-based; ownership not stated on fetched page),None stated on fetched official page,"Substitute for US-made canoes/kayaks (e.g. Wenonah, Old Town); sports/recreation counter-tariff band (25%)",89.03,We not only manufacture our boats in northern Quebec but also partner with Canadian suppliers.,https://abitibico.ca/en/pages/a-propos,https://www.mec.ca/en/products/brands/abitibi-co,2026-08-30,High,"Sports, plein air, loisirs et jouets",Canots et kayaks,"Canots Chibougamau, Mistassini et Waswanipi",Canots légers en composite pour les expéditions en nature et le canotage sur lac,L’entreprise affirme fabriquer ses embarcations dans le nord du Québec et travailler avec des fournisseurs canadiens,Nord du Québec,Propriété canadienne (établie au Québec; propriété non précisée sur la page consultée),Aucune précision sur la page officielle consultée,"Substitut aux canots et kayaks fabriqués aux États-Unis (p. ex. Wenonah, Old Town); tranche de contre-tarif de 25 % visant les sports et les loisirs"
562,"Sports, outdoor, recreation and toys",Canoes,Esquif Canoes,"Prospecteur 16/17, Cargo (T-Formex hulls)",Whitewater and tripping canoes built from Canadian-made T-Formex sheet,"Industry and retailer sources state Esquif's T-Formex canoes are made in Frampton, Quebec","Frampton, Quebec",Canadian-owned (Quebec canoe builder that revived Royalex as T-Formex),Claim taken from retailer/industry pages; Esquif's own manufacturing page did not carry an explicit made-in-Canada sentence when fetched,"Substitute for US-origin canoes (Old Town, Mad River); sports/recreation counter-tariff band (25%)",89.03,"T-Formex is completely Canadian, made in Frampton, Quebec.",https://ebsadventure.com/blogs/ebs-adventure-blog/esquifs-t-formex-the-new-royalex,https://www.oldcreel.com/collections/esquif-canoes-made-in-frampton-quebec/hunting-fishing-canoe,2026-08-30,Medium,"Sports, plein air, loisirs et jouets",Canots,Prospecteur 16/17 et Cargo (coques en T-Formex),Canots d’eau vive et d’expédition fabriqués à partir de feuilles de T-Formex de fabrication canadienne,"Des sources sectorielles et de détaillants indiquent que les canots en T-Formex d’Esquif sont fabriqués à Frampton, au Québec","Frampton, Québec",Propriété canadienne (fabricant québécois de canots qui a relancé le Royalex sous le nom de T-Formex),L’affirmation provient de pages de détaillants et du secteur; la page de fabrication d’Esquif ne comportait pas d’énoncé explicite de fabrication au Canada au moment de la consultation,"Substitut aux canots d’origine américaine (Old Town, Mad River); tranche de contre-tarif de 25 % visant les sports et les loisirs"
563,"Sports, outdoor, recreation and toys",Canoes,H2O Canoe Company,"Heritage Series, Solo Series and marathon racing canoes","Handcrafted composite tripping, pack and racing canoes","Directory listings state all H2O canoes are handcrafted in Canada, in Tavistock, Ontario","Tavistock, Ontario",Canadian-owned (family owned company),Claim sourced from Canadian-manufacturer directories rather than an explicit statement on the company site,Substitute for US-origin canoes; sports/recreation counter-tariff band (25%),89.03,All of the canoes at H2O Canoe Company are handcrafted in Canada.,https://madeincanadadirectory.ca/item/h2o-canoe-company/,https://madeinca.ca/canoes-h2o-canoe-company/,2026-08-30,Medium,"Sports, plein air, loisirs et jouets",Canots,Séries Heritage et Solo et canots de course de marathon,"Canots en composite fabriqués à la main pour l’expédition, le portage et la course","Des répertoires indiquent que tous les canots H2O sont fabriqués à la main au Canada, à Tavistock, en Ontario","Tavistock, Ontario",Propriété canadienne (entreprise familiale),L’affirmation provient de répertoires de fabricants canadiens plutôt que d’un énoncé explicite sur le site de l’entreprise,Substitut aux canots d’origine américaine; tranche de contre-tarif de 25 % visant les sports et les loisirs
564,"Sports, outdoor, recreation and toys",Canoe paddles,Badger Paddles,"Badger Classic Collection: La Bonga, Tripper, BadgerTail",Solid-wood canoe paddles for tripping and recreational paddling,"Company labels its paddles 'MADE IN CANADA' and states they are made to order in Muskoka, Ontario","Muskoka, Ontario","Canadian-owned (husband-and-wife business, Mike and Fiona)",None stated on fetched official page,Substitute for US-made paddles (e.g. Bending Branches); wood products / sports-recreation counter-tariff bands (25%),95.06,"Badger Paddles creates made-to-order premium solid wood canoe paddles in Muskoka, ON.",https://badgerpaddles.com/about-badger-canoe-paddles/,https://badgerpaddles.com/,2026-08-30,High,"Sports, plein air, loisirs et jouets",Pagaies de canot,"Collection Badger Classic : La Bonga, Tripper, BadgerTail",Pagaies de canot en bois massif pour l’expédition et le canotage récréatif,"L’entreprise étiquette ses pagaies « MADE IN CANADA » et indique qu’elles sont fabriquées sur commande en Muskoka, en Ontario","Muskoka, Ontario","Propriété canadienne (entreprise d’un couple, Mike et Fiona)",Aucune précision sur la page officielle consultée,Substitut aux pagaies fabriquées aux États-Unis (p. ex. Bending Branches); tranches de contre-tarif de 25 % visant les produits du bois et les sports et loisirs
565,"Sports, outdoor, recreation and toys",Backcountry ski equipment,G3 Genuine Guide Gear,"Alpinist+ and Expedition climbing skins, splitboard skins",Climbing skins and touring hardware for backcountry skiing and splitboarding,"Product pages state G3 skins are 'proudly designed, tested and manufactured in BC, Canada'; a company representative confirmed all skins are manufactured in North Vancouver","North Vancouver, British Columbia",Canadian-owned (Vancouver-based G3 Genuine Guide Gear Inc.),"Company rep states plush fabric, glue and tip/tail connectors come from suppliers worldwide and skin bags are made in China",Substitute for US-origin climbing skins and ski touring gear; sports/recreation counter-tariff band (25%),95.06,"Proudly designed, tested and manufactured in BC, Canada.",https://www.evo.com/en-ca/outlet/climbing-skins/g3-alpinist-universal,https://splitboard.com/talk/topic/choosing-the-right-climbing-skins/,2026-08-30,Medium,"Sports, plein air, loisirs et jouets",Équipement de ski hors piste,Peaux d’ascension Alpinist+ et Expedition et peaux pour planches divisibles,Peaux d’ascension et quincaillerie de randonnée pour le ski hors piste et la planche divisible,"Les pages produits indiquent que les peaux G3 sont « fièrement conçues, testées et fabriquées en Colombie-Britannique, au Canada »; un représentant de l’entreprise a confirmé que toutes les peaux sont fabriquées à North Vancouver","North Vancouver, Colombie-Britannique","Propriété canadienne (G3 Genuine Guide Gear Inc., établie à Vancouver)","Le représentant de l’entreprise indique que le tissu peluché, la colle et les attaches de pointe et de talon proviennent de fournisseurs du monde entier et que les sacs à peaux sont fabriqués en Chine",Substitut aux peaux d’ascension et à l’équipement de ski de randonnée d’origine américaine; tranche de contre-tarif de 25 % visant les sports et les loisirs
566,"Sports, outdoor, recreation and toys",Mountain bike frames,Chromag Bikes,"Primer, Doctahawk, Surface Voyager steel frames",Hardtail mountain bike frames for trail and freeride use,"Company's 'Handmade in Canada' collection states all Canadian-made frames are built in Squamish, Vancouver or Nanaimo, BC","Squamish, Vancouver and Nanaimo, British Columbia","Canadian-owned (Whistler, BC based)",Only the frames in this collection are Canadian-made; other Chromag products are produced overseas,Substitute for US-made steel/aluminum bicycle frames; bicycles fall in the sports/recreation band (25%) with steel content exposed to the 50% metals rate,87.14,"This collection of frames are painstaking put together in either Squamish by Mike Trulove, Vancouver by Chris Dekerf, or Nanaimo by Brad Howlett.",https://chromagbikes.com/collections/made-in-canada,https://cn.chromagbikes.com/pages/about-us,2026-08-30,High,"Sports, plein air, loisirs et jouets",Cadres de vélo de montagne,"Cadres en acier Primer, Doctahawk et Surface Voyager",Cadres de vélo de montagne rigides à l’arrière pour le sentier et le freeride,"La collection « Handmade in Canada » de l’entreprise indique que tous les cadres de fabrication canadienne sont assemblés à Squamish, à Vancouver ou à Nanaimo, en Colombie-Britannique","Squamish, Vancouver et Nanaimo, Colombie-Britannique","Propriété canadienne (établie à Whistler, en Colombie-Britannique)",Seuls les cadres de cette collection sont de fabrication canadienne; les autres produits Chromag sont fabriqués à l’étranger,"Substitut aux cadres de vélo en acier ou en aluminium fabriqués aux États-Unis; les vélos se situent dans la tranche visant les sports et les loisirs (25 %), le contenu d’acier étant exposé au taux de 50 % sur les métaux"
567,"Sports, outdoor, recreation and toys",Goalie equipment,Brian's Custom Sports,"G-Netik V and Heritage Air Pac goalie pads, gloves and blockers","Ice hockey goaltender leg pads, catch gloves and blockers","Industry retail news states Brian's goalie equipment is custom handcrafted in Canada, with the Heritage series handcrafted in Kingsville, Ontario","Kingsville, Ontario",Canadian-owned (Ontario goalie equipment maker),Claim taken from retailer/industry pages; company site did not carry an explicit statement when fetched,"Substitute for US-origin hockey protective gear (e.g. Vaughn, Warrior US lines); sports/recreation counter-tariff band (25%)",95.06,"The new Brian's Heritage series is handcrafted in Kingsville, Ontario, Canada and features the original and incredibly popular vintage Air Pac design.",https://www.sportsetc.net/news/recent-news/introducing-the-brians-heritage-air-pac-series,https://www.prohockeylife.com/products/brians-gnetik-v-senior-goalie-pads,2026-08-30,Medium,"Sports, plein air, loisirs et jouets",Équipement de gardien de but,"Jambières, mitaines et bloqueurs de gardien G-Netik V et Heritage Air Pac","Jambières, mitaines de réception et bloqueurs pour gardiens de but au hockey sur glace","Des nouvelles du commerce de détail sectoriel indiquent que l’équipement de gardien Brian’s est fabriqué à la main sur mesure au Canada, la série Heritage étant fabriquée à la main à Kingsville, en Ontario","Kingsville, Ontario",Propriété canadienne (fabricant ontarien d’équipement de gardien),L’affirmation provient de pages de détaillants et du secteur; le site de l’entreprise ne comportait pas d’énoncé explicite au moment de la consultation,"Substitut à l’équipement de protection de hockey d’origine américaine (p. ex. Vaughn, gammes américaines de Warrior); tranche de contre-tarif de 25 % visant les sports et les loisirs"
568,"Sports, outdoor, recreation and toys",Gym and strength equipment,Atlantis Strength,"Atlantis selectorized and plate-loaded strength machines, racks",Commercial gym strength-training machines and racks,"Company states it builds every machine at its Laval, Quebec facility and has manufactured there since the early 1980s","Laval, Quebec",Canadian-owned (Quebec manufacturer since the early 1980s),Steel is described as sourced from North American mills (not exclusively Canadian),"Substitute for US-made gym equipment (e.g. Life Fitness, Rogue); sports/recreation band (25%) with heavy steel content exposed to the 50% steel/aluminum rate",95.06,"We build every leg curl machine at our facility in Laval, Quebec, using durable steel construction.",https://atlantisstrength.com/gym-equipment/leg-curl-machines,https://opti-fit.com/atlantis,2026-08-30,High,"Sports, plein air, loisirs et jouets",Équipement de gym et de musculation,Appareils de musculation à sélection et à plaques et supports Atlantis,Appareils de musculation et supports pour gyms commerciaux,"L’entreprise affirme fabriquer chaque appareil à ses installations de Laval, au Québec, où elle produit depuis le début des années 1980","Laval, Québec",Propriété canadienne (fabricant québécois depuis le début des années 1980),L’acier est décrit comme provenant d’aciéries nord-américaines (pas exclusivement canadiennes),"Substitut à l’équipement de gym fabriqué aux États-Unis (p. ex. Life Fitness, Rogue); tranche de 25 % visant les sports et les loisirs, l’important contenu d’acier étant exposé au taux de 50 % sur l’acier et l’aluminium"
569,"Sports, outdoor, recreation and toys",Playground equipment,Jambette,"Jambette outdoor play structures, CataWOW, O-ASIS",Public and school playground structures and site play equipment,"Company states it is the largest manufacturer of outdoor play equipment in Canada, producing at its Levis, Quebec plant","Levis, Quebec",Canadian-owned (co-owned by president Marie-Noel Grenier; founded 1983 in Levis),None stated on fetched official page,"Substitute for US-origin playground equipment (e.g. PlayPower, Landscape Structures); sports/recreation band (25%) with steel/aluminum content exposed to 50%",95.06,Nous sommes le plus grand fabricant de jeux extérieurs au Canada,https://www.jambette.com/,https://www.journaldequebec.com/2024/09/17/le-fabricant-de-modules-de-jeux-jambette-inaugure-une-nouvelle-usine-de-165-m-a-levis,2026-08-30,High,"Sports, plein air, loisirs et jouets",Équipement de terrain de jeu,"Structures de jeu extérieures Jambette, CataWOW, O-ASIS",Structures de terrains de jeu publics et scolaires et équipement de jeu de site,"L’entreprise affirme être le plus grand fabricant d’équipement de jeu extérieur au Canada, produisant à son usine de Lévis, au Québec","Lévis, Québec",Propriété canadienne (copropriété de la présidente Marie-Noël Grenier; fondée en 1983 à Lévis),Aucune précision sur la page officielle consultée,"Substitut à l’équipement de terrain de jeu d’origine américaine (p. ex. PlayPower, Landscape Structures); tranche de 25 % visant les sports et les loisirs, le contenu d’acier et d’aluminium étant exposé au taux de 50 %"
570,"Sports, outdoor, recreation and toys",Aluminum boats,KingFisher Boats,"Offshore, Coastal, Sport and River Jet welded aluminum boats",Welded aluminum sport-fishing and adventure boats,"Industry association profile states all KingFisher welded boats are built at its Vernon, BC facility","Vernon, British Columbia","Canadian-owned (Vernon, BC builder)",Claim from BC industry association profile rather than an explicit statement on the company site,"Substitute for US-made aluminum fishing boats (e.g. Lund, Tracker); recreational boats band (25%) with aluminum hull content exposed to the 50% metals rate",89.03,"All KingFisher welded sportfishing boats are built at the Center of Excellence in Vernon, the most advanced aluminum boat building facility in North America.",https://www.boatingbc.ca/companies/kingfisher-boats,https://kingfisherboats.com/,2026-08-30,Medium,"Sports, plein air, loisirs et jouets",Bateaux en aluminium,"Bateaux en aluminium soudé Offshore, Coastal, Sport et River Jet",Bateaux en aluminium soudé pour la pêche sportive et l’aventure,"Le profil d’une association sectorielle indique que tous les bateaux soudés KingFisher sont construits à ses installations de Vernon, en Colombie-Britannique","Vernon, Colombie-Britannique","Propriété canadienne (constructeur de Vernon, en Colombie-Britannique)",L’affirmation provient du profil d’une association sectorielle de la Colombie-Britannique plutôt que d’un énoncé explicite sur le site de l’entreprise,"Substitut aux bateaux de pêche en aluminium fabriqués aux États-Unis (p. ex. Lund, Tracker); tranche de 25 % visant les bateaux de plaisance, le contenu d’aluminium des coques étant exposé au taux de 50 % sur les métaux"
571,"Sports, outdoor, recreation and toys",Aluminum boats,Silver Streak Boats,"Swiftsure, Phantom, landing craft and cabin boats","Handmade welded aluminum boats for fishing, guiding and workboat use","Company states it manufactures the boats out of Sooke, BC, Canada","Sooke, British Columbia",Canadian-owned (owner Andy Barry),None stated on fetched official page,"Substitute for US-origin welded aluminum boats; recreational boats band (25%), aluminum content exposed to 50% metals rate",89.03,"We manufacture the boats out of Sooke, BC, Canada.",https://silverstreakboats.com/,https://silverstreakboats.com/about-us/,2026-08-30,High,"Sports, plein air, loisirs et jouets",Bateaux en aluminium,"Swiftsure, Phantom, barges de débarquement et bateaux à cabine","Bateaux en aluminium soudé faits à la main pour la pêche, le guidage et le travail","L’entreprise affirme fabriquer ses bateaux à Sooke, en Colombie-Britannique, au Canada","Sooke, Colombie-Britannique",Propriété canadienne (propriétaire Andy Barry),Aucune précision sur la page officielle consultée,"Substitut aux bateaux en aluminium soudé d’origine américaine; tranche de 25 % visant les bateaux de plaisance, le contenu d’aluminium étant exposé au taux de 50 % sur les métaux"
572,"Sports, outdoor, recreation and toys",Powerboats,The Limestone Boat Company,"Limestone L200CC, L200R, L290DC",Fiberglass day boats and dual-console powerboats,"Company announced the resumption of manufacturing operations at its own facilities in St. Stephen, New Brunswick","St. Stephen, New Brunswick (head office Collingwood, Ontario)","Canadian-owned (TSX Venture-listed, ticker BOAT, headquartered in Collingwood ON)",None stated on fetched source page,"Substitute for US-built fiberglass powerboats (e.g. Boston Whaler, Chaparral); recreational boats band (25%)",89.03,"The Limestone Boat Company Announces the Resumption of Manufacturing Operations in Its New Facilities in St. Stephen, NB",https://finance.yahoo.com/news/limestone-boat-company-announces-resumption-113000817.html,https://limestoneboats.com/,2026-08-30,Medium,"Sports, plein air, loisirs et jouets",Bateaux à moteur,"Limestone L200CC, L200R, L290DC",Bateaux de jour en fibre de verre et bateaux à moteur à double console,"L’entreprise a annoncé la reprise de ses activités de fabrication à ses propres installations de St. Stephen, au Nouveau-Brunswick","St. Stephen, Nouveau-Brunswick (siège social à Collingwood, en Ontario)","Propriété canadienne (inscrite à la Bourse de croissance TSX, symbole BOAT, siège social à Collingwood, en Ontario)",Aucune précision sur la page source consultée,"Substitut aux bateaux à moteur en fibre de verre construits aux États-Unis (p. ex. Boston Whaler, Chaparral); tranche de 25 % visant les bateaux de plaisance"
573,"Sports, outdoor, recreation and toys",Aluminum fishing boats,Princecraft,"Princecraft aluminum fishing boats, pontoons and deck boats",Aluminum fishing boats and pontoon boats for lakes and rivers,"Company history states Princecraft's manufacturing facilities are in Princeville, Quebec, where it has invested in its plant and a powder coating line","Princeville, Quebec","Foreign-owned subsidiary with Canadian manufacturing (acquired by Brunswick Corporation, US, in 2001)",None stated on fetched official page,"Substitute for US-made aluminum fishing/pontoon boats (Lund, Crestliner, Bass Tracker); recreational boats band (25%), aluminum content exposed to 50%",89.03,"In 2001, Brunswick Corporation, a global leader in recreational products, acquired the Princecraft brand along with its manufacturing facilities in Princeville, Quebec.",https://www.princecraft.com/ca/en/About-Princecraft/History.aspx,,2026-08-30,High,"Sports, plein air, loisirs et jouets",Bateaux de pêche en aluminium,"Bateaux de pêche, pontons et bateaux-plateformes en aluminium Princecraft",Bateaux de pêche et pontons en aluminium pour les lacs et les rivières,"L’historique de l’entreprise indique que les installations de fabrication de Princecraft se trouvent à Princeville, au Québec, où elle a investi dans son usine et dans une ligne de revêtement en poudre","Princeville, Québec","Filiale étrangère avec fabrication canadienne (acquise par Brunswick Corporation, États-Unis, en 2001)",Aucune précision sur la page officielle consultée,"Substitut aux bateaux de pêche et pontons en aluminium fabriqués aux États-Unis (Lund, Crestliner, Bass Tracker); tranche de 25 % visant les bateaux de plaisance, le contenu d’aluminium étant exposé au taux de 50 %"
574,"Sports, outdoor, recreation and toys",Snowmobiles and personal watercraft,"BRP (Ski-Doo, Sea-Doo)","Ski-Doo snowmobiles, Sea-Doo watercraft, Can-Am Spyder","Snowmobiles, personal watercraft and three-wheel road vehicles for recreation","Company states Valcourt, Quebec houses its factory for Ski-Doo snowmobiles and Can-Am Spyder 3-wheel vehicles","Valcourt, Quebec","Canadian-owned (BRP Inc., Valcourt QC; TSX/Nasdaq-listed with Bombardier family and Bain interests)","BRP also operates plants in Mexico, Austria and Finland, so not every model sold is Canadian-built","Substitute for US-made snowmobiles and personal watercraft (e.g. Polaris, Arctic Cat, Yamaha US); recreational vehicles band (25%)",87.03,"Valcourt has become the Centre of expertise for design, research, development, marketing and manufacturing of Ski-Doo, Sea-Doo and Can-Am products",https://www.brp.com/en/our-company/manufacturing-facilities.html,https://brp.gcs-web.com/news-releases/news-release-details/brp-inaugurates-modernized-manufacturing-facility-its-home-base,2026-08-30,High,"Sports, plein air, loisirs et jouets",Motoneiges et motomarines,"Motoneiges Ski-Doo, motomarines Sea-Doo, Can-Am Spyder","Motoneiges, motomarines et véhicules routiers à trois roues pour les loisirs","L’entreprise affirme que Valcourt, au Québec, abrite son usine de motoneiges Ski-Doo et de véhicules à trois roues Can-Am Spyder","Valcourt, Québec","Propriété canadienne (BRP inc., Valcourt, Québec; cotée à la TSX et au Nasdaq, avec des intérêts de la famille Bombardier et de Bain)","BRP exploite aussi des usines au Mexique, en Autriche et en Finlande; tous les modèles vendus ne sont donc pas construits au Canada","Substitut aux motoneiges et motomarines fabriquées aux États-Unis (p. ex. Polaris, Arctic Cat, Yamaha États-Unis); tranche de 25 % visant les véhicules récréatifs"
575,"Sports, outdoor, recreation and toys",Amphibious recreational vehicles,Argo (Ontario Drive & Gear),"Argo Avenger, Aurora and Xplorer 8x8 XTVs","Amphibious extreme-terrain vehicles for hunting, remote access and recreation","Industry reporting states Argo builds about 85 per cent of its parts at its New Hamburg, Ontario plant","New Hamburg, Ontario",Canadian-owned (a division of Ontario Drive & Gear Ltd.),Roughly 15 per cent of parts are not made at the New Hamburg plant,"Substitute for US-origin ATVs/UTVs (Polaris, Can-Am US lines, Argo competitors); recreational vehicles band (25%)",87.03,"According to Argo's plant manager, Alan Wood, the company builds about 85 per cent of its parts at the New Hamburg plant",https://www.canadianmanufacturing.com/features/argo-the-story-behind-the-hulking-eight-wheeled-atv-you-always-wanted/,https://en.wikipedia.org/wiki/Argo_(ATV_manufacturer),2026-08-30,Medium,"Sports, plein air, loisirs et jouets",Véhicules récréatifs amphibies,"Véhicules à terrain extrême Argo Avenger, Aurora et Xplorer 8x8","Véhicules amphibies à terrain extrême pour la chasse, l’accès en région éloignée et les loisirs","Des reportages sectoriels indiquent qu’Argo fabrique environ 85 % de ses pièces à son usine de New Hamburg, en Ontario","New Hamburg, Ontario",Propriété canadienne (division d’Ontario Drive & Gear Ltd.),Environ 15 % des pièces ne sont pas fabriquées à l’usine de New Hamburg,"Substitut aux VTT et véhicules côte à côte d’origine américaine (Polaris, gammes américaines de Can-Am, concurrents d’Argo); tranche de 25 % visant les véhicules récréatifs"
576,"Sports, outdoor, recreation and toys",Hot tubs and swim spas,Coast Spas,"Coast Spas hot tubs, swim spas and Coast Freshe cold plunges","Backyard hot tubs, swim spas and cold plunge tubs","Company states its Canadian based company in Langley, BC crafts its hot tubs, swim spas and cold plunges in its own manufacturing facility","Langley, British Columbia",Canadian-owned ('Our Canadian based company'),None stated on fetched official page,"Substitute for US-made hot tubs and swim spas (e.g. Jacuzzi, Master Spas); sports/recreation and appliances bands (25%)",94.06,"Our Canadian based company is located in Langley, British Columbia, and we craft high-quality hot tubs, swim spas and cold plunges in our state-of-the-art manufacturing facility.",https://www.coastspas.com/whycoast.php,,2026-08-30,High,"Sports, plein air, loisirs et jouets",Spas et spas de nage,"Spas, spas de nage et bains froids Coast Freshe de Coast Spas","Spas de jardin, spas de nage et bains froids","L’entreprise affirme que sa société canadienne établie à Langley, en Colombie-Britannique, fabrique ses spas, spas de nage et bains froids dans sa propre usine","Langley, Colombie-Britannique",Propriété canadienne (« notre société établie au Canada »),Aucune précision sur la page officielle consultée,"Substitut aux spas et spas de nage fabriqués aux États-Unis (p. ex. Jacuzzi, Master Spas); tranches de 25 % visant les sports et loisirs et les appareils"
577,"Sports, outdoor, recreation and toys",Hot tubs and swim spas,Hydropool,"Hydropool Self-Cleaning hot tubs, Serenity series, AquaTrainer swim spas",Self-cleaning hot tubs and swim spas for home use,"Dealer/company page states Hydropool hot tubs and swim spas are manufactured in Mississauga, Ontario, Canada","Mississauga, Ontario",Canadian-owned (Mississauga-based manufacturer),None stated on fetched page,Substitute for US-built hot tubs/swim spas; sports/recreation and appliances bands (25%),94.06,Hydropool Hot Tubs and Swim Spas are manufactured in Mississauga Ontario Canada by experienced designers and engineers,https://hydropoolmississauga.com/about/,,2026-08-30,Medium,"Sports, plein air, loisirs et jouets",Spas et spas de nage,"Spas autonettoyants Hydropool, série Serenity, spas de nage AquaTrainer",Spas autonettoyants et spas de nage à usage domestique,"Une page de concessionnaire ou de l’entreprise indique que les spas et spas de nage Hydropool sont fabriqués à Mississauga, en Ontario, au Canada","Mississauga, Ontario",Propriété canadienne (fabricant établi à Mississauga),Aucune précision sur la page consultée,Substitut aux spas et spas de nage construits aux États-Unis; tranches de 25 % visant les sports et loisirs et les appareils
578,"Sports, outdoor, recreation and toys",Longboards/skateboards,Rayne Longboards,Rayne downhill and freeride longboard decks,Longboard skateboard decks for downhill and freeride skating,Retail brand page states every Rayne deck is manufactured in their North Vancouver facility and products are wholly designed and manufactured in Canada,"North Vancouver, British Columbia",Canadian-owned (North Vancouver company),Claim from retailer brand page; Rayne's own site had no explicit statement when fetched,Substitute for US-made skateboard decks; sports/recreation and toys band (25%),95.06,Their products are wholly designed in Canada and every single Rayne deck is manufactured in their North Vancouver facility.,https://www.motionboardshop.com/collections/rayne-longboards,https://en.wikipedia.org/wiki/Rayne_Longboards,2026-08-30,Medium,"Sports, plein air, loisirs et jouets",Planches à roulettes longues,Planches longues Rayne pour la descente et le freeride,Planches longues de planche à roulettes pour la descente et le freeride,La page de marque d’un détaillant indique que chaque planche Rayne est fabriquée à leurs installations de North Vancouver et que les produits sont entièrement conçus et fabriqués au Canada,"North Vancouver, Colombie-Britannique",Propriété canadienne (entreprise de North Vancouver),L’affirmation provient de la page de marque d’un détaillant; le site de Rayne ne comportait aucun énoncé explicite au moment de la consultation,"Substitut aux planches à roulettes fabriquées aux États-Unis; tranche de 25 % visant les sports, les loisirs et les jouets"
579,"Sports, outdoor, recreation and toys",Skateboard building kits,Roarockit Skateboard Company,Thin Air Press skateboard deck kits and veneer,"DIY skateboard deck laminating kits, veneer and wood-bending supplies for schools and hobbyists","Canadian-manufacturer directory lists Roarockit as manufactured in Toronto, Ontario and Canadian owned","Toronto, Ontario",Canadian-owned ('Canadian Owned: Yes'),Claim from Canadian-manufacturer directory rather than an explicit company statement,Substitute for US-origin skateboard kits and hobby wood products; sports/recreation and toys band (25%),95.06,"Manufactured In: Toronto, ON",https://madeinca.ca/skateboards-roarockit-skateboard-company/,https://www.roarockit.ca/skateboard-building/,2026-08-30,Medium,"Sports, plein air, loisirs et jouets",Trousses de fabrication de planches à roulettes,Trousses de planches et placages Thin Air Press,"Trousses de laminage de planches à roulettes, placages et fournitures de cintrage du bois pour les écoles et les amateurs","Un répertoire de fabricants canadiens inscrit Roarockit comme fabriquant à Toronto, en Ontario, et de propriété canadienne","Toronto, Ontario",Propriété canadienne (« Propriété canadienne : oui »),L’affirmation provient d’un répertoire de fabricants canadiens plutôt que d’un énoncé explicite de l’entreprise,"Substitut aux trousses de planches à roulettes et produits de bois de bricolage d’origine américaine; tranche de 25 % visant les sports, les loisirs et les jouets"
580,"Sports, outdoor, recreation and toys",Fishing lures,Gibbs Delta Tackle,"Gibbs and Delta Tackle spoons, flashers and hoochies","Salmon and trout fishing lures, flashers and terminal tackle","Industry outlet states Gibbs lures are still hand made in the company's factory in Delta, BC","Delta, British Columbia",Canadian-owned (BC company; Rob Alcock leading),"Company also distributes imported brands (Silver Horde, Yamashita, Michigan Stinger)","Substitute for US-made fishing lures and tackle (e.g. Luhr-Jensen, Mepps US lines); sports/recreation band (25%)",95.07,"To this day, lures are still hand made in the factory in Delta.",https://fishncanada.com/bc-fishing-tackle-company-expands-east/,https://gibbsfishing.com/collections/delta-tackle,2026-08-30,Medium,"Sports, plein air, loisirs et jouets",Leurres de pêche,"Cuillères, réflecteurs et hoochies Gibbs et Delta Tackle","Leurres, réflecteurs et articles de pêche terminaux pour le saumon et la truite","Un média sectoriel indique que les leurres Gibbs sont toujours fabriqués à la main à l’usine de l’entreprise à Delta, en Colombie-Britannique","Delta, Colombie-Britannique",Propriété canadienne (entreprise de la Colombie-Britannique; dirigée par Rob Alcock),"L’entreprise distribue aussi des marques importées (Silver Horde, Yamashita, Michigan Stinger)","Substitut aux leurres et articles de pêche fabriqués aux États-Unis (p. ex. Luhr-Jensen, gammes américaines de Mepps); tranche de 25 % visant les sports et les loisirs"
581,"Sports, outdoor, recreation and toys",Fishing reels,Islander Precision Reels,"Islander MR3, IR, and Steelheader fly and mooching reels",Machined saltwater and fly fishing reels,Regional outdoors magazine states Islander Precision Reels have been built in-house on Vancouver Island since 1990,"Vancouver Island, British Columbia (Saanichton)",Canadian-owned (BC reel maker),Claim from regional magazine feature rather than a company page,"Substitute for US-made fishing reels; sports/recreation band (25%), machined aluminum exposed to metals rates",95.07,Islander Precision Reels have been built in-house on Vancouver Island since 1990.,https://www.bcoutdoorsmagazine.com/shopping-local/,,2026-08-30,Medium,"Sports, plein air, loisirs et jouets",Moulinets de pêche,"Moulinets à mouche et de pêche à la traîne Islander MR3, IR et Steelheader",Moulinets usinés pour la pêche en eau salée et à la mouche,Un magazine régional de plein air indique que les moulinets Islander Precision Reels sont fabriqués à l’interne sur l’île de Vancouver depuis 1990,"Île de Vancouver, Colombie-Britannique (Saanichton)",Propriété canadienne (fabricant de moulinets de la Colombie-Britannique),L’affirmation provient d’un reportage de magazine régional plutôt que d’une page de l’entreprise,"Substitut aux moulinets de pêche fabriqués aux États-Unis; tranche de 25 % visant les sports et les loisirs, l’aluminium usiné étant exposé aux taux sur les métaux"
582,"Sports, outdoor, recreation and toys",Rod holders and downriggers,Scotty Manufacturing,"Scotty rod holders, downriggers and marine mounts","Fishing rod holders, downriggers and boat/kayak mounting hardware",Regional outdoors magazine states the Victoria company pioneered plastics manufacturing for salmon fishing lures and marine products,"Victoria, British Columbia",Canadian-owned (family company founded by Blayney and Almeda Scott),Claim from regional magazine feature rather than a company page,"Substitute for US-origin downriggers and rod holders (e.g. Cannon, Cabela's brands); sports/recreation and plastics bands (25%)",95.07,"In 1952, Blayney Scott and his wife, Almeda, started a small company in Victoria that pioneered the use of plastics in the manufacturing of salmon fishing lures and other marine products.",https://www.bcoutdoorsmagazine.com/shopping-local/,,2026-08-30,Medium,"Sports, plein air, loisirs et jouets",Porte-cannes et treuils de pêche,"Porte-cannes, treuils de pêche et supports marins Scotty","Porte-cannes à pêche, treuils de pêche et supports de fixation pour bateaux et kayaks",Un magazine régional de plein air indique que l’entreprise de Victoria a été pionnière de la fabrication de plastiques pour les leurres de pêche au saumon et les produits marins,"Victoria, Colombie-Britannique",Propriété canadienne (entreprise familiale fondée par Blayney et Almeda Scott),L’affirmation provient d’un reportage de magazine régional plutôt que d’une page de l’entreprise,"Substitut aux treuils de pêche et porte-cannes d’origine américaine (p. ex. Cannon, marques de Cabela’s); tranches de 25 % visant les sports et loisirs et les plastiques"
583,"Sports, outdoor, recreation and toys",Rimfire rifles,Savage Arms Canada,"Savage Mark II, 93 series and rimfire lever-action rifles",Rimfire .22 rifles for target shooting and small game hunting,"Company support page states Savage manufactures the majority of its rimfire models at its Canadian facility in Lakefield, Ontario","Lakefield, Ontario","Foreign-owned subsidiary with Canadian manufacturing (Savage Arms, Inc., US parent)",Only the majority of rimfire models are Canadian-built; centrefire lines are US-made,"Substitute for US-made rimfire rifles (Ruger, Marlin); sporting arms fall in the sports/recreation band (25%) with steel content exposed to metals rates",93.03,"Savage is currently manufacturing the majority of the rimfire models in our Canadian facility located in Lakefield, Ontario.",https://service.savagearms.com/hc/en-us/articles/214238423-Where-are-the-rimfire-rifles-manufactured,https://globalnews.ca/news/4895108/lakefield-rifle-maker-turns-50/,2026-08-30,High,"Sports, plein air, loisirs et jouets",Carabines à percussion annulaire,"Carabines Savage Mark II, série 93 et carabines à levier à percussion annulaire",Carabines .22 à percussion annulaire pour le tir sur cible et la chasse au petit gibier,"La page de soutien de l’entreprise indique que Savage fabrique la majorité de ses modèles à percussion annulaire à son installation canadienne de Lakefield, en Ontario","Lakefield, Ontario","Filiale étrangère avec fabrication canadienne (société mère américaine Savage Arms, Inc.)",Seule la majorité des modèles à percussion annulaire est fabriquée au Canada; les gammes à percussion centrale sont fabriquées aux États-Unis,"Substitut aux carabines à percussion annulaire fabriquées aux États-Unis (Ruger, Marlin); les armes de sport se situent dans la tranche de 25 % visant les sports et les loisirs, le contenu d’acier étant exposé aux taux sur les métaux"
584,"Sports, outdoor, recreation and toys",Precision rifles and chassis,Cadex Defence,"CDX-R7, CDX-50 rifles and Cadex chassis systems","Precision bolt-action rifles, chassis and shooting accessories for sport and tactical use","Company states its products are designed, tested and manufactured in-house in Canada","Canada (location not stated; company is based in Saint-Jean-sur-Richelieu, Quebec)",Canadian-owned (Quebec-based),None stated on fetched official page,Substitute for US-made precision rifles and chassis; sports/recreation band (25%) with machined aluminum/steel exposed to 50% metals rate,93.03,"Our products are designed, tested, and manufactured in-house in Canada.",https://www.cadexdefence.com/,https://www.cadexdefence.com/in-stock-rifles-canada/,2026-08-30,High,"Sports, plein air, loisirs et jouets",Carabines de précision et châssis,Carabines CDX-R7 et CDX-50 et systèmes de châssis Cadex,"Carabines de précision à verrou, châssis et accessoires de tir pour le sport et l’usage tactique","L’entreprise affirme que ses produits sont conçus, testés et fabriqués à l’interne au Canada","Canada (emplacement non précisé; l’entreprise est établie à Saint-Jean-sur-Richelieu, au Québec)",Propriété canadienne (établie au Québec),Aucune précision sur la page officielle consultée,"Substitut aux carabines de précision et châssis fabriqués aux États-Unis; tranche de 25 % visant les sports et les loisirs, l’aluminium et l’acier usinés étant exposés au taux de 50 % sur les métaux"
585,"Sports, outdoor, recreation and toys",Board games and puzzles,Editions Gladius,"Silence on joue!, Le Tricheur, La guerre des clans, Wrebbit3D puzzles","Family board games, party games and 3D jigsaw puzzles",Company states its hundreds of games were created in Canada and that the Wrebbit3D puzzles it distributes are designed and manufactured in Quebec,"Levis, Quebec (Wrebbit3D puzzles manufactured in Quebec)",Canadian-owned (Quebec publisher based in Levis),Statement covers Wrebbit3D puzzles explicitly; not all Gladius game components are stated as Quebec-made,Substitute for US-origin board games and puzzles; sports/recreation and toys band (25%),95.04,"Gladius also has the privilege of distributing Wrebbit3D puzzles in Canada, which are designed and manufactured in Quebec",https://gladius.ca/en/pages/about-us,,2026-08-30,Medium,"Sports, plein air, loisirs et jouets",Jeux de société et casse-tête,"Silence on joue!, Le Tricheur, La guerre des clans, casse-tête Wrebbit3D","Jeux de société familiaux, jeux d’ambiance et casse-tête en 3D",L’entreprise affirme que ses centaines de jeux ont été créés au Canada et que les casse-tête Wrebbit3D qu’elle distribue sont conçus et fabriqués au Québec,"Lévis, Québec (casse-tête Wrebbit3D fabriqués au Québec)",Propriété canadienne (éditeur québécois établi à Lévis),L’énoncé porte explicitement sur les casse-tête Wrebbit3D; tous les composants des jeux Gladius ne sont pas déclarés fabriqués au Québec,"Substitut aux jeux de société et casse-tête d’origine américaine; tranche de 25 % visant les sports, les loisirs et les jouets"
586,"Sports, outdoor, recreation and toys",Crokinole boards,Crokinole Canada,Tournament and Rustic Canadian crokinole boards,Traditional Canadian tabletop flicking game boards,Company states its boards are handcrafted in Canada by four dedicated craftsmen in their own shops,Canada (location not stated),Canadian-owned (Canadian retailer/designer working with Canadian craftsmen),"Only Canadian-made boards are sold, per the company statement","Substitute for imported/US-origin tabletop games; sports/recreation and toys band (25%), wood products band also relevant",95.04,"We have 4 dedicated craftsmen working in their own shops to produce these beautiful, Canadian made boards.",https://crokinole.ca/pages/welcome,https://crokinole.ca/,2026-08-30,High,"Sports, plein air, loisirs et jouets",Planches de crokinole,Planches de crokinole canadiennes Tournament et Rustic,Planches du jeu de table traditionnel canadien à pichenettes,L’entreprise affirme que ses planches sont fabriquées à la main au Canada par quatre artisans dévoués dans leurs propres ateliers,Canada (emplacement non précisé),Propriété canadienne (détaillant et concepteur canadien travaillant avec des artisans canadiens),"Seules des planches de fabrication canadienne sont vendues, selon l’énoncé de l’entreprise","Substitut aux jeux de table importés ou d’origine américaine; tranche de 25 % visant les sports, les loisirs et les jouets, la tranche des produits du bois étant aussi pertinente"
587,"Sports, outdoor, recreation and toys",Wooden toys,Peter's Wooden Toys,"Handcrafted wooden cars, trucks and push toys",Handmade wooden toys for toddlers and young children,"Company states its handcrafted wooden toys are lovingly made in Ottawa, Ontario, Canada","Ottawa, Ontario",Canadian-owned (small Ottawa workshop),None stated on fetched official page,"Substitute for US-origin and imported wooden toys; toys band (25%), wood products band also relevant",95.03,"Handcrafted wooden toys lovingly made in Ottawa, Ontario, Canada",https://peterswoodentoys.ca/,,2026-08-30,High,"Sports, plein air, loisirs et jouets",Jouets en bois,"Voitures, camions et jouets à pousser en bois fabriqués à la main",Jouets en bois faits main pour les tout-petits et les jeunes enfants,"L’entreprise affirme que ses jouets en bois faits main sont fabriqués avec soin à Ottawa, en Ontario, au Canada","Ottawa, Ontario",Propriété canadienne (petit atelier d’Ottawa),Aucune précision sur la page officielle consultée,"Substitut aux jouets en bois d’origine américaine et importés; tranche de 25 % visant les jouets, la tranche des produits du bois étant aussi pertinente"
588,"Sports, outdoor, recreation and toys",Wooden toys and games,Thorpe Toys,"Mouse & Cheese, balloon-powered boats, bug boxes, flower presses","Hand-crafted wooden toys, games and nature-play items for children","Company states its toys have always been hand-crafted in Waterloo, Ontario from its own original designs","Waterloo, Ontario",Canadian-owned ('a family-run Canadian business'),None stated on fetched official page,Substitute for US-origin and imported wooden toys; toys band (25%),95.03,"Founded by Jerry and Rosemary Thorpe in 1975, our toys have always been hand-crafted in Waterloo, Ontario from our own, original designs.",https://thorpetoys.com/pages/about-us,,2026-08-30,High,"Sports, plein air, loisirs et jouets",Jouets et jeux en bois,"Mouse & Cheese, bateaux propulsés par ballon, boîtes à insectes, presses à fleurs","Jouets, jeux et articles de jeu nature en bois fabriqués à la main pour les enfants","L’entreprise affirme que ses jouets ont toujours été fabriqués à la main à Waterloo, en Ontario, à partir de ses propres conceptions originales","Waterloo, Ontario",Propriété canadienne (« une entreprise canadienne familiale »),Aucune précision sur la page officielle consultée,Substitut aux jouets en bois d’origine américaine et importés; tranche de 25 % visant les jouets
589,"Automotive, mobility and transport-related goods",Trailers,Doepker Industries,"Super B grain trailers, Legacy flat decks, gravel trains","Highway freight, grain, gravel and flat-deck semi-trailers","Company brands itself 'Saskatchewan Built' with plants in Annaheim, Moose Jaw and Saskatoon","Annaheim, Moose Jaw and Saskatoon, Saskatchewan",Canadian-owned (third-generation Doepker family ownership),None stated on fetched official page,"Substitute for US-built semi-trailers (Wabash, Great Dane); transportation counter-tariff band (25%) with aluminum/steel trailer content exposed to the 50% metals rate",87.16,Saskatchewan Built.,https://doepker.com/about,,2026-08-30,High,"Automobile, mobilité et produits liés au transport",Remorques,"Remorques à grain Super B, plateformes Legacy, trains à gravier","Semi-remorques pour le fret routier, le grain, le gravier et les plateformes","L’entreprise se présente sous la bannière « Saskatchewan Built », avec des usines à Annaheim, à Moose Jaw et à Saskatoon","Annaheim, Moose Jaw et Saskatoon, Saskatchewan","Propriété canadienne (propriété familiale des Doepker, troisième génération)",Aucune précision sur la page officielle consultée,"Substitut aux semi-remorques construites aux États-Unis (Wabash, Great Dane); tranche de contre-tarif de 25 % visant le transport, le contenu d’aluminium et d’acier des remorques étant exposé au taux de 50 % sur les métaux"
590,"Automotive, mobility and transport-related goods",Trailers,Arne's Welding,"Arne's end dump, side dump and belly dump trailers",Heavy steel dump trailers for aggregate and bulk hauling,Company states every Arne's trailer is built under one roof at its Winnipeg manufacturing plant,"Winnipeg, Manitoba",Canadian-owned (Winnipeg manufacturer since 1954),None stated on fetched official page,Substitute for US-made dump trailers; transportation band (25%) with steel content exposed to the 50% steel rate,87.16,Every Arne's trailer is built under one roof at our Winnipeg Manufacturing plant.,https://www.arnes.com/,,2026-08-30,High,"Automobile, mobilité et produits liés au transport",Remorques,"Remorques à benne arrière, latérale et à fond ouvrant Arne’s",Remorques-bennes en acier lourd pour le transport de granulats et de produits en vrac,L’entreprise affirme que chaque remorque Arne’s est construite sous un même toit à son usine de Winnipeg,"Winnipeg, Manitoba",Propriété canadienne (fabricant de Winnipeg depuis 1954),Aucune précision sur la page officielle consultée,"Substitut aux remorques-bennes fabriquées aux États-Unis; tranche de 25 % visant le transport, le contenu d’acier étant exposé au taux de 50 % sur l’acier"
591,"Automotive, mobility and transport-related goods",Trailers,Lode-King Industries,Prestige and Distinction highway van and flat-deck trailers,Commercial highway transport trailers for freight and bulk haul,"Company states it operates a manufacturing facility in Winkler, Manitoba producing highway trailers, and is a privately owned Canadian corporation","Winkler, Manitoba",Canadian-owned ('a privately owned Canadian corporation'),None stated on fetched official page,"Substitute for US-built highway trailers; transportation band (25%), aluminum content exposed to the 50% metals rate",87.16,"Lode-King operates a manufacturing facility in Winkler, Manitoba, where commercial highway transport trailers are produced for sale throughout North America.",https://www.lodeking.com/legal/supply-chains-report/,https://www.lodeking.com/,2026-08-30,High,"Automobile, mobilité et produits liés au transport",Remorques,Remorques fourgons et plateformes routières Prestige et Distinction,Remorques de transport routier commercial pour le fret et le vrac,"L’entreprise affirme exploiter une usine de fabrication à Winkler, au Manitoba, qui produit des remorques routières, et être une société canadienne à capital fermé","Winkler, Manitoba",Propriété canadienne (« une société canadienne à capital fermé »),Aucune précision sur la page officielle consultée,"Substitut aux remorques routières construites aux États-Unis; tranche de 25 % visant le transport, le contenu d’aluminium étant exposé au taux de 50 % sur les métaux"
592,"Automotive, mobility and transport-related goods",Trailers,Titan Trailers,THINWALL aluminum hopper and B-Train trailers,Aluminum semi-trailers for bulk agricultural and industrial hauling,"Company states it manufactures semi-trailers in production facilities outside of Delhi, Ontario","Delhi (Tillsonburg area), Ontario",Canadian-owned (Ontario family manufacturer; ownership not stated on fetched page),None stated on fetched official page,Substitute for US-built aluminum bulk trailers; transportation band (25%) with aluminum content exposed to the 50% metals rate,87.16,"Titan manufactures some of the very best semi-trailers available world wide in production facilities outside of Delhi, Ontario.",https://titantrailers.com/,https://www.trucknews.com/transportation/titan-trailers-grow-in-tillsonburg/1003121253/,2026-08-30,High,"Automobile, mobilité et produits liés au transport",Remorques,Remorques-trémies et trains B en aluminium THINWALL,Semi-remorques en aluminium pour le transport en vrac agricole et industriel,"L’entreprise affirme fabriquer ses semi-remorques dans des installations de production situées en périphérie de Delhi, en Ontario","Delhi (région de Tillsonburg), Ontario",Propriété canadienne (fabricant familial ontarien; propriété non précisée sur la page consultée),Aucune précision sur la page officielle consultée,"Substitut aux remorques en aluminium pour le vrac construites aux États-Unis; tranche de 25 % visant le transport, le contenu d’aluminium étant exposé au taux de 50 % sur les métaux"
593,"Automotive, mobility and transport-related goods",Truck bodies and dump boxes,Cancade Company (Cancade CBI),"Grain, gravel and specialty truck boxes and trailers","Dump boxes, grain bodies and agricultural haul equipment mounted on trucks","Company states it is based in Brandon, Manitoba, Canada and manufactures its line-up of trucks, trailers and agricultural equipment there","Brandon, Manitoba","Canadian-owned (Brandon, MB manufacturer; ownership not stated on fetched page)",None stated on fetched official page,Substitute for US-made truck bodies and dump boxes; transportation band (25%) with steel/aluminum content exposed to 50% metals rate,87.07,"Cancade CBI Limited, based in Brandon, Manitoba, Canada, manufactures an award winning line-up of trucks, trailers and agricultural equipment.",https://cancade.com/,,2026-08-30,High,"Automobile, mobilité et produits liés au transport",Carrosseries de camions et bennes basculantes,"Bennes et remorques à grain, à gravier et spécialisées","Bennes basculantes, carrosseries à grain et équipement de transport agricole montés sur camions","L’entreprise affirme être établie à Brandon, au Manitoba, au Canada, et y fabriquer sa gamme de camions, de remorques et d’équipement agricole","Brandon, Manitoba","Propriété canadienne (fabricant de Brandon, au Manitoba; propriété non précisée sur la page consultée)",Aucune précision sur la page officielle consultée,"Substitut aux carrosseries de camions et bennes basculantes fabriquées aux États-Unis; tranche de 25 % visant le transport, le contenu d’acier et d’aluminium étant exposé au taux de 50 % sur les métaux"
594,"Automotive, mobility and transport-related goods",Camper vans and travel trailers,Safari Condo,Alto travel trailers and Safari Condo Class B motorhomes,Lightweight travel trailers and camper vans for road travel,"Company states its products are 'Made in Quebec', built at its St-Frederic de Beauce plants","St-Frederic (Beauce), Quebec",Canadian-owned (Quebec family manufacturer),None stated on fetched official page,"Substitute for US-built travel trailers and camper vans (Airstream, Winnebago); transportation band (25%), aluminum shell content exposed to metals rate",87.16,We can truly be proud of our beautiful products Made in Québec!,https://www.safaricondo.com/en/news/safari-condo-first-by-far,https://www.safaricondo.com/en/news/a-fourth-plant-for-safari-condo,2026-08-30,High,"Automobile, mobilité et produits liés au transport",Fourgonnettes de camping et roulottes,Roulottes Alto et autocaravanes de classe B Safari Condo,Roulottes légères et fourgonnettes de camping pour les voyages sur la route,"L’entreprise affirme que ses produits sont « fabriqués au Québec », dans ses usines de Saint-Frédéric-de-Beauce","Saint-Frédéric (Beauce), Québec",Propriété canadienne (fabricant familial québécois),Aucune précision sur la page officielle consultée,"Substitut aux roulottes et fourgonnettes de camping construites aux États-Unis (Airstream, Winnebago); tranche de 25 % visant le transport, le contenu d’aluminium de la coque étant exposé au taux sur les métaux"
595,"Automotive, mobility and transport-related goods",Class B motorhomes,Leisure Travel Vans,"Unity, Wonder and Serenity Class B+ motorhomes",Compact motorhomes built on van chassis for touring and camping,"Company invites customers to see how Leisure Travel Vans are made at its factory in Winkler, Manitoba","Winkler, Manitoba","Canadian-owned (division of Triple E Canada Ltd., family-owned Manitoba company)",Vehicles are built on imported Mercedes-Benz/Ford chassis,"Substitute for US-built Class B/B+ motorhomes (Winnebago, Thor); transportation band (25%)",87.03,"Sign up to experience how Leisure Travel Vans are made at our factory in Winkler, Manitoba.",https://leisurevans.com/factory-tour/,https://leisurevans.com/blog/triple-e-leisure-travel-vans-factory-tour/,2026-08-30,High,"Automobile, mobilité et produits liés au transport",Autocaravanes de classe B,"Autocaravanes de classe B+ Unity, Wonder et Serenity",Autocaravanes compactes construites sur châssis de fourgonnette pour le tourisme et le camping,"L’entreprise invite les clients à voir comment les Leisure Travel Vans sont fabriquées à son usine de Winkler, au Manitoba","Winkler, Manitoba","Propriété canadienne (division de Triple E Canada Ltd., entreprise familiale manitobaine)",Les véhicules sont construits sur des châssis importés Mercedes-Benz et Ford,"Substitut aux autocaravanes de classe B et B+ construites aux États-Unis (Winnebago, Thor); tranche de 25 % visant le transport"
596,"Automotive, mobility and transport-related goods",Motorhomes,Triple E RV,"Unity, Wonder, Serenity and Embrace motorhomes","Class A, B and C motorhomes for recreational travel","Company states it introduced the first Class A motorhome designed and manufactured in Canada and consolidated production into its Winkler, Manitoba facilities","Winkler, Manitoba",Canadian-owned (returned to Enns family ownership in 1974 after Jim Pattison's Neonex era),Motorhomes are built on imported chassis,Substitute for US-built motorhomes; transportation band (25%),87.03,"In 1967, Triple E introduced the first Class A motorhome designed and manufactured in Canada.",https://tripleerv.com/about-us/,https://tripleerv.com/history/,2026-08-30,High,"Automobile, mobilité et produits liés au transport",Autocaravanes,"Autocaravanes Unity, Wonder, Serenity et Embrace","Autocaravanes de classes A, B et C pour les voyages récréatifs","L’entreprise affirme avoir présenté la première autocaravane de classe A conçue et fabriquée au Canada et avoir regroupé sa production dans ses installations de Winkler, au Manitoba","Winkler, Manitoba","Propriété canadienne (retour à la propriété de la famille Enns en 1974, après l’ère Neonex de Jim Pattison)",Les autocaravanes sont construites sur des châssis importés,Substitut aux autocaravanes construites aux États-Unis; tranche de 25 % visant le transport
597,"Automotive, mobility and transport-related goods",Travel trailers,Escape Trailer Industries,"Escape 19, 21 and 5.0TA fiberglass travel trailers",Molded fiberglass travel trailers for towing behind cars and light trucks,"Canadian-manufacturer directory lists Escape trailers as manufactured in Chilliwack, British Columbia and Canadian owned","Chilliwack, British Columbia",Canadian-owned ('Canadian Owned: Yes'),Claim from Canadian-manufacturer directory and third-party review rather than an explicit statement on the company site,"Substitute for US-built fiberglass travel trailers (Airstream, Casita); transportation band (25%)",87.16,"Manufactured In: Chilliwack, British Columbia",https://madeinca.ca/travel-trailers-escape-trailer-industries/,https://weesmial.com/escape-trailers-how-are-they-built/,2026-08-30,Medium,"Automobile, mobilité et produits liés au transport",Roulottes,"Roulottes en fibre de verre Escape 19, 21 et 5.0TA",Roulottes en fibre de verre moulée à tirer derrière une voiture ou un camion léger,"Un répertoire de fabricants canadiens inscrit les roulottes Escape comme fabriquées à Chilliwack, en Colombie-Britannique, et de propriété canadienne","Chilliwack, Colombie-Britannique",Propriété canadienne (« Propriété canadienne : oui »),L’affirmation provient d’un répertoire de fabricants canadiens et d’une critique de tiers plutôt que d’un énoncé explicite sur le site de l’entreprise,"Substitut aux roulottes en fibre de verre construites aux États-Unis (Airstream, Casita); tranche de 25 % visant le transport"
598,"Automotive, mobility and transport-related goods",Fire trucks,Carl Thibault Fire Trucks,"Custom pumpers, tankers and aerial fire apparatus",Municipal firefighting apparatus for fire departments,Company states its custom-built trucks are made in Quebec and built at Pierreville,"Pierreville, Quebec",Canadian-owned ('a successful fifth-generation family-owned manufacturing business'),None stated on fetched official page,"Substitute for US-built fire apparatus (Pierce, E-One); transportation band (25%) with steel/aluminum bodywork exposed to the 50% metals rate",87.05,"Thanks to the reliability of our custom-built trucks made in Quebec, our clients save lives and fight fires across Canada.",https://thibaultfiretrucks.com/en/about-us/,,2026-08-30,High,"Automobile, mobilité et produits liés au transport",Camions d’incendie,"Autopompes, camions-citernes et véhicules d’élévation sur mesure",Véhicules de lutte contre les incendies pour les services d’incendie municipaux,"L’entreprise affirme que ses camions sur mesure sont fabriqués au Québec, à Pierreville","Pierreville, Québec",Propriété canadienne (« une entreprise manufacturière familiale prospère de cinquième génération »),Aucune précision sur la page officielle consultée,"Substitut aux véhicules d’incendie construits aux États-Unis (Pierce, E-One); tranche de 25 % visant le transport, la carrosserie d’acier et d’aluminium étant exposée au taux de 50 % sur les métaux"
599,"Automotive, mobility and transport-related goods",Fire trucks,Fort Garry Fire Trucks,"Wildland RANGER, Liberator pumpers and aerial ladders",Municipal and wildland firefighting apparatus,"Company states its trucks are 'Built in Canada, for Canada' and built by Canadians","Winnipeg / Rosser (CentrePort), Manitoba",Canadian-owned ('family-owned since 1919'),None stated on fetched official page,Substitute for US-built fire apparatus; transportation band (25%) with steel/aluminum content exposed to 50% metals rate,87.05,"Choose Fort Garry Fire Trucks—built in Canada, by Canadians, for communities nationwide.",https://fgft.com/,https://fire.fandom.com/wiki/Fort_Garry_Fire_Trucks,2026-08-30,High,"Automobile, mobilité et produits liés au transport",Camions d’incendie,Autopompes Wildland RANGER et Liberator et échelles aériennes,Véhicules de lutte contre les incendies municipaux et de forêt,"L’entreprise affirme que ses camions sont « construits au Canada, pour le Canada » et construits par des Canadiens","Winnipeg / Rosser (CentrePort), Manitoba",Propriété canadienne (« entreprise familiale depuis 1919 »),Aucune précision sur la page officielle consultée,"Substitut aux véhicules d’incendie construits aux États-Unis; tranche de 25 % visant le transport, le contenu d’acier et d’aluminium étant exposé au taux de 50 % sur les métaux"
600,"Automotive, mobility and transport-related goods",Fire trucks,MAXIMETAL (Maxi Metal),MAXI custom fire trucks and specialized emergency vehicles,Fire apparatus and specialized service vehicles for municipalities,Company advertises Canadian-manufactured trucks ('camions de fabrication canadienne') from its Saint-Georges de Beauce operations,"Saint-Georges de Beauce, Quebec",Foreign-owned subsidiary with Canadian manufacturing (joined Oshkosh Corporation in June 2022),None stated on fetched official page,"Substitute for US-built fire apparatus; transportation band (25%), steel/aluminum content exposed to 50% metals rate",87.05,"CAMIONS DE FABRICATION CANADIENNE, DISPONIBLES EN QUELQUES SEMAINES OU QUELQUES MOIS, PAS DES ANNÉES.",https://www.maximetal.com/fr/a-propos/pourquoi-maxi/,,2026-08-30,High,"Automobile, mobilité et produits liés au transport",Camions d’incendie,Camions d’incendie sur mesure MAXI et véhicules d’urgence spécialisés,Véhicules d’incendie et véhicules de service spécialisés pour les municipalités,L’entreprise annonce des « camions de fabrication canadienne » depuis ses installations de Saint-Georges-de-Beauce,"Saint-Georges-de-Beauce, Québec",Filiale étrangère avec fabrication canadienne (s’est joint à Oshkosh Corporation en juin 2022),Aucune précision sur la page officielle consultée,"Substitut aux véhicules d’incendie construits aux États-Unis; tranche de 25 % visant le transport, le contenu d’acier et d’aluminium étant exposé au taux de 50 % sur les métaux"
601,"Automotive, mobility and transport-related goods",Ambulances,Crestline Coach,"Crestline Fleetmax, Commander and Force ambulances",Type I/II/III ambulances and specialty patient-transfer vehicles,"Company states it was the first Canadian ambulance manufacturer to obtain ISO 9001 certification, operating from Saskatoon","Saskatoon, Saskatchewan","Foreign-owned subsidiary with Canadian manufacturing (part of Pulse Vehicles, LLC)",None stated on fetched official page,"Substitute for US-built ambulances (e.g. Braun, Horton); transportation band (25%)",87.03,Crestline was the first Canadian ambulance manufacturer to obtain ISO 9001 Certification.,https://crestlineambulances.com/ca/corporate/,https://en.wikipedia.org/wiki/Crestline_Coach,2026-08-30,High,"Automobile, mobilité et produits liés au transport",Ambulances,"Ambulances Crestline Fleetmax, Commander et Force","Ambulances de types I, II et III et véhicules spécialisés de transfert de patients","L’entreprise affirme avoir été le premier fabricant d’ambulances canadien à obtenir la certification ISO 9001, exerçant ses activités depuis Saskatoon","Saskatoon, Saskatchewan","Filiale étrangère avec fabrication canadienne (fait partie de Pulse Vehicles, LLC)",Aucune précision sur la page officielle consultée,"Substitut aux ambulances construites aux États-Unis (p. ex. Braun, Horton); tranche de 25 % visant le transport"
602,"Automotive, mobility and transport-related goods",Ambulances,Demers Ambulances,"Demers Type I, II and III ambulances",Emergency ambulances for paramedic services,"Company states its Beloeil, Quebec facility is its primary manufacturing site where Type I and Type III ambulance production takes place","Beloeil, Quebec",Canadian-owned (Quebec-based Demers Braun Crestline group; ownership not stated on fetched page),None stated on fetched official page,Substitute for US-built ambulances; transportation band (25%),87.03,"This facility is our primary manufacturing, engineering, remount, and corporate headquarters. It is where ambulance production takes place for our Type I and Type III models.",https://www.demers-ambulances.com/us/about/facilities/,https://www.paramedicchiefs.ca/wp-content/uploads/2025/04/FOR-IMMEDIATE-RELEASE-Demers-Ambulances-65-Years-of-Continuous-Growth-and-Global-Leadership-040325.pdf,2026-08-30,High,"Automobile, mobilité et produits liés au transport",Ambulances,"Ambulances Demers de types I, II et III",Ambulances d’urgence pour les services paramédicaux,"L’entreprise affirme que ses installations de Beloeil, au Québec, constituent son principal site de fabrication, où se déroule la production des ambulances de types I et III","Beloeil, Québec",Propriété canadienne (groupe québécois Demers Braun Crestline; propriété non précisée sur la page consultée),Aucune précision sur la page officielle consultée,Substitut aux ambulances construites aux États-Unis; tranche de 25 % visant le transport
603,"Automotive, mobility and transport-related goods",Passenger vehicles,Stellantis Windsor Assembly Plant,Chrysler Pacifica and Pacifica Hybrid minivans,Family minivans assembled in Canada,Industry reporting states Fiat Chrysler's Windsor Assembly plant in Ontario has built over 10 million Chrysler minivans,"Windsor, Ontario",Foreign-owned subsidiary with Canadian manufacturing (Stellantis N.V.),"Aluminum sliding side doors are shipped from Warren Stamping in Michigan, so significant US content is used",Substitute for US-assembled minivans and SUVs; passenger vehicles fall in Canada's transportation counter-tariff band (25%),87.03,"Fiat Chrysler Autos' Windsor Assembly plant (WAP) in Ontario, Canada, has built over 10m of the 4.3m Chrysler minivans sold to date.",https://www.just-auto.com/features/fca-windsor-plant-retooled-after-10m-minivans-since-1983/,https://en.wikipedia.org/wiki/Windsor_Assembly,2026-08-30,Medium,"Automobile, mobilité et produits liés au transport",Véhicules de tourisme,Fourgonnettes Chrysler Pacifica et Pacifica hybride,Fourgonnettes familiales assemblées au Canada,"Des reportages sectoriels indiquent que l’usine d’assemblage de Windsor, en Ontario, de Fiat Chrysler a construit plus de 10 millions de fourgonnettes Chrysler","Windsor, Ontario",Filiale étrangère avec fabrication canadienne (Stellantis N.V.),"Les portes latérales coulissantes en aluminium sont expédiées de l’usine d’emboutissage de Warren, au Michigan; un contenu américain important est donc utilisé",Substitut aux fourgonnettes et VUS assemblés aux États-Unis; les véhicules de tourisme se situent dans la tranche de contre-tarif canadienne de 25 % visant le transport
604,"Automotive, mobility and transport-related goods",Powertrain and machined parts,Linamar Corporation,"Cylinder heads, blocks, transmission and driveline components","Precision-machined engine, driveline and EV components for vehicle makers","Company announced plans to build a new manufacturing facility in Guelph, Ontario to build cylinder heads","Guelph, Ontario (plus other Ontario plants)","Canadian-owned (TSX: LNR, founder-controlled Hastings family, Guelph ON)",None stated on fetched official page,Substitute for US-made engine and driveline components; auto parts fall in the transportation/machinery band (25%) with metal content exposed to 50% metals rate,87.08,"Linamar Corporation (TSX:LNR) is pleased to announce plans to build a new manufacturing facility in Guelph, Ontario to build cylinder heads for an existing customer.",https://www.linamar.com/news/linamar-corporation-announces-plans-to-build-a-new-manufacturing-facility-in-guelph-ontario/,https://www.cbc.ca/news/canada/kitchener-waterloo/guelph-linamar-electric-vehicle-expansion-1.7443646,2026-08-30,High,"Automobile, mobilité et produits liés au transport",Groupes motopropulseurs et pièces usinées,"Culasses, blocs-moteurs, composants de transmission et de chaîne cinématique","Composants de moteur, de chaîne cinématique et de véhicules électriques usinés avec précision pour les constructeurs automobiles","L’entreprise a annoncé son intention de construire une nouvelle usine à Guelph, en Ontario, pour fabriquer des culasses","Guelph, Ontario (et autres usines ontariennes)","Propriété canadienne (TSX : LNR, contrôlée par la famille fondatrice Hastings, Guelph, Ontario)",Aucune précision sur la page officielle consultée,"Substitut aux composants de moteur et de chaîne cinématique fabriqués aux États-Unis; les pièces automobiles se situent dans la tranche de 25 % visant le transport et la machinerie, le contenu métallique étant exposé au taux de 50 % sur les métaux"
605,"Automotive, mobility and transport-related goods",Metal stampings and structures,Martinrea International,"Metal stampings, welded assemblies, battery enclosures, fluid systems","Body-in-white stampings, chassis parts, battery enclosures and brake/fuel lines for vehicles","Company states its Ridgetown, Ontario plant produces metal stampings and welded assemblies for the automotive industry, among many Ontario facilities","Ridgetown, Dresden, Vaughan, Brampton and St. Mary's, Ontario","Canadian-owned (TSX-listed, headquartered in Vaughan, Ontario)","Company states its North American sales represent products manufactured in Canada, the United States and Mexico","Substitute for US-made stampings, chassis parts and battery enclosures; transportation/machinery band (25%), steel/aluminum content exposed to 50% metals rate",87.08,"The Ridgetown plant, which was established in 1987 and acquired by Martinrea in 2006, currently employs approximately 150 people and produces several metal stampings and welded assemblies for the automotive industry.",https://www.martinrea.com/news-release/martinrea-ridgetown-investment/,https://www.martinrea.com/wp-content/uploads/Q4-2020-Annual-Information-Form-Final.pdf,2026-08-30,High,"Automobile, mobilité et produits liés au transport",Pièces embouties et structures métalliques,"Pièces embouties, assemblages soudés, boîtiers de batteries, circuits de fluides","Pièces embouties de caisse en blanc, pièces de châssis, boîtiers de batteries et conduites de frein et de carburant pour les véhicules","L’entreprise affirme que son usine de Ridgetown, en Ontario, produit des pièces embouties et des assemblages soudés pour l’industrie automobile, parmi ses nombreuses installations ontariennes","Ridgetown, Dresden, Vaughan, Brampton et St. Mary’s, Ontario","Propriété canadienne (cotée à la TSX, siège social à Vaughan, en Ontario)","L’entreprise indique que ses ventes nord-américaines correspondent à des produits fabriqués au Canada, aux États-Unis et au Mexique","Substitut aux pièces embouties, pièces de châssis et boîtiers de batteries fabriqués aux États-Unis; tranche de 25 % visant le transport et la machinerie, le contenu d’acier et d’aluminium étant exposé au taux de 50 % sur les métaux"
606,"Automotive, mobility and transport-related goods",Rubber tracks and track systems,Soucy Group,Soucy Track track systems and rubber tracks,"Rubber tracks and track conversion systems for ATVs, tractors and off-road machines",Company states it designs and manufactures its track systems and parts and has become one of the largest manufacturers in Quebec since 1967,Quebec (Drummondville area; city not stated on fetched page),Canadian-owned (Quebec family group),None stated on fetched official page,"Substitute for US-origin rubber tracks and track systems (e.g. Camso US lines, Mattracks); transportation and rubber/plastics bands (25%)",40.11,We design and manufacture our track systems as well as high-performance parts and accessories for the world's leading manufacturers of off-road products,https://www.soucy-group.com/en/about,https://www.soucy-group.com/en/units/soucy-rubber-tracks/manufacturing,2026-08-30,High,"Automobile, mobilité et produits liés au transport",Chenilles et systèmes de chenilles en caoutchouc,Systèmes de chenilles et chenilles en caoutchouc Soucy Track,"Chenilles en caoutchouc et systèmes de conversion à chenilles pour les VTT, les tracteurs et les machines hors route",L’entreprise affirme concevoir et fabriquer ses systèmes de chenilles et ses pièces et être devenue l’un des plus grands fabricants du Québec depuis 1967,Québec (région de Drummondville; ville non précisée sur la page consultée),Propriété canadienne (groupe familial québécois),Aucune précision sur la page officielle consultée,"Substitut aux chenilles et systèmes de chenilles en caoutchouc d’origine américaine (p. ex. gammes américaines de Camso, Mattracks); tranches de 25 % visant le transport et le caoutchouc et les plastiques"
607,"Automotive, mobility and transport-related goods",Tires,Michelin Canada (Nova Scotia plants),"Michelin passenger, light truck and commercial truck tires; steel cord","Replacement and OE tires for cars, light trucks and commercial vehicles","Public broadcaster and company release document tire manufacturing at Michelin's three Nova Scotia plants, including 7,500 tires per day at Bridgewater","Bridgewater, Waterville and Granton, Nova Scotia","Foreign-owned subsidiary with Canadian manufacturing (Michelin, France)","Michelin North America's headquarters are in Greenville, South Carolina; product mix across plants varies","Substitute for US-made tires (Goodyear, Cooper); tires fall in the transportation/rubber band (25%)",40.11,"The factory, capable of producing 7,500 tires each day, serves as the cornerstone of Nova Scotia's manufacturing sector.",https://www.cbc.ca/news/canada/nova-scotia/michelin-tires-bridgewater-waterville-granton-exports-tariffs-1.7527606,https://www.michelin.ca/en/auto/michelin-announces-300-million-investment-in-nova-scotia-plants,2026-08-30,Medium,"Automobile, mobilité et produits liés au transport",Pneus,"Pneus Michelin pour voitures, camions légers et camions commerciaux; câbles d’acier","Pneus de remplacement et d’origine pour les voitures, les camions légers et les véhicules commerciaux","Un radiodiffuseur public et un communiqué de l’entreprise documentent la fabrication de pneus aux trois usines néo-écossaises de Michelin, dont 7 500 pneus par jour à Bridgewater","Bridgewater, Waterville et Granton, Nouvelle-Écosse","Filiale étrangère avec fabrication canadienne (Michelin, France)","Le siège social de Michelin Amérique du Nord se trouve à Greenville, en Caroline du Sud; la gamme de produits varie d’une usine à l’autre","Substitut aux pneus fabriqués aux États-Unis (Goodyear, Cooper); les pneus se situent dans la tranche de 25 % visant le transport et le caoutchouc"
608,"Automotive, mobility and transport-related goods",Manual wheelchairs,Motion Composites,"APEX, Helio and Veloce carbon and aluminum wheelchairs",Ultralight manual wheelchairs for daily mobility,Company marks its wheelchairs 'Made in Canada' on its Canadian site,"Saint-Roch-de-l'Achigan, Quebec (not stated on fetched page)",Canadian-owned (Quebec manufacturer),None stated on fetched official page,"Substitute for US-made manual wheelchairs (e.g. Ki Mobility, Quickie/Sunrise US lines); mobility equipment in the transportation/machinery band (25%), aluminum content exposed to metals rate",87.13,Made in Canada,https://www.motioncomposites.com/en_ca,https://www.motioncomposites.com/en_ca/products,2026-08-30,Medium,"Automobile, mobilité et produits liés au transport",Fauteuils roulants manuels,"Fauteuils roulants en carbone et en aluminium APEX, Helio et Veloce",Fauteuils roulants manuels ultralégers pour la mobilité quotidienne,L’entreprise indique la mention « Fabriqué au Canada » pour ses fauteuils roulants sur son site canadien,"Saint-Roch-de-l’Achigan, Québec (non précisé sur la page consultée)",Propriété canadienne (fabricant québécois),Aucune précision sur la page officielle consultée,"Substitut aux fauteuils roulants manuels fabriqués aux États-Unis (p. ex. Ki Mobility, gammes américaines Quickie/Sunrise); l’équipement de mobilité se situe dans la tranche de 25 % visant le transport et la machinerie, le contenu d’aluminium étant exposé au taux sur les métaux"
609,"Automotive, mobility and transport-related goods",Tilt-in-space wheelchairs,PDG Mobility,"Fuze T50, Bentley and Eclipse tilt wheelchairs",Manual tilt-in-space wheelchairs for complex rehab and long-term care,Company catalogue states all PDG chairs are built in Canada,"Vancouver area, British Columbia (city not stated on fetched document)",Foreign-owned subsidiary with Canadian manufacturing (acquired by Permobil in September 2023),None stated on fetched document,Substitute for US-origin complex rehab wheelchairs; mobility equipment band (25%),87.13,All PDG chairs are built in Canada.,https://pdgmobility.com/documents/brochures/catalogue.pdf,https://www.permobil.com/media-center/press-releases-new/permobil-acquires-pdg-mobility-a-leading-provider-of-manual-tilt-wheelchairs,2026-08-30,High,"Automobile, mobilité et produits liés au transport",Fauteuils roulants à bascule,"Fauteuils roulants à bascule Fuze T50, Bentley et Eclipse",Fauteuils roulants manuels à bascule pour la réadaptation complexe et les soins de longue durée,Le catalogue de l’entreprise indique que tous les fauteuils PDG sont fabriqués au Canada,"Région de Vancouver, Colombie-Britannique (ville non précisée dans le document consulté)",Filiale étrangère avec fabrication canadienne (acquise par Permobil en septembre 2023),Aucune précision dans le document consulté,Substitut aux fauteuils roulants de réadaptation complexe d’origine américaine; tranche de 25 % visant l’équipement de mobilité
610,"Automotive, mobility and transport-related goods",Rail rolling stock,Alstom Canada (La Pocatiere plant),AZUR metro cars and rail vehicle assemblies,Urban metro cars and rail vehicles for transit agencies,"Consortium press release states production and final assembly of the AZUR metro cars took place at the La Pocatiere, Quebec manufacturing facility","La Pocatiere, Quebec (bogies at Sorel-Tracy, Quebec)","Foreign-owned subsidiary with Canadian manufacturing (Alstom, France, which acquired Bombardier Transportation)",Reference sources state the AZUR trains have about 60% Canadian content,Substitute for US-built rail rolling stock; rail transport equipment in the transportation band (25%) with steel/aluminum content exposed to 50% metals rate,86.03,"Bombardier leads the project with responsibility for design and engineering at its St. Bruno, Québec, site, and production and final assembly at its La Pocatière manufacturing facility.",https://www.alstom.com/press-releases-news/2016/2/the-bombardier-alstom-consortium-and-the-stm-inaugurate-entry-into-service-of-montreals-azur-metro-cars,https://en.wikipedia.org/wiki/MPM-10,2026-08-30,High,"Automobile, mobilité et produits liés au transport",Matériel roulant ferroviaire,Voitures de métro AZUR et assemblages de véhicules ferroviaires,Voitures de métro urbain et véhicules ferroviaires pour les sociétés de transport en commun,"Le communiqué du consortium indique que la production et l’assemblage final des voitures de métro AZUR ont eu lieu à l’usine de La Pocatière, au Québec","La Pocatière, Québec (bogies à Sorel-Tracy, au Québec)","Filiale étrangère avec fabrication canadienne (Alstom, France, qui a acquis Bombardier Transport)",Des sources de référence indiquent que les trains AZUR comportent environ 60 % de contenu canadien,"Substitut au matériel roulant ferroviaire construit aux États-Unis; l’équipement de transport ferroviaire se situe dans la tranche de 25 % visant le transport, le contenu d’acier et d’aluminium étant exposé au taux de 50 % sur les métaux"
611,"Automotive, mobility and transport-related goods",Aircraft,Diamond Aircraft Industries,"DA40 NG, DA42 and DA62 piston aircraft",Light piston aircraft for flight training and personal aviation,"Company states Diamond aircraft are produced in facilities in Wiener Neustadt, Austria and London, Ontario, Canada","London, Ontario","Foreign-owned subsidiary with Canadian manufacturing (Wanfeng Aviation, China)",Production is shared with Austrian and licensed third-party facilities,"Substitute for US-built light aircraft (Cessna, Piper); aircraft fall in the transportation band (25%)",88.02,"Diamond Aircraft are produced in state of the art facilities located in Wiener Neustadt, Austria and London, Ontario, Canada, as well as in third party license facilities to serve their respective markets.",https://www.diamondaircraft.com/en/about-diamond/why-diamond/locations/,,2026-08-30,High,"Automobile, mobilité et produits liés au transport",Aéronefs,"Aéronefs à moteur à pistons DA40 NG, DA42 et DA62",Aéronefs légers à moteur à pistons pour la formation au pilotage et l’aviation personnelle,"L’entreprise affirme que les aéronefs Diamond sont produits dans des installations à Wiener Neustadt, en Autriche, et à London, en Ontario, au Canada","London, Ontario","Filiale étrangère avec fabrication canadienne (Wanfeng Aviation, Chine)",La production est partagée avec des installations autrichiennes et des installations de tiers sous licence,"Substitut aux aéronefs légers construits aux États-Unis (Cessna, Piper); les aéronefs se situent dans la tranche de 25 % visant le transport"
612,"Automotive, mobility and transport-related goods",Aircraft,De Havilland Aircraft of Canada,"Dash 8-400, Twin Otter Classic 300-G, DHC-515 waterbomber","Regional turboprop airliners, utility aircraft and aerial firefighting aircraft",Company campaigns for investment in 'Canadian-made firefighting aircraft' and is building De Havilland Field in Alberta,"Calgary area (De Havilland Field, Wheatland County), Alberta","Canadian-owned (Longview Aviation Capital, Victoria BC)",Company page does not detail component sourcing,Substitute for US-built regional and utility aircraft; transportation band (25%),88.02,asking them to support a long-term investment in Canadian-made firefighting aircraft,https://dehavilland.com/,https://www.cbc.ca/news/canada/calgary/de-havilland-airplane-manufacturing-calgary-1.6589863,2026-08-30,Medium,"Automobile, mobilité et produits liés au transport",Aéronefs,"Dash 8-400, Twin Otter Classic 300-G, bombardier d’eau DHC-515","Avions de ligne régionaux à turbopropulseurs, aéronefs utilitaires et avions-citernes de lutte contre les incendies","L’entreprise fait campagne pour des investissements dans des « avions de lutte contre les incendies de fabrication canadienne » et construit le De Havilland Field, en Alberta","Région de Calgary (De Havilland Field, comté de Wheatland), Alberta","Propriété canadienne (Longview Aviation Capital, Victoria, Colombie-Britannique)",La page de l’entreprise ne détaille pas l’approvisionnement en composants,Substitut aux aéronefs régionaux et utilitaires construits aux États-Unis; tranche de 25 % visant le transport
613,"Automotive, mobility and transport-related goods",Helicopters,Bell Textron Canada,"Bell 429, Bell 407 and SUBARU Bell 412EPX helicopters","Light and medium commercial helicopters for EMS, utility and transport","Company release states its 6,000th helicopter was built in Canada at its Mirabel facility","Mirabel, Quebec",Foreign-owned subsidiary with Canadian manufacturing (a Textron Inc. company),None stated on fetched source page,Substitute for US-built helicopters; transportation band (25%),88.02,"Our 6,000th helicopter built in Canada demonstrates our commitment to manufacturing helicopters capable of performing the most critical missions",https://www.newswire.ca/news-releases/bell-textron-canada-celebrates-its-6-000th-helicopter-built-at-mirabel-facility-835294660.html,https://www.bellflight.com/global/canada,2026-08-30,High,"Automobile, mobilité et produits liés au transport",Hélicoptères,"Hélicoptères Bell 429, Bell 407 et SUBARU Bell 412EPX","Hélicoptères commerciaux légers et moyens pour les services médicaux d’urgence, les services publics et le transport","Un communiqué de l’entreprise indique que son 6 000e hélicoptère a été construit au Canada, à ses installations de Mirabel","Mirabel, Québec",Filiale étrangère avec fabrication canadienne (une société de Textron Inc.),Aucune précision sur la page source consultée,Substitut aux hélicoptères construits aux États-Unis; tranche de 25 % visant le transport
614,"Automotive, mobility and transport-related goods",Aircraft engines,Pratt & Whitney Canada,"PT6A turboprops, PW100/PW150, PW300 and PW500 engines","Turboprop and turbofan engines for regional aircraft, business jets and helicopters",Aviation trade reporting states Longueuil is Pratt & Whitney Canada's principal manufacturing centre producing parts across its portfolio,"Longueuil, Quebec (with Halifax NS, Mississauga ON and Lethbridge AB sites)",Foreign-owned subsidiary with Canadian manufacturing (an RTX company),"Assembly and testing of some lines occurs in Mississauga, Ontario and Lethbridge, Alberta",Substitute for US-built aircraft engines and parts; transportation/machinery band (25%),84.11,Longueuil serves as Pratt & Whitney Canada's principal manufacturing center and produces parts used across the company's portfolio.,https://www.aerotime.aero/articles/pratt-whitney-canada-longueuil-investment,https://skiesmag.com/features/power-people-pratt-whitney-canada/,2026-08-30,Medium,"Automobile, mobilité et produits liés au transport",Moteurs d’aéronefs,"Turbopropulseurs PT6A, moteurs PW100/PW150, PW300 et PW500","Turbopropulseurs et turboréacteurs pour les aéronefs régionaux, les avions d’affaires et les hélicoptères","La presse spécialisée en aviation indique que Longueuil est le principal centre de fabrication de Pratt & Whitney Canada, qui y produit des pièces pour l’ensemble de sa gamme","Longueuil, Québec (avec des sites à Halifax [N.-É.], à Mississauga [Ont.] et à Lethbridge [Alb.])",Filiale étrangère avec fabrication canadienne (une société de RTX),"L’assemblage et les essais de certaines gammes ont lieu à Mississauga, en Ontario, et à Lethbridge, en Alberta",Substitut aux moteurs et pièces d’aéronefs construits aux États-Unis; tranche de 25 % visant le transport et la machinerie
615,Other tariff-relevant Canadian-made goods,Musical instruments,Sabian,"AA, AAX, HH, HHX and Paragon cymbals",Drum kit cymbals for live and studio music,"Trade press and public archives document that Sabian cymbals are made at the Meductic, New Brunswick plant","Meductic, New Brunswick",Canadian-based family business (led by Andy Zildjian; corporate ownership not stated),None stated on fetched source pages,"Substitute for US-made cymbals (Zildjian, Paiste US lines); musical instruments fall in Canada's consumer-goods counter-tariff band (25%), brass/bronze content exposed to metals measures",92.06,"Made in a small town in New Brunswick, SABIAN cymbals are loved by musicians across the globe.",https://atlanticbusinessmagazine.ca/web-exclusives/sabian-a-cymbal-of-innovation-for-40-years/,https://www.cbc.ca/archives/the-new-brunswick-cymbal-factory-that-was-a-crashing-success-1.5214015,2026-08-30,High,Autres produits fabriqués au Canada visés par les tarifs,Instruments de musique,"Cymbales AA, AAX, HH, HHX et Paragon",Cymbales de batterie pour la scène et le studio,"La presse spécialisée et les archives publiques documentent que les cymbales Sabian sont fabriquées à l’usine de Meductic, au Nouveau-Brunswick","Meductic, Nouveau-Brunswick",Entreprise familiale établie au Canada (dirigée par Andy Zildjian; propriété de la société non précisée),Aucune précision sur les pages sources consultées,"Substitut aux cymbales fabriquées aux États-Unis (gammes américaines de Zildjian, Paiste); les instruments de musique se situent dans la tranche de contre-tarif canadienne de 25 % visant les biens de consommation, le contenu de laiton et de bronze étant visé par les mesures sur les métaux"
616,Other tariff-relevant Canadian-made goods,Musical instruments,Ayotte Drums,Ayotte custom maple drum kits and snare drums,Professional drum kits for stage and studio,"Reference source states the company uses locally grown eastern sugar maple for shells assembled in Bedford, Quebec","Bedford, Quebec",Ownership not verified (company acquired by Jean-Denis Beaudoin after 2012 bankruptcy),Some historical Ayotte-branded lines (Drumsmith) were mass-produced in Taiwan,"Substitute for US-made drum kits (DW, Ludwig); musical instruments in the consumer-goods band (25%)",92.06,"The company states that they use locally grown eastern sugar maple for their drum shells, which are assembled in Bedford, Quebec.",https://en.wikipedia.org/wiki/Ayotte_Drums,http://www.ayottedrums.com/factory.html,2026-08-30,Low,Autres produits fabriqués au Canada visés par les tarifs,Instruments de musique,Batteries et caisses claires en érable sur mesure Ayotte,Batteries professionnelles pour la scène et le studio,"Une source de référence indique que l’entreprise utilise de l’érable à sucre de l’Est cultivé localement pour des fûts assemblés à Bedford, au Québec","Bedford, Québec",Propriété non vérifiée (entreprise acquise par Jean-Denis Beaudoin après la faillite de 2012),Certaines gammes historiques de marque Ayotte (Drumsmith) étaient produites en série à Taïwan,"Substitut aux batteries fabriquées aux États-Unis (DW, Ludwig); les instruments de musique se situent dans la tranche de 25 % visant les biens de consommation"
617,Other tariff-relevant Canadian-made goods,Wood and gas stoves,Osburn (Stove Builder International),"Osburn wood stoves, inserts and fireplaces",Home heating wood and pellet stoves and inserts,"Brand site states its stoves are 'Handmade in Quebec, Canada'",Canada (Quebec; city not stated on fetched page),"Canadian-owned (Stove Builder International, Quebec; ownership not stated on fetched page)",None stated on fetched official page,Substitute for US-made wood stoves; appliance band (25%) with steel content exposed to the 50% steel rate,73.21,"Handmade in Québec, Canada",https://osburnwoodstoves.com/,,2026-08-30,High,Autres produits fabriqués au Canada visés par les tarifs,Poêles à bois et au gaz,"Poêles à bois, encastrables et foyers Osburn",Poêles et encastrables au bois et aux granules pour le chauffage domestique,"Le site de la marque indique que ses poêles sont « faits à la main au Québec, au Canada »",Canada (Québec; ville non précisée sur la page consultée),"Propriété canadienne (Stove Builder International, Québec; propriété non précisée sur la page consultée)",Aucune précision sur la page officielle consultée,"Substitut aux poêles à bois fabriqués aux États-Unis; tranche de 25 % visant les appareils, le contenu d’acier étant exposé au taux de 50 % sur l’acier"
618,Other tariff-relevant Canadian-made goods,Wood stoves,Blaze King (Valley Comfort Systems),"Blaze King Princess, King and Ashford catalytic wood stoves",High-efficiency catalytic wood stoves for home heating,"Product manual states the stoves are manufactured by Valley Comfort Systems Inc. in Penticton, BC, and trade sources describe Blaze King as a Canadian manufacturer based in Penticton","Penticton, British Columbia","Canadian-owned (Valley Comfort Systems Inc., Penticton BC; ownership not stated)",None stated on fetched sources,"Substitute for US-made wood stoves (Lopi, Jotul US); appliance band (25%), steel content exposed to 50% steel rate",73.21,"Manufactured By Valley Comfort Systems Inc., 1290 Commercial Way, Penticton, BC, V2A 3H5, Canada",https://www.blazeking.com/wp-content/uploads/2018/11/OM-PE-E-Princess-Stove.pdf,https://coval.ca/en/blaze-king/,2026-08-30,High,Autres produits fabriqués au Canada visés par les tarifs,Poêles à bois,"Poêles à bois catalytiques Blaze King Princess, King et Ashford",Poêles à bois catalytiques à haute efficacité pour le chauffage domestique,"Le manuel du produit indique que les poêles sont fabriqués par Valley Comfort Systems Inc. à Penticton, en Colombie-Britannique, et des sources spécialisées décrivent Blaze King comme un fabricant canadien établi à Penticton","Penticton, Colombie-Britannique","Propriété canadienne (Valley Comfort Systems Inc., Penticton, Colombie-Britannique; propriété non précisée)",Aucune précision dans les sources consultées,"Substitut aux poêles à bois fabriqués aux États-Unis (Lopi, Jotul États-Unis); tranche de 25 % visant les appareils, le contenu d’acier étant exposé au taux de 50 % sur l’acier"
619,Other tariff-relevant Canadian-made goods,Paint and coatings,BeautiTone (Home Hardware),BeautiTone interior and exterior paints and stains,Household paint for interior and exterior use,"Retailer states BeautiTone is Canada's top retail paint brand, proudly owned and made in Canada, based in south-western Ontario",South-western Ontario (city not stated),Canadian-owned ('proudly Canadian-owned and made'),None stated on fetched official page,"Substitute for US-made paint (Sherwin-Williams, Behr); chemicals/consumer band (25%)",32.09,"We are Canada's top retail paint brand, proudly owned and made in Canada.",https://www.homehardware.ca/en/landing/beautitone,,2026-08-30,High,Autres produits fabriqués au Canada visés par les tarifs,Peintures et revêtements,Peintures et teintures intérieures et extérieures BeautiTone,Peinture domestique pour usage intérieur et extérieur,"Le détaillant affirme que BeautiTone est la première marque de peinture de détail au Canada, fièrement détenue et fabriquée au Canada, établie dans le sud-ouest de l’Ontario",Sud-ouest de l’Ontario (ville non précisée),Propriété canadienne (« fièrement de propriété canadienne et fabriquée au Canada »),Aucune précision sur la page officielle consultée,"Substitut à la peinture fabriquée aux États-Unis (Sherwin-Williams, Behr); tranche de 25 % visant les produits chimiques et de consommation"
620,Other tariff-relevant Canadian-made goods,Agricultural machinery,Versatile / Buhler Industries,Versatile 4WD and row-crop tractors; Farm King implements,"Farm tractors, augers, tillage and compact implements","Company states the Winnipeg plant on Clarence Avenue has built over 100,000 tractors and that Farm King products are manufactured in Morden, Manitoba","Winnipeg and Morden, Manitoba","Ownership not verified (Versatile is a division of Buhler Industries Inc., TSX: BUI)","Versatile also owns a sprayer manufacturing facility in Willmar, Minnesota","Substitute for US-built tractors and farm implements (John Deere, Case IH US plants); agricultural machinery band (25%) with steel content exposed to the 50% steel rate",87.01,"Since Versatile opened more than 50 years ago, the plant on Clarence Avenue in Winnipeg, Manitoba, Canada has built over 100,000 tractors.",https://www.buhlerindustries.com/pages/brands.php,https://www.versatile-ag.com/EU/pages/about.php,2026-08-30,High,Autres produits fabriqués au Canada visés par les tarifs,Machinerie agricole,Tracteurs Versatile à quatre roues motrices et pour cultures en rangs; instruments Farm King,"Tracteurs agricoles, vis transporteuses, outils de travail du sol et instruments compacts","L’entreprise affirme que son usine de l’avenue Clarence, à Winnipeg, a construit plus de 100 000 tracteurs et que les produits Farm King sont fabriqués à Morden, au Manitoba","Winnipeg et Morden, Manitoba","Propriété non vérifiée (Versatile est une division de Buhler Industries Inc., TSX : BUI)","Versatile possède aussi une usine de fabrication de pulvérisateurs à Willmar, au Minnesota","Substitut aux tracteurs et instruments agricoles construits aux États-Unis (usines américaines de John Deere et de Case IH); tranche de 25 % visant la machinerie agricole, le contenu d’acier étant exposé au taux de 50 % sur l’acier"
621,Other tariff-relevant Canadian-made goods,Agricultural machinery,Honey Bee Manufacturing,Grain Belt draper headers and swather platforms,Combine and swather headers for grain harvesting,"Public broadcaster reports the company manufactures headers for combines and swathers at its 120,000 sq ft facility outside Frontier, Saskatchewan","Frontier, Saskatchewan",Canadian-owned ('The Honey family continues to own the privately held company'),None stated on fetched source page,"Substitute for US-built harvesting headers (MacDon US, John Deere); agricultural machinery band (25%), steel content exposed to 50% steel rate",84.33,"Honey Bee operates a 120,000 square-foot facility just on the outskirts of Frontier, which is located approximately 25 kilometers north of the U.S. border, where they manufacture headers for combines and swathers.",https://www.cbc.ca/news/canada/saskatchewan/ag-manufacturer-honey-bee-cuts-jobs-frontier-1.7532931,https://www.agdealer.com/manufacturer/honey-bee,2026-08-30,High,Autres produits fabriqués au Canada visés par les tarifs,Machinerie agricole,Tables de coupe à tapis et plateformes d’andaineuses Grain Belt,Tables de coupe pour moissonneuses-batteuses et andaineuses pour la récolte des céréales,"Un radiodiffuseur public rapporte que l’entreprise fabrique des tables de coupe pour moissonneuses-batteuses et andaineuses à ses installations de 120 000 pi² situées en périphérie de Frontier, en Saskatchewan","Frontier, Saskatchewan",Propriété canadienne (« la famille Honey demeure propriétaire de cette société fermée »),Aucune précision sur la page source consultée,"Substitut aux tables de coupe de récolte construites aux États-Unis (MacDon États-Unis, John Deere); tranche de 25 % visant la machinerie agricole, le contenu d’acier étant exposé au taux de 50 % sur l’acier"
622,Other tariff-relevant Canadian-made goods,Agricultural machinery,Highline Manufacturing,"Bale Pro bale processors, Feed Chopper and rock pickers",Bale processing and livestock feeding equipment,"Company brochure states its equipment is designed and built in Saskatchewan, at its Vonda, SK site","Vonda, Saskatchewan","Canadian-owned (wholly-owned subsidiary of family-owned Bourgault Industries Ltd., St. Brieux SK)",None stated on fetched sources,"Substitute for US-built bale processors and feeding equipment; agricultural machinery band (25%), steel content exposed to 50% steel rate",84.36,Designed and built in Saskatchewan and available to you for profitable livestock farming.,https://www.waringadistribution.com.au/wp-content/uploads/2022/11/Highline_Bale-Processing-Brochure_WEB.pdf,https://www.canadianmetalworking.com/canadianfabricatingandwelding/article/fabricating/focused-on-efficiency,2026-08-30,High,Autres produits fabriqués au Canada visés par les tarifs,Machinerie agricole,"Démêleurs de balles Bale Pro, Feed Chopper et ramasseurs de pierres",Équipement de traitement des balles et d’alimentation du bétail,"La brochure de l’entreprise indique que son équipement est conçu et fabriqué en Saskatchewan, à son site de Vonda","Vonda, Saskatchewan","Propriété canadienne (filiale en propriété exclusive de Bourgault Industries Ltd., entreprise familiale de St. Brieux, en Saskatchewan)",Aucune précision dans les sources consultées,"Substitut aux démêleurs de balles et à l’équipement d’alimentation construits aux États-Unis; tranche de 25 % visant la machinerie agricole, le contenu d’acier étant exposé au taux de 50 % sur l’acier"
623,Other tariff-relevant Canadian-made goods,Agricultural machinery,Bourgault Industries,"Air seeder carts, air hoe drills, air coulter drills and cultivators",Seeding and tillage equipment for grain farms,"Farm trade press documents Bourgault's manufacturing plants in St. Brieux, Saskatchewan, where its air seeding equipment is built","St. Brieux, Saskatchewan",Canadian-owned (family-owned Saskatchewan company),None stated on fetched source page,"Substitute for US-built seeding and tillage equipment (Great Plains, Case IH); agricultural machinery band (25%) with steel content exposed to the 50% steel rate",84.32,"“The best farm machinery on the planet” is built in a small rural centre, he said.",https://www.producer.com/news/bourgault-marks-20-years-with-new-plant/,https://www.waringadistribution.com.au/wp-content/uploads/2022/11/Highline_Bale-Processing-Brochure_WEB.pdf,2026-08-30,Medium,Autres produits fabriqués au Canada visés par les tarifs,Machinerie agricole,"Chariots de semoirs pneumatiques, semoirs pneumatiques à dents et à disques et cultivateurs",Équipement de semis et de travail du sol pour les fermes céréalières,"La presse agricole spécialisée documente les usines de Bourgault à St. Brieux, en Saskatchewan, où son équipement de semis pneumatique est fabriqué","St. Brieux, Saskatchewan",Propriété canadienne (entreprise familiale de la Saskatchewan),Aucune précision sur la page source consultée,"Substitut à l’équipement de semis et de travail du sol construit aux États-Unis (Great Plains, Case IH); tranche de 25 % visant la machinerie agricole, le contenu d’acier étant exposé au taux de 50 % sur l’acier"
624,Other tariff-relevant Canadian-made goods,Agricultural machinery,Degelman Industries,"Degelman dozer blades, rock pickers, land rollers and Pro-Till discs","Land clearing, tillage and rock removal equipment for farms","Canadian manufacturing trade press documents that the company relocated manufacturing to Regina, Saskatchewan in 1966 and builds its equipment there","Regina, Saskatchewan",Canadian-owned ('one of the Degelman Industries Ltd. family owners'),None stated on fetched source pages,Substitute for US-built dozer blades and tillage equipment; agricultural machinery band (25%) with steel content exposed to the 50% steel rate,84.32,"So we moved to Regina in 1966. The 70- mile move relocated the manufacturing to a 10,000-sq.-ft. facility.",https://www.canadianmetalworking.com/canadianindustrialmachinery/article/madeincanada/strength-is-built-in,https://degelman.com/pub/.resources/brochures/all-products-brochure-72924-web.pdf,2026-08-30,Medium,Autres produits fabriqués au Canada visés par les tarifs,Machinerie agricole,"Lames de bouteur, ramasseurs de pierres, rouleaux et disques Pro-Till Degelman","Équipement de défrichage, de travail du sol et de ramassage des pierres pour les fermes","La presse manufacturière canadienne documente que l’entreprise a déménagé sa fabrication à Regina, en Saskatchewan, en 1966 et qu’elle y fabrique son équipement","Regina, Saskatchewan",Propriété canadienne (« l’un des propriétaires de la famille Degelman Industries Ltd. »),Aucune précision sur les pages sources consultées,"Substitut aux lames de bouteur et à l’équipement de travail du sol construits aux États-Unis; tranche de 25 % visant la machinerie agricole, le contenu d’acier étant exposé au taux de 50 % sur l’acier"
625,Other tariff-relevant Canadian-made goods,Fertilizer and garden inputs,Gaia Green Organics,"Gaia Green Power Bloom, All Purpose and Glacial Rock Dust",Organic fertilizers and soil amendments for gardens,Company states its products have been manufactured in Canada for over three decades,"Grand Forks, British Columbia (not stated on fetched page)",Canadian-owned (Grand Forks BC company; ownership not stated on fetched page),Company states products are manufactured in Canada and the USA,Substitute for US-made organic fertilizers; fertilizer/consumer garden band (25%),31.05,"Growing with the healthy choice for over three decades manufactured in Canada, USA and now available in Europe.",https://www.gaiagreen.com/,,2026-08-30,Medium,Autres produits fabriqués au Canada visés par les tarifs,Engrais et intrants de jardin,"Gaia Green Power Bloom, tout usage et poussière de roche glaciaire",Engrais biologiques et amendements de sol pour les jardins,L’entreprise affirme que ses produits sont fabriqués au Canada depuis plus de trois décennies,"Grand Forks, Colombie-Britannique (non précisé sur la page consultée)","Propriété canadienne (entreprise de Grand Forks, en Colombie-Britannique; propriété non précisée sur la page consultée)",L’entreprise indique que ses produits sont fabriqués au Canada et aux États-Unis,Substitut aux engrais biologiques fabriqués aux États-Unis; tranche de 25 % visant les engrais et les produits de jardin de consommation
626,Other tariff-relevant Canadian-made goods,Fertilizer and garden inputs,Acti-Sol,Acti-Sol natural hen manure fertilizers for lawn and garden,Organic granular fertilizers certified for organic farming,Quebec products program page states Acti-Sol products are 'Manufactured in Quebec' from local resources,"Notre-Dame-du-Bon-Conseil, Quebec",Canadian-owned ('innovative family enterprise'; Desilets family),None stated on fetched source page,"Substitute for US-made organic fertilizers (Espoma, Milorganite); fertilizer/garden band (25%)",31.01,Manufactured in Québec,https://lesproduitsduquebec.com/en/participating-companies/acti-sol-inc,https://acti-sol.ca/en/,2026-08-30,Medium,Autres produits fabriqués au Canada visés par les tarifs,Engrais et intrants de jardin,Engrais naturels à base de fumier de poule Acti-Sol pour la pelouse et le jardin,Engrais granulaires biologiques certifiés pour l’agriculture biologique,La page d’un programme de produits québécois indique que les produits Acti-Sol sont « fabriqués au Québec » à partir de ressources locales,"Notre-Dame-du-Bon-Conseil, Québec",Propriété canadienne (« entreprise familiale innovante »; famille Désilets),Aucune précision sur la page source consultée,"Substitut aux engrais biologiques fabriqués aux États-Unis (Espoma, Milorganite); tranche de 25 % visant les engrais et les produits de jardin"
627,Other tariff-relevant Canadian-made goods,Candles and home fragrance,Vancouver Candle Co.,Hand-poured soy candles and reed diffusers,Scented home candles and diffusers,Company states its team of artisans handcrafts each candle and diffuser in Vancouver,"Vancouver, British Columbia",Canadian-owned (owned and led by Kathy Lee),None stated on fetched official page,Substitute for US-made candles and home fragrance (Yankee Candle); consumer goods band (25%),34.06,"Alongside her team of skilled artisans, she meticulously handcrafts each candle and diffuser in Vancouver.",https://www.vancouvercandleco.com/pages/about,,2026-08-30,High,Autres produits fabriqués au Canada visés par les tarifs,Chandelles et parfums d’ambiance,Chandelles de soja coulées à la main et diffuseurs à roseaux,Chandelles parfumées et diffuseurs pour la maison,L’entreprise affirme que son équipe d’artisans fabrique à la main chaque chandelle et chaque diffuseur à Vancouver,"Vancouver, Colombie-Britannique",Propriété canadienne (détenue et dirigée par Kathy Lee),Aucune précision sur la page officielle consultée,Substitut aux chandelles et parfums d’ambiance fabriqués aux États-Unis (Yankee Candle); tranche de 25 % visant les biens de consommation
628,Other tariff-relevant Canadian-made goods,Reusable kitchen goods,Abeego,Abeego beeswax food wraps,Reusable beeswax wraps replacing plastic wrap and bags,"Canadian-manufacturer directory states Abeego is manufactured in Victoria, BC and is Canadian owned","Victoria, British Columbia",Canadian-owned ('Canadian owned: Yes'; founded by Toni Desrosiers),Claim from Canadian-manufacturer directory rather than an explicit statement on the fetched company page,Substitute for US-made reusable food wraps (Bee's Wrap); household consumer band (25%),34.04,"Manufactured in: Victoria, BC",https://madeinca.ca/abeego/,https://abeego.com/pages/about,2026-08-30,Medium,Autres produits fabriqués au Canada visés par les tarifs,Articles de cuisine réutilisables,Emballages alimentaires à la cire d’abeille Abeego,Emballages réutilisables à la cire d’abeille remplaçant la pellicule et les sacs de plastique,"Un répertoire de fabricants canadiens indique qu’Abeego est fabriqué à Victoria, en Colombie-Britannique, et de propriété canadienne","Victoria, Colombie-Britannique",Propriété canadienne (« propriété canadienne : oui »; fondée par Toni Desrosiers),L’affirmation provient d’un répertoire de fabricants canadiens plutôt que d’un énoncé explicite sur la page de l’entreprise consultée,Substitut aux emballages alimentaires réutilisables fabriqués aux États-Unis (Bee’s Wrap); tranche de 25 % visant les biens de consommation ménagers
629,"Cleaning, beauty and personal care",Soap and skincare,Purdy Natural,Purdy Natural artisanal bar soaps and skincare,"Natural bar soap, lotions, balms and bath products for daily personal care.","Purdy Natural states its artisanal soaps are made in-house at its London, Ontario shop (now on Wortley Road), and independent retail directories describe it as a female-owned wellness boutique that hand-crafts its soaps, lotions and bath products on site.","London, Ontario (156 Wortley Road)",Female-owned and operated small business,No ingredient-origin caveat stated on the fetched official page.,Replaces U.S.-origin bar soap and skincare preparations (heading 34.01 / 33.04).,34.01,Our gorgeous artisanal soaps are made in-house with only the best natural ingredients.,https://www.purdynatural.ca/,https://www.shoplocalcanada.ca/purdy-natural/,2026-08-30,Medium,"Entretien ménager, beauté et soins personnels",Savon et soins de la peau,Savons artisanaux et soins de la peau Purdy Natural,"Savon en pain naturel, lotions, baumes et produits de bain pour les soins personnels quotidiens.","Purdy Natural affirme que ses savons artisanaux sont fabriqués sur place, dans sa boutique de London, en Ontario (maintenant située chemin Wortley); des répertoires commerciaux indépendants la décrivent comme une entreprise de bien-être appartenant à une femme, qui fabrique elle-même ses savons, lotions et produits de bain.","London, Ontario (156, chemin Wortley)",Petite entreprise détenue et exploitée par une femme,Aucune précision sur l’origine des ingrédients sur la page officielle consultée.,Remplace le savon en pain et les préparations de soins de la peau d’origine américaine (rubriques SH 34.01 / 33.04).
630,"Beer, wine and spirits",Craft brewery,Big Rock Brewery,"Traditional Ale, Grasshopper wheat ale, Honey Brown Lager and Rock Creek ciders",Craft ales and lagers that replace imported U.S. craft beer brands.,"Big Rock's own management discussion and analysis states its primary brewing, packaging and warehousing facility is in Calgary, Alberta, and calls the company one of Canada's largest independently owned craft brewers.","Calgary, Alberta (primary brewery since 1996; additional facilities in Vancouver, BC and Etobicoke/Toronto, ON)",Canadian-headquartered independently owned craft brewer (TSX-listed at time of filing),,Replaces U.S.-origin beer subject to Canada's 25% counter-tariff on U.S. beer (heading 22.03).,22.03,"Today, Big Rock's primary brewing, packaging and warehousing facility is located in Calgary, Alberta and has been in operation since 1996.",https://bigrockbeer.com/wp-content/uploads/2021/07/Q1-2021-Management-Discussion-Analysis-V6-Clean.pdf,https://en.wikipedia.org/wiki/Big_Rock_Brewery,2026-08-30,High,"Bière, vin et spiritueux",Brasserie artisanale,"Traditional Ale, Grasshopper wheat ale, Honey Brown Lager et cidres Rock Creek",Bières artisanales de type ale et lager qui remplacent les marques américaines de bière artisanale importées.,"Dans son propre rapport de gestion, Big Rock indique que son principal établissement de brassage, d’emballage et d’entreposage se trouve à Calgary, Alberta, et présente l’entreprise comme l’un des plus grands brasseurs artisanaux indépendants du Canada.","Calgary, Alberta (brasserie principale depuis 1996; installations supplémentaires à Vancouver, BC et à Etobicoke/Toronto, ON)",Brasseur artisanal canadien indépendant dont le siège social est au Canada (société inscrite à la TSX au moment du dépôt du document),,Remplace les bières d’origine américaine assujetties au contre-tarif de 25 % imposé par le Canada sur la bière américaine (position 22.03).
631,"Beer, wine and spirits",Craft brewery,Unibroue,"Belgian-style ales including Blanche de Chambly, La Fin du Monde and Maudite",Strong Belgian-style bottled ales replacing imported U.S. or Belgian specialty beer.,"Unibroue's About page states its 'ultra-modern site in Chambly' produces its beers and that it has brewed there since 1992, making it the most-awarded brewery in Canada.","Chambly, Quebec","Brewed in Quebec but owned by Sleeman Breweries, a subsidiary of Japan's Sapporo","Foreign parent ownership (Sapporo/Sleeman); beer itself is brewed in Chambly, Quebec.",Replaces U.S.-origin beer subject to Canada's 25% counter-tariff on U.S. beer (heading 22.03).,22.03,Our ultra-modern site in Chambly produces beers with unique flavour profiles through ancestral wisdom inspired by Belgian traditions.,https://www.unibroue.com/en-ca/about-us,https://en.wikipedia.org/wiki/Unibroue,2026-08-30,High,"Bière, vin et spiritueux",Brasserie artisanale,"Bières de style belge, notamment Blanche de Chambly, La Fin du Monde et Maudite",Bières fortes embouteillées de style belge qui remplacent des bières de spécialité importées des États-Unis ou de Belgique.,"La page « À propos » de Unibroue indique que son « site ultramoderne de Chambly » produit ses bières et qu’elle y brasse ses bières depuis 1992, ce qui en fait la brasserie la plus primée au Canada.","Chambly, Québec","Brassées au Québec, mais appartenant à Sleeman Breweries, une filiale de Sapporo, au Japon.","La société mère est étrangère (Sapporo/Sleeman); la bière elle-même est brassée à Chambly, au Québec.",Remplace des bières d’origine américaine assujetties à la surtaxe canadienne de 25 % sur les bières américaines (position 22.03).
632,"Beer, wine and spirits",Craft brewery,Collective Arts Brewing,"Ransack the Universe IPA, Life in the Clouds hazy IPA, plus ciders and RTDs",Art-label craft beer and hard seltzers replacing U.S. craft and RTD brands.,"Collective Arts describes itself on its own site as 'proudly and creatively Canadian, based in Hamilton, Ontario,' and lists its brewery and taproom at 207 Burlington St. East in Hamilton.","Hamilton, Ontario (207 Burlington St. East brewery/taproom)",Founded 2013 by Matt Johnston and Bob Russell,,Replaces U.S.-origin beer subject to Canada's 25% counter-tariff on U.S. beer (heading 22.03).,22.03,"Collective Arts is proudly and creatively Canadian, based in Hamilton, Ontario, and driven by one bold idea: creativity belongs everywhere.",https://collectiveartsbrewing.com/pages/join-the-collective-newsletter,https://ontariocraftbrewers.com/brewery-profile/collective-arts-brewing-ltd/,2026-08-30,High,"Bière, vin et spiritueux",Brasserie artisanale,"Ransack the Universe IPA, Life in the Clouds hazy IPA, ainsi que des cidres et des boissons alcoolisées prêtes à boire",Bières artisanales et seltzers alcoolisés aux étiquettes artistiques qui remplacent les marques américaines de bière artisanale et de boissons prêtes à boire,"Collective Arts se décrit sur son propre site comme étant « fièrement et créativement canadienne, établie à Hamilton, en Ontario », et indique que sa brasserie et sa salle de dégustation se trouvent au 207 Burlington St. East, à Hamilton.","Hamilton, Ontario (brasserie et salle de dégustation au 207 Burlington St. East)",Fondée en 2013 par Matt Johnston et Bob Russell,,Remplace la bière d’origine américaine assujettie au contre-tarif de 25 % imposé par le Canada sur la bière américaine (position 22.03).
633,"Beer, wine and spirits",Winery,Tawse Winery,"Organic and biodynamic VQA Chardonnay, Pinot Noir, Riesling and Cabernet Franc",Premium Ontario table wines replacing California and Washington bottles.,"Tawse's own fact sheet states the winery site is located in Vineland, Ontario at 3955 Cherry Avenue in the VQA Twenty Mile Bench appellation, with all estate vineyards farmed organically and biodynamically.","Vineland, Ontario (3955 Cherry Avenue, VQA Twenty Mile Bench, Niagara Escarpment)",Owned by founder Moray Tawse,,Replaces U.S.-origin wine subject to Canada's 25% counter-tariff on U.S. wine (heading 22.04).,22.04,Winery Site: Located in Vineland Ontario at 3955 Cherry Avenue. VQA Twenty Mile Bench,https://www.tawsewinery.ca/wp-content/uploads/2021/11/Fact-sheet.pdf,https://winecountryontario.ca/wineries/tawse-winery/,2026-08-30,High,"Bière, vin et spiritueux",Établissement vinicole,"Vins VQA biologiques et biodynamiques : Chardonnay, Pinot Noir, Riesling et Cabernet Franc",Vins de table ontariens haut de gamme qui remplacent les bouteilles de Californie et de l’État de Washington.,"La fiche d’information de Tawse indique que le site de l’établissement vinicole est situé à Vineland, en Ontario, au 3955 Cherry Avenue, dans l’appellation VQA Twenty Mile Bench, et que tous les vignobles du domaine sont cultivés selon des méthodes biologiques et biodynamiques.","Vineland, Ontario (3955 Cherry Avenue, VQA Twenty Mile Bench, Niagara Escarpment)","Propriété de son fondateur, Moray Tawse",,Remplace le vin d’origine américaine assujetti au contre-tarif de 25 % imposé par le Canada sur le vin américain (position 22.04).
634,"Beer, wine and spirits",Winery,Cave Spring Vineyard (Cave Spring Cellars),"Beamsville Bench Riesling, Chardonnay, Cabernet Franc and Riesling Icewine",Niagara cool-climate whites and icewine replacing U.S. wines.,"Cave Spring's About page describes the Pennachetti family planting some of Niagara's first Riesling and Chardonnay vines on the Beamsville Bench and lists its winery office in Jordan, Ontario, Canada; wine is grown and made at Cave Spring Vineyard on the Niagara Escarpment.","Jordan / Beamsville, Ontario (winery office 1B-3836 Main Street, Jordan; Cave Spring Vineyard, 4043 Cave Spring Road, Beamsville)",Founded and long operated by the Pennachetti family,,Replaces U.S.-origin wine subject to Canada's 25% counter-tariff on U.S. wine (heading 22.04).,22.04,"Today, more than four decades after John and his sons took a chance and planted some of Niagara's first Riesling and Chardonnay vines on that plot of land, Cave Spring Vineyard serves as a constant reminder of the good things that can happen when we honour our past to forge a new future.",https://www.cavespring.ca/about,https://winecountryontario.ca/wineries/cave-spring-cellars/,2026-08-30,High,"Bière, vin et spiritueux",Établissement vinicole,"Beamsville Bench Riesling, Chardonnay, Cabernet Franc et Riesling Icewine",Vins blancs et vins de glace de climat frais de Niagara remplaçant les vins américains.,"La page À propos de Cave Spring indique que la famille Pennachetti a planté certaines des premières vignes de Riesling et de Chardonnay de la région de Niagara, et elle donne l’adresse du bureau de l’établissement vinicole à Jordan, en Ontario, au Canada. Les raisins sont cultivés et le vin est élaboré à Cave Spring Vineyard, sur l’escarpement du Niagara.","Jordan / Beamsville, Ontario (bureau de l’établissement vinicole : 1B-3836 Main Street, Jordan; Cave Spring Vineyard : 4043 Cave Spring Road, Beamsville)","Fondé par la famille Pennachetti, qui l’exploite depuis longtemps.",,Remplace les vins originaires des États-Unis assujettis au contre-tarif de 25 % du Canada sur les vins américains (position 22.04).
635,"Beer, wine and spirits",Winery,Quails' Gate Winery,"BC VQA Pinot Noir, Chardonnay, Chenin Blanc and Rosé",Okanagan estate wines replacing U.S. West Coast wines.,"Quails' Gate says on its own story page that it is a fourth-generation Okanagan farming family that farms 160 acres of vineyards and has been a leader in developing Canadian viticulture practices, producing premium BC VQA wines.","West Kelowna, British Columbia (3303 Boucherie Road)",Family owned and operated by the Stewart family since 1989,,Replaces U.S.-origin wine subject to Canada's 25% counter-tariff on U.S. wine (heading 22.04).,22.04,We farm 160 acres of vineyards and have been leaders in the development of Canadian viticulture practices.,https://www.quailsgate.com/our-story/,https://winebc.com/winery/quails-gate-winery/,2026-08-30,High,"Bière, vin et spiritueux",Vignoble,"Pinot noir, Chardonnay, Chenin blanc et rosé BC VQA",Vins issus du domaine de l’Okanagan qui remplacent les vins de la côte Ouest des États-Unis.,"Quails' Gate indique sur sa page consacrée à son histoire qu’il s’agit d’une famille d’agriculteurs de l’Okanagan depuis quatre générations, qui cultive 160 acres de vignobles et joue un rôle de premier plan dans l’élaboration de pratiques viticoles canadiennes, en produisant des vins BC VQA haut de gamme.","West Kelowna, British Columbia (3303 Boucherie Road)",Entreprise familiale détenue et exploitée par la famille Stewart depuis 1989,,Remplace les vins d’origine américaine assujettis au contre-tarif de 25 % imposé par le Canada sur les vins américains (position 22.04).
636,"Beer, wine and spirits",Winery,Nk'Mip Cellars,Qwam Qwmt and Winemaker's Series Okanagan VQA wines,"BC wines from North America's first Indigenous-owned winery, replacing imported U.S. wine.","Nk'Mip Cellars states on its About page that it is the first Indigenous-owned winery in North America and produces its award-winning wines at its Osoyoos, BC winery on Osoyoos Indian Band land.","Osoyoos, British Columbia (1400 Rancher Creek Road)",Indigenous-owned: a venture of the Osoyoos Indian Band (in partnership with Arterra Wines Canada),"Joint venture with Arterra Wines Canada (itself Canadian-based, owned by Ontario Teachers'/private equity).",Replaces U.S.-origin wine subject to Canada's 25% counter-tariff on U.S. wine (heading 22.04).,22.04,"As the first Indigenous-owned winery in North America, we are inspired to express our culture in everything we do.",https://www.nkmipcellars.com/About-Us,https://www.theglobeandmail.com/life/native-winery-breaks-new-ground-in-the-okanagan/article18266451/,2026-08-30,High,"Bière, vin et spiritueux",Vignoble,Vins VQA de l’Okanagan des gammes Qwam Qwmt et Winemaker's Series,"Vins de la Colombie-Britannique provenant du premier établissement vinicole appartenant à des Autochtones en Amérique du Nord, en remplacement de vins importés des États-Unis.","Nk'Mip Cellars indique sur sa page À propos qu’il s’agit du premier établissement vinicole appartenant à des Autochtones en Amérique du Nord et qu’il produit ses vins primés dans son établissement vinicole d’Osoyoos, en Colombie-Britannique, sur les terres de la Osoyoos Indian Band.","Osoyoos, Colombie-Britannique (1400 Rancher Creek Road)","Entreprise appartenant à des Autochtones : une coentreprise de la Osoyoos Indian Band, en partenariat avec Arterra Wines Canada.","Coentreprise avec Arterra Wines Canada, une société établie au Canada qui appartient au Régime de retraite des enseignantes et des enseignants de l’Ontario et à des sociétés de capital-investissement.",Remplace des vins d’origine américaine assujettis au contre-tarif de 25 % imposé par le Canada sur les vins américains (position 22.04).
637,"Beer, wine and spirits",Winery,Benjamin Bridge,"Nova 7, traditional-method sparkling wine and Tidal Bay whites",Sparkling and aromatic wines replacing U.S. sparkling wine and prosecco-style imports.,Benjamin Bridge's story page says it produces the highest quality wines from grapes farmed along the Bay of Fundy in Nova Scotia's Gaspereau Valley and calls itself Canada's premier sparkling wine house.,"Gaspereau Valley, Nova Scotia (near Wolfville, Annapolis Valley region)",Founded by Nova Scotians Gerry McConnell and the late Dara Gordon; Murphy Hospitality Group became an equal equity partner in 2025,,Replaces U.S.-origin wine subject to Canada's 25% counter-tariff on U.S. wine (heading 22.04).,22.04,"Over two and a half decades, Benjamin Bridge has distinguished itself as Canada's premier sparkling wine house.",https://benjaminbridge.com/pages/our-story,https://winesofnovascotia.ca/portfolio/benjamin-bridge/,2026-08-30,High,"Bière, vin et spiritueux",Vignoble,"Nova 7, vins mousseux de méthode traditionnelle et vins blancs Tidal Bay",Vins mousseux et vins aromatiques qui remplacent les importations de vins mousseux américains et de vins de style prosecco.,"La page consacrée à l’histoire de Benjamin Bridge indique que l’entreprise produit des vins de la plus haute qualité à partir de raisins cultivés le long de la baie de Fundy, dans la vallée de Gaspereau, en Nouvelle-Écosse, et se présente comme la maison de vins mousseux par excellence du Canada.","Vallée de Gaspereau, Nouvelle-Écosse (près de Wolfville, dans la région de la vallée de l’Annapolis)","Fondée par les Néo-Écossais Gerry McConnell et feu Dara Gordon, l’entreprise compte Murphy Hospitality Group comme partenaire à parts égales depuis 2025.",,Remplace les vins d’origine américaine assujettis au contre-tarif de 25 % du Canada sur les vins américains (position 22.04).
638,"Beer, wine and spirits",Winery,Domaine de Grand Pré,"Nova Scotia estate wines including Tidal Bay, L'Acadie Blanc and Marechal Foch",Atlantic Canadian table wines replacing U.S. wine on the dinner table.,"Domaine de Grand Pré states it is family owned and operated and was 'built on love and passion for Nova Scotia and exceptional wine and food', operating Atlantic Canada's oldest farm winery in the Annapolis Valley.","Grand Pré, Nova Scotia (11611 Highway 1, Annapolis Valley)",Family owned and operated by the Stutz family,,Replaces U.S.-origin wine subject to Canada's 25% counter-tariff on U.S. wine (heading 22.04).,22.04,"Family owned and operated, Domaine de Grand Pré winery was built on love and passion for Nova Scotia and exceptional wine and food.",https://grandprewines.com/pages/our-story,https://winesofnovascotia.ca/portfolio/domaine-de-grand-pre/,2026-08-30,High,"Bière, vin et spiritueux",Établissement vinicole,"Vins de domaine de Nova Scotia, notamment Tidal Bay, L'Acadie Blanc et Marechal Foch",Vins de table canadiens de l’Atlantique qui remplacent les vins américains à table.,"Domaine de Grand Pré affirme être une entreprise familiale exploitée par la famille Stutz, fondée sur l’amour et la passion pour Nova Scotia ainsi que pour les vins et les aliments d’exception. Il exploite la plus ancienne ferme vinicole du Canada atlantique, dans l’Annapolis Valley.","Grand Pré, Nova Scotia (11611, Highway 1, Annapolis Valley)",Entreprise familiale détenue et exploitée par la famille Stutz,,Remplace les vins d’origine américaine assujettis au contre-tarif canadien de 25 % sur les vins américains (position 22.04).
639,"Beer, wine and spirits",Winery,Vignoble de l'Orpailleur,"Quebec white, red, rosé, ice wine and fortified wines",Quebec-grown table and dessert wines replacing U.S. wines.,"L'Orpailleur's history page states its mission is to offer 'authentically Quebec' wines of superior quality, grown at the Dunham property purchased in the early 1980s that became the Vignoble de l'Orpailleur.","Dunham, Quebec (1086 rue Bruce, Brome-Missisquoi, Eastern Townships)","Co-owned by its founding vignerons, including Charles-Henri de Coussergues, and now second-generation family members",,Replaces U.S.-origin wine subject to Canada's 25% counter-tariff on U.S. wine (heading 22.04).,22.04,"Notre mission est d'offrir des vins authentiquement québécois, de qualité supérieure, qui répondent aux plus hauts standards en vitiviniculture.",https://orpailleur.ca/pages/histoire,https://terroiretsaveurs.com/repertoire/vignoble-de-lorpailleur/,2026-08-30,High,"Bière, vin et spiritueux",Vignoble,"Vins blancs, rouges, rosés, de glace et fortifiés du Québec",Remplacer les vins de table et les vins de dessert américains par des vins issus de raisins cultivés au Québec.,"La page consacrée à l’histoire de L'Orpailleur indique que sa mission est d’offrir des vins « authentiquement québécois » de qualité supérieure, produits à partir de raisins cultivés sur la propriété de Dunham achetée au début des années 1980, qui est devenue le Vignoble de l'Orpailleur.","Dunham, Québec (1086, rue Bruce, Brome-Missisquoi, Cantons-de-l’Est)","Copropriété de ses vignerons fondateurs, dont Charles-Henri de Coussergues, et maintenant de membres de la famille de la deuxième génération",,Remplace les vins d’origine américaine assujettis au contre-tarif de 25 % imposé par le Canada sur les vins américains (position 22.04).
640,"Beer, wine and spirits",Whisky distillery,J.P. Wiser's (Hiram Walker & Sons Distillery),"J.P. Wiser's Deluxe, Special Blend and aged Canadian whiskies",Everyday Canadian rye whisky replacing American bourbon and Tennessee whiskey.,"J.P. Wiser's official site states the Hiram Walker & Sons Distillery in Windsor, Ontario is 'the home of Canadian whisky' and that this historic facility produces some of the best whiskies in Canada, with the brand marked 'Wisely crafted in Windsor, Ontario'.","Windsor, Ontario (Hiram Walker & Sons Distillery, 2072 Riverside Drive East)","Distilled in Canada; brand marketed by Corby Spirit and Wine, majority-owned by France's Pernod Ricard","Foreign parent ownership (Pernod Ricard/Corby); whisky is distilled, aged and bottled in Windsor, Ontario.","Replaces U.S.-origin spirits (whisky, vodka, gin, liqueurs) subject to Canada's 25% counter-tariff on U.S. spirits (heading 22.08).",22.08,"The Hiram Walker & Sons Distillery in Windsor, Ontario is the home of Canadian whisky and one of North America's largest distilleries.",https://www.jpwisers.com/en-us/about-us/our-story/,https://en.wikipedia.org/wiki/J.P._Wiser's_Whisky,2026-08-30,High,"Bière, vin et spiritueux",Distillerie de whisky,"J.P. Wiser's Deluxe, Special Blend et whiskys canadiens vieillis",Whisky de seigle canadien de consommation courante qui remplace le bourbon américain et le whiskey du Tennessee.,"Le site officiel de J.P. Wiser's indique que la distillerie Hiram Walker & Sons, située à Windsor, en Ontario, est « le berceau du whisky canadien » et que cette installation historique produit certains des meilleurs whiskys au Canada. La marque porte la mention « Élaboré avec sagesse à Windsor, en Ontario ».","Windsor, en Ontario (distillerie Hiram Walker & Sons, 2072 Riverside Drive East)","Distillé au Canada; marque commercialisée par Corby Spirit and Wine, détenue majoritairement par la société française Pernod Ricard","La société mère est étrangère (Pernod Ricard/Corby); le whisky est distillé, vieilli et embouteillé à Windsor, en Ontario.","Remplace les spiritueux d’origine américaine (whisky, vodka, gin et liqueurs) assujettis au contre-tarif de 25 % imposé par le Canada sur les spiritueux américains (position 22.08)."
641,"Beer, wine and spirits",Whisky distillery,Alberta Premium (Alberta Distillers),"Alberta Premium 100% rye whisky, Alberta Springs, Alberta Pure vodka",100% rye Canadian whisky replacing U.S. rye and bourbon.,"Alberta Distillers' brand page states Alberta Premium 'is a proudly Canadian whisky, crafted in Calgary since 1958 using 100% rye grain and pure Rocky Mountain water'.","Calgary, Alberta (Alberta Distillers Ltd.)",Distilled in Calgary; parent company is Suntory Global Spirits (Japan),Foreign parent ownership (Suntory); grain is locally sourced Alberta rye.,"Replaces U.S.-origin spirits (whisky, vodka, gin, liqueurs) subject to Canada's 25% counter-tariff on U.S. spirits (heading 22.08).",22.08,"Alberta Premium is a proudly Canadian whisky, crafted in Calgary since 1958 using 100% rye grain and pure Rocky Mountain water.",https://www.albertadistillers.com/our-brands,https://en.wikipedia.org/wiki/Alberta_Premium,2026-08-30,High,"Bière, vin et spiritueux",Distillerie de whisky,"Alberta Premium, whisky 100 % de seigle; Alberta Springs; vodka Alberta Pure",Whisky canadien 100 % de seigle qui remplace le whisky de seigle et le bourbon d’origine américaine.,"La page de marque d’Alberta Distillers indique qu’Alberta Premium « est un whisky fièrement canadien, élaboré à Calgary depuis 1958 à partir de grains de seigle à 100 % et d’eau pure des Rocheuses ».","Calgary, Alberta (Alberta Distillers Ltd.)",Distillé à Calgary; la société mère est Suntory Global Spirits (Japon).,Propriété d’une société mère étrangère (Suntory); le seigle est produit localement en Alberta.,"Remplace les spiritueux d’origine américaine (whisky, vodka, gin et liqueurs) assujettis au contretarif de 25 % imposé par le Canada sur les spiritueux américains (position 22.08)."
642,"Beer, wine and spirits",Whisky distillery,Shelter Point Distillery,"Shelter Point Classic Single Malt, Artisanal Single Malt and Cask Strength whiskies",Farm-to-flask single malt whisky replacing imported American whiskey.,"Shelter Point's About page says the distillery, built in 2011, is located on the coast in northern Vancouver Island and distils and matures whisky on site, with the team working to elevate Vancouver Island as a premium single malt region; the company describes its whisky as a '100% Canadian take on single malt'.","Campbell River, British Columbia (4692 Regent Road, Oyster River / Vancouver Island)",Farm-based distillery on a coastal Vancouver Island estate growing its own barley,"Some casks (ex-bourbon, sherry) and equipment are imported.","Replaces U.S.-origin spirits (whisky, vodka, gin, liqueurs) subject to Canada's 25% counter-tariff on U.S. spirits (heading 22.08).",22.08,"Located on the coast in northern Vancouver Island, the distillery has become a destination not only just for fine whisky but also for the spectacular setting and onsite experience.",https://shelterpoint.ca/about-us/,https://www.whisky.com/whisky-database/distilleries/details/shelter-point.html,2026-08-30,High,"Bière, vin et spiritueux",Distillerie de whisky,"Shelter Point Classic Single Malt, Artisanal Single Malt et Cask Strength",Whisky single malt de la ferme au flacon qui remplace le whiskey américain importé.,"La page « About » de Shelter Point indique que la distillerie, construite en 2011, est située sur la côte du nord de Vancouver Island et qu’elle distille et fait vieillir le whisky sur place. L’équipe s’emploie à faire de Vancouver Island une région de premier plan pour le single malt. L’entreprise décrit son whisky comme une « interprétation 100 % canadienne du single malt ».","Campbell River, British Columbia (4692 Regent Road, Oyster River / Vancouver Island)",Distillerie agricole située sur un domaine côtier de Vancouver Island et cultivant son propre orge,"Certains fûts (ex-bourbon, sherry) et du matériel sont importés.","Remplace les spiritueux d’origine américaine (whisky, vodka, gin et liqueurs) assujettis au contre-tarif canadien de 25 % visant les spiritueux américains (position 22.08)."
643,"Beer, wine and spirits",Whisky distillery,Glen Breton (Glenora Distillers),"Glen Breton Rare Canadian single malt whisky, 10-year and ice wine barrel expressions",Canadian single malt whisky replacing imported American and Scotch whisky.,"Glenora's own distillery page states it is located in Nova Scotia on Cape Breton Island and is recognized as the first single malt whisky distillery in North America, producing Glen Breton from barley, yeast and water in copper pot stills.","Glenville, Cape Breton Island, Nova Scotia",Independently owned by Glenora Distillers International Ltd.,Barley may be imported/Scottish-style malt; distillation and maturation are on site in Nova Scotia.,"Replaces U.S.-origin spirits (whisky, vodka, gin, liqueurs) subject to Canada's 25% counter-tariff on U.S. spirits (heading 22.08).",22.08,"Glenora is located in Nova Scotia, a province whose name literally translates to 'New Scotland.'",https://glenoradistillery.com/distillery/,https://en.wikipedia.org/wiki/Glenora_Distillers,2026-08-30,High,"Bière, vin et spiritueux",Distillerie de whisky,"Whisky single malt canadien Glen Breton Rare, expressions de 10 ans d’âge et vieillies en fût de vin de glace",Remplace les whiskys américains et écossais importés.,"La page de la distillerie Glenora indique que celle-ci est située en Nouvelle-Écosse, sur l’île du Cap-Breton, et qu’elle est reconnue comme la première distillerie de whisky single malt en Amérique du Nord. Elle produit Glen Breton à partir d’orge, de levure et d’eau dans des alambics en cuivre.","Glenville, île du Cap-Breton, Nouvelle-Écosse",Propriété indépendante de Glenora Distillers International Ltd.,"L’orge peut être importée ou être du malt de style écossais; la distillation et la maturation se font sur place, en Nouvelle-Écosse.","Remplace les spiritueux d’origine américaine — whisky, vodka, gin et liqueurs — visés par le contre-tarif de 25 % du Canada sur les spiritueux américains (position 22.08)."
644,"Beer, wine and spirits",Whisky distillery,Still Waters Distillery (Stalk & Barrel),"Stalk & Barrel Single Malt, Rye and Cask Strength Canadian whiskies, plus vodka",Small-batch Ontario grain whisky replacing U.S. craft bourbon and rye.,"Still Waters states its Stalk & Barrel Rye is 'made from locally sourced 100% Ontario rye grain', mashed, fermented and distilled by hand in a copper pot still and matured on site at its Concord, Ontario craft distillery.","Concord (Vaughan), Ontario (150 Bradwick Dr Unit #26)",Independent micro-distillery founded 2009 by Barry Stein and Barry Bernstein; Ontario's first micro-distillery,Matured in ex-bourbon barrels (imported casks).,"Replaces U.S.-origin spirits (whisky, vodka, gin, liqueurs) subject to Canada's 25% counter-tariff on U.S. spirits (heading 22.08).",22.08,Made from locally sourced 100% Ontario rye grain.,https://stillwatersdistillery.com/products/rye,https://canadianwhisky.org/blog/news-views/stalk-barrel-single-malt-at-lcbo.html,2026-08-30,High,"Bière, vin et spiritueux",Distillerie de whisky,"Whiskys canadiens Stalk & Barrel Single Malt, Rye et Cask Strength, ainsi que de la vodka","Whisky de grain ontarien produit en petits lots, qui remplace les bourbons et whiskys de seigle artisanaux américains.","Still Waters indique que son Stalk & Barrel Rye est « fabriqué à partir de 100 % de grains de seigle de l’Ontario provenant de sources locales », que le brassage, la fermentation et la distillation sont effectués à la main dans un alambic en cuivre, et qu’il est vieilli sur place dans sa distillerie artisanale de Concord, en Ontario.","Concord (Vaughan), Ontario (150 Bradwick Dr., unité 26)",Microdistillerie indépendante fondée en 2009 par Barry Stein et Barry Bernstein; première microdistillerie de l’Ontario,Vieilli dans des fûts de bourbon ayant déjà servi (fûts importés).,"Remplace les spiritueux d’origine américaine (whisky, vodka, gin et liqueurs) visés par le contretarif de 25 % imposé par le Canada aux spiritueux américains (position 22.08)."
645,"Beer, wine and spirits",Whisky distillery,Two Brewers Whisky (Yukon Brewing),"Two Brewers Yukon Single Malt Whisky, released in numbered small batches",Northern Canadian single malt whisky replacing imported American whiskey.,"Two Brewers' own About page says founders Bob Baxter and Al Hansen began brewing in Whitehorse in 1997 and later started making whisky there, and that the company services the North 'keeping jobs and money in the territory'.","Whitehorse, Yukon (102 Copper Road, shared with Yukon Brewing)",Independently owned by its two founders,"Malted grains are sourced from southern suppliers; distillation, maturation and bottling occur in Whitehorse.","Replaces U.S.-origin spirits (whisky, vodka, gin, liqueurs) subject to Canada's 25% counter-tariff on U.S. spirits (heading 22.08).",22.08,"We may have started as just two brewers, but Two Brewers has grown into so much more, servicing the North with quality spirits, keeping jobs and money in the territory, and supporting our local community.",https://www.twobrewerswhisky.com/about,https://canadianwhisky.org/blog/news-views/two-brewers-yukon-single-malt.html,2026-08-30,Medium,"Bière, vin et spiritueux",Distillerie de whisky,"Two Brewers Yukon Single Malt Whisky, offert en petits lots numérotés",Whisky single malt canadien du Nord qui remplace les whiskys américains importés.,"La page « À propos » de Two Brewers indique que les fondateurs Bob Baxter et Al Hansen ont commencé à brasser à Whitehorse en 1997, puis qu’ils y ont commencé à fabriquer du whisky. Elle précise également que l’entreprise dessert le Nord, « en maintenant les emplois et l’argent dans le territoire ».","Whitehorse, Yukon (102 Copper Road, dans les mêmes installations que Yukon Brewing)",Entreprise indépendante appartenant à ses deux fondateurs,"Les céréales maltées proviennent de fournisseurs du Sud; la distillation, la maturation et la mise en bouteille sont effectuées à Whitehorse.","Remplace les spiritueux d’origine américaine (whisky, vodka, gin et liqueurs) assujettis au contre-tarif canadien de 25 % applicable aux spiritueux américains (position 22.08)."
646,"Beer, wine and spirits",Spirits distillery,Crystal Head Vodka,"Crystal Head Original, Onyx and Aurora vodkas in the skull bottle",Premium cocktail and gift vodka replacing U.S. premium vodka brands.,"Crystal Head's FAQ states the vodka 'is produced in St. John's, Newfoundland' and that the spirit is quadruple distilled and blended with pristine water from Newfoundland, Canada; the Original expression is distilled from locally sourced Canadian corn.","St. John's, Newfoundland and Labrador (Rock Spirits facility)","Produced by Globefill Inc., co-founded by Canadian actor Dan Aykroyd; bottled at the Newfoundland and Labrador Liquor Corporation's Rock Spirits plant",Original and Onyx use Canadian corn; the Aurora expression uses English-grown wheat blended with Newfoundland water.,"Replaces U.S.-origin spirits (whisky, vodka, gin, liqueurs) subject to Canada's 25% counter-tariff on U.S. spirits (heading 22.08).",22.08,"Crystal Head Vodka is produced in St. John's, Newfoundland, on an island off the Canadian coast, at one of the last government-owned distilleries in the world.",https://www.crystalheadvodka.com/faq/,https://en.wikipedia.org/wiki/Crystal_Head_Vodka,2026-08-30,High,"Bière, vin et spiritueux",Distillerie de spiritueux,"Vodkas Original, Onyx et Aurora de Crystal Head, dans une bouteille en forme de crâne","Vodka haut de gamme destinée aux cocktails et aux cadeaux, en remplacement de marques américaines de vodka haut de gamme.","La foire aux questions de Crystal Head indique que la vodka « est produite à St. John's, Newfoundland » et que le spiritueux est distillé quatre fois, puis mélangé à de l’eau pure de Newfoundland, Canada; l’expression Original est distillée à partir de maïs canadien provenant de sources locales.","St. John's, Newfoundland and Labrador (installation de Rock Spirits)","Produit par Globefill Inc., une entreprise cofondée par l’acteur canadien Dan Aykroyd; embouteillé à l’usine Rock Spirits de la Newfoundland and Labrador Liquor Corporation","Les expressions Original et Onyx utilisent du maïs canadien; l’expression Aurora utilise du blé cultivé en Angleterre, mélangé à de l’eau de Newfoundland.","Remplace les spiritueux d’origine américaine (whisky, vodka, gin et liqueurs) assujettis au droit de douane compensatoire de 25 % imposé par le Canada sur les spiritueux américains (position 22.08)."
647,"Beer, wine and spirits",Spirits distillery,Cirka Distilleries,"Vodka Terroir, Gin Sauvage and Quebec fruit vodkas, all grain-to-bottle",Grain-to-bottle vodka and gin replacing U.S. craft spirits.,"Cirka's About page says it is the first grain-to-bottle distillery in Quebec, producing spirits from local grain at its distillery along the Lachine Canal in Montreal since 2016, sourcing from local farmers and foragers.","Montreal, Quebec (Lachine Canal, Saint-Henri district)",Independent micro-distillery founded by Paul Cirka,,"Replaces U.S.-origin spirits (whisky, vodka, gin, liqueurs) subject to Canada's 25% counter-tariff on U.S. spirits (heading 22.08).",22.08,"Inspired by microdistilleries across North America and the high quality of homegrown products across the province, we became the first Québec microdistillery to produce spirits from grain-to-bottle, a new concept in the region.",https://cirkadistilleries.com/pages/about-us,https://www.saq.com/en/content/inspiration/profiles/cirka-distilleries,2026-08-30,High,"Bière, vin et spiritueux",Distillerie de spiritueux,"Vodka Terroir, Gin Sauvage et vodkas québécoises aux fruits, entièrement produites du grain à la bouteille","Vodka et gin produits entièrement du grain à la bouteille, qui remplacent les spiritueux artisanaux américains","La page « À propos » de Cirka indique qu’il s’agit de la première distillerie québécoise à produire ses spiritueux entièrement du grain à la bouteille. Depuis 2016, elle fabrique ses spiritueux à partir de grains locaux dans sa distillerie située le long du canal de Lachine, à Montréal, en s’approvisionnant auprès d’agriculteurs et de cueilleurs locaux.","Montréal, Québec (canal de Lachine, quartier Saint-Henri)",Microdistillerie indépendante fondée par Paul Cirka,,"Remplace les spiritueux d’origine américaine (whisky, vodka, gin et liqueurs) assujettis au contre-tarif de 25 % imposé par le Canada aux spiritueux américains (position 22.08)."
648,"Beer, wine and spirits",Spirits distillery,Sheringham Distillery,"Seaside Gin, Beacon Gin, vodka and akvavit","Craft gin for cocktails, replacing U.S. craft gins.","Sheringham's About page describes founders Jason and Alayne MacIsaac building their first distillery in Shirley, B.C. on southern Vancouver Island, and the distillery says its spirits are distilled with locally foraged botanicals including Vancouver Island kelp.","Langford, British Columbia (relocated from Shirley/Sooke, Vancouver Island)",Family business founded and run by Jason and Alayne MacIsaac,"Some botanicals (e.g. citrus, cardamom, coriander) are imported; distillation is on Vancouver Island.","Replaces U.S.-origin spirits (whisky, vodka, gin, liqueurs) subject to Canada's 25% counter-tariff on U.S. spirits (heading 22.08).",22.08,"Starting from scratch, Jason and Alayne MacIsaac gradually built their first distillery in their garage at home in Shirley, B.C., a humble Southern Vancouver Island town whose original name was Sheringham.",https://www.sheringhamdistillery.com/about/,https://www.cbc.ca/news/canada/british-columbia/vancouver-island-gin-nabs-top-prize-at-international-competition-1.5087554,2026-08-30,High,"Bière, vin et spiritueux",Distillerie de spiritueux,"Seaside Gin, Beacon Gin, vodka et aquavit","Gin artisanal pour les cocktails, en remplacement des gins artisanaux américains.","La page « À propos » de Sheringham décrit comment les fondateurs Jason et Alayne MacIsaac ont établi leur première distillerie à Shirley, en Colombie-Britannique, dans le sud de l’île de Vancouver. La distillerie indique que ses spiritueux sont distillés à partir de plantes aromatiques cueillies localement, notamment du varech de l’île de Vancouver.","Langford, en Colombie-Britannique (déménagée de Shirley/Sooke, sur l’île de Vancouver)",Entreprise familiale fondée et dirigée par Jason et Alayne MacIsaac,"Certaines plantes aromatiques (p. ex. les agrumes, la cardamome et la coriandre) sont importées; la distillation se fait sur l’île de Vancouver.","Remplace les spiritueux d’origine américaine (whisky, vodka, gin et liqueurs) assujettis au contre-tarif de 25 % du Canada sur les spiritueux américains (position 22.08)."
649,"Beer, wine and spirits",Spirits distillery,Victoria Distillers (Empress 1908 Gin),"Empress 1908 Indigo Gin, Victoria Gin, oaken gin and liqueurs","Premium colour-changing gin for cocktails, replacing U.S. premium gin.","Victoria Distillers states its 'unique waterfront location in Sidney, British Columbia, houses the copper pot stills that produce our range of spirits' and that it has produced some of Canada's finest handmade spirits for more than ten years.","Sidney, British Columbia (waterfront distillery, Vancouver Island)",One of Canada's oldest small-batch spirits companies,"Distillery states it uses 'the highest quality ingredients from around the world', including butterfly pea blossom sourced from Thailand.","Replaces U.S.-origin spirits (whisky, vodka, gin, liqueurs) subject to Canada's 25% counter-tariff on U.S. spirits (heading 22.08).",22.08,"Our unique waterfront location in Sidney, British Columbia, houses the copper pot stills that produce our range of spirits - most notably, our award-winning gins.",https://victoriadistillers.com/the-distillery/,https://www.distillerytrail.com/blog/victoria-distillers-announces-empress-1908-gin-color-changing-gin/,2026-08-30,High,"Bière, vin et spiritueux",Distillerie de spiritueux,"Empress 1908 Indigo Gin, Victoria Gin, gin vieilli en fût de chêne et liqueurs","Gin haut de gamme dont la couleur change pour les cocktails, en remplacement des gins haut de gamme américains.","Victoria Distillers indique que son « emplacement unique au bord de l’eau, à Sidney, en Colombie-Britannique, abrite les alambics en cuivre qui servent à produire sa gamme de spiritueux » et qu’elle produit certains des meilleurs spiritueux artisanaux du Canada depuis plus de dix ans.","Sidney, Colombie-Britannique (distillerie située au bord de l’eau, sur l’île de Vancouver)",L’une des plus anciennes entreprises de spiritueux artisanaux du Canada,"La distillerie indique qu’elle utilise « les ingrédients de la plus haute qualité provenant du monde entier », notamment la fleur de pois papillon provenant de Thaïlande.","Remplace des spiritueux d’origine américaine (whisky, vodka, gin et liqueurs) assujettis à la surtaxe canadienne de 25 % en représailles contre les spiritueux américains (position 22.08)."
650,"Beer, wine and spirits",Spirits distillery,Okanagan Spirits Craft Distillery,"BC single malt and rye whiskies, gins, vodkas, fruit liqueurs and brandies","Farm-to-flask BC spirits replacing U.S. whiskey, gin and fruit liqueurs.","Okanagan Spirits states it is Western Canada's original craft distillery, making Canadian spirits from 100% B.C. grain and fruit in Vernon and Kelowna, BC since 2004, with only on-site fermentation and distillation.","Vernon and Kelowna, British Columbia","Small, family-run BC craft distillery",,"Replaces U.S.-origin spirits (whisky, vodka, gin, liqueurs) subject to Canada's 25% counter-tariff on U.S. spirits (heading 22.08).",22.08,"Okanagan Spirits is Western Canada's original craft distillery making authentic, internationally awarded Canadian spirits from 100% B.C. grain and fruit in Vernon & Kelowna, BC since 2004.",https://okanaganspirits.com/,https://www.castanet.net/news/Business/540285/Okanagan-Spirits-Craft-Distillery-claims-golden-honours,2026-08-30,High,"Bière, vin et spiritueux",Distillerie de spiritueux,"Whiskys single malt et de seigle de la Colombie-Britannique, gins, vodkas, liqueurs de fruits et eaux-de-vie","Spiritueux de la ferme à la bouteille de la Colombie-Britannique qui remplacent les whiskys, les gins et les liqueurs de fruits américains.","Okanagan Spirits affirme être la première distillerie artisanale de l’Ouest canadien et produire des spiritueux canadiens à partir de céréales et de fruits provenant à 100 % de la Colombie-Britannique, à Vernon et à Kelowna, en Colombie-Britannique, depuis 2004. La fermentation et la distillation sont effectuées uniquement sur place.","Vernon et Kelowna, British Columbia",Petite distillerie artisanale familiale de la Colombie-Britannique,,"Remplace des spiritueux originaires des États-Unis — whiskys, vodkas, gins et liqueurs — assujettis au contre-tarif canadien de 25 % applicable aux spiritueux américains (position 22.08)."
651,"Beer, wine and spirits",Cider maker,Cidrerie Michel Jodoin,"Traditional-method sparkling ciders, rosé cider and ice cider from Geneva red-fleshed apples",Sparkling and ice ciders replacing imported U.S. hard cider.,"The cidery's own page states Michel Jodoin is the fourth generation of apple growers in the Jodoin family established in Rougemont, Quebec in 1901, and that he received one of Quebec's first permits to produce and sell artisanal cider, which he still makes there.","Rougemont, Quebec (Montérégie)","Family-run cidery, fourth-generation apple growers",,Replaces U.S.-origin cider and other fermented beverages subject to Canada's 25% counter-tariff (heading 22.06).,22.06,"Michel represents the fourth generation of apple growers in the Jodoin family, established in Rougemont in 1901!",https://www.micheljodoin.ca/en/pages/michel-jodoin,https://www.bonjourquebec.com/en-ca/listing/to-see-and-do/cidrerie-michel-jodoin/0q9g,2026-08-30,High,"Bière, vin et spiritueux",Cidrerie,"Cidres effervescents de méthode traditionnelle, cidre rosé et cidre de glace élaborés à partir de pommes à chair rouge Geneva",Cidres effervescents et cidres de glace qui remplacent les cidres forts importés des États-Unis.,"La page de la cidrerie indique que Michel Jodoin est la quatrième génération de pomiculteurs de la famille Jodoin, établie à Rougemont, au Québec, depuis 1901, et qu’il a obtenu l’un des premiers permis du Québec pour produire et vendre du cidre artisanal, qu’il fabrique encore sur place.","Rougemont, Québec (Montérégie)",Cidrerie familiale exploitée par la quatrième génération de pomiculteurs,,Remplace les cidres d’origine américaine et les autres boissons fermentées assujettis à la surtaxe de représailles de 25 % imposée par le Canada (position tarifaire 22.06).
652,"Beer, wine and spirits",Cider maker,Sea Cider Farm & Ciderhouse,Traditionally fermented organic ciders including Wild English and Rumrunner,Dry farmhouse cider replacing U.S. hard ciders.,"Sea Cider's About page says it is a farm-based cidery located on the Saanich Peninsula on the south end of Vancouver Island, with a ten-acre farm of over 1,300 heirloom apple trees, crafting traditionally fermented ciders from organically grown apples.","Saanichton (Central Saanich), British Columbia (2487 Mt. St. Michael Road)",Family-owned orchard and ciderhouse founded in 2007 by owner Kristen Needham,,Replaces U.S.-origin cider and other fermented beverages subject to Canada's 25% counter-tariff (heading 22.06).,22.06,"Sea Cider is a farm-based cidery located on the Saanich Peninsula just minutes from Victoria, on the south end of Vancouver Island.",https://seacider.ca/pages/about,https://www.tourismvictoria.com/eat-drink/craft-beer-wine-cider-and-spirit/breweries-cideries/sea-cider-farm-ciderhouse,2026-08-30,High,"Bière, vin et spiritueux",Fabricant de cidre,"Cidres biologiques fermentés de façon traditionnelle, notamment Wild English et Rumrunner",Cidre fermier sec remplaçant les cidres forts américains.,"La page « À propos » de Sea Cider indique qu’il s’agit d’une cidrerie établie sur une ferme située dans la péninsule de Saanich, à l’extrémité sud de l’île de Vancouver. Elle possède une ferme de 10 acres comptant plus de 1 300 pommiers patrimoniaux et élabore des cidres fermentés de façon traditionnelle à partir de pommes cultivées biologiquement.","Saanichton (Central Saanich), Colombie-Britannique (2487 Mt. St. Michael Road)","Verger et cidrerie familiaux fondés en 2007 par leur propriétaire, Kristen Needham",,Remplace les cidres et autres boissons fermentées d’origine américaine visés par le contretarif de 25 % imposé par le Canada (position 22.06).
653,"Beer, wine and spirits",Cider maker,County Cider Company,"Waupoos Premium cider, County Apple, ice cider and fruit ciders",Orchard-based Ontario cider replacing U.S. hard cider brands.,"County Cider states on its own site that its cider is 'freshly made right here in Prince Edward County' from orchard-ripened apples at its Waupoos, Ontario estate.","Waupoos (Prince Edward County), Ontario (657 Bongards Crossroad)",Family-operated estate cidery and winery operating since the 1990s,,Replaces U.S.-origin cider and other fermented beverages subject to Canada's 25% counter-tariff (heading 22.06).,22.06,"At County Cider, we are known for our wonderful tasting cider that is freshly made right here in Prince Edward County.",https://countycider.com/blogs/news,https://visitthecounty.com/listing/county-cider-company,2026-08-30,High,"Bière, vin et spiritueux",Producteur de cidre,"Cidre Waupoos Premium, County Apple, cidre de glace et cidres aux fruits","Cidre ontarien produit à partir de pommes de verger, en remplacement des marques américaines de cidre fort.","County Cider indique sur son propre site que son cidre est « fraîchement élaboré ici même dans le comté de Prince Edward », à partir de pommes mûries au verger dans son domaine de Waupoos, en Ontario.","Waupoos (comté de Prince Edward), Ontario (657 Bongards Crossroad)","Domaine familial regroupant une cidrerie et une exploitation vinicole, en activité depuis les années 1990",,Remplace le cidre d’origine américaine et d’autres boissons fermentées assujettis au contre-tarif canadien de 25 % (position 22.06).
654,"Hand tools, hardware and building products",First Nations forestry / firewood,Kiskatinaw Resource Management Ltd.,Rough-cut lumber and split aspen/birch firewood,Home heating firewood and rough-cut lumber that substitute for U.S.-origin firewood and dimensional lumber.,Kiskatinaw's own About page states it is an Indigenous-owned company that uses dead or downed trees to produce rough-cut lumber and firewood in the Treaty 8 Territory/Peace Region of British Columbia.,"Treaty 8 Territory / Peace Region, British Columbia (delivers to Fort St. John, Dawson Creek, Chetwynd)",Indigenous-owned by a Blueberry River First Nation member and a Metis co-owner,,Replaces U.S.-origin sawn lumber subject to Canada's counter-tariffs on U.S. wood products (heading 44.07).,44.07,"Kiskatinaw Resource Management Ltd is an Indigenous owned company by one Blueberry River First Nation member and a Metis, we proudly utilize dead or downed trees to make rough cut lumber and firewood in the Treaty 8 Territory/Peace Region.",https://kiskatinaw.com/about-us-1,,2026-08-30,High,"Outils à main, quincaillerie et produits de construction",Foresterie des Premières Nations / bois de chauffage,Bois scié brut et bois de chauffage fendu de tremble et de bouleau,Bois de chauffage pour le chauffage résidentiel et bois scié brut qui remplacent le bois de chauffage et le bois d’œuvre de dimensions courantes d’origine américaine.,La page « À propos » de Kiskatinaw indique qu’il s’agit d’une entreprise appartenant à des Autochtones qui utilise des arbres morts ou tombés pour produire du bois scié brut et du bois de chauffage dans le Treaty 8 Territory / Peace Region de la Colombie-Britannique.,"Treaty 8 Territory / Peace Region, Colombie-Britannique (livraison à Fort St. John, Dawson Creek et Chetwynd)",Appartenant à un membre de Blueberry River First Nation et à un copropriétaire métis,,Remplace le bois scié d’origine américaine assujetti aux contre-tarifs du Canada sur les produits du bois des États-Unis (position 44.07).
655,"Hand tools, hardware and building products",First Nations forestry / firewood,Tintina Forest Products Inc.,Locally harvested firewood and fuelwood,Home heating firewood and fuelwood that substitute for imported U.S. bagged and bulk firewood.,"Tintina's own About Us page describes the company as a majority Indigenous-owned forestry business based in Dawson City, Yukon, overseen in part by a Tr'ondëk Hwëch'in citizen.","Dawson City, Yukon",Majority Indigenous-owned; co-owned by a Tr'ondëk Hwëch'in citizen,,Replaces U.S.-origin firewood and fuelwood subject to Canada's counter-tariffs on U.S. wood products (heading 44.01).,44.01,"Established in 2023, Tintina Forest Products, Inc. is a majority Indigenous-owned forestry business based in Dawson City, Yukon... Alice, a Tr'ondëk Hwëch'in citizen, oversees hiring, office operations, finances, and partnerships.",https://www.tintina.net/about-us,,2026-08-30,High,"Outils à main, quincaillerie et produits de construction",Foresterie des Premières Nations / bois de chauffage,Bois de chauffage et bois-énergie récoltés localement,"Bois de chauffage et bois-énergie destinés au chauffage résidentiel, qui remplacent le bois de chauffage ensaché et en vrac importé des États-Unis.","La page « À propos de nous » de Tintina décrit l’entreprise comme une entreprise forestière majoritairement autochtone établie à Dawson City, au Yukon, dont la supervision est assurée en partie par un citoyen de Tr'ondëk Hwëch'in.","Dawson City, Yukon",Majoritairement détenue par des Autochtones; copropriété d’un citoyen de Tr'ondëk Hwëch'in,,Remplace le bois de chauffage et le bois-énergie originaires des États-Unis visés par les contre-tarifs du Canada sur les produits du bois des États-Unis (position 44.01).
656,"Hand tools, hardware and building products",First Nations lumber mill,Leading Edge Wood Products,"Kiln-dried lumber, timbers, beams and tongue-and-groove boards","Renovation and construction lumber that substitutes for U.S.-origin timbers, beams and finished boards.","Leading Edge's own About Us page states it is a 100% Indigenous-owned, value-added lumber company rooted in Yunesit'in and Tsilhqot'in heritage.","Yunesit'in, Tsilhqot'in Nation, central British Columbia","100% Indigenous-owned, Yunesit'in/Tsilhqot'in Nation",,Replaces U.S.-origin sawn lumber subject to Canada's counter-tariffs on U.S. wood products (heading 44.07).,44.07,"Leading Edge is a 100% Indigenous-owned, value-added lumber company deeply rooted in the traditions of the Yunesit'in and Tsilhqot'in heritage.",https://leadingedgewoodproducts.ca/about-us/,,2026-08-30,High,"Outils à main, quincaillerie et produits de construction",Scierie des Premières Nations,"Bois d’œuvre séché au four, bois équarris, poutres et planches à rainure et languette","Bois destiné aux travaux de rénovation et de construction, qui peut remplacer les bois équarris, les poutres et les planches finies d’origine américaine.",La page À propos de Leading Edge indique que l’entreprise est une entreprise de bois d’œuvre à valeur ajoutée détenue à 100 % par des Autochtones et enracinée dans le patrimoine de Yunesit'in et de la Nation Tsilhqot'in.,"Yunesit'in, Nation Tsilhqot'in, centre de la Colombie-Britannique",Détenue à 100 % par des Autochtones; Nation Yunesit'in/Tsilhqot'in,,Remplace le bois d’œuvre scié d’origine américaine assujetti aux contre-tarifs du Canada visant les produits du bois des États-Unis (position 44.07).
657,"Pantry, bakery, snacks, beverages, frozen and canned foods",First Nations seafood cannery,"St. Jean's Cannery & Smokehouse (St. Jean's, Raincoast Trading, Gratitude Seafood)","Canned and smoked wild Pacific salmon, canned tuna, smoked oysters and mussels, chowder",Canned and smoked seafood that substitutes for U.S.-owned canned salmon and tuna brands.,"The BC Food & Beverage Directory (Province of BC) states ownership was transferred in 2015 to the Nuu-chah-nulth, five Indigenous nations with a long history in BC's seafood economy.","Nanaimo, BC (cannery); Port Alberni, BC (Nuu-chah-nulth Seafood LP office)","Owned by Nuu-chah-nulth Seafood LP, representing five Nuu-chah-nulth Nations",,Replaces U.S.-origin canned/prepared fish subject to Canada's counter-tariffs on U.S. food products (heading 16.04).,16.04,"In 2015, St. Jeans ownership was transferred to the Nuu-chah-nulth, five Indigenous nations with a long and proud history as stewards and participants in BC's seafood economy.",https://bcfooddirectory.gov.bc.ca/producer/st-jeans-cannery-smokehouse/,https://www.ncnseafood.com/,2026-08-30,High,"Produits d’épicerie, de boulangerie, collations, boissons, aliments surgelés et en conserve",Conserverie de produits de la mer des Premières Nations,"Saumon sauvage du Pacifique en conserve et fumé, thon en conserve, huîtres et moules fumées, chaudrée",Produits de la mer en conserve et fumés qui remplacent les marques de saumon et de thon en conserve appartenant à des intérêts américains.,"Le BC Food & Beverage Directory (Province of BC) indique que la propriété a été transférée en 2015 aux Nuu-chah-nulth, cinq nations autochtones qui jouent depuis longtemps un rôle dans l’économie des produits de la mer en Colombie-Britannique.","Nanaimo, C.-B. (conserverie); Port Alberni, C.-B. (bureau de Nuu-chah-nulth Seafood LP)","Appartenant à Nuu-chah-nulth Seafood LP, qui représente cinq nations Nuu-chah-nulth",,Remplace les produits de la pêche en conserve ou préparés d’origine américaine assujettis aux contre-tarifs du Canada sur les produits alimentaires américains (position 16.04).
658,"Pantry, bakery, snacks, beverages, frozen and canned foods",Indigenous-owned maple syrup,Wabanaki Maple,"Barrel-aged maple syrup (bourbon, toasted oak and whiskey barrels)",Premium barrel-aged maple syrup that substitutes for U.S.-origin (Vermont/New York) maple syrup.,The Government of Canada / ACOA describes Wabanaki Maple as a 100% Indigenous and female-owned company founded in 2018 in Tobique First Nation.,"Neqotkuk (Tobique) First Nation, New Brunswick",100% Indigenous and female-owned,,Replaces U.S.-origin maple syrup and sugar subject to Canada's counter-tariffs on U.S. food products (heading 17.02).,17.02,"Founded in 2018 in Tobique First Nation, Wabanaki Maple is a 100% Indigenous and female-owned company.",https://www.canada.ca/en/atlantic-canada-opportunities/campaigns/impacts/wabanakimaple.html,https://www.ccib.ca/main/member/wabanaki-maple/,2026-08-30,High,"Produits d’épicerie, de boulangerie, collations, boissons, aliments surgelés et en conserve",Sirop d’érable détenu par des Autochtones,"Sirop d’érable vieilli en fût (fûts de bourbon, de chêne grillé et de whisky)",Sirop d’érable haut de gamme vieilli en fût qui remplace le sirop d’érable d’origine américaine (du Vermont ou de l’État de New York).,"Le gouvernement du Canada et l’APECA décrivent Wabanaki Maple comme une entreprise détenue à 100 % par des Autochtones et des femmes, fondée en 2018 à Tobique First Nation.","Neqotkuk (Tobique) First Nation, Nouveau-Brunswick",Détenue à 100 % par des Autochtones et des femmes,,Remplace le sirop d’érable et le sucre d’origine américaine visés par les contre-tarifs du Canada applicables aux produits alimentaires américains (position 17.02).
659,"Pantry, bakery, snacks, beverages, frozen and canned foods",First Nations maple syrup,Awazibi Pure Maple Syrup,"Pure maple syrup, 250 ml to 4 L",Pure maple syrup that substitutes for U.S.-origin maple syrup.,"Kitigan Zibi Natural Resources describes Awazibi as Kitigan Zibi Anishinabeg's community-owned maple syrup enterprise, and CBC reports the First Nation operates the business from roughly 16,500 taps.","Kitigan Zibi Anishinabeg, near Maniwaki, Quebec",Community-owned by Kitigan Zibi Anishinabeg First Nation,,Replaces U.S.-origin maple syrup and sugar subject to Canada's counter-tariffs on U.S. food products (heading 17.02).,17.02,Kitigan Zibi Anishinabeg's community owned business 'Awazibi Pure Maple Syrup' marked its first decade of operation with an expansion of the facility.,https://www.kzanaturalresource.ca/index.php/projects/awazibi,https://www.cbc.ca/news/canada/ottawa/maple-syrup-production-2022-kitigan-zibi-anishinabeg-1.6389399,2026-08-30,High,"Produits d’épicerie, de boulangerie, collations, boissons, aliments surgelés et en conserve",Sirop d’érable des Premières Nations,"Sirop d’érable pur, de 250 ml à 4 L",Sirop d’érable pur qui remplace le sirop d’érable d’origine américaine.,"Kitigan Zibi Natural Resources décrit Awazibi comme l’entreprise communautaire de production de sirop d’érable appartenant à Kitigan Zibi Anishinabeg, et CBC rapporte que la Première Nation exploite l’entreprise à partir d’environ 16 500 entailles.","Kitigan Zibi Anishinabeg, près de Maniwaki, au Québec",Entreprise communautaire appartenant à la Première Nation Kitigan Zibi Anishinabeg,,Remplace le sirop d’érable et le sucre originaires des États-Unis qui sont assujettis aux contre-tarifs du Canada sur les produits alimentaires américains (position 17.02).
660,"Pantry, bakery, snacks, beverages, frozen and canned foods",Indigenous-owned tea and wild rice,Tea Horse,"Roasted wild rice (manoomin) and wild-rice tea blends (ManoominCha, Manoominaabo)",Packaged tea and specialty grain blends that substitute for U.S.-origin packaged teas and rice.,"Tea Horse's own About Us page describes it as an Indigenous-owned artisanal tea company founded by Denise Atkinson, an Anishinaabe ikwe (Ojibwe woman), on Anishinaabeg territory in Northwestern Ontario.","Northwestern Ontario (Thunder Bay area), Anishinaabeg territory",Founded and owned by an Anishinaabe (Ojibwe) woman entrepreneur,,Replaces U.S.-origin packaged tea subject to Canada's counter-tariffs on U.S. food products (heading 09.02).,09.02,"Tea Horse, established in 2017 by Denise Atkinson, Anishinaabe ikwe (English: Ojibwe woman) and her partner Marc H. Bohemier, is an Indigenous-owned artisanal tea company located on the traditional territory of the Anishinaabeg Peoples in Northwestern Ontario.",https://www.teahorse.ca/about-us/,https://davidstea.com/pages/tea-horse-partnership,2026-08-30,High,"Produits d’épicerie, de boulangerie, collations, boissons, aliments surgelés et en conserve",Thé et riz sauvage appartenant à des Autochtones,"Riz sauvage rôti (manoomin) et mélanges de thé au riz sauvage (ManoominCha, Manoominaabo)",Thés emballés et mélanges de grains spécialisés qui remplacent les thés et le riz emballés originaires des États-Unis.,"La page « About Us » de Tea Horse la décrit comme une entreprise de thé artisanale appartenant à des Autochtones, fondée par Denise Atkinson, une ikwe Anishinaabe (femme Ojibwe), sur le territoire des Anishinaabeg dans le Nord-Ouest de l’Ontario.","Nord-Ouest de l’Ontario (région de Thunder Bay), territoire des Anishinaabeg",Fondée et détenue par une entrepreneure Anishinaabe (Ojibwe),,"Remplace le thé emballé originaire des États-Unis, assujetti aux contre-tarifs du Canada sur les produits alimentaires américains (position 09.02)."
661,"Pantry, bakery, snacks, beverages, frozen and canned foods",Indigenous-owned wild rice,NWC Wild Rice,"Organic lake-harvested wild rice, including green wild rice",Packaged wild rice that substitutes for U.S.-grown (Minnesota/California) wild rice.,NWC Wild Rice's own About Us page states it is an Indigenous-owned company whose harvesters are First Nations and Metis families and communities.,Northwest Saskatchewan,"Indigenous-owned; harvested by Metis, Dene and Cree families",,Replaces U.S.-origin specialty grains (wild rice) subject to Canada's counter-tariffs on U.S. food products (heading 10.08).,10.08,"Our Indigenous-owned company takes pride in sharing this beautiful, organic food with you... Buying NWC Wild Rice means supporting us, the First Nations and Metis Harvesters, our families, and our communities.",https://nwcwildrice.ca/about-us/,,2026-08-30,High,"Produits d’épicerie, de boulangerie, collations, boissons, aliments surgelés et en conserve",Riz sauvage appartenant à des Autochtones,"Riz sauvage biologique récolté dans les lacs, notamment le riz sauvage vert",Riz sauvage emballé qui remplace le riz sauvage cultivé aux États-Unis (Minnesota/Californie).,La page About Us de NWC Wild Rice indique que l’entreprise appartient à des Autochtones et que ses récolteurs sont des familles et des collectivités First Nations et Metis.,Northwest Saskatchewan,"Entreprise appartenant à des Autochtones; récolté par des familles Metis, Dene et Cree",,Remplace les céréales spécialisées d’origine américaine (riz sauvage) assujetties aux contre-tarifs du Canada visant les produits alimentaires des États-Unis (position 10.08).
662,"Pantry, bakery, snacks, beverages, frozen and canned foods",Indigenous-owned coffee roaster,Birch Bark Coffee Company,"Fairtrade-certified coffee blends (Inukshuk, Coureurs des Bois, Summer Solstice, 2 Spirit), ground and whole bean",Roasted coffee that substitutes for U.S.-roasted coffee brands.,"Birch Bark Coffee Company describes itself as a First Nations-owned coffee company, and the federal Canadian Intellectual Property Office describes founder Mark Marsolais-Nahwegahbow as an Ojibwe entrepreneur from Whitefish River First Nation.",Ontario (roasted in Canada; founder from Whitefish River First Nation),"First Nations-owned, founded by a Whitefish River First Nation (Ojibwe) entrepreneur",,Replaces U.S.-roasted coffee subject to Canada's counter-tariffs on U.S. food products (heading 09.01).,09.01,Birch Bark Coffee Company is a First Nations-owned coffee company based in Canada.,https://birchbarkcoffeecompany.com/,https://ised-isde.canada.ca/site/canadian-intellectual-property-office/en/corporate-information/intellectual-property-blog/birch-bark-coffee-company-making-difference-one-cup-time,2026-08-30,High,"Produits d’épicerie, de boulangerie, collations, boissons, aliments surgelés et en conserve",Entreprise de torréfaction de café appartenant à des Autochtones,"Mélanges de café certifiés Fairtrade (Inukshuk, Coureurs des Bois, Summer Solstice et 2 Spirit), moulus et en grains",Café torréfié qui remplace les marques de café torréfié aux États-Unis.,"Birch Bark Coffee Company se décrit comme une entreprise de café appartenant à des membres des Premières Nations, et l’Office de la propriété intellectuelle du Canada décrit son fondateur, Mark Marsolais-Nahwegahbow, comme un entrepreneur Ojibwe de Whitefish River First Nation.",Ontario (torréfié au Canada; fondateur originaire de Whitefish River First Nation),"Entreprise appartenant aux Premières Nations, fondée par un entrepreneur Ojibwe de Whitefish River First Nation",,Remplace le café torréfié aux États-Unis visé par les contre-tarifs du Canada sur les produits alimentaires américains (position 09.01).
663,"Pantry, bakery, snacks, beverages, frozen and canned foods",Indigenous-owned coffee roaster,Spirit Bear Coffee Company,"Organic Fair Trade coffee (Orca dark roast, Eagle medium roast, Dolphin decaf)",Roasted coffee that substitutes for U.S.-roasted coffee brands.,"Spirit Bear Coffee's own Founders page describes it as a locally owned and operated First Nations business, and Destination Vancouver confirms it was Canada's first national Indigenous-owned coffee brand.","Port Coquitlam, British Columbia",First Nations-owned; Canada's first national Indigenous-owned coffee company,,Replaces U.S.-roasted coffee subject to Canada's counter-tariffs on U.S. food products (heading 09.01).,09.01,"Spirit Bear Coffee Company is a locally owned & operated, First Nations business... Canada's first national Indigenous owned coffee company.",https://spiritbearcoffeecompany.com/pages/founders,https://www.destinationvancouver.com/inspirations/food-and-drink/two-vancouver-indigenous-run-food-companies-share-a-passion-for-quality-and-community,2026-08-30,High,"Produits d’épicerie, de boulangerie, collations, boissons, aliments surgelés et en conserve",Torréfacteur de café appartenant à des Autochtones,"Café biologique et équitable (torréfaction foncée Orca, torréfaction moyenne Eagle et café décaféiné Dolphin)",Café torréfié qui remplace les marques de café torréfié aux États-Unis.,"La page des fondateurs de Spirit Bear Coffee le décrit comme une entreprise des Premières Nations détenue et exploitée localement, et Destination Vancouver confirme qu’il s’agit de la première marque nationale de café appartenant à des Autochtones au Canada.","Port Coquitlam, Colombie-Britannique",Appartenant aux Premières Nations; première entreprise nationale de café appartenant à des Autochtones au Canada,,Remplace les marques de café torréfié aux États-Unis assujetties aux contre-tarifs du Canada applicables aux produits alimentaires des États-Unis (position 09.01).
664,"Pantry, bakery, snacks, beverages, frozen and canned foods",Indigenous-owned coffee roaster,First People's Coffee,"Small-batch coffee in light, medium and dark roasts",Roasted coffee that substitutes for U.S.-roasted coffee brands.,"First People's Coffee's own site describes it as a Northern, Indigenous-owned coffee company, with a launch series featuring a Kwanlin Dun First Nation artist.",Yukon,"Indigenous-owned, based in Yukon (Kwanlin Dun First Nation territory)",,Replaces U.S.-roasted coffee subject to Canada's counter-tariffs on U.S. food products (heading 09.01).,09.01,"First People's Coffee is a Northern, Indigenous-owned coffee company, using our platform to tell Indigenous stories and give back to our communities.",https://www.firstpeoplescoffee.ca/,,2026-08-30,High,"Produits d’épicerie, de boulangerie, collations, boissons, aliments surgelés et en conserve",Torréfacteur de café appartenant à des Autochtones,"Café produit en petites quantités, offert en torréfactions légère, moyenne et foncée",Café torréfié qui remplace les marques de café torréfié aux États-Unis,"Le site Web de First People's Coffee le décrit comme une entreprise de café du Nord appartenant à des Autochtones, dont une série de lancement met en vedette un artiste de la Kwanlin Dun First Nation.",Yukon,"Entreprise appartenant à des Autochtones, établie au Yukon (sur le territoire de la Kwanlin Dun First Nation)",,Remplace le café torréfié aux États-Unis visé par les contre-tarifs du Canada sur les produits alimentaires des États-Unis (position 09.01).
665,"Pantry, bakery, snacks, beverages, frozen and canned foods",Indigenous coffee supply chain,Solstice Coffee (Des Nedhe Group),Roasted coffee with a fully Indigenous supply chain,Roasted coffee that substitutes for U.S.-roasted coffee brands.,"Solstice Coffee's Our Story page states it was launched by Des Nedhe Group, a collective of Indigenous-owned businesses tied to English River First Nation, as the first coffee company in Canada with a fully Indigenous supply chain.","English River First Nation land, Saskatchewan","Indigenous joint venture between Des Nedhe Group (Indigenous-owned, English River First Nation) and Road Coffee; ownership split not published",Structured as a partnership between an Indigenous-owned economic development company and a non-Indigenous roaster.,Replaces U.S.-roasted coffee subject to Canada's counter-tariffs on U.S. food products (heading 09.01).,09.01,"The first coffee company in Canada to establish a fully Indigenous supply chain, connecting Indigenous growers worldwide to an Indigenous roastery in Saskatchewan... Roasted on English River First Nation Land.",https://solsticecoffee.ca/pages/our-story,,2026-08-30,Medium,"Produits d’épicerie, de boulangerie, collations, boissons, aliments surgelés et en conserve",Chaîne d’approvisionnement du café autochtone,Café torréfié issu d’une chaîne d’approvisionnement entièrement autochtone,Café torréfié qui remplace les marques de café torréfié aux États-Unis,"Selon la page « Our Story » de Solstice Coffee, l’entreprise a été lancée par Des Nedhe Group, un regroupement d’entreprises appartenant à des Autochtones et liées à English River First Nation. Elle serait la première entreprise de café au Canada à disposer d’une chaîne d’approvisionnement entièrement autochtone.","Sur le territoire de English River First Nation, en Saskatchewan",Coentreprise autochtone entre Des Nedhe Group (entreprise appartenant à des Autochtones et liée à English River First Nation) et Road Coffee; la répartition de la propriété n’est pas publiée.,L’entreprise est structurée comme un partenariat entre une société de développement économique appartenant à des Autochtones et un torréfacteur non autochtone.,Remplace le café torréfié aux États-Unis qui est assujetti aux contre-droits du Canada sur les produits alimentaires des États-Unis (position 09.01).
666,"Pantry, bakery, snacks, beverages, frozen and canned foods",Indigenous-owned snack food,Tomahawk Chips (Native Canadian Chip Corporation),"Potato chips (Regular, BBQ, Ketchup, Salt & Vinegar, Fire Chip)",Packaged potato chips that substitute for U.S.-owned snack chip brands.,"Global News reports the product is owned by Manitoba-based Native Canadian Chip Corporation, founded by Alfred Lea, a member of the Fisher River Cree Nation.","Riverton / Pine Dock, Manitoba (Fisher River Cree Nation); manufactured in Ontario","Owned by Native Canadian Chip Corporation, founded by a Fisher River Cree Nation entrepreneur",,Replaces U.S.-origin packaged snack foods subject to Canada's counter-tariffs on U.S. food products (heading 20.05).,20.05,"The product is owned by Manitoba-based Native Canadian Chip Corporation... Having Indigenous-owned companies like this, founder Alfred Lea believes, is part of being self-reliant.",https://globalnews.ca/news/8075350/indigenous-chip-company-tomahawk-quebec/,https://www.karmacoop.org/news/karmas-new-snack-tomahawk-chips-mm-2025,2026-08-30,High,"Produits d’épicerie, de boulangerie, collations, boissons, aliments surgelés et en conserve",Aliment de collation appartenant à des Autochtones,"Croustilles (régulières, BBQ, ketchup, sel et vinaigre, Fire Chip)",Croustilles de pommes de terre emballées qui remplacent les marques américaines de croustilles appartenant à des entreprises américaines.,"Global News rapporte que le produit appartient à Native Canadian Chip Corporation, une société manitobaine fondée par Alfred Lea, membre de Fisher River Cree Nation.","Riverton / Pine Dock, Manitoba (Fisher River Cree Nation); fabriquées en Ontario","Appartenant à Native Canadian Chip Corporation, fondée par un entrepreneur de Fisher River Cree Nation",,Remplace des aliments de collation emballés originaires des États-Unis et assujettis aux contre-tarifs du Canada visant les produits alimentaires américains (position 20.05).
667,"Pantry, bakery, snacks, beverages, frozen and canned foods",Indigenous-owned meat snacks,Mitsoh,"Bison pemmican strips, dry meat and smoked meat snacks",Meat snacks that substitute for U.S.-owned jerky and meat snack brands.,A product review describes Mitsoh as an Indigenous-owned Canadian food company founded by Ian Gladue of Alberta's Bigstone Cree Nation.,"Beaumont, Alberta (Treaty Six Territory)",Founded and owned by a Bigstone Cree Nation entrepreneur,,Replaces U.S.-origin prepared meat snacks subject to Canada's counter-tariffs on U.S. food products (heading 16.02).,16.02,"Mitsoh is an Indigenous owned Canadian food company that specializes in traditional pemmican, dry meat, and bannock inspired products... Founded in 2018 by Ian Gladue of Alberta's Bigstone Cree Nation.",https://jerkyingredients.com/2026/06/09/mitsoh-maple-blueberry-peppered-bison-pemmican-strip/,,2026-08-30,High,"Produits d’épicerie, de boulangerie, collations, boissons, aliments surgelés et en conserve",Collations de viande d’une entreprise autochtone,"Lanières de pemmican de bison, viande séchée et collations de viande fumée",Collations de viande qui remplacent les marques de viande séchée et de collations de viande appartenant à des intérêts américains.,"Un examen du produit décrit Mitsoh comme une entreprise alimentaire canadienne appartenant à des Autochtones, fondée par Ian Gladue, membre de la Bigstone Cree Nation, en Alberta.","Beaumont, Alberta (territoire visé par le Traité no 6)",Fondée et détenue par un entrepreneur de la Bigstone Cree Nation,,Remplace les collations de viande préparées originaires des États-Unis qui sont assujetties aux contre-tarifs du Canada visant les produits alimentaires américains (position 16.02).
668,"Pantry, bakery, snacks, beverages, frozen and canned foods",Indigenous-owned baking mix,Bangin' Bannock,"Bannock/frybread dry mixes, including a gluten-free mix",Shelf-stable baking mixes that substitute for U.S.-owned pancake and biscuit mix brands.,"Bangin' Bannock's own About Us page describes it as an Indigenous-owned, woman-powered enterprise co-founded by a member of White Bear First Nation, Saskatchewan.","Vancouver, British Columbia",Indigenous-owned; co-founder is a registered White Bear First Nation (Treaty 4) member,,Replaces U.S.-origin baking and pancake mixes subject to Canada's counter-tariffs on U.S. food products (heading 19.01).,19.01,"Bangin' Bannock is an Indigenous-owned, woman-powered enterprise.",https://banginbannock.ca/pages/about-us,,2026-08-30,High,"Produits d’épicerie, de boulangerie, collations, boissons, aliments surgelés et en conserve",Mélanges à pâtisserie d’une entreprise autochtone,"Mélanges secs pour bannique et pain frit, y compris un mélange sans gluten",Mélanges à pâtisserie à longue conservation qui remplacent les marques de mélanges à crêpes et de préparation pour biscuits appartenant à des intérêts américains.,"La page « À propos de nous » de Bangin' Bannock décrit l’entreprise comme une entreprise appartenant à des Autochtones et dirigée par des femmes, cofondée par une membre de la Première Nation de White Bear, en Saskatchewan.","Vancouver, Colombie-Britannique",Entreprise appartenant à des Autochtones; la cofondatrice est une membre inscrite de la Première Nation de White Bear (Traité no 4).,,Remplace les mélanges à pâtisserie et les mélanges à crêpes d’origine américaine visés par les contre-tarifs du Canada sur les produits alimentaires américains (position 19.01).
669,"Pantry, bakery, snacks, beverages, frozen and canned foods",Metis-owned baking mix,The Red River Bannock Company,"Premixed bannock dry mix, bannock and tea gift sets",Shelf-stable baking mix that substitutes for U.S.-owned baking and pancake mixes.,The Red River Bannock Company's own site describes it as a Metis owned and operated company sharing its founder's Metis culture through a premixed bannock dry mix.,"Red River region, Manitoba",Metis-owned and operated,,Replaces U.S.-origin baking and pancake mixes subject to Canada's counter-tariffs on U.S. food products (heading 19.01).,19.01,A Metis owned and operated company. I am proud to share my Metis culture with you by offering a premixed Bannock Dry Mix.,https://redriverbannock.ca/,,2026-08-30,High,"Produits d’épicerie, de boulangerie, collations, boissons, aliments surgelés et en conserve",Mélange à pâtisserie appartenant à des Métis,"Mélange sec prêt à l’emploi pour bannique, ensembles-cadeaux de bannique et de thé",Mélange à pâtisserie de longue conservation qui remplace les mélanges à pâtisserie et à crêpes appartenant à des intérêts américains.,"Le site Web de Red River Bannock Company décrit l’entreprise comme une entreprise appartenant à des Métis et exploitée par eux, qui fait connaître la culture métisse de son fondateur au moyen d’un mélange sec prêt à l’emploi pour bannique.","Région de Red River, Manitoba",Entreprise appartenant à des Métis et exploitée par eux,,Remplace les mélanges à pâtisserie et à crêpes d’origine américaine visés par les contre-tarifs du Canada sur les produits alimentaires américains (position 19.01).
670,"Pantry, bakery, snacks, beverages, frozen and canned foods",Indigenous-owned herbal tea,Raven & Hummingbird Tea Co.,Small-batch loose-leaf Indigenous herbal tea blends,Packaged herbal tea that substitutes for U.S.-origin packaged herbal teas.,Raven & Hummingbird's own site describes it as a Squamish Nation-owned Indigenous herbal tea company led by a multigenerational Squamish Nation family.,"Squamish Nation territory, Lower Mainland, British Columbia","Squamish Nation-owned, led by Squamish Nation family members",,Replaces U.S.-origin packaged tea subject to Canada's counter-tariffs on U.S. food products (heading 09.02).,09.02,Raven & Hummingbird Tea Co. is a Squamish Nation-owned Indigenous herbal tea company led by a multigenerational family... Cease and Senaqwila Wyss are proud members of the Squamish Nation.,https://rhtea.co/,,2026-08-30,High,"Produits d’épicerie, de boulangerie, collations, boissons, aliments surgelés et en conserve",Tisane appartenant à des Autochtones,Mélanges de tisanes autochtones en vrac fabriqués en petites quantités,Tisane emballée qui remplace les tisanes emballées originaires des États-Unis.,Le propre site de Raven & Hummingbird la décrit comme une entreprise de tisanes autochtones appartenant à la Squamish Nation et dirigée par une famille de la Squamish Nation sur plusieurs générations.,"Territoire de la Squamish Nation, Lower Mainland, Colombie-Britannique",Appartenant à la Squamish Nation et dirigée par des membres d’une famille de la Squamish Nation,,Remplace les tisanes emballées originaires des États-Unis assujetties aux contre-tarifs du Canada visant les produits alimentaires américains (position 09.02).
671,"Pantry, bakery, snacks, beverages, frozen and canned foods",Indigenous-owned bottled water,FN Clean Water,Bottled mineral-enhanced drinking water,Bottled water that substitutes for U.S.-owned bottled water brands.,"FN Clean Water's own Our Story page states it is 100% Indigenous-owned, founded by a Cree owner from Kashechewan First Nation and an Algonquin/Ojibway owner from Kitigan Zibi.","Ottawa, Ontario",100% Indigenous-owned (Cree and Algonquin/Ojibway founders),,Replaces U.S.-origin bottled water subject to Canada's counter-tariffs on U.S. food and beverage products (heading 22.01).,22.01,"100% Indigenous-owned... Tyson Wesley is Cree and raised in Kashechewan First Nation, he is also from Waskaganish on his father's side. Natasha Commanda is Algonquin and Ojibway from Kitigan Zibi, and from Grassy Narrows on her mother's side.",https://fncleanwater.ca/pages/about-us,,2026-08-30,High,"Produits d’épicerie, de boulangerie, collations, boissons, aliments surgelés et en conserve",Eau embouteillée appartenant à des Autochtones,Eau potable embouteillée enrichie en minéraux,Eau embouteillée qui remplace les marques d’eau embouteillée appartenant à des entreprises américaines.,La page « Our Story » de FN Clean Water indique que l’entreprise est détenue à 100 % par des Autochtones et qu’elle a été fondée par un propriétaire cri de Kashechewan First Nation et un propriétaire algonquin/ojibwé de Kitigan Zibi.,Ottawa (Ontario),Détenue à 100 % par des Autochtones (fondateurs cri et algonquin/ojibwé),,Remplace l’eau embouteillée d’origine américaine assujettie aux contre-tarifs du Canada visant les produits alimentaires et les boissons des États-Unis (position 22.01).
672,"Clothing, footwear and textiles",Inuit-owned outerwear,Victoria's Arctic Fashion (V.A.F.),"Modernized Inuit parkas, northern garments and accessories",Winter outerwear that substitutes for U.S.-headquartered parka brands.,"V.A.F.'s own About Us page states it was started by Victoria Kakuktinniq, an Inuk woman born and raised in Rankin Inlet, Nunavut.","Rankin Inlet, Nunavut","Founded and owned by an Inuk designer from Rankin Inlet, Nunavut",,Replaces U.S.-origin outerwear subject to Canada's counter-tariffs on U.S. clothing and textiles (heading 62.01).,62.01,"Started by Victoria Kakuktinniq... The creator of V.A.F., Victoria Kakuktinniq, is an Inuk woman, born and raised in Rankin Inlet, Nunavut.",https://vafashion.ca/pages/about-us,,2026-08-30,High,"Vêtements, chaussures et textiles",Vêtements d’extérieur inuits appartenant à des Inuit,"Parkas inuites modernisées, vêtements et accessoires nordiques",Vêtements d’extérieur d’hiver qui remplacent les marques de parkas dont le siège est aux États-Unis.,"La page « À propos » de V.A.F. indique que l’entreprise a été fondée par Victoria Kakuktinniq, une femme inuite née et ayant grandi à Rankin Inlet, au Nunavut.","Rankin Inlet, Nunavut","Fondée et détenue par une créatrice inuite de Rankin Inlet, au Nunavut",,Remplace les vêtements d’extérieur d’origine américaine assujettis aux contre-mesures tarifaires du Canada visant les vêtements et les textiles des États-Unis (position 62.01).
673,"Clothing, footwear and textiles",Huron-Wendat-owned footwear,Bastien Industries,Moccasins and mukluks (225+ handcrafted models),Casual and slipper footwear that substitutes for U.S.-origin moccasin and slipper brands.,"Bastien Industries' own site describes itself as an Indigenous-owned business headquartered in Wendake, Quebec, founded in 1972, now led by a member of the Huron-Wendat Nation.","Wendake, Quebec (Huron-Wendat Nation)","Indigenous-owned, led by a Huron-Wendat Nation member",,Replaces U.S.-origin footwear subject to Canada's counter-tariffs on U.S. clothing and textiles (heading 64.04).,64.04,"Bastien Industries... is an Indigenous-owned business headquartered in Wendake, Quebec, Canada, Est. 1972... Today, under the leadership of Jason Picard-Binet, a proud member of the Huron-Wendat Nation, Bastien Industries continues its legacy.",https://www.bastienmoccasins.com/,,2026-08-30,High,"Vêtements, chaussures et textiles",Articles chaussants d’une entreprise appartenant à des membres de la Huron-Wendat Nation,Mocassins et mukluks (plus de 225 modèles fabriqués artisanalement),Chaussures décontractées et pantoufles qui remplacent les marques de mocassins et de pantoufles d’origine américaine.,"Le site Web de Bastien Industries décrit l’entreprise comme une entreprise autochtone dont le siège est situé à Wendake, au Québec. Fondée en 1972, elle est maintenant dirigée par un membre de la Huron-Wendat Nation.","Wendake, Québec (Huron-Wendat Nation)",Entreprise autochtone dirigée par un membre de la Huron-Wendat Nation,,Remplace les chaussures d’origine américaine visées par les contre-mesures tarifaires du Canada à l’égard des vêtements et des textiles américains (position 64.04).
674,"Clothing, footwear and textiles",Indigenous-owned streetwear,SECTION 35,Streetwear apparel and headwear,Streetwear apparel that substitutes for U.S. streetwear and apparel brands.,"SECTION 35's own About page describes it as an Indigenous-owned streetwear brand founded by Justin Jacob Louis, a member of the Samson Cree Nation.","Vancouver, British Columbia",Founded and owned by a Samson Cree Nation (Treaty 6) entrepreneur,,Replaces U.S.-origin knitted apparel subject to Canada's counter-tariffs on U.S. clothing and textiles (heading 61.10).,61.10,SECTION 35 is an Indigenous owned streetwear brand... Justin Jacob Louis is the Creative Director and Founder of SECTION 35. He is a member of the Samson Cree Nation.,https://www.sectionthirtyfive.com/pages/about,https://www.styledemocracy.com/indigenous-owned-streetwear-brand-enters-foot-locker-canada/,2026-08-30,High,"Vêtements, chaussures et textiles",Vêtements de rue appartenant à des Autochtones,Vêtements de rue et couvre-chefs,Vêtements de rue qui remplacent les vêtements et les marques de mode urbaine des États-Unis.,"La page « À propos » de SECTION 35 décrit la marque comme une marque de vêtements de rue appartenant à des Autochtones, fondée par Justin Jacob Louis, membre de la Samson Cree Nation.",Vancouver (Colombie-Britannique),Fondée et détenue par un entrepreneur de la Samson Cree Nation (traité no 6),,Remplace des vêtements tricotés originaires des États-Unis et assujettis aux contre-tarifs du Canada sur les vêtements et les textiles (position 61.10).
675,"Clothing, footwear and textiles",Metis-owned fashion,Anne Mulaire,"Sustainable, size-inclusive nature-inspired clothing",Sustainable apparel that substitutes for U.S. basics and athleisure brands.,Anne Mulaire's own Our Story page and the National Indigenous Economic Development Board both describe the brand as founded by Red River Metis designer Andreanne (Anne) Mulaire Dandeneau.,"Winnipeg, Manitoba (Treaty 1, Red River Metis)",Founded and owned by a Red River Metis designer,,Replaces U.S.-origin apparel subject to Canada's counter-tariffs on U.S. clothing and textiles (heading 61.09).,61.09,"Rooted in her Anishinaabe/French Metis from the Red River Nation on treaty 1, Anne creates nature-inspired clothing on Treaty 1 territory.",https://annemulaire.ca/pages/our-story,https://www.niedb-cndea.ca/success-stories/anne-mulaire-sustainable-fashion-with-metis-roots/,2026-08-30,High,"Vêtements, chaussures et textiles",Mode appartenant à une personne métisse,"Vêtements durables inclusifs pour toutes les tailles, inspirés de la nature",Vêtements durables qui remplacent les articles de base et les vêtements de sport de marques américaines.,La page Our Story de Anne Mulaire et le National Indigenous Economic Development Board décrivent tous deux la marque comme ayant été fondée par la designer Red River Metis Andreanne (Anne) Mulaire Dandeneau.,"Winnipeg, Manitoba (Treaty 1, Red River Metis)",Fondée et détenue par une designer Red River Metis,,Remplace des vêtements d’origine américaine visés par les contre-tarifs du Canada sur les vêtements et les textiles (position 61.09).
676,"Clothing, footwear and textiles",Indigenous-owned apparel,NEECHI By Nature Inc.,"Apparel, accessories and footwear",Apparel and accessories that substitute for U.S. streetwear and apparel brands.,"NEECHI By Nature's own Our Story page describes it as a Toronto-based Indigenous-owned brand co-founded by Shane Kejick, whose work reflects his Anishinaabe heritage.","Toronto, Ontario",Indigenous-owned; co-founder is Anishinaabe,,Replaces U.S.-origin knitted apparel subject to Canada's counter-tariffs on U.S. clothing and textiles (heading 61.10).,61.10,"Founded in 2020, Neechi By Nature Inc. is a Toronto-based Indigenous-owned brand that bridges tradition and urban identity through innovative apparel, accessories, footwear, art, and entertainment.",https://neechibynature.com/pages/our-story-about-us,,2026-08-30,High,"Vêtements, chaussures et textiles",Vêtements d’une entreprise autochtone,"Vêtements, accessoires et chaussures",Vêtements et accessoires qui remplacent les marques américaines de vêtements et de vêtements de style urbain.,"La page « Our Story » de NEECHI By Nature décrit la marque comme une entreprise torontoise appartenant à des Autochtones, cofondée par Shane Kejick, dont le travail reflète son héritage Anishinaabe.",Toronto (Ontario),Entreprise appartenant à des Autochtones; le cofondateur est Anishinaabe.,,Remplace des vêtements en bonneterie originaires des États-Unis qui sont assujettis aux droits de douane de représailles du Canada visant les vêtements et les textiles américains (position 61.10).
677,"Clothing, footwear and textiles",Indigenous-owned streetwear,Red Rebel Armour Inc.,"Tees, hoodies, crewnecks, headwear and joggers","Printed apparel that substitutes for U.S.-origin T-shirts, hoodies and streetwear.","Carleton University's Centre for Indigenous Support & Community Engagement identifies Red Rebel Armour as founded by Sean Rayland-Boubar, an Anishinaabe entrepreneur from Winnipeg.","Winnipeg, Manitoba",Founded and owned by an Anishinaabe entrepreneur,,Replaces U.S.-origin knitted apparel subject to Canada's counter-tariffs on U.S. clothing and textiles (heading 61.10).,61.10,"Red Rebel Armour was founded by Sean Rayland-Boubar, an Anishinaabe entrepreneur from Winnipeg.",https://carleton.ca/indigenous/cisce/people/red-rebel-armour/,https://canadiansme.ca/indigenous-entrepreneur-of-the-year-2025/,2026-08-30,High,"Vêtements, chaussures et textiles",Vêtements de style urbain appartenant à des Autochtones,"T-shirts, chandails à capuchon, chandails à col rond, couvre-chefs et pantalons jogger","Vêtements imprimés qui remplacent les t-shirts, les chandails à capuchon et les vêtements de style urbain originaires des États-Unis.","Le Centre de soutien aux Autochtones et d’engagement communautaire de l’Université Carleton indique que Red Rebel Armour a été fondée par Sean Rayland-Boubar, un entrepreneur anishinaabe de Winnipeg.","Winnipeg, Manitoba",Fondée et détenue par un entrepreneur anishinaabe,,Remplace les vêtements tricotés originaires des États-Unis assujettis aux contre-tarifs du Canada visant les vêtements et les textiles des États-Unis (position 61.10).
678,"Beer, wine and spirits",Indigenous-owned winery and distillery,Indigenous World Winery & Indigenous World Spirits,"VQA wines (Simo, Hee-Hee-Tel-Kin, La'p Cheet) and spirits (vodka, botanical gin)","Wine and spirits that substitute for U.S. wine and spirits, a leading counter-tariff category.","The LCBO product listing describes Indigenous World Spirits Vodka as produced by the only 100% Indigenous-owned winery and distillery in Canada, on Westbank First Nation land near Kelowna, BC.","Kelowna / West Kelowna, BC (Westbank First Nation, Syilx/Okanagan)","100% Indigenous-owned; the only Indigenous-owned winery and distillery in Canada, owned by Westbank First Nation members",,Replaces U.S.-origin spirits subject to Canada's 25% counter-tariff on U.S. spirits (heading 22.08).,22.08,Indigenous World Spirits Vodka is produced by the only 100% Indigenous-owned winery and distillery in Canada.,https://www.lcbo.com/en/indigenous-world-spirits-vodka-30318,https://en.wikipedia.org/wiki/Robert_Louie,2026-08-30,High,"Bière, vin et spiritueux",Établissement vinicole et distillerie appartenant à des Autochtones,"Vins VQA (Simo, Hee-Hee-Tel-Kin, La'p Cheet) et spiritueux (vodka, gin botanique)","Vins et spiritueux qui remplacent les vins et spiritueux américains, une catégorie importante visée par les droits de douane de rétorsion.","La fiche de produit de la LCBO décrit Indigenous World Spirits Vodka comme étant produite par le seul établissement vinicole et la seule distillerie appartenant à 100 % à des Autochtones au Canada, sur les terres de la Westbank First Nation, près de Kelowna, en Colombie-Britannique.","Kelowna / West Kelowna, C.-B. (Westbank First Nation, Syilx/Okanagan)","Propriété autochtone à 100 %; le seul établissement vinicole et la seule distillerie appartenant à des Autochtones au Canada, propriété de membres de la Westbank First Nation",,Remplace les spiritueux d’origine américaine assujettis à la surtaxe canadienne de 25 % sur les spiritueux américains (position 22.08).
679,"Beer, wine and spirits",Indigenous-owned brewery,Kahnawake Brewing Company,Craft beer,"Craft beer that substitutes for U.S.-brewed beer, a headline counter-tariff category.",Indigenous Tourism Quebec describes Kahnawake Brewing Company as the first Native-owned microbrewery on a First Nation's territory in Canada.,"Kahnawake, Quebec (Mohawk Territory)",First Native-owned microbrewery on a First Nation's territory in Canada,,Replaces U.S.-origin beer subject to Canada's 25% counter-tariff on U.S. beer (heading 22.03).,22.03,"Kahnawake Brewing Company, the first Native-owned microbrewery on a First Nation's territory in Canada, started its journey in 2016.",https://indigenousquebec.com/things-to-do/kahnawake-brewing-company,https://historicplacesdays.ca/places/kahnawake-brewing-company/,2026-08-30,High,"Bière, vin et spiritueux",Brasserie appartenant à des Autochtones,Bière artisanale,"Bière artisanale qui remplace la bière brassée aux États-Unis, une catégorie phare des contre-tarifs.",Indigenous Tourism Quebec décrit Kahnawake Brewing Company comme la première microbrasserie appartenant à des Autochtones établie sur le territoire d’une Première Nation au Canada.,"Kahnawake, Quebec (territoire mohawk)",Première microbrasserie appartenant à des Autochtones établie sur le territoire d’une Première Nation au Canada,,Remplace la bière d’origine américaine assujettie au contre-tarif de 25 % imposé par le Canada sur la bière (position 22.03).
680,"Beer, wine and spirits",Metis-owned brewery,Dog Island Brewing,Craft beer,Craft beer that substitutes for U.S.-brewed beer.,"Indigenous Tourism Alberta describes Dog Island Brewing as one of the few Indigenous-owned breweries in the country, founded by two Metis co-owners.","Slave Lake, Alberta",Metis-owned,,Replaces U.S.-origin beer subject to Canada's 25% counter-tariff on U.S. beer (heading 22.03).,22.03,"Both are Metis, meaning that Dog Island Brewing is one of the few Indigenous-owned breweries in the country... We are proud of our culture and we want people to know that we're a Metis-owned business.",https://indigenoustourismalberta.ca/travel-stories/how-two-indigenous-men-are-reclaiming-craft-beer/,,2026-08-30,High,"Bière, vin et spiritueux",Brasserie appartenant à des Metis,Bière artisanale,Bière artisanale qui remplace la bière brassée aux États-Unis.,Indigenous Tourism Alberta décrit Dog Island Brewing comme l’une des rares brasseries appartenant à des Autochtones au pays; elle a été fondée par deux copropriétaires Metis.,"Slave Lake, Alberta",Appartenant à des Metis,,Remplace la bière d’origine américaine visée par le contre-tarif de 25 % du Canada sur la bière américaine (position 22.03).
681,"Cleaning, beauty and personal care",Cree-owned bath and body,Mother Earth Essentials,"Bath and body products, soaps, aromatherapy",Bath and body products that substitute for U.S. personal-care and bath brands.,"Mother Earth Essentials' own About Us page states it is a Canadian Indigenous-owned company founded by Carrie Armstrong, who comes from a long line of Cree medicine women.","Alberta (Edmonton area), Cree","Indigenous (Cree)-owned, founded by a Cree medicine-woman lineage",,Replaces U.S.-origin cosmetics and skincare subject to Canada's counter-tariffs on U.S. personal care products (heading 33.04).,33.04,"A Canadian indigenous-owned company, Mother Earth Essentials creates luxurious bath & beauty products from natural ingredients and traditional recipes... Our company was founded by Carrie Armstrong who comes from a long line of Cree Medicine women.",https://motherearth.ca/pages/about-us,,2026-08-30,High,"Entretien ménager, beauté et soins personnels",Produits pour le bain et le corps d’une entreprise crie,"Produits pour le bain et le corps, savons et aromathérapie",Produits pour le bain et le corps qui remplacent les marques américaines de soins personnels et de produits pour le bain.,"La page « À propos de nous » de Mother Earth Essentials indique qu’il s’agit d’une entreprise canadienne appartenant à des Autochtones, fondée par Carrie Armstrong, qui est issue d’une longue lignée de femmes-médecines cries.","Alberta (région d’Edmonton), Cree","Entreprise appartenant à des Autochtones (Cree), fondée par une personne issue d’une lignée de femmes-médecines cries",,Remplace les cosmétiques et les produits de soins de la peau d’origine américaine visés par les contre-tarifs du Canada sur les produits de soins personnels américains (position 33.04).
682,"Cleaning, beauty and personal care",Indigenous-owned soap,Sequoia (Sequoia Soaps),"Handmade soaps (sweetgrass, cedar, sage), skincare",Bar soap and skincare that substitute for U.S.-origin soap and bath brands.,"Sequoia's own Meet the Maker page describes it as a Proudly Indigenous brand 100% owned and operated by Indigenous women, founded by Michaelee Lazore, who is Kanien'kehá:ka (Mohawk) from Akwesasne.",Akwesasne (Ontario/Quebec/New York border region),100% owned and operated by Indigenous women,,Replaces U.S.-origin soap subject to Canada's counter-tariffs on U.S. personal care products (heading 34.01).,34.01,Sequoia is a Proudly Indigenous brand that is 100% owned and operated by Indigenous women. Founded in 2002 by Michaelee Lazore who is Kanien'keha:ka (Mohawk) from Akwesahsne and Northern Paiute from Nevada.,https://sequoiasoaps.com/pages/meet-the-maker,https://indigenous-sme.ca/michaelee-lazore-expanding-the-indigenous-options/,2026-08-30,High,"Entretien ménager, beauté et soins personnels",Savon d’une entreprise autochtone,"Savons artisanaux (foin d’odeur, cèdre, sauge) et produits de soins de la peau",Savons en barre et produits de soins de la peau pouvant remplacer les savons et produits pour le bain de marques d’origine américaine.,"La page « Meet the Maker » de Sequoia présente l’entreprise comme une marque fièrement autochtone, détenue et exploitée à 100 % par des femmes autochtones. Elle a été fondée par Michaelee Lazore, qui est Kanien'kehá:ka (Mohawk), originaire d’Akwesasne.","Akwesasne (région frontalière de l’Ontario, du Québec et de New York)",Détenue et exploitée à 100 % par des femmes autochtones,,Remplace les savons d’origine américaine assujettis aux contre-tarifs du Canada visant les produits de soins personnels américains (position 34.01).
683,"Cleaning, beauty and personal care",Tsimshian-owned wellness,Sisters Sage,"Handmade vegan soaps, bath bombs, salves",Bath and body products that substitute for U.S.-origin soaps and bath products.,"Sisters Sage's own About Us page describes it as a Tsimshian-owned wellness brand founded by Lynn-Marie Angus from the Gitxaala, Nisga'a and Metis Nations.","Vancouver, British Columbia","Tsimshian-owned, founded by a Gitxaala/Nisga'a/Metis entrepreneur",,Replaces U.S.-origin soap subject to Canada's counter-tariffs on U.S. personal care products (heading 34.01).,34.01,"Sisters Sage is a Tsimshian-owned wellness brand founded by Lynn-Marie Angus from the Gitxaala, Nisga'a, and Metis Nations.",https://sisterssage.com/pages/about-us,https://thetyee.ca/WhatWorks/2025/06/04/Decolonizing-Your-Shower/,2026-08-30,High,"Entretien ménager, beauté et soins personnels",Produits de bien-être appartenant à des Tsimshian,"Savons végétaliens artisanaux, bombes de bain et baumes",Produits pour le bain et le corps qui remplacent les savons et produits pour le bain d’origine américaine.,"La page « À propos » de Sisters Sage décrit la marque comme une marque de bien-être appartenant à des Tsimshian, fondée par Lynn-Marie Angus, issue des nations Gitxaala, Nisga'a et Metis.","Vancouver, Colombie-Britannique","Appartenant à des Tsimshian; fondée par une entrepreneure issue des nations Gitxaala, Nisga'a et Metis",,Remplace les savons d’origine américaine assujettis aux contre-tarifs du Canada visant les produits de soins personnels (position 34.01).
684,"Cleaning, beauty and personal care",Squamish Nation-owned skincare,Sḵwálwen Botanicals,"Plant-derived butters, organic oils, facial and body care",Natural skincare that substitutes for U.S.-origin skincare and beauty brands.,Sḵwálwen Botanicals' own About Us page and the Canadian Council for Indigenous Business both identify founder Dr. Leigh Joseph as an ethnobotanist and member of the Squamish Nation.,"Squamish, British Columbia (Sḵwx̱wú7mesh / Squamish Nation)",Founded and owned by a Squamish Nation ethnobotanist,,Replaces U.S.-origin cosmetics and skincare subject to Canada's counter-tariffs on U.S. personal care products (heading 33.04).,33.04,"Dr. Leigh Joseph, PhD, whose ancestral name is Styawat, is the ethnobotanist, researcher, activist, and Indigenous founder of Skwalwen.",https://skwalwen.com/pages/about-us,https://www.ccib.ca/main/member/skwalwen-botanicals/,2026-08-30,High,"Entretien ménager, beauté et soins personnels",Produits de soins de la peau appartenant à la Squamish Nation,"Beurres d’origine végétale, huiles biologiques, soins du visage et du corps",Soins naturels de la peau qui remplacent les marques américaines de soins de la peau et de beauté.,"La page « À propos » de Sḵwálwen Botanicals et le Canadian Council for Indigenous Business identifient la fondatrice, la Dre Leigh Joseph, comme ethnobotaniste et membre de la Squamish Nation.","Squamish, en Colombie-Britannique (Sḵwx̱wú7mesh / Squamish Nation)",Fondée et détenue par une ethnobotaniste de la Squamish Nation,,Remplace les produits cosmétiques et de soins de la peau d’origine américaine visés par les contre-mesures tarifaires du Canada à l’égard des produits de soins personnels des États-Unis (position 33.04).
685,"Cleaning, beauty and personal care",Anishinaabe-owned skincare,Satya Organic Skin Care,"Certified-organic, steroid-free eczema balm and clean skincare",Skincare products that substitute for U.S.-origin skincare and OTC topical brands.,"Government of Canada / Pacific Economic Development Canada describes Satya Organic as an Indigenous, woman-led business, founded by a member of Fort William First Nation.","North Vancouver, British Columbia","Indigenous, woman-led; founder is Anishinaabe from Fort William First Nation",,Replaces U.S.-origin cosmetics and skincare subject to Canada's counter-tariffs on U.S. personal care products (heading 33.04).,33.04,"Satya Organic is an Indigenous, woman-led business that is positioned for growth.",https://www.canada.ca/en/pacific-economic-development/news/2024/03/north-vancouver-based-skincare-company-receives-200000-to-expand-production.html,https://satya.ca/pages/our-story,2026-08-30,High,"Entretien ménager, beauté et soins personnels",Soins de la peau d’une entreprise appartenant à des Anishinaabe,"Baume contre l’eczéma certifié biologique et sans stéroïdes, et produits de soins de la peau propres",Produits de soins de la peau qui remplacent les produits de soins de la peau et les marques de produits topiques en vente libre d’origine américaine.,"Le gouvernement du Canada et Développement économique Canada pour le Pacifique décrivent Satya Organic comme une entreprise autochtone dirigée par une femme, fondée par une membre de la Fort William First Nation.","North Vancouver, Colombie-Britannique",Entreprise autochtone dirigée par une femme; la fondatrice est une Anishinaabe de la Fort William First Nation,,Remplace les cosmétiques et produits de soins de la peau d’origine américaine qui sont visés par les contre-tarifs du Canada sur les produits de soins personnels des États-Unis (position 33.04).
686,"Cleaning, beauty and personal care",Six Nations-owned soap,Mohawk Soap Company,"Vegan, waste-free hair-and-body soap bars",Bar soap and shampoo bars that substitute for U.S.-origin soap and shampoo brands.,"The Ontario Made / Support Ontario Made manufacturer profile identifies the company as proudly Indigenous-owned, founded by Eric Henhawk, Kanien'keha:ka (Mohawk) from Six Nations of the Grand River.","Hamilton, Ontario; Six Nations of the Grand River","Indigenous-owned, founded by a Six Nations of the Grand River (Mohawk) entrepreneur",,Replaces U.S.-origin soap subject to Canada's counter-tariffs on U.S. personal care products (heading 34.01).,34.01,"Shekon! Hello! My name is Eric Henhawk. I am Kanien'keha:ka (Upper Mohawk) from the Six Nations of the Grand River... We are a proudly Indigenous, Two-Spirit, and Disabled-owned business based in Hamilton, Ontario.",https://supportontariomade.ca/manufacturer/hamilton/mohawk-soap-company,,2026-08-30,High,"Entretien ménager, beauté et soins personnels",Savon appartenant à Six Nations,Pains de savon véganes et sans déchets pour les cheveux et le corps,Pains de savon et shampoings solides qui remplacent les marques de savon et de shampoing d’origine américaine,"Le profil du fabricant dans Ontario Made / Support Ontario Made indique que l’entreprise est fièrement détenue par des Autochtones et qu’elle a été fondée par Eric Henhawk, un Kanien'keha:ka (Mohawk) de Six Nations of the Grand River.","Hamilton, Ontario; Six Nations of the Grand River",Entreprise autochtone détenue par des Autochtones et fondée par un entrepreneur de Six Nations of the Grand River (Mohawk),,Remplace les savons d’origine américaine assujettis aux contre-tarifs du Canada visant les produits de soins personnels (position 34.01).
687,"Cleaning, beauty and personal care",First Nations cleaning products,nikihk (Nikihk Enviroway Ventures LP),"Plant-based, biodegradable household and laundry cleaning products",Household and laundry cleaners that substitute for U.S.-owned cleaning and detergent brands.,"nikihk's own About page states it is owned by BATC Investments LP, tied to the Battleford Agency Tribal Chiefs member First Nations, in a joint venture with Enviroway Detergent Manufacturing Inc.",Saskatchewan (Saskatoon manufacturing; BATC First Nations near North Battleford),Indigenous joint venture: owned by BATC Investments LP (Battleford Agency Tribal Chiefs First Nations) and Enviroway Detergent Manufacturing Inc.; ownership split not published,Structured as a joint venture between First Nations investment holdings and a non-Indigenous detergent manufacturer.,Replaces U.S.-origin household cleaning products subject to Canada's counter-tariffs on U.S. cleaning products (heading 34.02).,34.02,NIKIHK ENVIROWAY VENTURES LP is owned by BATC Investments LP & Enviroway Detergent Manufacturing Inc.,https://nikihk.ca/about/,https://www.sasktoday.ca/north/local-news/first-nations-launch-new-cleaning-product-4173160,2026-08-30,Medium,"Entretien ménager, beauté et soins personnels",Produits d’entretien des Premières Nations,Produits d’entretien ménagers et de lessive à base de plantes et biodégradables,Produits d’entretien ménagers et de lessive qui remplacent les marques de produits d’entretien et de détergents appartenant à des intérêts américains.,"La page À propos de nikihk indique que l’entreprise appartient à BATC Investments LP, qui est liée aux Premières Nations membres de Battleford Agency Tribal Chiefs, dans le cadre d’une coentreprise avec Enviroway Detergent Manufacturing Inc.",Saskatchewan (fabrication à Saskatoon; Premières Nations de BATC près de North Battleford),Coentreprise autochtone : l’entreprise appartient à BATC Investments LP (Premières Nations de Battleford Agency Tribal Chiefs) et à Enviroway Detergent Manufacturing Inc.; la répartition de la propriété n’est pas publiée.,L’entreprise est structurée en coentreprise entre des sociétés de placement des Premières Nations et un fabricant de détergents non autochtone.,Remplace les produits d’entretien ménagers d’origine américaine visés par les contre-mesures tarifaires du Canada applicables aux produits de nettoyage américains (position tarifaire 34.02).
