"id","sector","category","brand","product_or_line","common_use","made_in_canada_claim","manufacturing_location","ownership_note","origin_caveat","tariff_relevance","candidate_hs_heading","evidence_quote","official_source_url","secondary_source_url","verification_date","confidence"
"1","Dairy and refrigerated foods","Cheese","Agropur","Oka cheese","Semi-soft table cheese for cheese boards and cooking","Agropur’s master cheesemakers make OKA according to the original recipe and age it in the cellars at the Oka cheese plant; OKA is among Canadian cheeses","Canada (location not stated)","ownership not verified","None stated on fetched official page","Replaces U.S.-origin cheese and curd (heading 04.06) hit by the 50% counter-tariff","04.06","130 years later, OKA bears a rich cultural legacy that distinguishes it among Canadian cheeses. To this day, Agropur’s master cheesemakers make OKA","https://www.agropur.com/en/our-brands/oka","","2026-08-28","Medium"
"2","Dairy and refrigerated foods","Cheese","Armstrong (Saputo)","Cheddar blocks, shreds and slices","Everyday cheddar for sandwiches, cooking and snacking","manufactured in Canada, using milk from Canadian dairy farms","Canada (location not stated)","ownership not verified","None stated on fetched official page","Replaces U.S.-origin cheese and curd (heading 04.06) hit by the 50% counter-tariff","04.06","We offer consumers a variety of high-quality products manufactured in Canada, using milk from Canadian dairy farms.","https://www.armstrongcheese.ca/en/","","2026-08-28","Medium"
"3","Dairy and refrigerated foods","Yogourt","Astro (Lactalis Canada)","Original and BioBest yogurt","Everyday and probiotic yogurt","Still made and sold only in Canada","Canada (location not stated)","Ownership/parent stated on official page: ""Lactalis Canada, the parent company of Astro®""","None stated on fetched official page","Replaces U.S.-origin dairy such as cheese, milk powders and whey preparations covered by the September 8, 2026 counter-tariffs","n.a.","To this day, Astro® is still made and sold only in Canada.","https://astro.ca/our-story/","","2026-08-28","Medium"
"4","Dairy and refrigerated foods","Cheese","Balderson","Aged cheddar (Heritage, 2-year, 3-year)","Aged cheddar for cheese boards","The Balderson cheese factory operates at three state-of-the-art facilities across Ontario in Winchester, Belleville, and Windsor, using Ontario-sourced milk.","Winchester, Belleville, and Windsor, Ontario","ownership not verified","None stated on fetched official page | Availability note: We do not offer our cheeses online.","Replaces U.S.-origin cheese and curd (heading 04.06) hit by the 50% counter-tariff","04.06","The Balderson cheese factory location has moved to three state-of-the-art facilities across Ontario in Winchester, Belleville, and Windsor","https://baldersoncheese.ca/about/","","2026-08-28","High"
"5","Dairy and refrigerated foods","Cheese","Black Diamond (Lactalis Canada)","Cheddar cheese bars and slices","Sandwich and cooking cheddar","19 manufacturing facilities located throughout Québec, Ontario, Manitoba, Alberta and British Columbia","Canada (location not stated)","Ownership/parent stated on official page: ""Lactalis Canada is part of Lactalis Group, the world’s #1 dairy group; Lactalis Group is a family-owned global business.""","None stated on fetched official page","Replaces U.S.-origin cheese and curd (heading 04.06) hit by the 50% counter-tariff","04.06","Lactalis Canada has over 30 operating sites including its head office in Toronto, Ontario and 19 manufacturing facilities located throughout Québec, Ontario, Manitoba, Alberta and British Columbia.","https://www.lactalis.ca/about-us/","","2026-08-28","Medium"
"6","Dairy and refrigerated foods","Cheese","Bothwell Cheese","Cheddar and specialty cheeses","Table and cooking cheese","crafting premium, all-natural, artisanal cheeses since 1936 in the village of New Bothwell, Manitoba","New Bothwell, Manitoba","ownership not verified","None stated on fetched official page","Replaces U.S.-origin cheese and curd (heading 04.06)","04.06","We’ve been crafting premium, all-natural, artisanal cheeses since 1936 in the village of New Bothwell, Manitoba.","https://www.bothwellcheese.com/","https://www.bothwellcheese.com/our-history/","2026-08-28","High"
"7","Dairy and refrigerated foods","Eggs","Burnbrae Farms","Naturegg liquid egg whites and Simply Egg Whites","Cooking and baking liquid eggs","Burnbrae Farms has egg processing plants in Ontario, Manitoba and Quebec; it produces liquid egg products for retail","Ontario, Manitoba and Quebec","Ownership statement on official page: ""Burnbrae Farms is a 5th generation Canadian egg business, owned and operated by the Hudson family."" (ownership category not further verified)","On rare occasions, when the available supply of eggs cannot meet demand, Burnbrae Farms imports eggs from the United States.","Replaces U.S.-origin egg and albumin products in the counter-tariff basket (albumins, heading 35.02)","35.02","Burnbrae Farms has egg processing plants in Ontario, Manitoba and Quebec.","https://www.burnbraefarms.com/en/faq/","","2026-08-28","High"
"8","Dairy and refrigerated foods","Ice cream","Chapman's Ice Cream","Original and Premium ice cream tubs","Family ice cream","Made by Canadians, for all of us Canadians!","Markdale, Ontario","Ownership statement on official page: ""Chapman’s is still a family-run business."" (ownership category not further verified)","None stated on fetched official page","Replaces U.S.-origin dairy such as cheese, milk powders and whey preparations covered by the September 8, 2026 counter-tariffs","n.a.","Today, we are the largest independent ice cream manufacturer in Canada.","https://www.chapmans.ca/our-story/","","2026-08-28","High"
"9","Dairy and refrigerated foods","Milk and cream","Dairyland (Saputo)","Fluid milk and cream","Everyday milk and cream in Western Canada","Crafting high-quality dairy products right here in Canada, using milk sourced from Canadian farms","Canada (location not stated)","ownership not verified","100% of Dairyland milk comes from Canadian farmers, with one exception: aerosol whipped cream, which is produced in the USA.","Replaces U.S.-origin dairy such as cheese, milk powders and whey preparations covered by the September 8, 2026 counter-tariffs","n.a.","Dairyland is committed to crafting high-quality dairy products right here in Canada, using milk sourced from Canadian farms.","https://www.dairyland.ca/en/faq","","2026-08-28","Medium"
"10","Dairy and refrigerated foods","Plant-based beverages","Earth's Own","Oat milk (Oat Original / Barista)","Dairy-alternative beverage for coffee and cereal","Crafted in Quebec","Quebec","ownership not verified","None stated on fetched official page","Replaces U.S.-origin dairy such as cheese, milk powders and whey preparations covered by the September 8, 2026 counter-tariffs","n.a.","Crafted in Quebec","https://earthsown.com/products/oat/","","2026-08-28","High"
"11","Dairy and refrigerated foods","Cheese","Fromagerie Bergeron","Le Cendrillon / Classic Gouda-style cheeses","Table cheese for cheese boards and melting","La Fromagerie Bergeron à Saint-Antoine-de-Tilly produit des fromages de type Gouda","Saint-Antoine-de-Tilly, Québec","Ownership statement on official page: ""Fromagerie Bergeron est une entreprise familiale fondée il y a plus de 35 ans à Saint-Antoine-de-Tilly."" (ownership category not further verified)","None stated on fetched official page","Replaces U.S.-origin cheese and curd (heading 04.06) hit by the 50% counter-tariff","04.06","Depuis plus de 35 ans, la Fromagerie Bergeron à Saint-Antoine-de-Tilly produit des fromages de type Gouda appréciés partout au Canada.","https://fromagesbergeron.com/","","2026-08-28","High"
"12","Dairy and refrigerated foods","Cheese","Fromagerie L'Ancetre","Organic cheddar and butter","Organic cheese and butter for households","The largest organic cheesemaker in Canada","Canada (location not stated)","ownership not verified","None stated on fetched official page","Replaces U.S.-origin cheese and curd (heading 04.06) hit by the 50% counter-tariff","04.06","THE LARGEST ORGANIC CHEESEMAKER IN CANADA","https://fromagerieancetre.com/en/","","2026-08-28","Medium"
"13","Dairy and refrigerated foods","Cottage cheese","Gay Lea Foods","Nordica cottage cheese","High-protein snack and cooking cheese","Canadian manufacturing network; transforms Canadian milk into a product sold exclusively to Canadian consumers","Toronto, Ontario","Ownership/parent stated on official page: ""owned by approximately 1,200 dairy farmer members in Ontario and Manitoba""","None stated on fetched official page","Replaces U.S.-origin cheese and curd (heading 04.06) hit by the 50% counter-tariff","04.06","Expanding a facility that transforms Canadian milk into a product sold exclusively to Canadian consumers","https://www.gaylea.com/news/about-us/gay-lea-foods-invests-more-than-200-million-to-help-shape-the-future-of-canadian-dairy","","2026-08-28","High"
"14","Dairy and refrigerated foods","Deli meats","Grimm's Fine Foods","Deli meats and sausages","Sandwich meats and sausages","Canadian Made","Canada (location not stated)","ownership not verified","None stated on fetched official page","Replaces U.S.-origin refrigerated deli meats","n.a.","European Craftsmanship. Canadian Made.","https://grimmsfinefoods.com/","","2026-08-28","Medium"
"15","Dairy and refrigerated foods","Refrigerated beverages and soups","Happy Planet","Smoothies and fresh soups","Smoothies and soups","almost all Happy Planet products are made locally in BC and Ontario, right here in Canada","Burnaby, BC","ownership not verified","The page states that almost all Happy Planet products are made locally in BC and Ontario; it does not state that every product is made in Canada. | Availability note: The page states that the following products were discontinued this fall: Fruit Smoothies 325ml—Extreme Green, Extreme C, Extreme Energy, Mango & Passionfruit, Coconut Pineapple, Blackberry, Boysenberry & Blackcurrant, Raspberry & Cherry, Orange Juice; Fruit Smoothies 900ml—Extreme C, Extreme Energy, Mango & Passionfruit, Coconut Pineapple, Chocolate Banana Protein, Blackberry, Boysenberry & Blackcurrant, Extreme Gold with Turmeric; Fruit Smoothies 1.5L—Organic Lemonade, Extreme Green, Coconut Pineapple; Nut Based Smoothies—GONUTS! Chocolate.","Replaces U.S.-origin refrigerated beverages and prepared foods","n.a.","We are a proudly Canadian company based in Burnaby, BC, and almost all Happy Planet products are made locally in BC and Ontario, right here in Canada.","https://happyplanet.com/faqs-2/","https://intengine.com/directory/profile/12408-happy-planet-foods-inc","2026-08-28","High"
"16","Dairy and refrigerated foods","Yogourt","iogo","Yogourt cups and tubes","Family yogourt snacks and lunch-box tubes","Proudly Made in Canada","Canada (location not stated)","ownership not verified","None stated on fetched official page","Replaces U.S.-origin dairy such as cheese, milk powders and whey preparations covered by the September 8, 2026 counter-tariffs","n.a.","Proudly Made in Canada","https://iogo.ca/en/","","2026-08-28","Medium"
"17","Dairy and refrigerated foods","Butter","Lactantia","Butter and cream","Table and baking butter, cooking cream","producing ... products, right here in Canada","Canada (location not stated)","ownership not verified","None stated on fetched official page","Replaces U.S.-origin dairy such as cheese, milk powders and whey preparations covered by the September 8, 2026 counter-tariffs","n.a.","Lactantia takes pride in producing trusted, high-quality, nutritious and great tasting products, right here in Canada.","https://lactantia.ca/","","2026-08-28","Medium"
"18","Dairy and refrigerated foods","Yogourt","Liberte","Greek yogourt","High-protein plain and flavoured yogourt","Made in Canada from domestic and imported ingredients","Canada (location not stated)","ownership not verified","Made in Canada from domestic and imported ingredients","Replaces U.S.-origin dairy such as cheese, milk powders and whey preparations covered by the September 8, 2026 counter-tariffs","n.a.","Made in Canada from domestic and imported ingredients","https://www.liberte.ca/en/greek/index","","2026-08-28","Medium"
"19","Dairy and refrigerated foods","Milk and cream","Natrel","Fine-filtered milk and cream","Everyday drinking milk and cooking cream","products made from 100% Canadian milk","Canada (location not stated)","Ownership/parent stated on official page: ""We are part of the Agropur family""","None stated on fetched official page","Replaces U.S.-origin dairy such as cheese, milk powders and whey preparations covered by the September 8, 2026 counter-tariffs","n.a.","When you choose Natrel, you are choosing products made from 100% Canadian milk.","https://www.natrel.ca/en/touch-more","","2026-08-28","Medium"
"20","Dairy and refrigerated foods","Milk and cream","Nutrinor","Milk and cream from Saguenay-Lac-Saint-Jean","Regional fluid milk and cream","dairy products made in Canada","Canada (location not stated)","ownership not verified","None stated on fetched official page","Replaces U.S.-origin dairy such as cheese, milk powders and whey preparations covered by the September 8, 2026 counter-tariffs","n.a.","The cooperative uses only dairy products made in Canada","https://laitnutrinor.com/en/nordic-milk/","https://laitnutrinor.com/en/faq/","2026-08-28","Medium"
"21","Dairy and refrigerated foods","Yogourt","Olympic Dairy","Krema and organic yogurt","Plain and Greek-style yogurt","Produced in Delta, BC","Delta, BC","ownership not verified","None stated on fetched official page","Replaces U.S.-origin dairy such as cheese, milk powders and whey preparations covered by the September 8, 2026 counter-tariffs","n.a.","Produced in Delta, BC, our high in protein Greek plain yogurt is made with fresh milk and 100% natural source ingredients.","https://www.olympicdairy.com/en/product/greek-plain-yogurt/","","2026-08-28","Medium"
"22","Dairy and refrigerated foods","Cheese","Saputo","Stella / Frigo? placeholder","n.a.","Saputo produces dairy products from Canada","Canada (location not stated)","Ownership statement on official page: ""Sales are made under Company-owned or customer brand names."" (ownership category not further verified)","None stated on fetched official page","Replaces U.S.-origin cheese and curd (heading 04.06) hit by the 50% counter-tariff","04.06","The Company produces, markets, and distributes a wide array of dairy products from Canada, the United States, Australia, Argentina, and the United Kingdom.","https://www.saputo.com/-/media/ecosystem/divisions/corporate-services/sites/saputo-com/saputo-com-documents/shareholder-reports/2020/01sap_annual-report2020_ang.pdf?rev=d5c2eec571be4057a64f698333d4da60&hash=914759157FE175D348FC1638E6C5920D","","2026-08-28","Medium"
"23","Dairy and refrigerated foods","Yogourt and dips","Skotidakis","Greek yogurt and tzatziki dips","Protein yogurt and vegetable dips","In our 100,000 square feet production facility, we use fresh quality milk to craft the finest cheeses and dairy products available.","St. Eugene, Ontario","Ownership statement on official page: ""Founder Peter Skotidakis purchased the farm in 1975."" (ownership category not further verified)","None stated on fetched official page","Replaces U.S.-origin dairy such as cheese, milk powders and whey preparations covered by the September 8, 2026 counter-tariffs","n.a.","Located in St. Eugene, Ontario, Canada, SKOTIDAKIS is all about excellence. In our 100,000 square feet production facility, we use fresh quality milk to craft the finest cheeses and dairy products available.","https://www.skotidakis.com/dairy-products-supplier.html","","2026-08-28","High"
"24","Dairy and refrigerated foods","Dips and spreads","Summer Fresh","Hummus and fresh dips","Snack dips and sandwich spreads","Made in Canada; manufactured locally","Canada (location not stated)","Canadian-owned per official page: ""Canadian owned family-run business""","None stated on fetched official page","Replaces U.S.-origin refrigerated dips and spreads","n.a.","Summer Fresh® products are all Made in Canada","https://www.summerfresh.com/made-by-canadians-for-canadians/","https://summerfreshfoodservice.com/our-food-standards/","2026-08-28","Medium"
"25","Dairy and refrigerated foods","Tofu and plant protein","Sunrise Soya Foods","Tofu (firm, soft, sprouted)","Plant protein for cooking","100% produced in Canada","Canada (location not stated)","ownership not verified","None stated on fetched official page","Replaces U.S.-origin refrigerated plant-protein groceries","n.a.","100% produced in Canada.","https://sunrise-soya.com/","","2026-08-28","Medium"
"26","Dairy and refrigerated foods","Cheese","Tre Stelle (Arla/Agropur)","Bocconcini and mozzarella","Fresh mozzarella for salads and pizza","Made from 100% Canadian Dairy","Canada (location not stated)","ownership not verified","None stated on fetched official page","Replaces U.S.-origin cheese and curd (04.06)","04.06","Made from 100% Canadian Dairy","https://www.trestelle.ca/en-ca/products/bocconcini-cheese-200g-102704/","","2026-08-28","Medium"
"27","Dairy and refrigerated foods","Plant protein","Yves Veggie Cuisine","Veggie ground round and deli slices","Meat-alternative deli products","Made in Canada from domestic and imported ingredients.","Canada (location not stated)","ownership not verified","Made in Canada from domestic and imported ingredients.","Replaces U.S.-origin plant-protein refrigerated foods","n.a.","Made in Canada from domestic and imported ingredients.","https://yvesveggie.ca/en/products/deli-slices/veggie-ham/","https://yvesveggie.ca/en/products/ground-round/original-veggie-ground-round/","2026-08-28","Medium"
"28","Pantry, bakery, snacks, beverages, frozen and canned foods","Bread","ACE Bakery","Artisan baguettes and demi-baguettes","Artisan bread","Breads are baked in Canada and distributed in Canada and US.","Canada (location not stated)","Ownership/parent stated on official page: ""ACE Bakery is owned by Weston Foods, one of Canada's leading bakery companies.""","None stated on fetched official page","Replaces U.S.-origin flour-based food preparations (heading 19.01) and other imported U.S. baking staples","19.01","Breads are baked in Canada and distributed in Canada and US.","https://acebakery.com/pages/about-us","","2026-08-28","Medium"
"29","Pantry, bakery, snacks, beverages, frozen and canned foods","Juice","Allen's (Lassonde)","Apple juice","Apple juice","All of our juices and fruit juice cocktails are proudly made in Canada for/by Canadians.","Canada (location not stated)","Canadian-owned per official page: ""Lassonde, a Canadian family-owned business, entered the scene by purchasing the Allen’s brand in 1999.""","None stated on fetched official page","Replaces U.S.-origin packaged grocery items in the counter-tariff basket, including flour-based food preparations","n.a.","All of our juices and fruit juice cocktails are proudly made in Canada for/by Canadians.","https://allens.ca/our-story/","","2026-08-28","Medium"
"30","Pantry, bakery, snacks, beverages, frozen and canned foods","Frozen vegetables","Arctic Gardens (Bonduelle)","Frozen vegetables and vegetable blends","Freezer vegetables","Arctic Gardens vegetables are homegrown in Canada; they’re harvested, processed and packaged here.","Canada (location not stated)","ownership not verified","None stated on fetched official page","Replaces U.S.-origin packaged grocery items in the counter-tariff basket, including flour-based food preparations","n.a.","Processing and transforming vegetables here in Canada means that Arctic Gardens contributes to maintaining a healthy economy and preserving the environment.","https://www.arcticgardens.ca/blog/field-table/","","2026-08-28","Medium"
"31","Pantry, bakery, snacks, beverages, frozen and canned foods","Cereal and oats","Avena Foods","Only Oats gluten-free oats and oat flour","Breakfast oats and gluten-free baking","Gluten-free oat ingredient production at a new mill on the Canadian Prairies","Rowatt, SK","ownership not verified","None stated on fetched official page","Replaces U.S.-origin flour-based food preparations (heading 19.01) and other imported U.S. baking staples","n.a.","Avena is more than doubling its gluten-free oat ingredient production capacity with the commissioning of a new mill on the Canadian Prairies.","https://www.avenafoods.com/new-state-of-the-art-oat-mill-for-rte-ingredients/","","2026-08-28","High"
"32","Pantry, bakery, snacks, beverages, frozen and canned foods","Coffee","Balzac's Coffee Roasters","Roasted coffee beans","Home brewed coffee","100% Canadian small-batch roasted blends","Canada (location not stated)","ownership not verified","None stated on fetched official page","Replaces U.S.-origin packaged grocery and beverage items purchased instead of tariffed U.S. imports","n.a.","Curate your coffee routine with 100% Canadian small-batch roasted blends.","https://balzacs.com/","https://canadiansme.ca/balzacs-coffee-roasters-redefining-canadian-coffee/","2026-08-28","Medium"
"33","Pantry, bakery, snacks, beverages, frozen and canned foods","Maple and honey","Bee Maid Honey","Pure Canadian liquid and creamed honey","Table honey","producing high-quality Canadian honey","Spruce Grove, Alberta and Winnipeg, Manitoba","ownership not verified","None stated on fetched official page","Replaces U.S.-origin natural honey (heading 04.09) under the counter-tariffs","04.09","We are excited to share two significant achievements that demonstrate our commitment to producing high-quality Canadian honey while supporting our beekeeping community.","https://www.beemaid.com/bee-maid-news/a-sweet-expansion-bee-maid-celebrates-two-major-grand-openings/","","2026-08-28","High"
"34","Pantry, bakery, snacks, beverages, frozen and canned foods","Maple and honey","Billy Bee Honey","Liquid honey","Table honey","Products that are 100% Canadian, fully sourced from Canadian beekeepers","Alberta, Saskatchewan and Manitoba","ownership not verified","None stated on fetched official page","Replaces U.S.-origin natural honey (04.09)","04.09","Billy Bee is proud to offer products that are 100% Canadian, fully sourced from Canadian beekeepers.","https://www.clubhouse.ca/en-ca/billy-bee/about","","2026-08-28","High"
"35","Pantry, bakery, snacks, beverages, frozen and canned foods","Baking and chocolate","Camino (La Siembra)","Fair trade cocoa, chocolate and sugar","Cocoa powder and chocolate bars","La Siembra’s founders began to manufacture and distribute a hot chocolate, sugar and cocoa line themselves.","Canada (location not stated)","Canadian-owned per official page: ""La Siembra is organized as a worker-owned co-operative.""","La Siembra began sourcing cocoa from a co-operative in Costa Rica and sugar from a mill supporting co-operative farmers in Paraguay.","Replaces U.S.-origin packaged grocery items in the counter-tariff basket, including flour-based food preparations (19.01)","n.a.","Year 1 was spent in the community kitchen of First United Church—a socially progressive church in Ottawa. ... the founders began to manufacture and distribute a hot chocolate, sugar and cocoa line themselves.","https://camino.ca/about/","","2026-08-28","Medium"
"36","Pantry, bakery, snacks, beverages, frozen and canned foods","Frozen potato","Cavendish Farms","Frozen fries and Restaurant Style potatoes","Freezer fries","potato and vegetable processing facility in PEI Canada","PEI","Ownership/parent stated on official page: ""Cavendish Farms is part of a family owned company that has been customer focused since 1882.""","None stated on fetched official page","Replaces U.S.-origin packaged grocery items in the counter-tariff basket, including flour-based food preparations","n.a.","Irving Group purchases C.M. Mclean potato and vegetable processing facility in PEI Canada and renames it Cavendish Farms.","https://www.cavendishfarms.com/en/our-story/","","2026-08-28","High"
"37","Pantry, bakery, snacks, beverages, frozen and canned foods","Wine","Chateau des Charmes","Niagara VQA wines","Wine","wines grown exclusively on the prestigious St. David’s Bench Niagara","Ontario","ownership not verified","None stated on fetched official page","Replaces U.S.-origin packaged grocery and beverage items purchased instead of tariffed U.S. imports","n.a.","From our cellar to your table, explore wines grown exclusively on the prestigious St. David’s Bench Niagara’s most coveted sub-appellation.","https://www.chateaudescharmes.com/","https://www.chateaudescharmes.com/post/buy-vqa-wine-online-what-ontario-wine-lovers-are-ordering-right-now","2026-08-28","Medium"
"38","Pantry, bakery, snacks, beverages, frozen and canned foods","Maple and honey","Citadelle Maple Syrup","Pure maple syrup","Table syrup and baking","100% pure maple syrup comes directly from Canada’s native forests","Canada (location not stated)","Ownership statement on official page: ""Citadelle is more than just a co-op."" (ownership category not further verified)","None stated on fetched official page","Replaces U.S.-origin packaged grocery items in the counter-tariff basket, including flour-based food preparations","n.a.","Based all over Canada, our 1,400 highly skilled families of producers are proud to pass this ancestral Canadian tradition on","https://maplesyrupcitadelle.com/","","2026-08-28","Medium"
"39","Pantry, bakery, snacks, beverages, frozen and canned foods","Spirits","Crown Royal","Canadian whisky (Deluxe)","Whisky","Crown Royal’s distillery in Gimli, Manitoba","Gimli, Manitoba","ownership not verified","None stated on fetched official page","Replaces U.S.-origin packaged grocery items in the counter-tariff basket, including flour-based food preparations","n.a.","Crown Royal’s distillery in Gimli, Manitoba, is home to 1.5 million barrels of delicious whisky","https://www.crownroyal.com/story/our-home","","2026-08-28","High"
"40","Pantry, bakery, snacks, beverages, frozen and canned foods","Cookies and crackers","Dare Foods","Bear Paws cookies and Breton crackers","Lunch snacks and crackers","Manufactured in Canada and the United States","Canada (location not stated)","Ownership statement on official page: ""Dare has been a proudly Canadian, family-owned company since 1889."" (ownership category not further verified)","Manufactured in Canada and the United States; at times when demand is high, production of Breton products will also take place in the United States. Many Breton items are made in Canada.","Replaces U.S.-origin flour-based food preparations (heading 19.01) and other imported U.S. baking staples","19.01","Many of our Breton items are made right here in Canada.","https://www.darefoods.com/our-story/","","2026-08-28","Medium"
"41","Pantry, bakery, snacks, beverages, frozen and canned foods","Bread","Dempster's","Sliced white and whole wheat bread","Sandwich bread","proudly baked in Canada with Canadian wheat flour","Canada (location not stated)","ownership not verified","None stated on fetched official page | Availability note: Some products may not be available in your area; please check with your local retailer.","Replaces U.S.-origin flour-based food preparations (heading 19.01) and other imported U.S. baking staples","19.01","proudly baked in Canada with Canadian wheat flour","https://dempsters.ca/products/wheat-grain-bread/dempsters-half-loaf-100-whole-wheat-bread/380-g","","2026-08-28","Medium"
"42","Pantry, bakery, snacks, beverages, frozen and canned foods","Spirits","Dillon's Small Batch Distillers","Unfiltered Gin 22 / Rye whisky","Gin and whisky","Handcrafted Spirits from Canada","Canada (location not stated)","ownership not verified","None stated on fetched official page","Replaces U.S.-origin packaged grocery items in the counter-tariff basket, including flour-based food preparations","n.a.","Dillon's Small Batch Distillers - Handcrafted Spirits from Canada","https://www.dillons.ca/","","2026-08-28","Medium"
"43","Pantry, bakery, snacks, beverages, frozen and canned foods","Jams and spreads","E.D. Smith","Fruit jams and pie fillings","Toast spread and baking filling","proudly prepared in Canada","Winona, Ontario","ownership not verified","None stated on fetched official page","Replaces U.S.-origin packaged grocery items in the counter-tariff basket, including flour-based food preparations","n.a.","Satisfy your craving for the taste of strawberries with this fabulous spread that is proudly prepared in Canada.","https://edsmith.all.biz/","","2026-08-28","High"
"44","Pantry, bakery, snacks, beverages, frozen and canned foods","Spirits","Forty Creek","Barrel Select Canadian whisky","Whisky","Born in Niagara; Canada's original craft whisky","Grimsby, Ontario","ownership not verified","None stated on fetched official page","Replaces U.S.-origin packaged grocery items in the counter-tariff basket, including flour-based food preparations","n.a.","Born in Niagara we are Canada's original craft whisky.","https://fortycreekwhisky.com/distillery/","","2026-08-28","High"
"45","Pantry, bakery, snacks, beverages, frozen and canned foods","Tea","Four O'Clock","Organic teas and herbal infusions","Tea and infusions","We craft, blend, and package our teas in Saint-Bruno-de-Montarville, Quebec","Saint-Bruno-de-Montarville, Quebec","Ownership statement on official page: ""As a Canadian, family-owned business"" (ownership category not further verified)","None stated on fetched official page","Replaces U.S.-origin packaged grocery items in the counter-tariff basket, including flour-based food preparations (19.01)","n.a.","we are based in Saint-Bruno-de-Montarville, Quebec, where we craft, blend, and package our teas","https://fouroclock.ca/pages/our-story","","2026-08-28","High"
"46","Pantry, bakery, snacks, beverages, frozen and canned foods","Confectionery","Ganong","Chicken Bones and boxed chocolates","Candy and chocolate gifts","finely hand-crafted chocolates produced in Canada’s Chocolate Town","St. Stephen, New Brunswick","ownership not verified","None stated on fetched official page","Replaces U.S.-origin packaged grocery items in the counter-tariff basket, including flour-based food preparations","n.a.","Welcome to Canada’s Chocolate Town... they still to this day produce finely hand-crafted chocolates.","https://ganong.com/the-chocolatier-store/","","2026-08-28","High"
"47","Pantry, bakery, snacks, beverages, frozen and canned foods","Snacks","Hardbite","Handcrafted potato chips","Chip snacks","Made in Canada","British Columbia","ownership not verified","None stated on fetched official page","Replaces U.S.-origin packaged grocery items in the counter-tariff basket, including flour-based food preparations","n.a.","Proudly crafting snacks in British Columbia’s one and only chip making facility.","https://hardbitechips.com/","","2026-08-28","High"
"48","Pantry, bakery, snacks, beverages, frozen and canned foods","Wine","Henry of Pelham","Ontario VQA estate wines (incl. Fracette sparkling)","Wine","VQA wines of Ontario; Fracette is a new style of Sparkling wine crafted with Icewine and distinctively Canadian","Ontario","Ownership statement on official page: ""Family owned and operated."" (ownership category not further verified)","None stated on fetched official page | Availability note: Fracette is currently only available at the retail store.","Replaces U.S.-origin packaged grocery items in the counter-tariff basket, including flour-based food preparations","n.a.","Fracette is a new style of Sparkling wine crafted with Icewine and distinctively Canadian.","https://henryofpelham.com/","","2026-08-28","High"
"49","Pantry, bakery, snacks, beverages, frozen and canned foods","Frozen seafood","High Liner Foods","Breaded fish fillets and sticks","Freezer fish for meals","producing a wide range of products ... in its Lunenburg, NS ... manufacturing facilities","Lunenburg, NS","ownership not verified","We obtain our seafood, raw material and some finished goods for the operation from supply channels around the world, including Europe, East Asia, South America and Alaska.","Replaces U.S.-origin packaged grocery items in the counter-tariff basket, including flour-based food preparations","n.a.","producing a wide range of products, from breaded and battered items to seafood entrees in its Lunenburg, NS, Newport News, VA, and Portsmouth, NH manufacturing facilities.","https://www.highlinerfoods.com/structure-governance","","2026-08-28","Medium"
"50","Pantry, bakery, snacks, beverages, frozen and canned foods","Wine","Inniskillin","Icewine (Vidal, Riesling)","Dessert wine and gifts","Canadian wine","Canada (location not stated)","ownership not verified","None stated on fetched official page","Replaces U.S.-origin packaged grocery items in the counter-tariff basket, including flour-based food preparations","n.a.","Canada’s first estate winery, Inniskillin, is internationally renowned for its award-winning wines","https://www.inniskillin.com/our-story/","","2026-08-28","Medium"
"51","Pantry, bakery, snacks, beverages, frozen and canned foods","Pasta","Italpasta","Dry pasta (spaghetti, penne, macaroni)","Everyday dry pasta","made in Canada with the utmost care","Canada (location not stated)","ownership not verified","None stated on fetched official page","Replaces U.S.-origin packaged grocery items in the counter-tariff basket, including flour-based food preparations","n.a.","The finest 100% Canadian wheat combined with modern technology and made in Canada with the utmost care.","https://www.italpasta.com/products/italpasta/","","2026-08-28","Medium"
"52","Pantry, bakery, snacks, beverages, frozen and canned foods","Coffee","Kicking Horse Coffee","Whole bean and ground coffee (Kick Ass, Three Sisters)","Home brewed coffee","roasted in Canada","Canada (location not stated)","ownership not verified","Our coffee may come from far and wide.","Replaces U.S.-origin packaged grocery items in the counter-tariff basket, including flour-based food preparations","n.a.","we roast 100% of our beans on Canadian soil.","https://kickinghorsecoffee.ca/pages/strong-roots","","2026-08-28","Medium"
"53","Pantry, bakery, snacks, beverages, frozen and canned foods","Condiments","Kozlik's","Canadian Mustard (Triple Crunch, Amazing Maple)","Sandwich and cooking mustard","Producing hand-made mustard in small batches; crafting mustards with 100% Canadian mustard seed","Canada (location not stated)","Ownership statement on official page: ""has remained family owned and operated to this day"" (ownership category not further verified)","Ingredients are sourced from local suppliers as much as possible.","Replaces U.S.-origin packaged grocery items in the counter-tariff basket, including flour-based food preparations","n.a.","We are proud to be a part of Canada’s mustard-making tradition, crafting our mustards with 100% Canadian mustard seed","https://www.kozliks.com/","","2026-08-28","Medium"
"54","Pantry, bakery, snacks, beverages, frozen and canned foods","Sugar and sweeteners","Lantic / Rogers Sugar","Granulated white sugar","Baking and table sugar","Lantic produces refined sugar in Canada at facilities in Montréal, Québec, Vancouver, British Columbia, and Taber, Alberta.","Montréal, Québec; Vancouver, British Columbia; Taber, Alberta","Ownership statement on official page: ""Lantic owns and operates a cane sugar refinery located on a 12-acre site in the east end of Montreal, a cane sugar refinery located on a 15-acre site "" (ownership category not further verified)","The majority of maple syrup is purchased from Québec producers and bottled at plants in Québec or in Websterville, Vermont; maple products are not stated to be made exclusively in Canada.","Replaces U.S.-origin sweeteners and molasses products (heading 17.03) in the counter-tariff basket","17.03","The Montreal refinery has a nominal capacity to produce approximately 545,000 metric tonnes of refined sugar per year.","https://lanticrogers.com/media/financial-reports/2025/11/rsi_2025_annual_information_form_en_sBOD68Z.pdf","","2026-08-28","High"
"55","Pantry, bakery, snacks, beverages, frozen and canned foods","Juice","Lassonde","Oasis juices","Fruit juice for households","Oasis bottles all its products in Canada; Oasis 100% non-concentrate orange juice is bottled in Rougemont, Quebec","Rougemont, Quebec","ownership not verified","Oasis 100% non-concentrate orange juice is made from oranges from Brazil; Lassonde imports and markets selected wines from Italy, Spain and Australia.","Replaces U.S.-origin packaged grocery items in the counter-tariff basket, including flour-based food preparations","n.a.","The Oasis juice brand ... bottles all its products in Canada.","https://www.lassonde.com/en/actualites/lassonde-proud-canadian-roots/","","2026-08-28","High"
"56","Pantry, bakery, snacks, beverages, frozen and canned foods","Cookies and bars","Leclerc","Celebration cookies and Praeventia bars","Snack cookies and granola bars","Cookies, snack bars, and crackers are made with care in eight facilities in Canada and the United States.","Canada (location not stated)","Ownership statement on official page: ""our family business"" (ownership category not further verified)","Products are made in eight facilities in Canada and the United States.","Replaces U.S.-origin flour-based food preparations (heading 19.01) and other imported U.S. baking staples","19.01","Our cookies, snack bars, and crackers are made with care in eight facilities in Canada and the United States.","https://leclerc.ca/en/about-us/","","2026-08-28","Medium"
"57","Pantry, bakery, snacks, beverages, frozen and canned foods","Snack bars","Made With Local","Real Food Bars","Snack bars","Operation of a Certified-Organic 8000 square-feet manufacturing facility in Windsor, Nova Scotia","Windsor, Nova Scotia","ownership not verified","None stated on fetched official page","Replaces U.S.-origin packaged snack bars","n.a.","Operation of a Certified-Organic 8000 square-feet manufacturing facility in Windsor, Nova Scotia","https://www.madewithlocal.com/blogs/the-local-digest/canadian-snacks-trailblazer-made-with-local-reaffirms-unwavering-commitment-to-local-sourcing-amid-trade-tensions","https://www.madewithlocal.com/pages/mission","2026-08-28","High"
"58","Pantry, bakery, snacks, beverages, frozen and canned foods","Frozen potato","McCain Foods Canada","Frozen french fries and hash browns","Freezer fries and breakfast potatoes","McCain potato products are made from local potatoes grown on farms close to facilities spread across Canada in Manitoba, Alberta and New Brunswick.","Manitoba, Alberta and New Brunswick","Ownership statement on official page: ""McCain® is a proudly Canadian, family owned company."" (ownership category not further verified)","With few exceptions, McCain potato products are made from local potatoes grown on farms close to Canadian facilities; specialty products like lattice cut fries are made in US facilities and sold in Canada.","Replaces U.S.-origin packaged grocery items in the counter-tariff basket, including flour-based food preparations","n.a.","McCain potato products are made from local potatoes grown on farms close to our facilities, which are spread across Canada in Manitoba, Alberta and New Brunswick.","https://mccain.ca/en/about-us/","","2026-08-28","High"
"59","Pantry, bakery, snacks, beverages, frozen and canned foods","Snacks","Neal Brothers","Tortilla chips and salsa","Chips and dips","all of our jarred items and puffs are made right in Ontario","Ontario","ownership not verified","Our bagged snacks are made in USA.","Replaces U.S.-origin packaged grocery items in the counter-tariff basket, including flour-based food preparations","n.a.","Currently all of our jarred items and puffs are made right in Ontario.","https://shop.nealbrothersfoods.com/pages/faqs","","2026-08-28","High"
"60","Pantry, bakery, snacks, beverages, frozen and canned foods","Nut butters","Nuts to You Nut Butter","Organic peanut and almond butter","Sandwich spreads","produced in Canada","Brantford, Ontario","Ownership statement on official page: ""a Canadian, small-town, family-owned, organic and natural nut butter manufacturer"" (ownership category not further verified)","Organic peanuts are grown in the Dominican Republic; organic sesame seeds in Mexico, Guatemala and Nicaragua; and organic almonds in Spain and Sicily.","Replaces U.S.-origin nut butters","n.a.","Supporting these groups and growers has led to the creation of a simple, healthy, delicious plant-based food produced in Canada.","https://nutstoyou.ca/get-to-know-us/","","2026-08-28","High"
"61","Pantry, bakery, snacks, beverages, frozen and canned foods","Snacks","PRANA","GRANOLOVE granola and organic snack mixes","Trail mix and nut snacks","Made in Canada from domestic and imported ingredients.","Canada (location not stated)","Ownership statement on official page: ""Prana is a family-owned certified B Corp since 2015."" (ownership category not further verified)","Made in Canada from domestic and imported ingredients.","Replaces U.S.-origin packaged snack groceries","n.a.","Made in Canada from domestic and imported ingredients.","https://pranafoods.ca/products/granolove-mixed-berry-crunch","","2026-08-28","Medium"
"62","Pantry, bakery, snacks, beverages, frozen and canned foods","Sugar and sweeteners","Redpath Sugar","Granulated and icing sugar","Baking sugar","refined and packaged in Canada","Canada (location not stated)","ownership not verified","None stated on fetched official page","Replaces U.S.-origin sweetener and molasses products (17.03)","17.03","Redpath’s granulated, brown, icing, and specialty sugars are refined and packaged in Canada.","https://www.redpathsugar.com/proudly-canadian","","2026-08-28","Medium"
"63","Pantry, bakery, snacks, beverages, frozen and canned foods","Functional beverages","RISE Kombucha","Kombucha (ginger, hibiscus)","Fermented soft drink","Crafted in small batches in Montreal since 2008.","Montreal (province not stated)","ownership not verified","None stated on fetched official page","Replaces U.S.-origin packaged grocery items in the counter-tariff basket, including flour-based food preparations","n.a.","Crafted in small batches in Montreal since 2008.","https://risekombucha.com/","","2026-08-28","High"
"64","Pantry, bakery, snacks, beverages, frozen and canned foods","Flour and baking","Rogers Foods","All-purpose and whole wheat flour","Home baking flour","From these locations, we produce premium-quality flours","Armstrong and Chilliwack, British Columbia","ownership not verified","None stated on fetched official page","Replaces U.S.-origin flour-based food preparations (heading 19.01) and other imported U.S. baking staples","n.a.","Headquartered in British Columbia, Canada, we operate a state-of-the-art milling facility in Armstrong, as well as two additional facilities in Chilliwack.","https://rogersfoods.com/","","2026-08-28","High"
"65","Pantry, bakery, snacks, beverages, frozen and canned foods","Coffee","Salt Spring Coffee","Organic roasted coffee","Home brewed coffee","opened a new roastery and coffee education center in Vancouver Canada","Canada (location not stated)","Ownership statement on official page: ""We're still locally owned & family operated"" (ownership category not further verified)","None stated on fetched official page | Availability note: Blue Heron, Compostable Coffee Pods; French Roast, Compostable Coffee Pods; and Decaf, Compostable Coffee Pods are listed as sold out.","Replaces U.S.-origin packaged grocery items in the counter-tariff basket, including flour-based food preparations","n.a.","To keep up with demand and ensure consistent quality, we opened a new roastery and coffee education center in Vancouver Canada.","https://www.saltspringcoffee.com/","","2026-08-28","Medium"
"66","Pantry, bakery, snacks, beverages, frozen and canned foods","Flour and baking","Speerville Flour Mill","Organic flour and cereal","Baking flour and hot cereal","50 products are milled and made on site from locally grown grains in Atlantic Canada","Speerville, NB","ownership not verified","Only 50 of over 150 products are stated to be milled and made on site from locally grown grains in Atlantic Canada.","Replaces U.S.-origin flour-based food preparations (heading 19.01) and other imported U.S. baking staples","n.a.","50 products are milled and made on site from locally grown grains in Atlantic Canada.","https://www.speervilleflourmill.ca/","","2026-08-28","High"
"67","Pantry, bakery, snacks, beverages, frozen and canned foods","Canned seafood","St. Jean's Cannery & Smokehouse","Canned wild BC salmon and tuna","Pantry canned fish","one of the last remaining salmon & tuna canneries in Canada","British Columbia","ownership not verified","None stated on fetched official page","Replaces U.S.-origin packaged grocery items in the counter-tariff basket, including flour-based food preparations","n.a.","one of the last remaining salmon & tuna canneries in Canada","https://stjeans.com/about-us/","","2026-08-28","High"
"68","Pantry, bakery, snacks, beverages, frozen and canned foods","Beer","Steam Whistle Brewing","Pilsner","Beer for home consumption","brew Canada's Pilsner","Canada (location not stated)","ownership not verified","None stated on fetched official page","Replaces U.S.-origin packaged grocery items in the counter-tariff basket, including flour-based food preparations","n.a.","using four all-natural ingredients to brew Canada’s Pilsner","https://steamwhistle.ca/","","2026-08-28","Medium"
"69","Pantry, bakery, snacks, beverages, frozen and canned foods","Maple and honey","Turkey Hill Sugarbush","Pure maple syrup and maple spread","Table syrup and spreads","bottled and distributed in Granby, Quebec","Granby, Quebec","ownership not verified","None stated on fetched official page","Replaces U.S.-origin packaged grocery items in the counter-tariff basket, including flour-based food preparations","n.a.","Our 65,000-square-foot production facility, where we bottle and distribute, is located in Granby, Quebec","https://turkeyhill.ca/en/a-propos/","","2026-08-28","High"
"70","Pantry, bakery, snacks, beverages, frozen and canned foods","Spirits","Ungava","Canadian Premium Gin","Gin","Canadian producer; spirits produced in Cowansville, Quebec","Cowansville, Quebec","ownership not verified","None stated on fetched official page","Replaces U.S.-origin packaged grocery items in the counter-tariff basket, including flour-based food preparations","n.a.","Ungava Spirits Co. is a leading Canadian producer of premium-quality craft spirits.","https://ungavaco.com/en/about/our-company/","https://www.pernod-ricard.com/en/brands/ungava","2026-08-28","High"
"71","Pantry, bakery, snacks, beverages, frozen and canned foods","Bakery snacks","Vachon","Jos Louis and Ah Caramel! cakes","Lunchbox snack cakes","Fabriqués à Sainte-Marie-de-Beauce au Québec","Sainte-Marie-de-Beauce, Québec","ownership not verified","None stated on fetched official page | Availability note: Certains produits peuvent ne pas être disponibles dans votre région.","Replaces U.S.-origin flour-based food preparations (heading 19.01) and other imported U.S. baking staples","19.01","Fabriqués à Sainte-Marie-de-Beauce au Québec, les petits gâteaux Vachon🅫 font le bonheur des familles depuis 1923.","https://www.vachon.com/produits/jos-louis/324-g","","2026-08-28","High"
"72","Pantry, bakery, snacks, beverages, frozen and canned foods","Pickles","Whyte's","Bick's pickles","Pickles and relish","Both of our production facilities in Quebec","Quebec","ownership not verified","Our first choice for Mrs. Whyte’s pickles is always to use locally grown cucumbers.","Replaces U.S.-origin packaged grocery items in the counter-tariff basket, including flour-based food preparations","n.a.","Both of our production facilities in Quebec are certified Kosher","https://whytes.ca/mrs-whytes/","","2026-08-28","High"
"73","Pantry, bakery, snacks, beverages, frozen and canned foods","Condiments","Wildly Delicious","Gourmet sauces and dressings","Cooking sauces and dressings","Made in Canada; Product of Canada; Made sustainably in small batches in Ontario, Canada","Canada (location not stated)","ownership not verified","Some products are made from domestic and imported ingredients.","Replaces U.S.-origin packaged condiments","n.a.","Made in Canada from domestic and imported ingredients","https://ca.wildlydelicious.com/collections/oh-canada","","2026-08-28","Medium"
"74","Clothing, footwear and textiles","Footwear","Baffin","Extreme-cold and industrial boots","Extreme-cold boots","manufacturing cold climate products in Canada","Stoney Creek, ON","ownership not verified","Outside of Canada, Baffin sources materials from Turkey, China, Myanmar, and Italy; Baffin also has global partners held accountable to the same standards as its Canadian-made product.","Canadian-made substitute bought instead of U.S. apparel/textile goods on the counter-tariff list (footwear itself is not listed in the September 8, 2026 schedule)","n.a.","Since 1979, Baffin has been committed to manufacturing cold climate products in Canada.","https://www.baffin.com/en-us/blogs/technology/how-baffins-cold-climate-products-are-made","","2026-08-28","High"
"75","Clothing, footwear and textiles","Carpet and flooring","Beaulieu Canada","Broadloom carpet and residential flooring","Wall-to-wall carpet","Manufacturing in Canada, for Canadians","Canada (location not stated)","ownership not verified","None stated on fetched official page","Replaces U.S.-origin carpets and textile floor coverings (headings 57.02/57.03) under the counter-tariffs","57.03","By manufacturing in Canada, for Canadians, we have firsthand insight into what homeowners and businesses need.","https://canada.beaulieucanada.com/en/canada/about/shop-smart-shop-canadian","https://canada.beaulieucanada.com/images/documents/beaulieu_canada/10/en/BeaulieuCanada_Bill_S211_English_2026.pdf","2026-08-28","Medium"
"76","Clothing, footwear and textiles","Workwear","Big Bill","Workwear pants, shirts and coveralls","Industrial and trades workwear","QUALITY APPAREL MADE IN USA & CANADA SINCE 1946","Coaticook, Quebec","Ownership statement on official page: ""BIGBILL® is a brand by CODET INC., which continues to be a fourth generation family business."" (ownership category not further verified)","Official page claims apparel made in USA and Canada - confirm the label on the specific item.","Replaces U.S.-origin apparel covered by the September 8, 2026 counter-tariffs (e.g. T-shirts 61.09, sweaters 61.10, outerwear 62.01/62.02)","62.03","QUALITY APPAREL MADE IN USA & CANADA SINCE 1946","https://www.bigbill.com/ca_en/about-us","https://www.bigbill.com/us_en/about-us","2026-08-28","High"
"77","Clothing, footwear and textiles","Footwear","Boulet Boots","Western and work boots","Western and work boots","Canadian company; first and largest manufacturer of western boots in the country","St-Tite, Quebec","Ownership/parent stated on official page: ""G.A. Boulet is the oldest western boot company in North America which is continuously owned by the same family.""","None stated on fetched official page","Canadian-made substitute bought instead of U.S. apparel/textile goods on the counter-tariff list (footwear itself is not listed in the September 8, 2026 schedule)","n.a.","Boulet Inc. is a Canadian company that presents itself as the first and largest manufacturer of western boots in the country.","https://bouletboots.com/history/","","2026-08-28","High"
"78","Clothing, footwear and textiles","Yarn and craft textiles","Briggs & Little","Woollen yarns (Heritage, Regal, Tuffy)","Knitting and crafting yarn","Canada’s Oldest Woolen Mill","Canada (location not stated)","ownership not verified","None stated on fetched official page","Replaces U.S.-origin textile goods and made-up textile articles purchased instead of tariffed U.S. imports","n.a.","Canada’s Oldest Woolen Mill Supplying Quality Wool for Generations","https://briggsandlittle.com/","","2026-08-28","Medium"
"79","Clothing, footwear and textiles","Winter outerwear","Canada Goose","Made in Canada down parkas (Expedition, Snow Mantra)","Extreme-cold winter parkas","all of our core down-filled products are manufactured in Canada","Canada (location not stated)","Ownership statement on official page: ""within our owned and operated facilities across the country"" (ownership category not further verified)","The company has added manufacturing partners around the globe for new categories; the Canada manufacturing claim applies to core down-filled products.","Replaces U.S.-origin outerwear and anoraks (headings 62.01/62.02) under the counter-tariffs","62.01","all of our core down-filled products are manufactured in Canada","https://canadagoose.com.au/pages/craftsmanship","","2026-08-28","Medium"
"80","Clothing, footwear and textiles","Footwear","Canada West Boots","Work and western boots","Work boots","Proudly Made In Canada","Canada (location not stated)","ownership not verified","Canada West branded shoe care tins are produced on behalf of Canada West in Canada by Canadian Beeseal.","Canadian-made substitute bought instead of U.S. apparel/textile goods on the counter-tariff list (footwear itself is not listed in the September 8, 2026 schedule)","n.a.","As we move into our 48th year making footwear in Winnipeg","https://www.canadawestboots.com/","","2026-08-28","Medium"
"81","Clothing, footwear and textiles","Bedding","Canadian Down & Feather Company","Down duvets and pillows","Duvets and pillows","Most of our products are made with care in-house in Toronto.","Canada (location not stated)","ownership not verified","Most of our products are made in-house in Toronto.","Replaces U.S.-origin textile goods and made-up textile articles purchased instead of tariffed U.S. imports","n.a.","Most of our products are made with care in-house in Toronto.","https://www.canadiandownandfeather.com/","","2026-08-28","Medium"
"82","Clothing, footwear and textiles","Yarn and blankets","Custom Woolen Mills","Wool batting, yarn and blankets","Yarn, quilt batting and blankets","Handcrafted woolen products made in Canada; Canadian-made wool products","Carstairs, Alberta","Ownership statement on official page: ""historic family-owned and operated woolen mill"" (ownership category not further verified)","None stated on fetched official page","Replaces U.S.-origin textile goods and made-up textile articles purchased instead of tariffed U.S. imports","n.a.","Shop handcrafted woolen products made in Canada, as well as handcrafted wooden items and all-natural bath and body products.","https://www.customwoolenmills.com/","","2026-08-28","High"
"83","Clothing, footwear and textiles","Socks","Duray","Wool and performance socks","Everyday and work socks","Wool socks made in Quebec","Quebec","ownership not verified","None stated on fetched official page","Replaces U.S.-origin apparel covered by the September 8, 2026 counter-tariffs (e.g. T-shirts 61.09, sweaters 61.10, outerwear 62.01/62.02)","61.16","Wool socks made in Quebec","https://duray.com/en","","2026-08-28","High"
"84","Clothing, footwear and textiles","Contract textiles","Duvaltex","Contract upholstery and panel fabrics","Commercial upholstery fabric (industrial/B2B)","All products from our Canadian facilities meet Made in Canada requirements.","Canada (location not stated)","ownership not verified","None stated on fetched official page","Replaces U.S.-origin textile goods and made-up textile articles purchased instead of tariffed U.S. imports","n.a.","All products from our Canadian facilities meet Made in Canada requirements.","https://duvaltex.com/en-us/protective-textiles/industrial-safety","https://duvaltex.com/en-ca/protective-textile/medical","2026-08-28","Medium"
"85","Clothing, footwear and textiles","Outerwear","Ecologyst","Merino and waxed canvas outerwear","Merino base layers and jackets","Made in Canada","Victoria, BC","ownership not verified","The page states that all clothing is made in North America, but identifies only some clothing as coming out of the Canadian factory.","Replaces U.S.-origin outerwear and anoraks (headings 62.01/62.02) under the counter-tariffs","62.01","Just some of the durable, sustainable clothing to come out of our Canadian factory are The Market Pant and our plastic-free puffy alternative: The Quilted Collection.","https://ecologyst.com/blogs/field-notes/hometown-production","","2026-08-28","High"
"86","Clothing, footwear and textiles","Womenswear","Encircled","Versatile travel clothing (Dressy Sweatpant, Chrysalis Cardi)","Work and travel clothing","100% sewn in Toronto, Canada","Canada (location not stated)","Ownership statement on official page: ""Encircled is a privately owned company."" (ownership category not further verified)","Approximately 55%-60% of fabrics are knitted and dyed locally; the page states that 100% of the collection is made in Toronto and 100% sewn in Toronto.","Replaces U.S.-origin apparel covered by the September 8, 2026 counter-tariffs (e.g. T-shirts 61.09, sweaters 61.10, outerwear 62.01/62.02)","62.04","We’re proudly 100% sewn in Toronto, Canada, with all sewing studios less than 35km from our office!","https://www.encircled.co/pages/faq-new","","2026-08-28","Medium"
"87","Clothing, footwear and textiles","Carpet and flooring","Kraus Flooring","Carpet and area rugs","Carpet and rugs","carpet and fibre manufacturing facilities in Waterloo, Ontario","Waterloo, Ontario","ownership not verified","None stated on fetched official page","Replaces U.S.-origin carpets and textile floor coverings (headings 57.02/57.03) under the counter-tariffs","57.03","its main carpet and fibre manufacturing facilities in Waterloo, Ontario have developed a quality manufacturing system","https://d-jflooring.com/products-kraus.php","","2026-08-28","High"
"88","Clothing, footwear and textiles","Footwear","Manitobah","Mukluks and moccasins (Made in Canada line)","Winter mukluks and slippers","Indigenous Market items are handcrafted in Canada and the US by Indigenous artisans","Canada (location not stated)","Ownership/parent stated on official page: ""Manitobah is a privately held company with both Indigenous and non-Indigenous ownership. Our original Métis founder and the Montreal Lake Cree Nation ""","Products are produced in international ethical partner factories, primarily in Vietnam; Indigenous Market items are handcrafted in Canada and the US.","Canadian-made substitute bought instead of U.S. apparel/textile goods on the counter-tariff list (footwear itself is not listed in the September 8, 2026 schedule)","n.a.","Our Indigenous Market items are handcrafted in Canada and the US by Indigenous artisans.","https://www.manitobah.ca/pages/faq","","2026-08-28","Medium"
"89","Clothing, footwear and textiles","Safety footwear","Mellow Walk","Safety shoes and boots (CSA)","Workplace safety shoes","Mellow Walk makes its footwear at its company owned footwear factory in Toronto, Canada.","Canada (location not stated)","Ownership statement on official page: ""its company owned footwear factory"" (ownership category not further verified)","Mellow Walk sources many footwear components from suppliers within North America, and when not possible from Europe.","Canadian-made substitute bought instead of U.S. apparel/textile goods on the counter-tariff list (footwear itself is not listed in the September 8, 2026 schedule)","n.a.","Mellow Walk makes its footwear at its company owned footwear factory in Toronto, Canada.","https://www.mellowwalk.com/faq","","2026-08-28","Medium"
"90","Clothing, footwear and textiles","Womenswear","Miik","Bamboo-blend knit womenswear","Knit tops, dresses and leggings","Miik clothes are made right here in Canada","Toronto, Ontario","ownership not verified","Miik works with a supplier in Turkey specifically for its printed fabrics.","Replaces U.S.-origin apparel covered by the September 8, 2026 counter-tariffs (e.g. T-shirts 61.09, sweaters 61.10, outerwear 62.01/62.02)","61.10","Miik clothes are made right here in Canada (all within 50 km of our Toronto office, actually)","https://www.miik.ca/pages/made-in-canada-clothing","","2026-08-28","High"
"91","Clothing, footwear and textiles","Casual clothing","Muttonhead","Unisex fleece and outerwear basics","Casual fleece and jackets","manufactured in Toronto","Canada (location not stated)","ownership not verified","None stated on fetched official page","Replaces U.S.-origin apparel covered by the September 8, 2026 counter-tariffs (e.g. T-shirts 61.09, sweaters 61.10, outerwear 62.01/62.02)","61.10","we manufacture all of our hoodies in a sweatshop free factory located right here in Toronto.","https://www.mtnhead.com/products/pullover-hoodie-black","","2026-08-28","Medium"
"92","Clothing, footwear and textiles","Jeans","Naked & Famous Denim","Selvedge raw denim jeans","Everyday jeans","Made in Canada; Cut, made, and sewn in Canada","Canada (location not stated)","ownership not verified","None stated on fetched official page","Replaces U.S.-origin apparel covered by the September 8, 2026 counter-tariffs (e.g. T-shirts 61.09, sweaters 61.10, outerwear 62.01/62.02)","62.03","We develop crazy things and fabrics no one asked for — but everyone talks about. Cut, made, and sewn in Canada.","https://nakedandfamousdenim.com/","","2026-08-28","Medium"
"93","Clothing, footwear and textiles","Basics and tees","Province of Canada","T-shirts, hoodies and sweatpants","Everyday casual clothing","100% Made in Canada","Canada (location not stated)","ownership not verified","None stated on fetched official page","Replaces U.S.-origin apparel covered by the September 8, 2026 counter-tariffs (e.g. T-shirts 61.09, sweaters 61.10, outerwear 62.01/62.02)","61.09","all of our T-Shirts, Sweaters, Crewnecks, Hoodies, Sweatpants, Toques, Lapel Pins, Tank-tops, Totes and any other product we dream up will be 100% Made in Canada.","https://provinceofcanada.com/pages/made-in-canada","","2026-08-28","Medium"
"94","Clothing, footwear and textiles","Winter outerwear","Quartz Co.","Down winter jackets","Winter parkas","Proudly made in our Montreal factory","Canada (location not stated)","Canadian-owned per official page: ""Quartz Co. is proudly Canadian-owned""","None stated on fetched official page","Replaces U.S.-origin outerwear and anoraks (headings 62.01/62.02) under the counter-tariffs","62.01","Our iconic Heritage collection — featuring our most popular winter coats — is proudly made in our Montreal factory.","https://quartz-co.com/","","2026-08-28","Medium"
"95","Clothing, footwear and textiles","Leather goods and sweats","Roots","Made in Canada leather bags and Roots Cabin sweats","Leather bags and heritage sweatshirts","Proudly handcrafted in Canada since 1973","Toronto, Ontario","Ownership statement on official page: ""Our leather factory has been operated by three generations of the Kowalewski family since its doors first opened."" (ownership category not further verified)","None stated on fetched official page","Replaces U.S.-origin apparel covered by the September 8, 2026 counter-tariffs (e.g. T-shirts 61.09, sweaters 61.10, outerwear 62.01/62.02)","61.10","Proudly handcrafted in Canada since 1973, the Roots Genuine Leather collection showcases our dedication to quality and craftsmanship.","https://www.roots.com/us/en/made-for-canada.html","","2026-08-28","High"
"96","Clothing, footwear and textiles","Bedding","St. Geneve","Luxury bedding and duvets","Sheets, duvets and pillows","Our products are proudly manufactured in British Columbia, Canada.","British Columbia, Canada","ownership not verified","None stated on fetched official page","Replaces U.S.-origin textile goods and made-up textile articles purchased instead of tariffed U.S. imports","n.a.","Our products are proudly manufactured in British Columbia, Canada.","https://www.stgeneve.com/","","2026-08-28","High"
"97","Clothing, footwear and textiles","Underwear and base layers","Stanfield's","Made in Canada collection (underwear, base layers, tees)","Underwear, thermal base layers and tees","Made In Canada; designed and stitched right here in Canada","Canada (location not stated)","ownership not verified","None stated on fetched official page","Replaces U.S.-origin apparel covered by the September 8, 2026 counter-tariffs (e.g. T-shirts 61.09, sweaters 61.10, outerwear 62.01/62.02)","61.09","each designed and stitched right here in Canada","https://www.stanfields.com/collections/made-in-canada","","2026-08-28","Medium"
"98","Clothing, footwear and textiles","Footwear","Viberg Boot","Service boots and work boots","Heritage work boots","handmade in Canada","Victoria, BC","Ownership statement on official page: ""still entirely family owned and operated"" (ownership category not further verified)","Outsoles are brought in from Italy; cowhide leathers from the United States; water buffalo leathers from Vietnam; brass nails and tacks are specially made in Japan and the United Kingdom.","Canadian-made substitute bought instead of U.S. apparel/textile goods on the counter-tariff list (footwear itself is not listed in the September 8, 2026 schedule)","n.a.","finest industrial footwear, handmade in Canada —","https://www.vibergworkboots.com/story","","2026-08-28","High"
"99","Furniture, mattresses and home furnishings","Window coverings","Altex Coverings","Blinds, shades and shutters","Blinds and shades","Made-to-measure window coverings, crafted in Canada","Canada (location not stated)","ownership not verified","None stated on fetched official page","Replaces U.S.-origin interior window coverings purchased instead of tariffed U.S. goods","n.a.","For 50 years, Altex has designed, manufactured, and assembled made-to-measure window coverings in Canada","https://www.altexdesign.com/en/home/","https://www.altexdesign.com/","2026-08-28","Medium"
"100","Furniture, mattresses and home furnishings","Stools and beds","Amisco","Metal bar stools and beds","Counter stools and metal beds","MADE IN CANADA SINCE 1954","Quebec","ownership not verified","None stated on fetched official page","Replaces U.S.-origin furniture (heading 94.03) under the counter-tariffs","94.03","Amisco, a Quebec-based Canadian company, takes great pride in designing and producing customizable and durable residential furniture","https://www.amisco.com/en_us/","https://www.amiscocontract.com/en/our-history/","2026-08-28","High"
"101","Furniture, mattresses and home furnishings","Dining furniture","Bermex","Custom wood dining furniture","Dining tables and chairs","mobilier canadien en bois","Maskinongé, Québec","Ownership statement on official page: ""Bermex est une entreprise familiale"" (ownership category not further verified)","Les meubles Bermex sont fabriqués en merisier provenant d’Amérique du Nord.","Replaces U.S.-origin furniture (heading 94.03) under the counter-tariffs","94.03","posséder du mobilier canadien en bois unique et de qualité","https://www.bermex.ca/personnalisation-meubles-salle-a-manger.html","","2026-08-28","Medium"
"102","Furniture, mattresses and home furnishings","Upholstered seating","Brentwood Classics","Custom upholstered sofas and chairs","Sofas and armchairs","Canadian Benchmade Furniture","Canada (location not stated)","ownership not verified","None stated on fetched official page","Replaces U.S.-origin seats (heading 94.01) under the counter-tariffs","94.01","Brentwood Classics: Canadian Benchmade Furniture","https://www.brentwoodclassics.com/","https://www.brentwoodclassics.com/about/","2026-08-28","Medium"
"103","Furniture, mattresses and home furnishings","Dining furniture","Canadel","Custom dining tables and chairs","Dining tables, chairs and stools","Fabriqué au Québec","Québec","Ownership statement on official page: ""ENTREPRISE FAMILIALE ÉTABLIE DEPUIS 1982"" (ownership category not further verified)","None stated on fetched official page","Replaces U.S.-origin furniture (heading 94.03) under the counter-tariffs","94.03","FABRIQUÉ AU QUÉBEC","https://canadel.com/media/canadel-catalogs/fr/canadel.pdf","","2026-08-28","High"
"104","Furniture, mattresses and home furnishings","Outdoor furniture","CR Plastic Products","Generation and Stratford recycled-plastic outdoor chairs","Patio Adirondack chairs and tables","Produces outdoor furniture products in Stratford, Ontario","Stratford, Ontario","Ownership statement on official page: ""CRP owns and operates a manufacturing facility located in Stratford, Ontario"" (ownership category not further verified)","None stated on fetched official page","Replaces U.S.-origin seats (heading 94.01) under the counter-tariffs","94.01","CRP owns and operates a manufacturing facility located in Stratford, Ontario where it produces outdoor furniture products","https://crpproducts.com/supply-chain/","","2026-08-28","High"
"105","Furniture, mattresses and home furnishings","Mattresses","Douglas","Douglas mattress","Bed-in-a-box mattress","Douglas mattresses are proudly made in Canada using Canadian-sourced materials.","Canada (location not stated)","ownership not verified","None stated on fetched official page","Canadian-made bedding alternative to U.S. mattresses and furniture purchases (mattresses fall in 94.04, not itemized in the September 8, 2026 list; related furniture headings 94.01/94.03 are)","n.a.","Douglas mattresses are proudly made in Canada using Canadian-sourced materials.","https://www.douglas.ca/","","2026-08-28","Medium"
"106","Furniture, mattresses and home furnishings","Bedroom furniture","Durham Furniture","Solid wood bedroom collections","Beds, dressers and nightstands","All of our furniture is made from sustainably harvested solid wood at our plant in the Town of Durham, Ontario, Canada.","Town of Durham, Ontario","ownership not verified","None stated on fetched official page","Replaces U.S.-origin furniture (heading 94.03) under the counter-tariffs","94.03","All of our furniture is made from sustainably harvested solid wood at our plant in the Town of Durham, Ontario, Canada.","https://www.durhamfurniture.com/about-us/","","2026-08-28","High"
"107","Furniture, mattresses and home furnishings","Upholstered seating","Elran","Motion recliners and reclining sofas","Recliners and reclining sofas","Located in Montreal, Elran is a manufacturer of upholstered recliners and stationary furniture.","Canada (location not stated)","Ownership statement on official page: ""Today, Elran is a third generation family business lead and managed by Eric Abecassis."" (ownership category not further verified)","None stated on fetched official page","Replaces U.S.-origin seats (heading 94.01) under the counter-tariffs","94.01","The Elran manufacturing plant is located in Montreal and employs more than 500 people.","https://elran.com/about","","2026-08-28","Medium"
"108","Furniture, mattresses and home furnishings","Mattresses","Endy","Endy Mattress and hybrid mattress","Bed-in-a-box mattress","Endy mattresses are designed and manufactured in Canada","Ontario and Quebec","ownership not verified","None stated on fetched official page","Canadian-made bedding alternative to U.S. mattresses and furniture purchases (mattresses fall in 94.04, not itemized in the September 8, 2026 list; related furniture headings 94.01/94.03 are)","n.a.","Endy mattresses are designed and manufactured in Canada, produced in facilities in Ontario and Quebec using CertiPUR-US certified foam.","https://www.endy.com/","","2026-08-28","High"
"109","Furniture, mattresses and home furnishings","Upholstered seating","EQ3","Canadian-made upholstery (sofas, sectionals, chairs)","Living-room sofas and chairs","designed and crafted in Canada; upholstery manufacturing within our Winnipeg, Manitoba headquarters","Winnipeg, Manitoba","ownership not verified","None stated on fetched official page","Replaces U.S.-origin seats (heading 94.01) under the counter-tariffs","94.01","Explore our iconic upholstery collections, designed and crafted in Canada.","https://www.eq3.com/ca/en/category/inspiration/canadian-made","","2026-08-28","High"
"110","Furniture, mattresses and home furnishings","Mattresses","Essentia","Natural memory foam mattresses","Natural foam mattress","Proudly made in Canada; Proudly made in Quebec","Toronto, Ontario","ownership not verified","None stated on fetched official page","Canadian-made bedding alternative to U.S. mattresses and furniture purchases (mattresses fall in 94.04, not itemized in the September 8, 2026 list; related furniture headings 94.01/94.03 are)","n.a.","Proudly made in Canada, you can experience our natural latex mattresses when it's time to invest in your sleep.","https://myessentia.com/pages/essentia-laval","","2026-08-28","High"
"111","Furniture, mattresses and home furnishings","Solid wood furniture","Handstone Furniture","Solid wood dining and bedroom furniture","Dining tables and bedroom sets","Every piece of Handstone furniture is designed and handcrafted in Canada","Canada (location not stated)","ownership not verified","None stated on fetched official page","Replaces U.S.-origin furniture (heading 94.03) under the counter-tariffs","94.03","every piece of Handstone furniture is designed and handcrafted in Canada","https://handstone.ca/page/canadiancrafted","https://birchwoodfurniture.ca/supplier-spotlight-handstone-furniture/","2026-08-28","Medium"
"112","Furniture, mattresses and home furnishings","Mattresses","Haven Sleep Co.","Pocket-coil and latex mattresses","Mattress","Luxury Canadian Mattresses Made Fresh","Canada (location not stated)","ownership not verified","None stated on fetched official page","Canadian-made bedding alternative to U.S. mattress and furniture purchases (mattresses fall in 94.04; furniture headings 94.01/94.03 are listed)","n.a.","Luxury Canadian Mattresses Made Fresh","https://havenmattress.ca/","https://havensleep.com/blogs/faces-of-haven/my-night-with-haven","2026-08-28","Medium"
"113","Furniture, mattresses and home furnishings","Window coverings","Maxxmar","Custom blinds and shades","Roller shades and blinds","Maxxmar manufactures all of its products right here in Canada.","Canada (location not stated)","Canadian-owned per official page: ""Proudly Canadian owned and operated""","None stated on fetched official page","Replaces U.S.-origin window furnishing textiles and interior fittings bought instead of tariffed U.S. goods","n.a.","Maxxmar manufactures all of its products right here in Canada.","https://maxxmar.com/our-story/","","2026-08-28","Medium"
"114","Furniture, mattresses and home furnishings","Office furniture","Nienkamper","Office and lounge seating","Office lounge seating and tables (B2B)","Made In Canada Matters","Canada (location not stated)","ownership not verified","None stated on fetched official page","Replaces U.S.-origin seats (heading 94.01) under the counter-tariffs","94.01","Made In Canada Matters","https://www.statumdesigns.com/","https://www.statumdesigns.com/learn","2026-08-28","Medium"
"115","Furniture, mattresses and home furnishings","Cabinetry","Norelco Cabinets","Kitchen and bath cabinetry","Kitchen cabinets","Proudly manufacturing custom cabinetry in Kelowna, BC","Kelowna, BC","ownership not verified","None stated on fetched official page","Replaces U.S.-origin furniture (heading 94.03) under the counter-tariffs","94.03","Proudly manufacturing custom cabinetry in Kelowna, BC","https://norelcocabinets.ca/","","2026-08-28","Medium"
"116","Furniture, mattresses and home furnishings","Mattresses","Obasan","Organic latex and wool mattresses","Organic mattress","Handcrafted in Ottawa, Canada","Ottawa, Canada","ownership not verified","None stated on fetched official page","Canadian-made bedding alternative to U.S. mattresses and furniture purchases (mattresses fall in 94.04, not itemized in the September 8, 2026 list; related furniture headings 94.01/94.03 are)","n.a.","All Obasan mattresses and bedding are handcrafted in Ottawa, Canada.","https://obasan.ca/","","2026-08-28","High"
"117","Furniture, mattresses and home furnishings","Mattresses","Polysleep","Foam mattresses and toppers","Foam mattress","entirely made in Canada","Canada (location not stated)","ownership not verified","None stated on fetched official page","Canadian-made bedding alternative to U.S. mattress and furniture purchases (mattresses fall in 94.04; furniture headings 94.01/94.03 are listed)","n.a.","At Polysleep, we take pride in offering our customers mattresses entirely made in Canada.","https://polysleep.ca/","https://polysleep.ca/fr/pages/fait-au-quebec","2026-08-28","Medium"
"118","Furniture, mattresses and home furnishings","Mattresses","Silk & Snow","Hybrid and organic mattresses","Bed-in-a-box mattress","Made in Canada","Toronto, Ontario","ownership not verified","None stated on fetched official page","Canadian-made bedding alternative to U.S. mattress and furniture purchases (mattresses fall in 94.04; furniture headings 94.01/94.03 are listed)","n.a.","Our mattress is made by skilled Canadian craftspeople, using the highest-quality foam and textiles sourced from leading Canadian manufacturers.","https://www.silkandsnow.com/en-us/mattress/","https://www.silkandsnow.com/en-us/hybrid-mattress/","2026-08-28","High"
"119","Furniture, mattresses and home furnishings","Mattresses","Springwall","Chiropractic pocket-coil mattresses","Innerspring mattress","100% Canadian owned and operated national mattress manufacturer","Canada (location not stated)","Canadian-owned per official page: ""We are the only 100% Canadian owned and operated national mattress manufacturer.""","None stated on fetched official page","Canadian-made bedding alternative to U.S. mattresses and furniture purchases (mattresses fall in 94.04, not itemized in the September 8, 2026 list; related furniture headings 94.01/94.03 are)","n.a.","We are the only 100% Canadian owned and operated national mattress manufacturer.","https://springwall.com/","","2026-08-28","Medium"
"120","Furniture, mattresses and home furnishings","Upholstered seating","Superstyle Furniture","Custom sofas and sectionals","Custom sofas","Canadian manufacturer of fine Upholstered furniture","Canada (location not stated)","ownership not verified","None stated on fetched official page","Replaces U.S.-origin seats (heading 94.01) under the counter-tariffs","94.01","SUPERSTYLE was founded in 1967 as a Canadian manufacturer of fine Upholstered furniture","https://www.superstylefurniture.com/about_us.html","","2026-08-28","Medium"
"121","Furniture, mattresses and home furnishings","Stools and chairs","Trica","Custom bar stools and dining chairs","Counter and bar stools","Made in Canada.","Canada (location not stated)","ownership not verified","None stated on fetched official page","Replaces U.S.-origin seats (heading 94.01) under the counter-tariffs","94.01","“Made in Canada.”","https://tricafurniture.com/en/about-us/","https://tricafurniture.com/en/our-history/","2026-08-28","Medium"
"122","Major appliances and household equipment","Wood stoves","Blaze King","Catalytic wood stoves (Princess, King)","Wood heating stove","Manufactured By Valley Comfort Systems Inc., 1290 Commercial Way, Penticton, BC, V2A 3H5, Canada","Penticton, BC","ownership not verified","None stated on fetched official page","Replaces U.S.-origin stoves, ranges and cookers of iron or steel (heading 73.21)","73.21","Manufactured By Valley Comfort Systems Inc., 1290 Commercial Way, Penticton, BC, V2A 3H5, Canada","https://www.blazeking.com/wp-content/uploads/2020/12/180-CK20.2.pdf","","2026-08-28","High"
"123","Major appliances and household equipment","Barbecues","Broil King (Onward Manufacturing)","Broil King gas grills (Regal, Baron)","Outdoor grilling","Broil King Barbecues Made in Waterloo, ON, Canada","Waterloo, Ontario","Ownership statement on official page: ""our company has remained a family-business for over a century"" (ownership category not further verified)","Certain components are sourced from China and Southeast Asia when not available or not feasible to produce locally; products are produced primarily in Canada and the U.S.","Replaces U.S.-origin stoves, ranges and cookers of iron or steel (heading 73.21)","73.21","Broil King Barbecues Made in Waterloo, ON, Canada","https://broilking.ca/pages/manufacturing","https://broilkingbbq.com/en_ca/proudly_north_american/","2026-08-28","High"
"124","Major appliances and household equipment","Commercial barbecues","Crown Verity","Commercial mobile barbecue grills","Commercial/event grilling (light commercial)","Infinite Series assembly facility in Brantford, Ontario, Canada","Brantford, Ontario","ownership not verified","Mobile Grills are produced entirely on-site in Bowling Green, Kentucky, USA; select materials and plastic components are sourced from trusted suppliers.","Replaces U.S.-origin stoves, ranges and cookers of iron or steel (heading 73.21)","73.21","Today, Brantford is home to Crown Verity’s headquarters, as well as our Infinite Series assembly facility and warehouse.","https://crownverity.com/brand-story","","2026-08-28","Medium"
"125","Major appliances and household equipment","Central vacuums","Cyclo Vac (Trovac)","Central vacuum systems","Whole-home vacuum system","leading central vacuum systems manufacturer in Canada","Blainville, Quebec","Ownership statement on official page: ""The company remains a family business; Marc Bruneau, son of Mr. Jacques Bruneau, is now the president of Les Industries Trovac Ltée."" (ownership category not further verified)","None stated on fetched official page","Replaces U.S.-origin electro-mechanical domestic appliances (heading 85.09) and household equipment","85.09","This winning combination has made us the leading central vacuum systems manufacturer in Canada","https://cyclovac.us/cyclovac_us_en/cyclovac-difference/history","","2026-08-28","High"
"126","Major appliances and household equipment","Central vacuums","DrainVac","Central vacuum and wet-dry systems","Whole-home vacuum system","all the factory work related to our vacuums is made here in Quebec","Quebec","ownership not verified","None stated on fetched official page","Replaces U.S.-origin domestic appliances (85.09)","85.09","all the factory work related to our vacuums is made here in Quebec!","https://www.drainvac.com/intl/en/expert-advice/eco-friendly-central-vacuum/","https://www.drainvac.com/content/documents/Residential-Brochure-240V.pdf","2026-08-28","High"
"127","Major appliances and household equipment","Water heaters","Giant Factories","Residential electric and gas water heaters","Household hot water","Manufacturing in Canada since 1945","Montréal-East, Québec","Ownership/parent stated on official page: ""A.O. Smith has acquired GIANT, the Quebec-based manufacturer of residential and commercial water heaters, for US$192 million.""","None stated on fetched official page","Replaces U.S.-origin air-handling and heating equipment covered by the counter-tariffs (fans/ventilation 84.14, air conditioning 84.15, water heaters 85.16, radiators 73.22)","85.16","Manufacturing in Canada since 1945","https://giantinc.com/en/about-us/","","2026-08-28","High"
"128","Major appliances and household equipment","Vacuums","Johnny Vac","Commercial and household vacuums","Household and commercial vacuuming","Conçu et fabriqué au Canada","Canada (location not stated)","ownership not verified","None stated on fetched official page","Replaces U.S.-origin domestic appliances (85.09)","85.09","Conçu et fabriqué au Canada, notre aspirateur central édition spéciale 40e anniversaire de Johnny Vac","https://www.johnnyvac.com/qc/aspirateurs-residentiels","https://www.johnnyvac.com/en/residential-vacuums","2026-08-28","Medium"
"129","Major appliances and household equipment","Fireplaces","Kingsman Fireplaces","Gas fireplaces and inserts","Home heating fireplace","Crafted entirely in Canada; each Kingsman fireplace is built to the highest standards and made to last.","Canada (location not stated)","ownership not verified","None stated on fetched official page","Replaces U.S.-origin stoves, ranges and cookers of iron or steel (heading 73.21)","73.21","CRAFTED ENTIRELY IN CANADA, EACH KINGSMAN FIREPLACE IS BUILT TO THE HIGHEST STANDARDS AND MADE TO LAST.","https://kingsmanind.com/wp-content/uploads/12765-KI-B065-OFP42ENG-Sep2018-WEB1.pdf","https://kingsmanind.com/wp-content/uploads/2017/03/19717-KM-B084-MCVP42ENG-June2024-FNL1-Web.pdf","2026-08-28","Medium"
"130","Major appliances and household equipment","Barbecues","Napoleon","Gas and charcoal barbecues (Rogue, Prestige)","Outdoor grilling","Fabriqués au Canada","Barrie, Ontario","Ownership statement on official page: ""Entreprise familiale détenue et exploitée par des Canadiens"" (ownership category not further verified)","Bien que la plupart de nos activités de fabrication se déroulent au Canada, Napoleon possède également des installations à l’étranger. Tous nos produits, quel que soit l’endroit où ils sont fabriqués, sont fièrement conçus et développés au Canada.","Replaces U.S.-origin stoves, ranges and cookers of iron or steel (heading 73.21)","73.21","Nos installations de Barrie, en Ontario, produisent des grils, des foyers et des produits CVC.","https://www.napoleon.com/fr/ca/barbecues/fabriques-au-canada","https://www.napoleon.com/en/ca/barbecues/made-canada","2026-08-28","High"
"131","Major appliances and household equipment","Wood stoves","Pacific Energy","Wood stoves and fireplace inserts","Wood heating stove","MADE IN CANADA / FABRIQUÉ AU CANADA","Duncan, BC","ownership not verified","None stated on fetched official page","Replaces U.S.-origin stoves, ranges and cookers of iron or steel (heading 73.21)","73.21","MADE IN CANADA / FABRIQUÉ AU CANADA","https://www.pacificenergy.net/wp-content/uploads/2024/02/100004090-Manual-FP16-LE_FP16-AR-LE-071124-36-En.pdf","https://www.pacificenergy.net/wp-content/uploads/2024/02/FP16-LE-Certification-Report-Non-CBI-Updated-4-14-20.pdf","2026-08-28","High"
"132","Major appliances and household equipment","Fireplaces and stoves","Regency Fireplace Products","Wood and gas fireplaces and inserts","Home heating fireplace","Made in Canada/ Fabriqué au Canada","Delta, British Columbia","Ownership statement on official page: ""Panorama, AstroCap, HeatWave and Heat Release are trademarks of Fireplace Products International Ltd."" (ownership category not further verified)","None stated on fetched official page","Replaces U.S.-origin stoves, ranges and cookers of iron or steel (heading 73.21)","73.21","Made in Canada/ Fabriqué au Canada","https://assets.regency-fire.com/getattachment/58b75619-de24-461e-ba75-05b4520383b7/Manual-English-(3).aspx","https://dreifussfireplaces.com/manufacturers/regency-fireplace-products/","2026-08-28","High"
"133","Major appliances and household equipment","Wood stoves","SBI (Stove Builder International)","Osburn and Drolet wood stoves","Wood heating stove","Manufactured by: STOVE BUILDER INTERNATIONAL INC.","Saint-Augustin-de-Desmaures, Quebec","ownership not verified","None stated on fetched official page","Replaces U.S.-origin stoves, ranges and cookers of iron or steel (heading 73.21)","73.21","SBI INC., one of the most important wood stove and fireplace manufacturers in Canada","https://www.drolet.ca/file/45061A_10-06-2015.pdf","","2026-08-28","High"
"134","Major appliances and household equipment","Electric heating","Stelpro","Electric baseboard heaters and convectors","Room heating","designed and manufactured in Quebec","Quebec","ownership not verified","None stated on fetched official page","Replaces U.S.-origin air-handling and heating equipment covered by the counter-tariffs (fans/ventilation 84.14, air conditioning 84.15, water heaters 85.16, radiators 73.22)","85.16","Our products are designed and manufactured in Quebec to the highest quality standards in the industry.","https://www.stelpro.com/","https://www.stelpro.com/wp-content/uploads/produits/documents/CAT/STELPRO_Electric_Catalogue_EN.pdf","2026-08-28","High"
"135","Major appliances and household equipment","Boilers","Thermolec","Electric boilers and duct heaters","Hydronic home heating","designing and manufacturing next-generation electric heaters, modulating controls, and residential steam humidifiers in the heart of Montreal, Canada","Canada (location not stated)","Ownership statement on official page: ""Thermolec Ltd was founded by Cherif Menassa and his partner Camille Adib in 1973; the family business is now led by Cherif’s son, Daniel Menassa."" (ownership category not further verified)","None stated on fetched official page","Replaces U.S.-origin air-handling and heating equipment covered by the counter-tariffs (fans/ventilation 84.14, air conditioning 84.15, water heaters 85.16, radiators 73.22)","85.16","Since the beginning, Thermolec has been designing and manufacturing next-generation electric heaters, modulating controls, and residential steam humidifiers in the heart of Montreal, Canada.","https://www.thermolec.com/en/about-us","","2026-08-28","Medium"
"136","Housewares, plastics, glass and kitchen products","Bags and liners","Alpha Poly","Polyethylene bags, liners and sheeting","Garbage bags and liners","Founded in Canada; manufacturing facility in Brampton, Ontario","Brampton, Ontario","ownership not verified","None stated on fetched official page","Replaces U.S.-origin plastic household and packing articles (headings 39.23/39.24)","39.23","Founded in Canada and proudly serving brands across North America, AlphaPoly operates from a modern 75,000 square foot manufacturing facility in Brampton, Ontario","https://alphapoly.com/","https://alphapoly.com/about/","2026-08-28","High"
"137","Housewares, plastics, glass and kitchen products","Disposable tableware","Amhil Enterprises","Plastic lids, cups and portion containers","Disposable cups, lids and containers (foodservice)","Amhil's manufacturing facility in Brantford, Ontario","Brantford, Ontario","Ownership/parent stated on official page: ""Amhil becomes part of the Wentworth Technologies family""","None stated on fetched official page","Replaces U.S.-origin plastic household and packing articles (headings 39.23/39.24)","39.23","Amhil moves into a new, state-of-the-art manufacturing facility in Brantford, Ontario","https://amhil.com/company/","","2026-08-28","High"
"138","Housewares, plastics, glass and kitchen products","Dinnerware","Atelier Make","Handmade porcelain tableware","Plates, mugs and bowls","Fait main à Montréal depuis 2012.","Canada (location not stated)","ownership not verified","None stated on fetched official page","Replaces U.S.-origin household and kitchen articles on the counter-tariff list (plastics 39.24, iron or steel 73.23, aluminum 76.15)","n.a.","Fait main à Montréal depuis 2012.","https://www.ateliermake.com/","","2026-08-28","Medium"
"139","Housewares, plastics, glass and kitchen products","Food storage","Colibri","Reusable snack and sandwich bags","Reusable food bags","Proudly made in Canada","Canada (location not stated)","ownership not verified","None stated on fetched official page | Availability note: Sold out","Replaces U.S.-origin plastic household articles and packing articles (headings 39.23/39.24)","n.a.","Choose these Canadian-made bags to enjoy fresh bread and support a more sustainable lifestyle.","https://www.colibricanada.com/products/reusable-bread-bag-citrus","","2026-08-28","Medium"
"140","Housewares, plastics, glass and kitchen products","Storage bins","Gracious Living Industries","Plastic shelving, storage bins and totes","Household storage and shelving","plastic product manufactures in Canada","Canada (location not stated)","ownership not verified","None stated on fetched official page","Replaces U.S.-origin plastic household and packing articles (headings 39.23/39.24)","39.23","As one of the largest plastic product manufactures in Canada,","https://www.graciousliving.com/engineered-solutions/","","2026-08-28","Medium"
"141","Housewares, plastics, glass and kitchen products","Kitchen knives","Grohmann Knives","Russell Belt Knife and kitchen cutlery","Kitchen and outdoor knives","Canadian made with pride in our factory in Pictou, Nova Scotia","Pictou, Nova Scotia","ownership not verified","None stated on fetched official page","Replaces U.S.-origin knives with cutting blades (heading 82.11)","82.11","Grohmann Knives are Canadian made with pride in our factory in Pictou, Nova Scotia!","https://grohmannknives.com/","https://novascotia.com/de/listing/grohmann-knives-factory/","2026-08-28","High"
"142","Housewares, plastics, glass and kitchen products","Plumbing supplies","IPEX","PVC drain, waste and vent pipe and fittings","Household plumbing pipe and fittings","The Company’s products are mostly manufactured in its plants located in Canada.","Canada (location not stated)","ownership not verified","The manufacture of some specific product lines is subcontracted to the Company’s affiliates based in the United States; international suppliers represent less than 2%.","Replaces U.S.-origin plastic pipe, tubes and fittings bought instead of tariffed U.S. goods","n.a.","The Company’s products are mostly manufactured in its plants located in Canada.","https://ipexna.com/wp-content/uploads/2026/05/Report-Forced-Labour-and-Child-Labour-IPEX_260527-Executed.pdf","https://ipexna.com/wp-content/uploads/2022/08/Brochure-CA-IPEX-Blue-Brute-Fittings.pdf","2026-08-28","Medium"
"143","Housewares, plastics, glass and kitchen products","Kitchen cloths","Kliin","Reusable kitchen cloths and towels","Reusable dishcloths","Made in Quebec","Quebec","ownership not verified","None stated on fetched official page","Replaces U.S.-origin household and kitchen articles on the counter-tariff list (plastics 39.24, iron or steel 73.23, aluminum 76.15)","n.a.","Offered in a variety of colorful patterns, made in Quebec, KLIIN is revolutionizing household cleaning.","https://www.kliin.co/en/pages/essuie-tout-reutilisables-kliin-info-produit","","2026-08-28","High"
"144","Housewares, plastics, glass and kitchen products","Cutting boards","Larch Wood Canada","End-grain wood cutting boards","Kitchen cutting board","Larch Wood Canada has been producing beautiful wood flooring and home finishing products for years","East Margaree, Nova Scotia","ownership not verified","None stated on fetched official page","Replaces U.S.-origin household and kitchen articles on the counter-tariff list (plastics 39.24, iron or steel 73.23, aluminum 76.15, cutlery 82.11/82.15)","n.a.","Larch Wood Canada has been producing beautiful wood flooring and home finishing products for years","https://www.larchwood.com/","https://www.larchwoodcanada.com/our-story/","2026-08-28","High"
"145","Housewares, plastics, glass and kitchen products","Glass containers","O-I Canada (Owens-Illinois)","Glass bottles and jars from Canadian plants","Glass jars and bottles (B2B and canning)","Operates two glass manufacturing plants in Canada","Brampton, Ontario and Montreal, Quebec","Ownership statement on official page: ""O-I Canada is an affiliate of O-I Glass, Inc. (""O-I"" or the ""Company""), a Delaware corporation."" (ownership category not further verified)","None stated on fetched official page","Replaces U.S.-origin glass carboys, bottles and jars (heading 70.10)","70.10","O-I Canada operates two glass manufacturing plants in Canada – one in Brampton, Ontario and another in Montreal, Quebec.","https://www.o-i.com/wp-content/uploads/2025/05/Supply-Chains-Act-Report-Fiscal-Year-2024-O-I-Canada-Corp.pdf","https://www.o-i.com/wp-content/uploads/2024/05/Supply-Chains-Act-Report-FY-2023-O-I-Canada-Corp.pdf","2026-08-28","High"
"146","Housewares, plastics, glass and kitchen products","Cookware","Paderno","Canadian-made stainless steel cookware","Pots and pans","PADERNO continues to produce cookware there today.","Prince Edward Island","ownership not verified","None stated on fetched official page","Replaces U.S.-origin household and kitchen articles on the counter-tariff list (plastics 39.24, iron or steel 73.23, aluminum 76.15, cutlery 82.11/82.15)","73.23","The first Canadian PADERNO plant was opened on Prince Edward Island in 1979 and PADERNO continues to produce cookware there today.","https://www.paderno.com/","https://www.paderno.com/pages/our-story","2026-08-28","High"
"147","Housewares, plastics, glass and kitchen products","Storage cases","Plasticase (NANUK)","NANUK protective hard cases","Protective cases for tools and gear","Made in Canada; designed and manufactured in Canada","Canada (location not stated)","Ownership statement on official page: ""Plasticase — the company behind NANUK"" (ownership category not further verified)","None stated on fetched official page","Replaces U.S.-origin plastic household and packing articles (headings 39.23/39.24)","39.23","NANUK cases are proudly designed and manufactured in Canada.","https://nanuk.com/","https://nanuk.com/blogs/press/nanuk-opens-a-new-innovation-and-creativity-center","2026-08-28","Medium"
"148","Housewares, plastics, glass and kitchen products","Kitchen gadgets","Ricardo","Ricardo boutique kitchen tools","Kitchen tools","100% made in Quebec","Montreal, Quebec","Ownership/parent stated on official page: ""Levure Lallemand is a company that’s part of the Chagnon family.""","None stated on fetched official page","Replaces U.S.-origin household and kitchen articles on the counter-tariff list (plastics 39.24, iron or steel 73.23, aluminum 76.15, cutlery 82.11/82.15)","n.a.","It’s 100% made in Quebec. From the product to the marketing to the packaging, it’s really yeast from here!","https://www.ricardocuisine.com/en/about-ricardo/news/1323-ricardo-launches-a-new-instant-yeast","https://boutique.ricardocuisine.com/en/bag-of-ricardo-ground-filter-coffee-227-g.html","2026-08-28","High"
"149","Housewares, plastics, glass and kitchen products","Faucets","Riobel","Kitchen and bath faucets","Kitchen and bathroom faucets","Manufactured by / Fabriqué par ST-JÉRÔME (QUÉBEC) CANADA","St-Jérôme, Québec","ownership not verified","None stated on fetched official page","Replaces U.S.-origin sanitary fittings and household metal articles bought instead of tariffed U.S. goods","n.a.","Manufactured by / Fabriqué par ST-JÉRÔME (QUÉBEC) CANADA","https://dw.riobel.ca/Photo/Guide/Gui-22EF.pdf","https://leadiq.com/c/riobel/5a1d9bdd2300005a008b6737","2026-08-28","High"
"150","Housewares, plastics, glass and kitchen products","Water filtration","Santevia","Gravity water filtration systems","Home water filtration","Made In Canada Filtration","Canada (location not stated)","ownership not verified","None stated on fetched official page","Replaces U.S.-origin household and kitchen articles on the counter-tariff list (plastics 39.24, iron or steel 73.23, aluminum 76.15)","n.a.","Featuring Made In Canada Filtration","https://ca.santevia.com/collections/canadian-filtration","https://santevia.com/en-de/collections/the-gravity-water-system-mina-alkaline-pitcher","2026-08-28","Medium"
"151","Paper, tissue, packaging and printed goods","Newsprint","Alberta Newsprint Company","Newsprint and directory paper","Newsprint for publishers (B2B)","Alberta’s first and only paper mill; manufacture the highest quality newsprint in North America","Alberta","Ownership statement on official page: ""ANC is a joint venture of The Stern Group (Whitecourt Newsprint Company Limited Partnership) and West Fraser Timber Co."" (ownership category not further verified)","None stated on fetched official page","Replaces U.S.-origin paper and paperboard products covered by the counter-tariffs (48.03/48.04/48.10/48.11)","48.01","ALBERTA’S FIRST AND ONLY PAPER MILL","https://www.albertanewsprint.com/downloads/products/ANCNewsprint.pdf","","2026-08-28","High"
"152","Paper, tissue, packaging and printed goods","Pulp","Alberta-Pacific Forest Industries","Bleached kraft pulp","Pulp for tissue and paper (industrial)","Canadian Kraft Pulp Mill","Canada (location not stated)","ownership not verified","None stated on fetched official page","Replaces U.S.-origin paper, paperboard and pulp products covered by the counter-tariffs (47.02/48.03/48.04/48.10)","47.02","Alberta-Pacific Forest Industries Inc. | Canadian Kraft Pulp Mill","https://alpac.ca/","https://alpac.ca/wp-content/uploads/2021/06/2021.GDP_.Overview.pdf","2026-08-28","Medium"
"153","Paper, tissue, packaging and printed goods","Boxes and cartons","Atlantic Packaging Products","Corrugated boxes and moving boxes","Shipping and moving boxes","first 100% recycled newsprint mill in Canada, in Whitby Ontario","Toronto, Ontario; Scarborough, Ontario; Mississauga, Ontario; Ingersoll, Ontario; Agincourt, Ontario; Whitby, Ontario; Brampton, Ontario","Ownership statement on official page: ""Atlantic Packaging Products is a privately owned company."" (ownership category not further verified)","None stated on fetched official page | Availability note: Atlantic sells off the Consumer Products division; Atlantic closes the Newsprint division at its Whitby location.","Replaces U.S.-origin cartons, boxes and packing containers of paper (heading 48.19)","48.19","Atlantic opens the first 100% recycled newsprint mill in Canada, in Whitby Ontario.","https://atlantic.ca/about/company-history/","","2026-08-28","High"
"154","Paper, tissue, packaging and printed goods","Tissue paper","Cascades","Cascades Bathroom Tissue and paper towels","Toilet paper and paper towels","Canadian leader in tissue papers production","Saint-Hubert, Quebec","ownership not verified","None stated on fetched official page","Replaces U.S.-origin toilet paper, tissue and household paper (headings 48.03/48.11/48.18)","48.18","Canadian leader in tissue papers production","https://www.cascades.com/en/about-us/our-company/cascades-worldwide/tissue-papers-units","https://www.cascades.com/en/news/cascades-strengthens-its-tissue-paper-production-platform-quebec","2026-08-28","High"
"155","Paper, tissue, packaging and printed goods","Office paper","Domtar","Uncoated freesheet copy paper (Husky, Lynx)","Copy and printing paper","The mill now produces bleached hardwood wet-lap market pulp and uncoated freesheet paper","Windsor, Quebec, Canada","ownership not verified","None stated on fetched official page","Replaces U.S.-origin uncoated printing and copy paper (heading 48.04/48.10)","48.10","Located in the Eastern Townships Region of Quebec, Canada, Domtar’s Windsor Mill ... now produces bleached hardwood wet-lap market pulp and uncoated freesheet paper","https://www.domtar.com/wp-content/uploads/2025/07/Domtar-Windsor-Fact-Sheet.pdf","https://www.domtar.com/our-location/windsor-mill/","2026-08-28","High"
"156","Paper, tissue, packaging and printed goods","Commercial printing","Jukebox Print","Business cards and printed stationery","Business cards and stationery (small business)","Canadian Craftsmanship","Richmond, BC","ownership not verified","None stated on fetched official page","Replaces U.S.-origin printed matter (49.11) and paper stationery","49.11","Canadian Craftsmanship, Global Reach","https://www.jukeboxprint.com/printing-business-cards-in-Richmond-BC","","2026-08-28","High"
"157","Paper, tissue, packaging and printed goods","Paper towels","Kruger Products","SpongeTowels paper towels","Kitchen paper towels","manufactured here in Canada","Canada (location not stated)","ownership not verified","None stated on fetched official page","Replaces U.S.-origin toilet paper, tissue and household paper (headings 48.03/48.11/48.18)","48.18","we’re proud to be manufactured here in Canada. Made by Canadians for Canadians.","https://mykrugerproducts.ca/en-ca/spongetowels","https://mykrugerproducts.ca/en-ca/spongetowels/where-buy","2026-08-28","Medium"
"158","Paper, tissue, packaging and printed goods","Facial tissue","Kruger Products","Scotties facial tissue","Facial tissue","Proudly made in Canada since 1956","Canada (location not stated)","ownership not verified","None stated on fetched official page","Replaces U.S.-origin toilet paper, tissue and household paper (headings 48.03/48.11/48.18)","48.18","Scotties Facial Tissues is Canada’s #1 facial tissue* and has been proudly made in Canada since 1956.","https://mykrugerproducts.ca/en-ca/scotties","https://www.kruger.com/news/krugerproducts-richelieu-announcement/","2026-08-28","Medium"
"159","Paper, tissue, packaging and printed goods","Commercial tissue","Kruger Products","White Swan away-from-home tissue","Washroom paper for businesses","Canada’s leading manufacturer of quality tissue products","Canada (location not stated)","ownership not verified","None stated on fetched official page","Replaces U.S.-origin toilet paper, tissue and household paper (headings 48.03/48.11/48.18)","48.18","Kruger Products grew to become Canada’s leading manufacturer of quality tissue products for household, industrial, and commercial use.","https://www.krugerproducts.ca/en-ca/about-us/what-we-do","https://www.krugerpro.com/brand/white-swan","2026-08-28","Medium"
"160","Paper, tissue, packaging and printed goods","Tissue paper","Kruger Products","Cashmere bathroom tissue","Toilet paper","Canadian made","Canada (location not stated)","ownership not verified","None stated on fetched official page","Replaces U.S.-origin toilet paper, tissue and household paper (headings 48.03/48.11/48.18)","48.18","**Canadian made**","https://mykrugerproducts.ca/en-ca/cashmere","https://mykrugerproducts.ca/en-ca/cashmere/product-listing","2026-08-28","Medium"
"161","Paper, tissue, packaging and printed goods","Tissue paper","Majesta (Irving Tissue)","Majesta bathroom tissue and paper towels","Toilet paper and towels","Pulp made in Saint John, New Brunswick; Irving Tissue in Saint John, New Brunswick; Master Packaging in Dieppe, New Brunswick and Borden, Prince Edward Island t","Saint John, New Brunswick; Lake Utopia, New Brunswick; Dieppe, New Brunswick; Borden, Prince Edward Island; Toronto, Ontario","ownership not verified","Consumer tissue is converted at plants in Dieppe, New Brunswick, Toronto, Ontario and Fort Edward, New York; the page does not state that all named products are made in Canada.","Replaces U.S.-origin toilet paper, tissue and household paper (headings 48.03/48.11/48.18)","48.18","Pulp made in Saint John, New Brunswick is the anchor of our value chain.","https://www.irvingwoodlands.com/jdi-woodlands-value-chain.aspx","https://www.cbc.ca/news/canada/irving-takes-over-tissue-competitor-1.254854","2026-08-28","High"
"162","Paper, tissue, packaging and printed goods","Pulp","Millar Western","Bleached chemi-thermomechanical pulp","Pulp for paper making (industrial)","Producer of bleached chemi-thermomechanical pulp across its mills in Whitecourt, Alberta; Slave Lake, Alberta; and Quesnel, British Columbia","Whitecourt, Alberta; Slave Lake, Alberta; Quesnel, British Columbia","ownership not verified","None stated on fetched official page","Replaces U.S.-origin chemical wood pulp (heading 47.02)","47.02","combined annual production capacity of approximately 1 million tonnes across its mills in Whitecourt, Alberta; Slave Lake, Alberta; and Quesnel, British Columbia","https://millarwestern.com/pulp-mill/","https://millarwestern.com/pulp-mill/people/","2026-08-28","High"
"163","Paper, tissue, packaging and printed goods","Boxes and cartons","Mitchel-Lincoln Packaging","Corrugated boxes and displays","Shipping boxes (B2B)","corrugated manufacturing facility in Drummondville, Quebec","Drummondville, Quebec","Ownership/parent stated on official page: ""Atlantic Packaging acquired full ownership of Mitchel Lincoln""","None stated on fetched official page","Replaces U.S.-origin cartons, boxes and packing containers of paper (heading 48.19)","48.19","With three corrugated manufacturing plants, employing over 800 individuals in Quebec","https://mitchellincoln.ca/en/company-history/","https://mitchellincoln.ca/en/","2026-08-28","High"
"164","Paper, tissue, packaging and printed goods","Photo printing","Posterjack","Canvas prints and photo prints","Wall art and photo prints","Our products are printed and handcrafted in our Toronto workshop.","Canada (location not stated)","Canadian-owned per official page: ""100% Canadian-owned and operated""","Materials are sourced from Canadian suppliers whenever possible.","Replaces U.S.-origin printed pictures and other printed matter (heading 49.11)","49.11","Our products are printed and handcrafted in our Toronto workshop.","https://posterjack.ca/blogs/inspiration/made-in-canada-photo-prints","https://help.posterjack.ca/en-US/canvas-prints-video-51406","2026-08-28","Medium"
"165","Paper, tissue, packaging and printed goods","Office paper","Rolland (Cascades)","Rolland Enviro uncoated printing and copy paper","Printer and copier paper","Canadian-made alkaline papers","Saint-Jérôme, Québec","ownership not verified","The page states that Canadian-made alkaline papers contain an average of 30% postconsumer fibres; it does not explicitly state that each named product line is Canadian-made.","Replaces U.S.-origin uncoated and coated printing papers (headings 48.04/48.10)","48.10","Cascades Fine Papers Group is at the forefront of the recycled paper market, with the widest range of Canadian-made alkaline papers","https://www.cascades.com/sites/default/files/developpement-durable/2004-Report-on-Sustanaible-Development-Cascades-EN.pdf","https://www.patrimoine-culturel.gouv.qc.ca/detail.do?methode=consulter&id=191015&type=bien","2026-08-28","High"
"166","Paper, tissue, packaging and printed goods","Tissue paper","Royale (Irving Tissue)","Royale bathroom tissue and facial tissue","Toilet paper and tissues","ROYALE is proudly made in New Brunswick as well as Toronto, Ontario and Fort Edward, New York","Saint John and Dieppe, New Brunswick; Toronto, Ontario; Fort Edward, New York","ownership not verified","ROYALE is also made in Toronto, Ontario and Fort Edward, New York; each of these plants converts tissue made from Irving pulp.","Replaces U.S.-origin toilet paper, tissue and household paper (headings 48.03/48.11/48.18)","48.18","ROYALE is proudly made in New Brunswick as well as Toronto, Ontario and Fort Edward, New York.","https://jdirving.com/en/newsroom/royale-is-purr-oudly-atlantic-canadian/","","2026-08-28","High"
"167","Paper, tissue, packaging and printed goods","Packaging","Supremex","Mailing and shipping envelopes (e-commerce packaging)","Padded mailers and envelopes","Focused on envelope manufacturing in Canada; Canadian facilities manufacture envelope and packaging products.","Canada (location not stated)","ownership not verified","The page also lists manufacturing facilities in the United States.","Replaces U.S.-origin envelopes and packing containers (48.17/48.19)","48.17","Focused on envelope manufacturing in Canada","https://supremex.com/wp-content/uploads/2026/02/2025-Q4-SXP-Investor-presentation-EN.pdf","https://supremex.com/about-us/","2026-08-28","Medium"
"168","Paper, tissue, packaging and printed goods","Food packaging","Winpak","Flexible and rigid food packaging","Food packaging films and containers (B2B)","manufacturing facility in Winnipeg, Manitoba","Winnipeg, Manitoba","Ownership/parent stated on official page: ""Winpak is part of a global packaging group with thirteen manufacturing facilities in North America.""","Winpak manufactures and distributes packaging materials and packaging machines primarily used for the protection of perishable foods, beverages, pharmaceuticals, medical and personal care.","Replaces U.S.-origin plastic household articles and packing articles (headings 39.23/39.24)","39.19","Our Winnipeg, Manitoba location completed the largest Coextrusion line in our Company’s history.","https://www.winpak.com/about-us","","2026-08-28","High"
"169","Cleaning, beauty and personal care","Baby and body care","Anointment Natural Skin Care","Baby balms, salves and soaps","Baby balm and soap","Made with care in Atlantic Canada","Canada (location not stated)","ownership not verified","None stated on fetched official page","Replaces U.S.-origin beauty, skin-care and make-up preparations (heading 33.04)","34.01","Made with care in Atlantic Canada.","https://anointment.ca/","https://well.ca/brand/anointment-natural-skin-care.html","2026-08-28","Medium"
"170","Cleaning, beauty and personal care","Household cleaners","Bio-Vert","Eco laundry detergent and cleaners","Laundry and household cleaning","Faits au Canada","Canada (location not stated)","ownership not verified","None stated on fetched official page","Replaces U.S.-origin household cleaning and personal care products in the counter-tariff basket (e.g. beauty preparations 33.04, hair preparations 33.05, perfumes 33.03)","34.02","Faits au Canada, les produits pour la lessive Biovert","https://bio-vert.com/nos-produits/","","2026-08-28","Medium"
"171","Cleaning, beauty and personal care","Soap","Buck Naked Soap Company","Handmade soap and shampoo bars","Bar soap and shampoo bars","Our Canadian made bar soaps","Canada (location not stated)","ownership not verified","None stated on fetched official page | Availability note: Hanky-Panky Bar Soap is sold out","Replaces U.S.-origin beauty or make-up and skin-care preparations (heading 33.04)","34.01","Our Canadian made bar soaps are all-natural, vegan and sustainably made.","https://bucknakedsoapcompany.com/collections/soaps-1","https://www.projectlocallove.com/blog/ontario-best-small-batch-soap-makers","2026-08-28","Medium"
"172","Cleaning, beauty and personal care","Skin care","Cocoon Apothecary","Natural face and body care","Facial skincare","made fresh in small batches at our Kitchener factory","Kitchener, Ontario","ownership not verified","None stated on fetched official page","Replaces U.S.-origin beauty, skin-care and make-up preparations (heading 33.04)","33.04","Every Cocoon product is Ecocert COSMOS certified and made fresh in small batches at our Kitchener factory","https://cocoonapothecary.com/","https://cocoonapothecary.com/pages/behind-the-scenes","2026-08-28","Medium"
"173","Cleaning, beauty and personal care","Skin care","Consonant Skincare","Natural face serums and moisturizers","Facial skincare","All of our skincare, with the exception of our hydrocolloid patches, and body care products are proudly made in Canada.","Canada (location not stated)","Canadian-owned per official page: ""As a Canadian owned and operated business""","All skincare products except hydrocolloid patches and body care products are made in Canada. Ingredients are sourced from around the world. Accessories are sourced based on quality and may not be made in Canada. | Availability note: The business is shutting down, will not replenish inventory or restock products, and the final shipment date will be December 18th.","Replaces U.S.-origin beauty or make-up and skin-care preparations (heading 33.04)","33.04","all of our skincare,with the exception of our hydrocolloid patches, and body care products are proudly made in Canada.","https://consonantskincare.com/pages/faqs","https://inspiringcanadians.com/2025/05/25/consonant-skincare-made-in-canada-2/","2026-08-28","Medium"
"174","Cleaning, beauty and personal care","Soap","Crate 61 Soap","Cold-process bar soaps","Bar soap","Handmade in Canada","Canada (location not stated)","ownership not verified","None stated on fetched official page","Replaces U.S.-origin beauty or make-up and skin-care preparations (heading 33.04)","34.01","Handmade in Canada","https://www.crate61.com/","https://www.crate61factory.com/","2026-08-28","Medium"
"175","Cleaning, beauty and personal care","Personal care","Druide","Bio-based shampoos, lotions and body care","Shampoo, lotion and soap","Fabriquer nos produits au Canada, plus précisément au Québec","Québec","ownership not verified","None stated on fetched official page","Replaces U.S.-origin beauty, skin-care and make-up preparations (heading 33.04)","33.05","Nous nous engageons à fabriquer nos produits au Canada, plus précisément au Québec","https://druidebio.com/fr/","https://druidebio.com/fr/change-de-bebe-et-prevention-des-erythemes-fessiers-avec-ou-sans-zinc/","2026-08-28","High"
"176","Cleaning, beauty and personal care","Commercial cleaning","Dustbane Products","Floor cleaners, sweeping compounds and disinfectants","Institutional floor care (B2B)","made in Canada since 1908","Canada (location not stated)","ownership not verified","None stated on fetched official page","Replaces U.S.-origin household cleaning and personal care products in the counter-tariff basket (e.g. beauty preparations 33.04, hair preparations 33.05, perfumes 33.03)","34.02","Dustbane provides professional cleaning chemicals for commercial facilities - made in Canada since 1908.","https://www.dustbane.ca/products/chemicals","","2026-08-28","Medium"
"177","Cleaning, beauty and personal care","Household cleaners","Eco-Max","Plant-based household cleaners","Household cleaning","Eco-Max is made in Canada","Canada (location not stated)","ownership not verified","None stated on fetched official page","Replaces U.S.-origin household cleaning and personal care products in the counter-tariff basket (e.g. beauty preparations 33.04, hair preparations 33.05, perfumes 33.03)","34.02","Eco-Max is made in Canada with powerful plant-based ingredients.","https://eco-max.com/","https://help.eco-max.com/hc/en-ca/articles/360041875472-Do-you-manufacture-your-own-products","2026-08-28","Medium"
"178","Cleaning, beauty and personal care","Cosmetics","Elate Beauty","Refillable pressed eyeshadow and cosmetics","Make-up","Products are produced in Canada","Victoria, British Columbia","Ownership statement on official page: ""Elate is family and employee owned"" (ownership category not further verified)","None stated on fetched official page","Replaces U.S.-origin beauty or make-up and skin-care preparations (heading 33.04)","33.04","Our products are designed in Victoria BC, produced in Canada, and shipped from our headquarters in Victoria to partners and customers around the world.","https://elatebeauty.com/blogs/the-elate-edit/thank-you-for-supporting-our-family-owned-business","","2026-08-28","High"
"179","Cleaning, beauty and personal care","Skin care","Graydon Skincare","Face creams and serums","Facial skincare","Made in Canada; Canadian-made serum; made with love in Canada","Canada (location not stated)","Ownership statement on official page: ""Female Founded"" (ownership category not further verified)","None stated on fetched official page | Availability note: Supermoon is marked ""More on the way!"" and ""Sold out"".","Replaces U.S.-origin beauty or make-up and skin-care preparations (heading 33.04)","33.04","This Canadian-made serum will be a welcome addition to your skincare routine.","https://graydonskincare.ca/","https://graydonskincare.com/","2026-08-28","Medium"
"180","Cleaning, beauty and personal care","Household cleaners","Nature Clean","Laundry liquid, dish soap and all-purpose cleaners","Laundry and dish cleaning","producing Canadian made products; products are manufactured and packaged in Canada","Canada (location not stated)","Ownership statement on official page: ""Nature Clean is a locally owned company"" (ownership category not further verified)","None stated on fetched official page","Replaces U.S.-origin household cleaning and personal care products in the counter-tariff basket (e.g. beauty preparations 33.04, hair preparations 33.05, perfumes 33.03)","34.02","Our products are manufactured and packaged in Canada!","https://natureclean.ca/pages/our-story","","2026-08-28","Medium"
"181","Cleaning, beauty and personal care","Oral care","Nelson Naturals","Remineralizing toothpaste","Toothpaste","Made in Canada","Nelson, BC, Canada","Ownership statement on official page: ""Nelson Naturals is a women owned company consisting of a mother-daughter duo running the company!"" (ownership category not further verified)","None stated on fetched official page","Replaces U.S.-origin beauty or make-up and skin-care preparations (heading 33.04)","33.06","All of our products are made right here in Nelson, BC Canada!","https://nelsonnaturals.com/en-us","https://nelsonnaturals.com/en-us/pages/media-kit","2026-08-28","High"
"182","Cleaning, beauty and personal care","Household cleaners","Pink Solution","Natural all-purpose cleaning paste","All-purpose cleaner","manufactured exclusively in Canada","Canada (location not stated)","Ownership statement on official page: ""Still family owned and operated"" (ownership category not further verified)","None stated on fetched official page","Replaces U.S.-origin household cleaning and personal care products in the counter-tariff basket (e.g. beauty preparations 33.04, hair preparations 33.05, perfumes 33.03)","34.02","The fact that it is manufactured exclusively in Canada","https://store.pinksolution.ca/about-us","https://pinksolution.freshdesk.com/support/solutions/articles/5000657851-where-is-pink-solution-made-","2026-08-28","Medium"
"183","Cleaning, beauty and personal care","Soap and body care","Rocky Mountain Soap Company","Natural bar soaps and body care","Bar soap and lotions","Made in Canada","Canada (location not stated)","ownership not verified","None stated on fetched official page","Replaces U.S.-origin beauty or make-up and skin-care preparations (heading 33.04)","34.01","Made in Canada—Free Shipping Over $60 CA & US.","https://www.rockymountainsoap.com/","https://www.rockymountainsoap.com/pages/about-us","2026-08-28","Medium"
"184","Cleaning, beauty and personal care","Cosmetics","Sappho New Paradigm","Organic foundation and cosmetics","Make-up","Made in Canada.","BC","ownership not verified","We manufacture our makeup sustainably, some in a carbon neutral facility others in Super Natural BC.","Replaces U.S.-origin beauty or make-up and skin-care preparations (heading 33.04)","33.04","Made in Canada.","https://www.mysappho.com/","https://www.mysappho.com/pages/sappho-organic-makeup-brand-story","2026-08-28","Medium"
"185","Cleaning, beauty and personal care","Household cleaners","The Unscented Company","Refillable dish soap, laundry and hand soap","Dish, hand and laundry soap","Manufactured in Quebec","Beloeil, Quebec","Ownership statement on official page: ""The Unscented Company is a B Corp Certified and Women Owned business."" (ownership category not further verified)","The last substantial transformation takes place in Quebec; raw ingredients are received at a partner plant, where products are processed through bottling in plastic bottles manufactured on site.","Replaces U.S.-origin household cleaning and personal care products in the counter-tariff basket (e.g. beauty preparations 33.04, hair preparations 33.05, perfumes 33.03)","34.02","Our products now carry the ""Manufactured in Quebec"" label","https://unscentedco.com/pages/get-to-know-us","https://unscentedco.com/collections/made-in-canada","2026-08-28","High"
"186","Cleaning, beauty and personal care","Skin care","Wildcraft","Natural skincare and body care","Facial and body skincare","Handcrafted in Canada","Canada (location not stated)","Ownership statement on official page: ""Wildcraft is proud to be female owned and run by a small-but-mighty team of amazing women."" (ownership category not further verified)","None stated on fetched official page","Replaces U.S.-origin beauty or make-up and skin-care preparations (heading 33.04)","33.04","Handcrafted in Canada using clean, effective ingredients that deliver real results.","https://wildcraftcare.ca/pages/meet-wildcraft","https://wildcraftcare.ca/","2026-08-28","Medium"
"187","Cleaning, beauty and personal care","Skin care","Zorah biocosmetiques","Argan-oil based skincare","Facial skincare","Fabriqué à Montréal; produits fabriqués localement","Canada (location not stated)","ownership not verified","None stated on fetched official page","Replaces U.S.-origin beauty, skin-care and make-up preparations (heading 33.04)","33.04","Fabriqué à Montréal","https://zorah.ca/fr","https://zorah.ca/fr/pages/faq","2026-08-28","Medium"
"188","Hand tools, hardware and building products","Sealants","Adfast","Adseal sealants and adhesives","Construction sealants and adhesives","Adfast designs and manufactures all parts as well as assembles each machine in-house","Canada (location not stated)","Ownership statement on official page: ""Family owned since it’s beginnings, it is now currently managed by the third generation."" (ownership category not further verified)","None stated on fetched official page | Availability note: Eagle III IoT is described as upcoming.","Replaces U.S.-origin sealants and adhesives","n.a.","Its manufacturing plant and Headquarters are located in Montréal Canada.","https://www2.adfastcorp.com/l/534932/2019-10-09/hgvpv","https://www2.adfastcorp.com/l/534932/2019-04-12/d5hxc","2026-08-28","Medium"
"189","Hand tools, hardware and building products","Framing","Bailey Metal Products","Steel studs, track and drywall framing","Steel framing for renovations (B2B)","Canada's largest manufacturer of lightweight steel framing products","Vancouver, British Columbia; Calgary, Alberta; Edmonton, Alberta; Toronto, Ontario; Montreal, Quebec","ownership not verified","None stated on fetched official page","Replaces U.S.-origin steel structures and profiles (headings 73.08/72.16)","73.08","Bailey manufacturing facilities are located in Vancouver, Calgary, Edmonton, Toronto, and Montreal.","https://www.bmp-group.com/docs/default-source/resource-library-literature/lightweight-steel-framing-wall-stud-amp-floor-joist-load-tables.pdf?sfvrsn=0","","2026-08-28","High"
"190","Hand tools, hardware and building products","Paint and coatings","Beauti-Tone (Home Hardware)","Beauti-Tone interior and exterior paint","Interior and exterior house paint","Canadian owned and Canadian made retail paint brand; manufactured in our own factory in Burford, Ontario","Burford, Ontario","Canadian-owned per official page: ""Canada’s #1 Canadian owned and Canadian made retail paint brand""","None stated on fetched official page","Replaces U.S.-origin paints and varnishes bought instead of tariffed U.S. goods (chapter 32)","n.a.","The three most popular lines of Beauti-Tone paint ... are all manufactured in our own factory in Burford, Ontario.","https://www.homehardwarepeterborough.ca/paint-stain/","https://bluewaterhhbc.ca/departments/paint-paint-accessories/","2026-08-28","High"
"191","Hand tools, hardware and building products","Masonry","Brampton Brick","Clay brick and Oaks concrete pavers","Brick and pavers","The plant produces 300 million clay brick annually","Brampton, Ontario","Ownership statement on official page: ""Brampton Brick is a Canadian public company"" (ownership category not further verified)","None stated on fetched official page","Replaces U.S.-origin building products covered by the counter-tariffs (e.g. plaster articles 68.09, plywood 44.12, sawn wood 44.07, steel structures 73.08)","n.a.","Brampton Brick is a Canadian public company, located in Brampton since 1871","https://www.brampton.ca/en/Business/planning-development/projects-studies/Norval%20Quarry/Brampton%20Brick%2030nov10%20Public%20information%20session%20display%20boards.pdf","https://bramptonbrick.com/sites/default/files/2020-09/bb419pre.pdf","2026-08-28","High"
"192","Hand tools, hardware and building products","Paint and coatings","Cloverdale Paint","Interior and exterior architectural paints","House paint","Canadian Made","Langley, BC","Ownership statement on official page: ""We’re a family business with a commitment to strong community values."" (ownership category not further verified)","None stated on fetched official page","Replaces U.S.-origin architectural paints and coatings","n.a.","Cloverdale Paint – Canadian Made, Industry Trusted","https://www.cloverdalepaint.com/about-us-overview/about-us/cloverdale-paint-history","https://www.cloverdalepaint.com/docs/default-source/press_releases/cloverdale-paint-proudly-canadian-20250307.pdf","2026-08-28","High"
"193","Hand tools, hardware and building products","Roofing","Duchesne","Steel roofing panels and accessories","Steel roofing","Duchesne produces steel roofing and siding products across Eastern Canada.","Yamachiche, Quebec","ownership not verified","None stated on fetched official page | Availability note: The catalogue states that some products are discontinued and available while quantities last; some colours are in transition and availability should be verified. The contents and availability charts are subject to change without notice.","Replaces U.S.-origin steel building panels and structures (heading 73.08)","73.08","Duchesne produces steel roofing products ... across Eastern Canada.","https://www.duchesne.ca/pdf/en/steel/steel-catalog.pdf","","2026-08-28","High"
"194","Hand tools, hardware and building products","Ladders","Featherlite Ladders","Aluminum and fibreglass ladders","Step and extension ladders","modern plant in Aurora, Ontario","Aurora, Ontario","ownership not verified","None stated on fetched official page","Replaces U.S.-origin aluminum structures and ladders (heading 76.10/76.16)","76.16","From its modern plant in Aurora, Ontario and regional warehouses in Montreal and Vancouver, Featherlite is always looking to make life easier to its customers.","https://featherliteladders.com/company/facilities/","https://featherliteladders.com/fr/compagnie/","2026-08-28","High"
"195","Hand tools, hardware and building products","Windows","Fenplast","PVC and hybrid windows and patio doors","Replacement windows","Fenplast windows and doors are manufactured in Quebec through a fully integrated production process","Candiac, Quebec","Ownership statement on official page: ""Quebec-owned company"" (ownership category not further verified)","None stated on fetched official page","Replaces U.S.-origin building products covered by the counter-tariffs (e.g. plaster articles 68.09, plywood 44.12, sawn wood 44.07, steel structures 73.08)","n.a.","Fenplast windows and doors are manufactured in Quebec through a fully integrated production process","https://www.fenplast.com/en/","","2026-08-28","High"
"196","Hand tools, hardware and building products","Doors","Garaga","Residential garage doors","Garage doors","first Canadian-made garage door","Canada (location not stated)","Ownership statement on official page: ""Garaga is still a family business managed by the Gendreau family."" (ownership category not further verified)","Mid-America Door Co. manufactures garage doors in the United States; Garaga's made in Canada products are insulated with polyurethane.","Replaces U.S.-origin base metal mountings and fittings for buildings (heading 83.02)","n.a.","Garaga launches the Eastman Estate, the first Canadian-made garage door with decorative PVC overlays.","https://www.garaga.com/about-us/the-garaga-story","https://www.garaga.com/ca","2026-08-28","Medium"
"197","Hand tools, hardware and building products","Garden and snow tools","Garant","Snow shovels, rakes and garden tools","Snow shovels and garden tools","manufacturing quality tools in Saint-François-de-la-Rivière-du-Sud, Quebec","Saint-François-de-la-Rivière-du-Sud, Quebec","ownership not verified","Artevasi decorative planters are designed and manufactured in Portugal.","Replaces U.S.-origin hand tools on the counter-tariff list (headings 82.03/82.05/82.07, power hand tools 84.67)","82.05","Since 1895, Garant has been manufacturing quality tools in Saint-François-de-la-Rivière-du-Sud, Quebec.","https://www.garant.com/en/pages/about-us","","2026-08-28","High"
"198","Hand tools, hardware and building products","Flooring and lumber","Goodfellow Inc.","Hardwood flooring and lumber products","Wood flooring and lumber","manufactures, distributes and sells hardwoods from its operation in Powassan, Ontario","Powassan, Ontario","Ownership/parent stated on official page: ""Goodfellow acquired Quality Hardwoods in 2015.""","None stated on fetched official page","Replaces U.S.-origin building products covered by the counter-tariffs (e.g. plaster articles 68.09, plywood 44.12, sawn wood 44.07, steel structures 73.08)","44.07","Goodfellow acquired Quality Hardwoods in 2015, which manufactures, distributes and sells hardwoods from its operation in Powassan, Ontario.","https://www.goodfellowinc.com/en/about-us/","https://www.goodfellowinc.com/en/","2026-08-28","High"
"199","Hand tools, hardware and building products","Hand tools","Gray Tools","Sockets, wrenches and hand tools","Wrenches, sockets and screwdrivers","Gray Tools is the only company manufacturing premium hand tools in Canada.","Canada (location not stated)","ownership not verified","None stated on fetched official page","Replaces U.S.-origin hand tools on the counter-tariff list (headings 82.03/82.05/82.07)","82.04","Gray Tools is the only company manufacturing premium hand tools in Canada.","https://www.graytools.com/storage/downloads/Spring%20Tools%20Specials%202026%20-%20ENG.pdf","","2026-08-28","Medium"
"200","Hand tools, hardware and building products","Chimneys and venting","ICC Chimney (Industrial Chimney Company)","Excel and UltraBlack chimney systems","Wood stove chimney systems","largest chimney manufacturer in Canada","St-Jerome, Quebec","ownership not verified","None stated on fetched official page | Availability note: VIP+ Grease Duct: AVAILABLE IN 2016","Replaces U.S.-origin steel tubes and stove pipe products (headings 73.06/73.21)","73.06","Our business has grown to become the largest chimney manufacturer in Canada","https://icc-rsf.com/wp-content/uploads/2020/07/Catalogue_VIP_2016_EN_Web.pdf","https://icc-rsf.com/wp-content/uploads/2020/07/Catalogue_VIC_EN_2022_WEB.pdf","2026-08-28","High"
"201","Hand tools, hardware and building products","Roofing","IKO Industries","Cambridge and Dynasty asphalt shingles","Roof shingles","Canada Manufacturing Plants","Brampton, ON; Ashcroft, BC; High River, AB; Hamilton, ON; Madoc, ON; Barrie, ON; Hawkesbury, ON","ownership not verified","None stated on fetched official page","Replaces U.S.-origin building products covered by the counter-tariffs (e.g. plaster articles 68.09, plywood 44.12, sawn wood 44.07, steel structures 73.08)","n.a.","Canada Manufacturing Plants","https://www.iko.com/na/iko-locations/","https://www.iko.com/na/fr/iko-locations/","2026-08-28","High"
"202","Hand tools, hardware and building products","Siding","Kaycan","Vinyl siding and aluminum soffit","Exterior siding","operates eight manufacturing facilities across Canada","Canada (location not stated)","Ownership/parent stated on official page: ""In 2022, Kaycan was acquired by Saint-Gobain S.A.""","None stated on fetched official page","Replaces U.S.-origin aluminum building products and plastic siding (headings 76.10/39.25)","76.10","Kaycan operates eight manufacturing facilities across Canada.","https://www.kaycan.com/about/","https://kaycan.com/wp-content/uploads/2019/06/Kaycan-Group_CANADA_Final.pdf","2026-08-28","Medium"
"203","Hand tools, hardware and building products","Woodworking tools","Lee Valley / Veritas","Veritas hand planes and woodworking tools","Hand planes, chisels and jigs","manufacturing arm of Lee Valley since 1985","Canada (location not stated)","Ownership statement on official page: ""Veritas Tools has been the manufacturing arm of Lee Valley since 1985."" (ownership category not further verified)","None stated on fetched official page","Replaces U.S.-origin hand tools on the counter-tariff list (headings 82.03/82.05/82.07, power hand tools 84.67)","82.05","Based in Ottawa, Canada, Veritas Tools is a world leader in woodworking tool-design innovation, and has been the manufacturing arm of Lee Valley since 1985.","https://www.leevalley.com/en-ca/tools/brand/veritas","https://www.leevalley.com/fr-ca/outils/brand/veritas","2026-08-28","Medium"
"204","Hand tools, hardware and building products","Fasteners","Leland Industries","Stainless and specialty screws, bolts and nuts","Screws, bolts and nuts","Canadian manufacturer; 100% North American Made","Toronto, Ontario","Ownership statement on official page: ""A privately held Canadian company"" (ownership category not further verified)","The page states that the products are made with North American steel and labor, not exclusively Canadian steel and labor.","Replaces U.S.-origin screws, bolts, nails and fasteners of steel (headings 73.17/73.18)","73.18","A privately held Canadian company using only domestic Steel and Labor","https://lelandindustries.com/","","2026-08-28","High"
"205","Hand tools, hardware and building products","Siding","Maibec","Eastern white cedar siding and shingles","Wood siding and shingles","manufacturer of Eastern white cedar shingles located in Balmoral, New Brunswick","Balmoral, New Brunswick","Ownership/parent stated on official page: ""Maibec Inc. today announced that it has acquired Cedar Balmoral Ltd.""","None stated on fetched official page","Replaces U.S.-origin building products covered by the counter-tariffs (e.g. plaster articles 68.09, plywood 44.12, sawn wood 44.07, steel structures 73.08)","44.07","Maibec Inc. today announced that it has acquired Cedar Balmoral Ltd., a manufacturer of Eastern white cedar shingles located in Balmoral, New Brunswick.","https://maibec.com/en/about-us/nouvelles/maibec-acquires-cedar-balmoral-ltd-from-balmoral-new-brunswick-to-meet-growing-demand-for-eastern-white-cedar-singles/","","2026-08-28","High"
"206","Hand tools, hardware and building products","Windows","Nordik Windows","Vinyl replacement windows","Replacement windows","Entry doors are 100% Canadian made; Nordik windows are manufactured in Ottawa, ON; Mastertech doors are manufactured in Hamilton, ON","Ottawa, ON; Hamilton, ON","Ownership statement on official page: ""We are a family owned business that opened our doors in Ottawa in 1982."" (ownership category not further verified)","None stated on fetched official page","Replaces U.S.-origin building products covered by the counter-tariffs (e.g. plaster articles 68.09, plywood 44.12, sawn wood 44.07, steel structures 73.08)","n.a.","Our entry doors are modern and fully customizable. They are 100% Canadian made","https://nordik.com/","https://nordik.com/about-us","2026-08-28","High"
"207","Hand tools, hardware and building products","Doors","Novatech Group","Entry doors and door glass","Exterior entry doors","Designed and manufactured in Québec; built in Québec and Ontario; designed and built in Canada","Québec and Ontario","ownership not verified","Patio doors are built in Québec and Ontario; certification applies to certified products whose last substantial transformation took place in Québec facilities.","Replaces U.S.-origin base metal mountings and fittings for buildings (heading 83.02)","n.a.","Designed and manufactured in Québec, our steel doors are built to last","https://www.groupenovatech.com/en_canada_west/made-in-canada","https://www.groupenovatech.com/en_canada_ontario/made-in-canada","2026-08-28","High"
"208","Hand tools, hardware and building products","Building systems","Nudura","Insulated concrete forms (ICF)","ICF wall forms for construction","Licensee Plants: Quebec mfg Plant, Granby, QC; Alberta mfg Plant, Coaldale, AB","Granby, QC; Coaldale, AB","ownership not verified","None stated on fetched official page","Replaces U.S.-origin building products covered by the counter-tariffs (e.g. plaster articles 68.09, plywood 44.12, sawn wood 44.07, steel structures 73.08)","n.a.","Quebec mfg Plant Granby, QC Alberta mfg Plant Coaldale, AB","https://www.nudura.com/resource/download/nudura_10_part_specification.pdf","","2026-08-28","High"
"209","Hand tools, hardware and building products","Lumber","Taiga Building Products","Treated lumber and building materials","Treated lumber for decks","produce preserved wood for our Canadian market","Canada (location not stated)","ownership not verified","None stated on fetched official page","Replaces U.S.-origin building products covered by the counter-tariffs (e.g. plaster articles 68.09, plywood 44.12, sawn wood 44.07, steel structures 73.08)","44.07","Taiga is proud to produce preserved wood for our Canadian market.","https://www.taigabuilding.com/","https://www.taigabuilding.com/services/treating-plants/","2026-08-28","Medium"
"210","Hand tools, hardware and building products","Nails and wire","Tree Island Steel","Nails, collated nails and wire products","Framing nails and wire","100% Canadian Concrete Reinforcing Mesh; largest domestic nail producer in western North America; facility in Richmond, British Columbia producing over 400 type","Richmond, British Columbia","ownership not verified","None stated on fetched official page","Replaces U.S.-origin screws, bolts, nails and fasteners of steel (headings 73.17/73.18)","73.17","The Tree Island Steel facility in Richmond, British Columbia, is one of the most technologically advanced nail mills in the world, producing over 400 types, sizes and finishes of nails and staples.","https://www.treeisland.com/products/industrial-wire/","https://www.treeisland.com/about/","2026-08-28","High"
"211","Hand tools, hardware and building products","Panels","Uniboard","MDF and melamine panels","Shelving and cabinet panels","The facility produces multiple grades,thicknesses and sizes of particleboard melamine panels","Sayabec, Quebec; Val-d'Or, Quebec; Mont-Laurier, Quebec","ownership not verified","None stated on fetched official page","Replaces U.S.-origin building products covered by the counter-tariffs (e.g. plaster articles 68.09, plywood 44.12, sawn wood 44.07, steel structures 73.08)","44.11","Located on the eastern tip of Quebec, the Sayabec mill is Uniboard®’s largest particleboard manufacturing facility. The facility produces multiple grades,thicknesses and sizes of particleboard melamine panels","https://www.uniboard.com/en/who-we-are","https://www.uniboard.com/en/notre-historique/our-history-1996","2026-08-28","High"
"212","Steel, aluminum and fabricated metal goods","Steel mill products","Algoma Steel","Hot-rolled and plate steel","Steel plate and coil for fabrication (industrial)","low-carbon Canadian steel","Sault Ste. Marie, Ontario","ownership not verified","None stated on fetched official page","Replaces U.S.-origin steel mill products covered by the counter-tariffs (flat-rolled 72.08-72.12, bars and rods 72.13-72.15, wire 72.17)","72.08","At Algoma Steel, we produce steel through Electric Arc Furnace (EAF) steelmaking — delivering low-carbon Canadian steel","https://www.algoma.com/","https://www.algoma.com/industries/","2026-08-28","High"
"213","Steel, aluminum and fabricated metal goods","Aluminium extrusion","Apel Extrusions","Aluminium extruded profiles","Extruded aluminium profiles","With production facilities in both Canada and the United States","Canada (location not stated)","ownership not verified","None stated on fetched official page","Replaces U.S.-origin aluminum products covered by the counter-tariffs (unwrought 76.01, bars and profiles 76.04, sheet 76.06, structures 76.10)","76.04","With production facilities in both Canada and the United States, we provide efficient, tariff-conscious solutions for customers on both sides of the border.","https://apelextrusions.com/","https://apelextrusions.com/about/","2026-08-28","Medium"
"214","Steel, aluminum and fabricated metal goods","Steel mill products","ArcelorMittal Dofasco","Flat-rolled and galvanized steel","Galvanized sheet for autos and appliances (industrial)","licensed producer of Galvalume and Galvalume Plus (zinc & aluminum) coated steel products in Canada","Canada (location not stated)","ownership not verified","The Canada statement applies to Galvalume and Galvalume Plus; no Canadian location is stated for the other product lines.","Replaces U.S.-origin steel mill products covered by the counter-tariffs (flat-rolled 72.08-72.12, bars and rods 72.13-72.15, wire 72.17)","72.10","ArcelorMittal Dofasco is a licensed producer of Galvalume and Galvalume Plus (zinc & aluminum) coated steel products in Canada.","https://dofasco.arcelormittal.com/products","https://dofasco.arcelormittal.com/media/alrbffif/amd-2022-esdm-executive-summary_for_posting.pdf","2026-08-28","Medium"
"215","Steel, aluminum and fabricated metal goods","Steel buildings","Behlen Industries","Pre-engineered steel buildings","Farm and shop steel buildings","manufacturing steel building systems in Brandon, Manitoba, since 1969","Brandon, Manitoba","Ownership statement on official page: ""Behlen Industries LP is a company of WGI Westman Group Inc."" (ownership category not further verified)","None stated on fetched official page","Replaces U.S.-origin steel mill and fabricated steel products covered by the counter-tariffs (72.08-72.17, 73.08)","73.08","Behlen has been manufacturing steel building systems in Brandon, Manitoba, since 1969","https://behlen.ca/about-behlen-industries-lp/","https://behlen.ca/","2026-08-28","High"
"216","Steel, aluminum and fabricated metal goods","Steel pipe","Bri-Steel Manufacturing","Seamless steel pipe (large diameter)","Seamless pipe (industrial)","Produces Large Diameter Seamless Steel Pipe in Canada","Edmonton, Alberta","ownership not verified","None stated on fetched official page","Replaces U.S.-origin steel tubes, pipes and fittings (headings 73.04/73.05/73.06/73.07)","73.04","Bri-Steel Manufacturing is a state of the art facility that produces Large Diameter Seamless Steel Pipe in Canada.","https://www.steel-technology.com/suppliers/bri-steel-manufacturing","https://www.bri-steel.com/about-us","2026-08-28","High"
"217","Steel, aluminum and fabricated metal goods","Galvanizing","Corbec","Hot-dip galvanized steel products","Galvanized steel components (B2B)","Canada's largest galvanizer","Lachine, Quebec; St-Augustin-de-Desmaures, Quebec; Dartmouth, Nova Scotia; Hannon, Ontario","ownership not verified","None stated on fetched official page","Replaces U.S.-origin fabricated iron and steel articles on the counter-tariff list (headings 73.08/73.26 and related)","73.26","Optimally located, and equipped with Canada’s largest kettles, our facilities are perfectly positioned to deliver galvanized steel at scale.","https://www.corbec.com/galvanization","","2026-08-28","High"
"218","Steel, aluminum and fabricated metal goods","Steel pipe","Evraz North America (Regina)","Line pipe and OCTG steel pipe","Pipe for water, gas and construction (industrial)","EVRAZ Regina produces carbon steel slabs, flat-rolled discrete plate and coiled plate.","Regina, Saskatchewan","ownership not verified","None stated on fetched official page","Replaces U.S.-origin steel tubes, pipes and fittings (headings 73.04/73.05/73.06/73.07)","73.05","EVRAZ Regina produces carbon steel slabs, flat-rolled discrete plate and coiled plate.","https://ar2021.evraz.com/pdf/ar/en/strategic-report_business-review_steel-na-segment.pdf","https://www.gem.wiki/Orion_Regina_Steel_plant","2026-08-28","Medium"
"219","Steel, aluminum and fabricated metal goods","Rebar and bar","Gerdau Long Steel North America","Rebar and merchant bar (Whitby, Cambridge)","Concrete rebar for construction","Carbon Steel Rebar produced by Gerdau in Whitby, Ontario, Canada","Whitby, Ontario, Canada","ownership not verified","Rebar produced at Whitby is sold unfabricated; average fabrication data for 26 Gerdau fabrication shops is included in the A3 product stage.","Replaces U.S.-origin steel mill products covered by the counter-tariffs (flat-rolled 72.08-72.12, bars and rods 72.13-72.15, wire 72.17)","72.14","This EPD is for 1 metric ton of fabricated Carbon Steel Rebar produced by Gerdau in Whitby, Ontario, Canada.","https://www2.gerdau.com/sites/gln_gerdau/files/downloadable_files/epd_gerdau_whitby_rebar.pdf","https://www.steelradar.com/en/haber/gerdau-to-shut-down-its-rolling-mill-in-canada/","2026-08-28","High"
"220","Steel, aluminum and fabricated metal goods","Tanks","Granby Industries","Steel oil tanks and water heaters tanks","Home heating oil tanks","recognized Canadian manufacturer","Canada (location not stated)","ownership not verified","None stated on fetched official page","Replaces U.S.-origin steel tanks, casks and containers (headings 73.09/73.10)","73.09","A recognized Canadian manufacturer, Granby Industries designs high-performance storage solutions distributed across North America.","https://www.granbyindustries.com/","https://www.granbyindustries.com/en-us/about-us/","2026-08-28","Medium"
"221","Steel, aluminum and fabricated metal goods","Rebar fabrication","Harris Rebar","Fabricated reinforcing steel","Fabricated rebar for construction (B2B)","Fort Saskatchewan branch in Alberta features a fully capable rebar fabrication shop","Fort Saskatchewan, Alberta","ownership not verified","None stated on fetched official page","Replaces U.S.-origin steel mill products covered by the counter-tariffs (flat-rolled 72.08-72.12, bars and rods 72.13-72.15, wire 72.17)","72.14","Harris Rebar’s Fort Saskatchewan branch, located in the capital region of Alberta features a fully capable rebar fabrication shop.","http://harrisbolt.com/rebar-fabrication/","","2026-08-28","High"
"222","Steel, aluminum and fabricated metal goods","Wire rod","Ivaco Rolling Mills","Steel wire rod","Wire rod for fasteners and wire (industrial)","Producer of hot rolled wire rod and steel billets with facilities in L’Orignal, Ontario","L’Orignal, Ontario","Ownership/parent stated on official page: ""Ivaco Rolling Mills was acquired by Heico Holdings Inc. in 2004 and is backed by its parent company, Heico.""","None stated on fetched official page","Replaces U.S.-origin steel mill products covered by the counter-tariffs (flat-rolled 72.08-72.12, bars and rods 72.13-72.15, wire 72.17)","72.13","Ivaco Rolling Mills is a world-class producer of hot rolled wire rod and steel billets. Our facilities are located ... in L’Orignal, Ontario","https://www.ivacorm.com/","https://www.ivacorm.com/careers/","2026-08-28","High"
"223","Steel, aluminum and fabricated metal goods","Scaffolding","Metaltech-Omega","Aluminium and steel scaffolding and work platforms","Scaffolding for renovation","First manufacturer in Canada to do reshoring of the production of its scaffolding products for masons.","Canada (location not stated)","Ownership statement on official page: ""METALTECH-OMEGA is a privately-owned Canadian company"" (ownership category not further verified)","None stated on fetched official page","Replaces U.S.-origin aluminum products covered by the counter-tariffs (unwrought 76.01, bars and profiles 76.04, sheet 76.06, structures 76.10)","76.10","First manufacturer in Canada to do reshoring of the production of its scaffolding products for masons.","https://www.metaltech-omega.com/en/history/","","2026-08-28","Medium"
"224","Steel, aluminum and fabricated metal goods","Steel processing","Nova Steel","Processed and tubular steel products","Tube and processed steel (B2B)","processor of hot-rolled carbon steel in Montréal","Montréal, Québec","Ownership statement on official page: ""Cresswell, a Nova company"" (ownership category not further verified)","Some operations and products are located outside Canada, including Mexico and Delta, Ohio.","Replaces U.S.-origin steel tubes, pipes and fittings (headings 73.04/73.05/73.06/73.07)","73.06","Nova installs its first tube mill in Montréal, accelerating welded tubing growth.","https://novasteel.com/our-history/","","2026-08-28","High"
"225","Steel, aluminum and fabricated metal goods","Aluminium sheet","Novelis Canada","Rolled aluminium sheet and coil (Kingston)","Aluminium sheet for products (industrial)","Novelis has one active manufacturing facility in Canada—located in Kingston, Ontario—that produces specialty and industrial products","Kingston, Ontario","Ownership statement on official page: ""Novelis is a Canadian corporation formed under the Canada Business Corporations Act with its global headquarters in Atlanta, Georgia."" (ownership category not further verified)","Input materials for Novelis’ Canadian operations are nearly entirely comprised of aluminum coils from Novelis Corporation’s operations in Oswego, New York; much of this is processed at Kingston and then exported back to the U.S.","Replaces U.S.-origin aluminum products covered by the counter-tariffs (unwrought 76.01, bars and profiles 76.04, sheet 76.06, structures 76.10)","76.06","Novelis has one active manufacturing facility in Canada – located in Kingston, Ontario – that produces specialty and industrial products","https://novelis.com/wp-content/uploads/2026/05/Novelis-Report-for-FY-2026-on-Fighting-Against-Forced-Labour-and-Child-Labour-in-Supply-Chains-1.pdf","https://novelis.com/wp-content/uploads/2024/02/Kingston-IATF-16949-Exp-Feb-2027.pdf","2026-08-28","High"
"226","Steel, aluminum and fabricated metal goods","Aluminium primary metal","Rio Tinto (Quebec Operations)","Primary aluminium ingots and billets","Aluminium metal for manufacturing (industrial)","In Québec, we produce ... aluminium","Québec, Canada","Ownership statement on official page: ""5 wholly owned smelters"" (ownership category not further verified)","None stated on fetched official page","Replaces U.S.-origin aluminum products covered by the counter-tariffs (unwrought 76.01, bars and profiles 76.04, sheet 76.06, structures 76.10)","76.01","In Québec, we produce some of the highest quality, lowest carbon footprint aluminium in the world","https://www.riotinto.com/en/operations/canada/saguenay","https://www.riotinto.com/en/can/canada-operations/saguenay","2026-08-28","High"
"227","Steel, aluminum and fabricated metal goods","Steel wire","Sivaco Wire Group","Drawn steel wire products","Steel wire for products (industrial)","Quebec Manufacturing Plant and Ontario Manufacturing Plant in Canada","Marieville, Quebec; Ingersoll, Ontario","ownership not verified","None stated on fetched official page","Replaces U.S.-origin steel mill and tube products covered by the counter-tariffs (72.08-72.17, 73.06)","72.17","#### Head Office and Quebec Manufacturing Plant 800, rue Ouellette Marieville QC J3M 1P5 CANADA","https://sivaco.com/en/contact/","https://www.globenewswire.com/news-release/2025/03/24/3047999/0/en/sivaco-takes-legal-action-against-unfair-trade-practices-in-the-canadian-steel-market.html","2026-08-28","High"
"228","Steel, aluminum and fabricated metal goods","Steel mill products","Stelco","Hot-rolled, cold-rolled and coated sheet steel","Sheet steel for manufacturing (industrial)","Hamilton Works is an integrated steel plant and produces approximately 2.5 million tonnes of steel per year","Hamilton, Ontario","Ownership statement on official page: ""Owner: US Steel Canada"" (ownership category not further verified)","Most slabs cast at Hamilton Works are rolled in the Lake Erie Works Hot Strip Mill; some are shipped to other U. S. Steel facilities or sold.","Replaces U.S.-origin steel mill products covered by the counter-tariffs (flat-rolled 72.08-72.12, bars and rods 72.13-72.15, wire 72.17)","72.08","Hamilton Works is an integrated steel plant and produces approximately 2.5 million tonnes of steel per year.","https://stelco.com/wp-content/uploads/2019/01/2010%20Toxics%20Reduction%20Annual%20Report%20(Public).pdf","https://stelco.com/our-story/","2026-08-28","High"
"229","Electronics, audio and electrical equipment","Home theatre electronics","Anthem","AVM preamplifiers and MRX receivers","Home theatre receivers","Made in Canada","Canada (location not stated)","ownership not verified","None stated on fetched official page","Replaces U.S.-origin consumer electronics and audio equipment purchased instead of tariffed U.S. goods (related listed headings include monitors/projectors 85.28 and parts 85.29)","n.a.","Engineered and manufactured with a defiant, independent spirit, the MCA Gen 2 is proudly Made in Canada.","https://anthemav.com/mca-525-gen-2","https://www.anthemav.com/statement-m1","2026-08-28","Medium"
"230","Electronics, audio and electrical equipment","Home audio electronics","Bryston","Cubed Series power amplifiers and BDA DACs","Home stereo amplifiers","All Bryston amplifiers are engineered and manufactured in our state-of-the-art facility in Ontario, Canada","Ontario, Canada","ownership not verified","None stated on fetched official page","Replaces U.S.-origin consumer electronics and audio equipment purchased instead of tariffed U.S. goods (related listed headings include monitors/projectors 85.28 and parts 85.29)","n.a.","All Bryston amplifiers are engineered and manufactured in our state-of-the-art facility in Ontario, Canada","https://bryston.com/amplifiers/","https://bryston.com/about-bryston/","2026-08-28","High"
"231","Electronics, audio and electrical equipment","Projectors","Christie Digital Systems","Cinema and large-venue projectors","Projection systems (commercial)","Finished products are designed and manufactured in Canada by Christie","Canada (location not stated)","Ownership statement on official page: ""Christie and its global affiliates are wholly-owned subsidiaries of Ushio Inc."" (ownership category not further verified)","Finished products are also manufactured overseas through Christie’s affiliates in China and Germany and through other manufacturers; components and raw materials are sourced from Canada and outside Canada.","Replaces U.S.-origin monitors and projectors (heading 85.28)","85.28","Our finished products are designed and manufactured in Canada by Christie and by other entities overseas.","https://www.christiedigital.com/globalassets/about/sustainability/compliance/slavery-act-statement-2025.pdf","https://www.christiedigital.com/globalassets/about/sustainability/compliance/slavery-act-statement-2026.pdf","2026-08-28","Medium"
"232","Electronics, audio and electrical equipment","Loudspeakers","Coincident Speaker Technology","Loudspeakers and tube amplifiers","Home stereo speakers and amps","all its speaker models are designed and completely manufactured in Canada","Canada (location not stated)","Ownership statement on official page: ""The company was founded and is operated by Israel Blume."" (ownership category not further verified)","Drivers are sourced from Scan-Speak, Vifa and SEAS; internal wiring uses American 6N copper; crossovers use Canadian and American components. | Availability note: The original Pure Reference, a single enclosure, is now long discontinued.","Replaces U.S.-origin consumer electronics and audio equipment purchased instead of tariffed U.S. goods (listed related headings include monitors/projectors 85.28 and parts 85.29)","n.a.","all its speaker models are designed and completely manufactured in Canada","https://coincidentspeaker.com/whatsnew.html","https://coincidentspeaker.com/soundstage9.htm","2026-08-28","Medium"
"233","Electronics, audio and electrical equipment","Transformers","Delta Transformers","Dry-type distribution transformers","Electrical transformers (B2B)","manufacturing high-quality dry-type transformers and reactors in Granby, Quebec","Granby, Quebec","ownership not verified","None stated on fetched official page","Replaces U.S.-origin electrical equipment on the counter-tariff list (insulated wire and cable 85.44, electrical parts 85.29)","85.04","Located in Granby, Quebec, Delta Transformers has been designing and manufacturing high-quality dry-type transformers and reactors for more than 40 years.","https://www.delta.xfo.com/","https://documents.delta.xfo.com/Delta_Documents/Brochures/EN/Delta_Medium_Voltage_Transformers_EN.pdf","2026-08-28","High"
"234","Electronics, audio and electrical equipment","EV chargers","FLO","Home and public EV charging stations","Home EV charging","Assembly plant located in Shawinigan, Quebec","Shawinigan, Quebec","ownership not verified","None stated on fetched official page","Replaces U.S.-origin electrical charging equipment and related electrical apparatus","85.04","FLO | AddEnergie’s headquarters and network operations centre are based in Quebec City, and its assembly plant is located in Shawinigan (Quebec).","https://www.flo.com/en-ca/press-release/flo-addenergie-announces-that-it-is-doubling-the-size-of-its-production-facilities/","","2026-08-28","High"
"235","Electronics, audio and electrical equipment","Loudspeakers","Focus Audio","FS and Prestige loudspeakers","Home stereo speakers","The Liszts are made here in Canada.","Markham, Ontario","ownership not verified","None stated on fetched official page","Replaces U.S.-origin consumer electronics and audio equipment purchased instead of tariffed U.S. goods (listed related headings include monitors/projectors 85.28 and parts 85.29)","n.a.","The Liszts are made here in Canada. Their circuit boards, transformers, and casework are all Canadian products, and the amps are assembled by hand at Focus Audio’s facility in Markham, Ontario.","https://www.ultraaudio.com/index.php/equipment-menu/695-focus-audio-liszt-concerto-mono-integrated-amplifiers","https://www.foundationaudio.ca/html/aboutus.htm","2026-08-28","High"
"236","Electronics, audio and electrical equipment","Enclosures","Hammond Manufacturing","Electrical and electronic enclosures","Electrical enclosures and racks (B2B)","Focused factory in Waterloo, Canada for the production of outlet strips, surge suppressors and air movement accessories","Waterloo, Canada","ownership not verified","None stated on fetched official page","Replaces U.S.-origin electrical equipment on the counter-tariff list (insulated wire and cable 85.44, electrical parts 85.29)","85.38","Hammond has opened a focused factory in Waterloo, Canada for the production of outlet strips, surge suppressors and air movement accessories.","https://www.hammfg.com/files/literature/corp-overview.pdf?v=1697661432","https://www.hammfg.com/files/news/2025/2025-03-04-annual-information-form-2024.pdf?v=1741186077","2026-08-28","High"
"237","Electronics, audio and electrical equipment","Transformers","Hammond Power Solutions","Dry-type transformers","Electrical transformers (B2B)","HPS has manufacturing facilities in Canada","Guelph, Ontario","ownership not verified","This multi-national strategy allows HPS the ability to shift products between plants as required.","Replaces U.S.-origin electrical equipment on the counter-tariff list (insulated wire and cable 85.44, electrical parts 85.29)","85.04","HPS has manufacturing facilities in Canada, the United States, and Mexico.","https://americas.hammondpowersolutions.com/our-company/commitment-to-excellence","","2026-08-28","High"
"238","Electronics, audio and electrical equipment","LED lighting","Nemalux","Industrial LED luminaires","Industrial lighting (B2B)","Our products are designed and manufactured in Calgary, AB, Canada.","Calgary, Alberta, Canada","Ownership/parent stated on official page: ""Nemalux is part of Cooper Lighting Solutions, a Signify business""","None stated on fetched official page","Replaces U.S.-origin luminaires (94.05)","94.05","Our products are designed and manufactured in Calgary, AB, Canada.","https://nemalux.com/","https://nemalux.com/hubfs/3-pdf-files/Standard-Stocking-Guide/NEMALUX-COOPER-LIGHTING-Standard-Stocking-Guide-2025-A4.pdf","2026-08-28","High"
"239","Electronics, audio and electrical equipment","Wire and cable","Northern Cables","Armoured cable and building wire (AC90, teck cable)","Electrical wiring for renovations","Wire and Cable Manufacturer with manufacturing centers in Brockville and Prescott, Ontario","Brockville and Prescott, Ontario","Canadian-owned per official page: ""Northern Cables Inc. is a Canadian owned and Operated Wire and Cable Manufacturer""","None stated on fetched official page","Replaces U.S.-origin electrical equipment on the counter-tariff list (insulated wire and cable 85.44, electrical parts 85.29)","85.44","Our Facilities in Brockville and Prescott Ontario combine three complete manufacturing centers","https://northerncables.com/about/facility/","","2026-08-28","High"
"240","Electronics, audio and electrical equipment","Loudspeakers","Paradigm","Founder Series loudspeakers","Home stereo and theatre speakers","Manufactured in Canada","Canada (location not stated)","ownership not verified","None stated on fetched official page","Replaces U.S.-origin consumer electronics and audio equipment purchased instead of tariffed U.S. goods (related listed headings include monitors/projectors 85.28 and parts 85.29)","n.a.","Manufactured in Canada, this all-new range takes performance to the next level with patented technology, step-up components, and hallmark Paradigm sound quality.","https://www.paradigm.com/","https://hometheaterhifi.com/features/factory-tours-interviews/paradigm-tour/","2026-08-28","Medium"
"241","Electronics, audio and electrical equipment","Loudspeakers","PSB Speakers","Imagine and Synchrony loudspeakers","Home stereo speakers","Designed and engineered in Canada; PSB built the B1","Canada (location not stated)","ownership not verified","None stated on fetched official page","Replaces U.S.-origin consumer electronics and audio equipment purchased instead of tariffed U.S. goods (related listed headings include monitors/projectors 85.28 and parts 85.29)","n.a.","Designed and engineered in Canada, PSB built the B1 with high-quality MDF","https://www.psbspeakers.com/ca/alpha-b1-bookshelf","https://www.psbspeakers.com/ca/amfile/file/download/file/1867/product/62/","2026-08-28","Medium"
"242","Electronics, audio and electrical equipment","Pro audio","Radial Engineering","Direct boxes and audio interfaces (JDI, ProD2)","Studio and stage audio interfaces","Each and every Radial product is hand assembled right here in Canada","Port Coquitlam, British Columbia","ownership not verified","None stated on fetched official page","Replaces U.S.-origin consumer electronics and audio equipment purchased instead of tariffed U.S. goods (related listed headings include monitors/projectors 85.28 and parts 85.29)","n.a.","Each and every Radial product is hand assembled right here in Canada","https://www.radialeng.com/blog/how-to-build-the-worlds-most-reliable-di","https://www.radialeng.com/wp-content/uploads/2018/03/SmartSheetBook-PZ-Pre.pdf","2026-08-28","High"
"243","Electronics, audio and electrical equipment","Loudspeakers","Reference 3A","Reference 3A loudspeakers","Home stereo speakers","All Reference 3A manufacturing is now done in Canada","Kitchener, Ontario","ownership not verified","None stated on fetched official page","Replaces U.S.-origin consumer electronics and audio equipment purchased instead of tariffed U.S. goods (listed related headings include monitors/projectors 85.28 and parts 85.29)","n.a.","all Reference 3A manufacturing is now done in Canada, having moved there from Switzerland","https://reference3a.com/wp-content/uploads/2021/03/decapo-stereophile.pdf","https://reference3a.com/wp-content/uploads/2021/03/grand-ultra.pdf","2026-08-28","High"
"244","Electronics, audio and electrical equipment","Transformers","Rex Power Magnetics","Dry-type transformers and reactors","Electrical transformers (B2B)","Canadian dry-type transformer design and manufacturing company, headquartered in Concord, Ontario","Concord, Ontario","ownership not verified","None stated on fetched official page","Replaces U.S.-origin electrical equipment on the counter-tariff list (insulated wire and cable 85.44, electrical parts 85.29)","85.04","With a centralized integrated engineering, manufacturing and customer service facility located in Concord, Ontario","https://www.rexpowermagnetics.com/about/","https://www.rexpowermagnetics.com/","2026-08-28","High"
"245","Electronics, audio and electrical equipment","Broadcast equipment","Ross Video","Carbonite switchers and production equipment","Video production equipment (B2B)","manufacturing facility in Iroquois Ontario, Canada","Iroquois, Ontario","ownership not verified","None stated on fetched official page","Replaces U.S.-origin broadcast and video equipment and parts (headings 85.28/85.29)","85.29","Ross Video demonstrates further commitment to the environment by launching a green energy expansion to its manufacturing facility in Iroquois Ontario, Canada.","https://www.rossvideo.com/company/media/news-releases/ross-video-breaks-ground-on-canadian-green-energy-manufacturing-facility-expansion-to-create-jobs-and-support-customers-in-over-100-countries/","https://www.rossvideo.com/company/media/news-releases/ross-video-wins-green-award-for-manufacturing-facility-in-iroquois-ontario/","2026-08-28","High"
"246","Electronics, audio and electrical equipment","Solar panels","Silfab Solar","Solar photovoltaic modules","Rooftop solar modules","Design and Manufacturing of high efficiency crystalline silicon (c-Si.) Photovoltaic modules in Mississauga, Ontario, Canada","Mississauga, Ontario","ownership not verified","None stated on fetched official page","Replaces U.S.-origin electrical generating equipment purchased instead of tariffed U.S. goods","n.a.","Main Site: 240 Courtneypark Drive East, Mississauga, Ontario L5T 2Y3, Canada","https://silfabsolar.com/wp-content/uploads/2024/05/CERT-0121614_ENG_Silfab-Solar-Inc_.pdf","https://www.arcenergyinstitute.com/solar-manufacturing-the-problem-with-canadian-competitiveness/","2026-08-28","High"
"247","Electronics, audio and electrical equipment","Home audio electronics","Simaudio (MOON)","MOON amplifiers and streaming DACs","Home stereo electronics","Hand-assembled entirely in Canada","Boucherville, Quebec","ownership not verified","None stated on fetched official page","Replaces U.S.-origin consumer electronics and audio equipment purchased instead of tariffed U.S. goods (related listed headings include monitors/projectors 85.28 and parts 85.29)","n.a.","Hand-assembled entirely in Canada","https://simaudio.com/","https://simaudio.com/en/product/641-integrated-amplifier/","2026-08-28","High"
"248","Electronics, audio and electrical equipment","Electric heat tracing","Thermon Canada","Heat tracing cable systems","Pipe freeze protection cable (industrial)","Process heating products are primarily manufactured at our Canadian facilities","Canada (location not stated)","ownership not verified","Process heating products are primarily manufactured at Canadian facilities; other manufacturing locations and product-specific exceptions are stated on the page.","Replaces U.S.-origin electrical equipment on the counter-tariff list (insulated wire and cable 85.44, electrical parts 85.29)","85.16","Process heating products are primarily manufactured at our Canadian facilities, which include: Calgary, Edmonton, Fort McMurray, Oakville, and Orillia.","https://ir.thermon.com/sec-filings/all-sec-filings/content/0001489096-25-000071/0001489096-25-000071.pdf","","2026-08-28","Medium"
"249","Electronics, audio and electrical equipment","Loudspeakers","Totem Acoustic","Sky, Forest and Element loudspeakers","Home stereo speakers","producing handcrafted loudspeakers in Montreal, Quebec","Montreal, Quebec","ownership not verified","None stated on fetched official page","Replaces U.S.-origin consumer electronics and audio equipment purchased instead of tariffed U.S. goods (related listed headings include monitors/projectors 85.28 and parts 85.29)","n.a.","Totem Acoustic has a rich history of producing handcrafted loudspeakers in Montreal, Quebec.","https://totemacoustic.com/totem-acoustic-our-story/","https://totemacoustic.com/","2026-08-28","High"
"250","Electronics, audio and electrical equipment","Pro audio","Yorkville Sound / Traynor","Traynor guitar amplifiers and Yorkville powered speakers","Stage amplifiers and PA speakers","manufactures ... in Canada, at the Pickering facility; Canadian made","Pickering, Ontario","Ownership statement on official page: ""Yorkville Sound wholly owns Applied Research and Technology (ART)."" (ownership category not further verified)","Only professional PA products and Traynor instrument amplifiers are explicitly stated as manufactured in Canada or Canadian made; other brands and products are described as distributed or manufactured elsewhere.","Replaces U.S.-origin consumer electronics and audio equipment purchased instead of tariffed U.S. goods (related listed headings include monitors/projectors 85.28 and parts 85.29)","n.a.","Yorkville Sound also designs and manufactures a complete line of Canadian made tube and solid state instrument amplifiers","https://www.sightnsound.ca/en/cp-13394-yorkville","https://www.yorkville.com/images/products/press/pr_yx_series.pdf","2026-08-28","High"
"251","Sports, outdoor, recreation and toys","Outdoor apparel","Arc'teryx","ARC'One Vancouver-made technical shells","Technical outdoor jackets","ARC’One produces items for Veilance and LEAF at 425 Boyne Street, New Westminster, BC, Canada","New Westminster, BC","ownership not verified","None stated on fetched official page","Replaces U.S.-origin anoraks and outdoor shells (headings 62.01/62.02)","62.01","425 Boyne Street, New Westminster, BC, Canada ... ARC’One produces items for Veilance, a highly technical urban collection, and LEAF","https://arcteryx.com/us/en/explore/supply-chain-partners/arc-one","https://arcteryx.com/us/en/product-advice/arcteryx-manufacturing-partners","2026-08-28","High"
"252","Sports, outdoor, recreation and toys","Hot tubs","Arctic Spas","Hot tubs and swim spas","Backyard hot tub","Made in Canada for Canadian Winters","Thorsby, Alberta","Ownership statement on official page: ""The Arctic Spas® ownership group is a unique set of guys, having all grown up on farms and in small rural communities of western Canada."" (ownership category not further verified)","None stated on fetched official page","Replaces U.S.-origin hot tubs, spas and related equipment bought instead of tariffed U.S. goods","n.a.","Arctic Spas® Brand Hot Tubs and Swim Spas – Made in Canada for Canadian Winters!","https://www.arcticspasedmonton.com/","https://myarcticspa.com/App_Themes/Arctic/Documents/Arctic_Brochure.pdf","2026-08-28","High"
"253","Sports, outdoor, recreation and toys","Curling equipment","BalancePlus","Curling brushes and sliders","Curling brushes","BalancePlus has a licensing agreement to manufacture and sell EQualizer Brush-Heads in Canada and the United States","Canada (location not stated)","Ownership statement on official page: ""UWO still has the patent, but sold the licensing rights to BalancePlus"" (ownership category not further verified)","None stated on fetched official page","Replaces U.S.-origin sports and exercise equipment covered by the counter-tariffs (general physical exercise articles 95.06)","95.06","Now with a licensing agreement with BalancePlus to manufacture and sell the broom heads in Canada and the United States","https://balanceplus.com/news/","https://balanceplus.com/product/rs-foam-brushes/","2026-08-28","Medium"
"254","Sports, outdoor, recreation and toys","Hot tubs","Beachcomber Hot Tubs","Hot tubs (300 and 500 series)","Backyard hot tub","Beachcomber Hot Tubs factory in Surrey, British Columbia, Canada","Surrey, British Columbia","Ownership statement on official page: ""Beachcomber Hot Tubs is and will continue to be a family-owned and operated multi-generational business."" (ownership category not further verified)","None stated on fetched official page","Replaces U.S.-origin hot tubs and spa equipment","n.a.","On February 14, 1978, the Scott Family founded the Beachcomber Hot Tubs factory in Surrey, British Columbia, Canada, where our global headquarters and factory still reside today.","https://www.beachcomberhottubs.com/about-us-company","https://www.beachcomberhottubs.com/en_us/","2026-08-28","High"
"255","Sports, outdoor, recreation and toys","Playgrounds","Blue Imp","Playground structures and swings","Community and school playgrounds (institutional)","Made in Canada, for Canada; designed and manufactured at our headquarters in Medicine Hat, Alberta","Medicine Hat, Alberta","Ownership statement on official page: ""Proudly family-owned since 1917"" (ownership category not further verified)","None stated on fetched official page","Replaces U.S.-origin sports and exercise equipment (heading 95.06)","95.06","Our high quality playground products and park amenities are proudly designed and manufactured at our headquarters in Medicine Hat, Alberta.","https://www.blueimp.com/","https://www.blueimp.com/history/","2026-08-28","High"
"256","Sports, outdoor, recreation and toys","Game tables","Canada Billiard & Bowling","Billiard tables","Home billiards","Largest manufacturing unit and distributor of billiard tables and accessories in Canada","Laval, Quebec","Ownership statement on official page: ""CANADA BILLIARD & BOWLING INC. owned two manufacturing plants."" (ownership category not further verified)","None stated on fetched official page","Replaces U.S.-origin table or parlour games and game articles (heading 95.04)","95.04","Founded in 1973, Canada Billiard is the largest manufacturing unit and distributor of billiard tables and accessories in Canada.","http://www.billiardsforum.com/biz/canada-billiard-bowling-laval","https://canadabilliard.com/products/euro","2026-08-28","High"
"257","Sports, outdoor, recreation and toys","Kayaks","Clearwater Design","Recreational kayaks and canoes","Recreational paddling","Made in Canada since 1995","Ontario","ownership not verified","None stated on fetched official page","Replaces U.S.-origin recreational watercraft and paddling gear bought instead of tariffed U.S. goods (related listed headings include 95.06 sports equipment)","n.a.","All of our boats are made in Ontario, Canada.","https://clearwaterdesign.com/","https://clearwaterdesign.com/about/","2026-08-28","High"
"258","Sports, outdoor, recreation and toys","Kayaks","Delta Kayaks","Thermoformed touring kayaks","Touring kayaks","PROUDLY MADE IN CANADA","Canada (location not stated)","ownership not verified","None stated on fetched official page","Replaces U.S.-origin recreational watercraft and paddling gear bought instead of tariffed U.S. imports","n.a.","# PROUDLY MADE IN CANADA","https://www.deltakayaks.com/","https://www.deltakayaks.com/delta-difference/","2026-08-28","Medium"
"259","Sports, outdoor, recreation and toys","Bicycles","Devinci","Aluminium mountain bike frames (Canadian-made line)","Mountain biking","Made in Canada","Chicoutimi, Quebec","Ownership statement on official page: ""Devinci owner and President Francis Morin"" (ownership category not further verified)","We don’t make ALL of our bikes in Canada; we make MOST of them here.","Replaces U.S.-origin bicycles and cycle goods purchased instead of tariffed U.S. imports (motorcycles/e-cycles 87.11 are listed)","87.11","Every day our staff proudly make Devinci bikes in our Canadian factory.","https://www.devinci.com/en/quebec/","https://www.devinci.com/en/manufacturing-solutions/","2026-08-28","High"
"260","Sports, outdoor, recreation and toys","Snowshoes","Faber & Co.","Snowshoes (Sport, Trail)","Winter hiking","fabriqués entièrement au Canada, plus précisément au Québec","Québec, Québec","Ownership statement on official page: ""Depuis 2021, Faber a intégré l’entreprise d’économie sociale Groupe TAQ."" (ownership category not further verified)","None stated on fetched official page","Replaces U.S.-origin sports and exercise equipment covered by the counter-tariffs (general physical exercise articles 95.06)","95.06","Groupe TAQ | Division Faber est fière de vous offrir des produits de qualité fabriqués entièrement au Canada, plus précisément au Québec.","https://www.fabersnowshoes.com/fr","https://www.fabersnowshoes.com/fr/pages/about-us","2026-08-28","High"
"261","Sports, outdoor, recreation and toys","Paddles","Grey Owl Paddles","Wood and composite canoe paddles","Canoe paddles","Handcrafted Canadian Canoeing & Kayaking Paddles","Canada (location not stated)","ownership not verified","None stated on fetched official page | Availability note: Northern Light — Sold out","Replaces U.S.-origin recreational watercraft and paddling gear bought instead of tariffed U.S. goods (related listed headings include 95.06 sports equipment)","n.a.","Grey Owl Paddles: Handcrafted Canadian Canoeing & Kayaking Paddles","https://greyowlpaddles.com/","","2026-08-28","Medium"
"262","Sports, outdoor, recreation and toys","Snowshoes","GV Snowshoes","Traditional and aluminum snowshoes","Winter hiking","Located in the Québec City region, GV Snowshoes manufactures every type of snowshoe available on the market.","Québec City, Québec","ownership not verified","None stated on fetched official page","Replaces U.S.-origin sports and exercise equipment covered by the counter-tariffs (general physical exercise articles 95.06)","95.06","Located in the Québec City region, GV Snowshoes manufactures every type of snowshoe available on the market","https://www.gvsnowshoes.com/en","https://www.gvsnowshoes.com/en/company","2026-08-28","High"
"263","Sports, outdoor, recreation and toys","Skating equipment","Jackson Ultima","Figure skates and blades","Figure skates","A state of the art factory in Waterloo, Ontario; manufacturer of high-end skate products","Waterloo, Ontario","Ownership statement on official page: ""In 2021 Tournament Sports Marketing Inc. was sold by Kim Bauer to CCM Hockey."" (ownership category not further verified)","None stated on fetched official page","Replaces U.S.-origin sports and exercise equipment covered by the counter-tariffs (general physical exercise articles 95.06)","95.06","Mr. Loveridge developed a state of the art factory in Waterloo, Ontario and Jackson evolved to a manufacturer of high-end skate products.","https://jacksonultima.com/pages/timeline","","2026-08-28","High"
"264","Sports, outdoor, recreation and toys","Canoes","Langford Canoe","Cedar and Kevlar canoes","Recreational canoeing","Canadian-built Langford canoes","Canada (location not stated)","ownership not verified","None stated on fetched official page","Replaces U.S.-origin recreational watercraft and paddling gear bought instead of tariffed U.S. goods (related listed headings include 95.06 sports equipment)","n.a.","Canadian-built Langford canoes embody the spirit of a wild, untamed land","https://langfordcanoe.com/pages/wood-canoes","","2026-08-28","Medium"
"265","Sports, outdoor, recreation and toys","Boats","Legend Boats","Aluminium fishing boats","Recreational fishing boats","Component manufacturing is outsourced throughout North America; final assembly is performed in Canada.","Canada (location not stated)","Ownership statement on official page: ""Legend is proud to have the same owners and same focus on family values."" (ownership category not further verified)","Component manufacturing is outsourced to quality manufacturers throughout North America.","Replaces U.S.-origin recreational watercraft and paddling gear bought instead of tariffed U.S. goods (related listed headings include 95.06 sports equipment)","n.a.","By outsourcing component manufacturing and then performing all final assembly, sales, service, and warranty right here in Canada","https://legend-marketing.s3.amazonaws.com/2024/catalogues/Legend-Boats-2024-Family-and-Fishing-Boats.pdf","","2026-08-28","Medium"
"266","Sports, outdoor, recreation and toys","Fishing tackle","Len Thompson","Fishing spoons (Five of Diamonds)","Fishing lures","proudly manufactures the following brands in Lacombe, Alberta, Canada","Lacombe, Alberta","Ownership statement on official page: ""Thank you for supporting our family-owned and operated business for over 90 yearS"" (ownership category not further verified)","None stated on fetched official page","Replaces U.S.-origin fishing rods, tackle and lures (heading 95.07)","95.07","Thompson-Pallister Bait Co. Ltd. proudly manufactures the following brands in Lacombe, Alberta, Canada:","https://www.lenthompson.com/madeincanada.html","https://www.lenthompson.com/our-history.html","2026-08-28","High"
"267","Sports, outdoor, recreation and toys","Fishing tackle","Lucky Strike Bait Works","Fishing lures and spoons","Freshwater fishing lures","Manufactured at facilities in Peterborough and Cobourg, Ontario","Peterborough, Ontario; Cobourg, Ontario","Ownership statement on official page: ""Fourth-generation family-owned business of the Edgar family"" (ownership category not further verified)","None stated on fetched official page","Replaces U.S.-origin fishing rods, tackle and lures (heading 95.07)","95.07","A second factory was added in 1944 in Cobourg, Ontario to produce treble hooks, split rings and swivels","https://luckystrikebaitworks.com/history/","","2026-08-28","High"
"268","Sports, outdoor, recreation and toys","Hockey equipment","McKenney Professional","Custom goalie pads and gloves","Goalie equipment","Canadian-Made","Canada (location not stated)","ownership not verified","None stated on fetched official page","Replaces U.S.-origin sports and exercise equipment covered by the counter-tariffs (general physical exercise articles 95.06)","95.06","Since we build all of our gear in Canada","https://mckenneyhockey.com/en-us","https://madeinca.ca/sports-equipment-mckenney-custom-sports/","2026-08-28","Medium"
"269","Sports, outdoor, recreation and toys","Fitness equipment","Northern Lights Fitness Products","Commercial strength equipment and racks","Home and gym strength equipment","Made in Canada; made in-house in Quebec; Made in Canada, Start to Finish; Canadian Foundry Manufacturing","Canada (location not stated)","ownership not verified","None stated on fetched official page","Replaces U.S.-origin sports and exercise equipment (heading 95.06)","95.06","Made in Canada, Start to Finish: No outsourcing or repackaging, everything is crafted in Ontario.","https://www.yanrefitness.com/canadian-fitness-equipment-manufacturers/","https://madeinca.ca/fitness-northern-lights/","2026-08-28","Medium"
"270","Sports, outdoor, recreation and toys","Canoes","Nova Craft Canoe","Prospector and Pal canoes","Recreational canoeing","Made in Canada","London, Ontario","ownership not verified","None stated on fetched official page","Replaces U.S.-origin recreational watercraft and paddling gear bought instead of tariffed U.S. goods (related listed headings include 95.06 sports equipment)","n.a.","Today, Nova Craft canoes are made in Canada and trusted by paddlers around the world.","https://www.novacraft.com/","https://www.novacraft.com/our-company/","2026-08-28","High"
"271","Sports, outdoor, recreation and toys","Outdoor packs","Ostrom Outdoors","Canoe packs and portage packs","Canoe tripping packs","Assembled Just For You in Thunder Bay, Ontario.","Thunder Bay, Ontario","ownership not verified","None stated on fetched official page","Replaces U.S.-origin sports and exercise equipment covered by the counter-tariffs (general physical exercise articles 95.06)","n.a.","Assembled Just For You in Thunder Bay, Ontario.","https://ostromoutdoors.ca/","https://ostromoutdoors.ca/pages/about-us","2026-08-28","High"
"272","Sports, outdoor, recreation and toys","Games and puzzles","Outset Media","Puzzles and family games","Board games and puzzles","Made in Canada","Canada (location not stated)","ownership not verified","We manufacture products in Canada, the United States, and China, as well as import from Europe. Some products may be out of stock, but you can still back order them. | Availability note: Some products may be out of stock, but you can still back order them.","Replaces U.S.-origin table or parlour games and game articles (heading 95.04)","95.04","We manufacture products in Canada, the United States, and China, as well as import from Europe.","https://outsetmedia.com/collections/made-in-canada","","2026-08-28","Medium"
"273","Sports, outdoor, recreation and toys","Skis and snowboards","Prior Snowboards & Skis","Custom skis and snowboards","Skiing and snowboarding","Handcrafted in Whistler, Canada","Canada (location not stated)","ownership not verified","None stated on fetched official page","Replaces U.S.-origin sports and exercise equipment covered by the counter-tariffs (general physical exercise articles 95.06)","95.06","Handcrafted in Whistler, Canada","https://www.priorsnow.com/","https://www.priorsnow.com/pages/about","2026-08-28","Medium"
"274","Sports, outdoor, recreation and toys","Canoes and kayaks","Swift Canoe & Kayak","Kevlar canoes and kayaks","Paddling","Canadian made lightweight Canoes, Kayaks and Pack Boats","Canada (location not stated)","ownership not verified","None stated on fetched official page","Replaces U.S.-origin recreational watercraft and paddling gear bought instead of tariffed U.S. goods (related listed headings include 95.06 sports equipment)","n.a.","Choose from our selection of Canadian made lightweight Canoes, Kayaks and Pack Boats","https://swiftcanoe.com/","https://swiftcanoe.com/contact/","2026-08-28","Medium"
"275","Sports, outdoor, recreation and toys","Games","Tracey Boards","Crokinole boards","Crokinole board game","Made in Canada","Ontario","Ownership statement on official page: ""Ted Fuller and his wife Alanda are the founding partners of Crokinole Canada."" (ownership category not further verified)","None stated on fetched official page","Replaces U.S.-origin table or parlour games and game articles (heading 95.04)","95.04","Our crokinole boards and accessories are made Ontario.","https://crokinole.ca/pages/about-us","https://crokinole.ca/","2026-08-28","High"
"276","Sports, outdoor, recreation and toys","Fishing tackle","Williams Lures","Wabler and Whitefish spoons","Fishing lures","The Canadian location was also producing fishing lures","Fort Erie, Ontario","Ownership statement on official page: ""In 1986, the Williams families sold to Brush-Wellman. In 1989, Brecks of Sherbrooke, Quebec, purchased the manufacturing rights to all Williams fishin"" (ownership category not further verified)","The very first Williams Wablers were not originally manufactured in Canada; commercial production began in the United States of America. In 1978, the American tackle division transferred all production to the Canadian side of the business.","Replaces U.S.-origin fishing rods, tackle and lures (heading 95.07)","95.07","By 1923 the Canadian location was also producing fishing lures.","https://williams.ca/about/","","2026-08-28","High"
"277","Automotive, mobility and transport-related goods","RVs and trailers","Bigfoot Industries","Truck campers and travel trailers","Truck camper","Built by skilled craftspeople at our facility in Spallumcheen, BC — Canadian quality from the ground up","Spallumcheen, BC","ownership not verified","None stated on fetched official page","Replaces U.S.-origin trailers and semi-trailers (heading 87.16)","87.16","Every Bigfoot RV is built by skilled craftspeople at our facility in Spallumcheen, BC — Canadian quality from the ground up.","https://bigfootrv.com/","https://madeinca.ca/automotive-bigfoot-rv-%F0%9F%8D%81/","2026-08-28","High"
"278","Automotive, mobility and transport-related goods","Buses","Girardin Minibus","School minibuses and shuttle buses","School minibuses (institutional)","fabriqué au Québec par Micro Bird","Québec","ownership not verified","None stated on fetched official page","Replaces U.S.-origin vehicles under the counter-tariffs (87.02/87.03/87.04)","87.02","Le G5e, un minibus scolaire électrique fabriqué au Québec par Micro Bird","https://www.girardinbluebird.com/fr/nouvelles-et-evenements/9-nouvelles/126-girardin-livre-ses-premiers-minibus-electrique-g5e","https://www.girardinbluebird.com/en/news-and-events/37-news/282-commercial-electric-bus-market-now-opened-to-girardin","2026-08-28","High"
"279","Automotive, mobility and transport-related goods","Passenger vehicles","Honda Canada Manufacturing","Honda CR-V and Civic built in Alliston","Family vehicle","Honda of Canada Mfg. produces vehicles and 4-cylinder engines in Canada","Alliston, ON","ownership not verified","The vehicles produced at HCM are sold in Canada and exported to the United States.","Replaces U.S.-origin passenger vehicles (heading 87.03) and goods vehicles (87.04) under the counter-tariffs","87.03","In 1986, Honda of Canada Mfg. (HCM) began production with the assembly of the Honda Accord","https://www.hondacanadamfg.ca/our-company/","https://www.hondacanada.ca/manufacturing","2026-08-28","High"
"280","Automotive, mobility and transport-related goods","Buses","Lion Electric","LionC electric school buses","Electric school buses (institutional)","St-Jérôme, Que.-based manufacturer of electric buses","St-Jérôme, Quebec","Ownership statement on official page: ""Lion Electric has been bought by a group of Quebec investors."" (ownership category not further verified)","None stated on fetched official page","Replaces U.S.-origin passenger vehicles (heading 87.03) and goods vehicles (87.04) under the counter-tariffs","87.02","Lion Electric, a St-Jérôme, Que.-based manufacturer of electric buses, has been bought by a group of Quebec investors.","https://electricautonomy.ca/fleets/school-buses/2025-05-22/lion-electric-investors-quebec-school-bus/","https://electricautonomy.ca/news/2020-06-25/transdev-lion-electric-school-bus-deal/","2026-08-28","High"
"281","Automotive, mobility and transport-related goods","Semi-trailers","Manac","Flatbed, van and dump semi-trailers","Commercial semi-trailers (B2B)","Manac operates semi-trailer manufacturing plants in Canada","Saint-Georges, Quebec; Laurier-Station, Quebec; Penticton, British Columbia; Val-des-Sources, Quebec","Ownership/parent stated on official page: ""Manac is a subsidiary of the holding company 9327-2615 Quebec Inc. Manac owns Peerless Limited, Manac Trailers USA, Inc. and ABS Remorques Inc.""","Manac also operates a manufacturing plant in Oran, Missouri, USA, and directly and indirectly imports materials, components, raw materials, processed raw materials, parts, tools and equipment used in manufacturing.","Replaces U.S.-origin trailers and semi-trailers (heading 87.16)","87.16","Manac operates two (2) semi-trailer manufacturing plants in Canada, located in Saint-Georges (QC) and Laurier-Station (QC)","https://www.manac.com/ca/en/social-commitment","https://www.manac.com/ca/en/company/news/manac-completes-a-170-million-financing","2026-08-28","High"
"282","Automotive, mobility and transport-related goods","Trailers","Miska Trailers","Utility and dump trailers","Utility trailers","Built By Canadians, For Canadians","Canada (location not stated)","ownership not verified","None stated on fetched official page","Replaces U.S.-origin vehicles and trailers under the counter-tariffs (87.03/87.04/87.16)","87.16","Built By Canadians, For Canadians","https://www.miskatrailers.com/","https://www.miskatrailers.com/TrailerModels/SearchResults?category=utility-landscape-and-car-trailers","2026-08-28","Medium"
"283","Automotive, mobility and transport-related goods","Railcars","National Steel Car","Freight railcars","Freight rail equipment (industrial)","manufactured in Hamilton, Ontario","Hamilton, Ontario","ownership not verified","None stated on fetched official page","Replaces U.S.-origin railway rolling stock and parts (headings 86.03/86.05/86.07)","86.06","these custom railcars that are manufactured right here in Hamilton, Ontario","https://www.steelcar.com/news/canpotex-invests-its-world-class-supply-chain-acquiring-1300-railcars-national-steel-car","","2026-08-28","High"
"284","Automotive, mobility and transport-related goods","Buses","New Flyer (NFI Group)","Xcelsior transit buses","Municipal transit buses (institutional)","Full domestic production of heavy-duty transit vehicles, including zero-emission buses, in Winnipeg","Winnipeg, Manitoba","Ownership/parent stated on official page: ""NFI Group Inc. along with its subsidiary New Flyer Industries Canada ULC (New Flyer)""","None stated on fetched official page","Replaces U.S.-origin passenger vehicles (heading 87.03) and goods vehicles (87.04) under the counter-tariffs","87.02","For the first time in 15 years, buses built by Canadians, for Canadians, will be manufactured—from start to finish—on Canadian soil.","https://www.newflyer.com/2026/03/nfi-group-hosts-ribbon-cutting-ceremony-to-officially-open-new-flyers-all-canadian-build-facility-in-winnipeg/","https://www.newflyer.com/2024/10/new-flyer-expands-winnipeg-capability-for-all-canadian-build-of-xcelsior-heavy-duty-transit-buses-with-funding-support-from-the-government-of-manitoba-and-prairiescan/","2026-08-28","High"
"285","Automotive, mobility and transport-related goods","Buses","Nova Bus","LFS transit buses","Municipal transit buses (institutional)","fabrication d'autobus électriques au Canada","Canada (location not stated)","Ownership statement on official page: ""faisant partie du Groupe Volvo"" (ownership category not further verified)","None stated on fetched official page","Replaces U.S.-origin passenger vehicles (heading 87.03) and goods vehicles (87.04) under the counter-tariffs","87.02","Nova Bus, chef de file canadien dans la fabrication d'autobus électriques au Canada et membre du groupe Volvo","https://novabus.com/","https://www.canadianmanufacturing.com/manufacturing/nova-bus-wins-bid-for-order-of-electric-buses-in-que-291477/","2026-08-28","Medium"
"286","Automotive, mobility and transport-related goods","RVs","Pleasure-Way","Class B camper vans (Ontour, Plateau)","Camper van","Every Pleasure-Way motorhome is proudly built at our manufacturing facility in Saskatoon, Saskatchewan, Canada.","Saskatoon, Saskatchewan","ownership not verified","None stated on fetched official page","Replaces U.S.-origin passenger vehicles (heading 87.03) and goods vehicles (87.04) under the counter-tariffs","87.03","Every Pleasure-Way motorhome is proudly built at our manufacturing facility in Saskatoon, Saskatchewan, Canada.","https://pleasureway.com/company/faqs/","https://pleasureway.com/company/our-story/","2026-08-28","High"
"287","Automotive, mobility and transport-related goods","Motorcoaches","Prevost","H3-45 and X3-45 motorcoaches","Intercity coaches (commercial)","largest intercity coach builder in Canada","Sainte-Claire, Québec","ownership not verified","None stated on fetched official page","Replaces U.S.-origin passenger vehicles (heading 87.03) and goods vehicles (87.04) under the counter-tariffs","87.02","More than 100 coaches were produced each year in 1949, 1950, and 1952, making the company the largest intercity coach builder in Canada.","https://prevostcar.com/stories/eugene-prevost","https://www.newswire.ca/news-releases/prevost-and-coach-atlantic-maritime-bus-an-order-of-100-motorcoaches-for-100-years-863517862.html","2026-08-28","High"
"288","Automotive, mobility and transport-related goods","Accessibility lifts","Savaria","Home stairlifts and platform lifts","Home accessibility lifts","Canadian-made, custom-built rails","Canada (location not stated)","ownership not verified","The page states that Canadian-made applies to custom-built rails for curved stairlift models, not necessarily to the entire stairlift.","Replaces U.S.-origin mobility and lifting equipment purchased instead of tariffed U.S. goods (related listed headings include 84.28 lifting machinery)","84.28","curved models with Canadian-made, custom-built rails designed to fit the exact dimensions of your staircase","https://www.savaria.com/where-to-buy/direct-stores-canada/savaria-quebec","https://corp.savaria.com/resource/dm/2393977624103820067?inline=yes","2026-08-28","Medium"
"289","Automotive, mobility and transport-related goods","Snowmobiles","Taiga Motors","Nomad and Atlas electric snowmobiles","Electric snowmobiling","personal watercraft still made in Canada","Montreal, Quebec","ownership not verified","Taiga plans to begin producing new electric snowmobiles in the fall of 2025.","Replaces U.S.-origin recreational powersports vehicles (motorcycles/e-cycles 87.11 listed)","87.11","leading production of the only personal watercraft still made in Canada.","https://www.taigamotors.com/en/stories/taiga-launches-production-of-2025-orca-watercraft/","","2026-08-28","High"
"290","Automotive, mobility and transport-related goods","Passenger vehicles","Toyota Motor Manufacturing Canada","RAV4 and Lexus RX built in Cambridge/Woodstock","Family vehicle","Toyota Motor Manufacturing Canada has started producing the all-new 6th generation RAV4 for the North American market","Woodstock, Ontario","ownership not verified","None stated on fetched official page","Replaces U.S.-origin passenger vehicles (heading 87.03) and goods vehicles (87.04) under the counter-tariffs","87.03","Toyota Motor Manufacturing Canada (TMMC) has started producing the all-new 6th generation RAV4 for the North American market.","https://media.toyota.ca/en/releases/2026/toyota-starts-canadian-production-of-the-all-new-6th-generation-.html","https://global.toyota/en/detail/282277","2026-08-28","High"
"291","Other tariff-relevant Canadian-made goods","Pet food","Big Country Raw","Frozen raw pet food","Raw dog and cat food","We produce all of our raw pet food right here in Smithville, Ontario.","Smithville, Ontario","ownership not verified","None stated on fetched official page","Replaces U.S.-origin pet food bought instead of tariffed U.S. imports","n.a.","We produce all of our raw pet food right here in Smithville, Ontario.","https://bigcountryraw.ca/about-us/","https://bigcountryraw.ca/content/BCR_FAQ-WSAVA_06.20.22.pdf","2026-08-28","High"
"292","Other tariff-relevant Canadian-made goods","Pet food","Champion Petfoods","ORIJEN and ACANA dry pet food (Alberta kitchens)","Dog and cat food","Dried and freeze-dried foods are carefully crafted in kitchens including the NorthStar kitchen in Acheson, Alberta","Acheson, Alberta","ownership not verified","Foods are made in multiple locations, including DogStar Kitchen in Auburn, Kentucky, USA; canned foods are produced by a collaborator.","Replaces U.S.-origin pet food and animal feed preparations bought instead of tariffed U.S. imports","n.a.","In December 2019, we opened our new NorthStar kitchen, in Acheson, Alberta.","https://championpetfoods.com/en/frequently-asked-questions.html","https://www.petfoodprocessing.net/articles/13579-canadian-pet-food-producer-champions-regional-sourcing-with-new-facility","2026-08-28","High"
"293","Other tariff-relevant Canadian-made goods","Barbecue fuel","Charbons de bois Basques","Hardwood lump charcoal","Barbecue charcoal","Producing natural lump charcoal for over 35 years in Saint-Mathieu de Rioux, in the Bas-St-Laurent region of Quebec","Saint-Mathieu de Rioux, Quebec","ownership not verified","None stated on fetched official page","Replaces U.S.-origin wood charcoal (heading 44.02)","44.02","Located in Saint-Mathieu de Rioux, in the Bas-St-Laurent region of Quebec, Basques Hardwood Charcoal has been producing natural lump charcoal for over 35 years.","https://www.basquescharcoal.com/do-business-with-us/","https://www.basquescharcoal.com/faq/","2026-08-28","High"
"294","Other tariff-relevant Canadian-made goods","Pet food","Corey Nutrition","Dry pet food (Chicken Soup? lines)","Dog and cat food","Lovingly made in Canada for pet owners like you.","Fredericton, New Brunswick, Canada","Ownership statement on official page: ""friendly, family-owned and operated business"" (ownership category not further verified)","None stated on fetched official page","Replaces U.S.-origin pet food bought instead of tariffed U.S. imports","n.a.","We produce superior quality pet foods with all natural, high quality ingredients only in our Canadian facilities.","https://corey.ca/en/about","https://corey.ca/","2026-08-28","High"
"295","Other tariff-relevant Canadian-made goods","Musical instruments","Godin Guitars","Godin electric and acoustic guitars","Guitars","100% Canadian-made instruments","La Patrie, Québec","Ownership statement on official page: ""what started as a family business"" (ownership category not further verified)","None stated on fetched official page","Canadian-made alternative to U.S. consumer durables affected by the counter-tariff response (instruments themselves are not itemized in the September 8, 2026 schedule)","n.a.","Our necks and bodies are entirely crafted in La Patrie, Québec, before being assembled in our workshops in Princeville or Richmond.","https://godinguitars.com/a-canadian-story-where-craftsmanship-and-innovation-come-together/","https://godinguitars.com/","2026-08-28","High"
"296","Other tariff-relevant Canadian-made goods","Musical instruments","Larrivee Guitars","Larrivee acoustic guitars","Acoustic guitars","Vancouver plant in Canada produces all the Larrivee satin finish models","Vancouver, British Columbia","ownership not verified","Gloss finish guitars are produced at the California plant; only satin finish models are explicitly stated to be produced in Canada.","Canadian-made alternative to U.S. consumer durables (instruments not itemized)","n.a.","John Jr. runs the Vancouver plant in Canada which produces all the Larrivee satin finish models.","https://southernvintageguitars.com/pages/history-of-larrivee-acoustic-guitars","https://www.westcoastguitarsvancouver.com/larrivee","2026-08-28","High"
"297","Other tariff-relevant Canadian-made goods","Musical instruments","Riversong Guitars","Tradition and Performer guitars","Acoustic guitars","We proudly build many guitars in Kamloops BC Canada.","Kamloops, British Columbia","ownership not verified","The page states that many guitars are built in Kamloops, BC, Canada.","Canadian-made alternative to U.S. consumer durables (instruments not itemized)","n.a.","Our name is inspired by the meeting of two mighty Rivers in Kamloops BC Canada. We proudly build many guitars in this beautiful city.","https://riversongguitars.com/","https://riversongguitars.com/collections/pacific-series","2026-08-28","High"
"298","Other tariff-relevant Canadian-made goods","Musical instruments","Seagull Guitars","Seagull S6 acoustic guitars","Acoustic guitars","All of our guitars are Made In Canada.","LaPatrie, Quebec","ownership not verified","None stated on fetched official page","Canadian-made alternative to U.S. consumer durables (instruments not itemized in the September 8, 2026 schedule)","n.a.","All of our guitars are Made In Canada.","https://godinguitars.com/seagull/","https://seagullguitars.com/a-canadian-story-where-craftsmanship-and-innovation-come-together/","2026-08-28","High"
"299","Other tariff-relevant Canadian-made goods","Work gloves","Superior Glove Works","Work gloves and cut-resistant gloves","Work and safety gloves","Products are engineered at the headquarters in Ontario, Canada; production facilities span Canada, the United States, Mexico, and Central America.","Ontario, Canada","Ownership statement on official page: ""Frank Geng acquires the company, renaming it Superior Glove Works."" (ownership category not further verified)","Production facilities span across Canada, the United States, Mexico, and Central America.","Replaces U.S.-origin gloves, mittens and mitts (heading 61.16) and protective textile articles","61.16","our team and production facilities span across Canada, the United States, Mexico, and Central America.","https://www.superiorglove.com/about-us/","https://theorg.com/org/superior-glove/org-chart/tony-geng","2026-08-28","High"
"300","Other tariff-relevant Canadian-made goods","Work gloves","Watson Gloves","Leather and work gloves","Work gloves","Made in Canada Gloves","Canada (location not stated)","ownership not verified","None stated on fetched official page","Replaces U.S.-origin gloves and mitts (heading 61.16)","61.16","Check out our Made in Canada Gloves","https://www.watsongloves.com/","https://www.watsongloves.com/product_categories/made-in-canada/","2026-08-28","Medium"
