"id","market_name","city_or_town","municipality_or_region","street_address","latitude","longitude","market_type","days_of_week","schedule_text_en","schedule_text_fr","season_start","season_end","year_round","opening_time","closing_time","date_exceptions","products_summary_en","products_summary_fr","official_source_url","directions_url","source_type","schedule_year","last_checked","confidence","evidence_quote","notes_en","notes_fr"
"swon-001","Downtown Windsor Farmers' Market","Windsor","City of Windsor, Essex County","494 Pelissier Street (Pelissier St & Maiden Ln W)","42.3149599","-83.0382329","farmers market","[""Saturday""]","Every Saturday, 9 a.m. to 2 p.m., March 28 to October 31, 2026.","Tous les samedis, de 9 h à 14 h, du 28 mars au 31 octobre 2026.","2026-03-28","2026-10-31","False","09:00","14:00","","Farm-fresh fruit, vegetables and produce plus artisan food products from Windsor and Essex County vendors.","Fruits et légumes frais de la ferme ainsi que des produits alimentaires artisanaux de producteurs de Windsor et du comté d'Essex.","https://www.downtownwindsor.ca/farmers-market/","https://www.google.com/maps/search/?api=1&query=Downtown%20Windsor%20Farmers%27%20Market%2C%20494%20Pelissier%20Street%20%28Pelissier%20St%20%26%20Maiden%20Ln%20W%29%2C%20Windsor%2C%20Ontario%2C%20Canada","official market","2026","2026-08-28","High","2026 Regular Season runs every Saturday from 9am-2pm starting March 28 until October 31!","Street address 494 Pelissier Street confirmed by the Farmers' Markets Ontario listing (https://farmersmarketsontario.com/markets/downtown-windsor-farmers-market); Tourism Windsor Essex lists the location as Pelissier St & Maiden Ln W.","L'adresse 494, rue Pelissier est confirmée par la fiche de Farmers' Markets Ontario; Tourisme Windsor Essex indique l'emplacement Pelissier St et Maiden Ln W."
"swon-003","Tecumseh Farmers Market","Tecumseh","Town of Tecumseh, Essex County","Lacasse Park, 590 Lacasse Blvd","","","seasonal community market","[""Sunday""]","Third Sunday of the month, 9 a.m. to 1 p.m.: June 21, July 19, August 16, September 20 and October 18, 2026.","Le troisième dimanche du mois, de 9 h à 13 h : les 21 juin, 19 juillet, 16 août, 20 septembre et 18 octobre 2026.","2026-06-21","2026-10-18","False","09:00","13:00","Monthly market only (third Sunday); dates are June 21, July 19, Aug 16, Sept 20 and Oct 18, 2026.","Fresh, locally grown produce, homemade goods and artisanal products.","Produits frais cultivés localement, produits maison et articles artisanaux.","https://www.tecumseh.ca/parks-recreation-and-events/events-and-festivals/tecumseh-farmers-market/","https://www.google.com/maps/search/?api=1&query=Tecumseh%20Farmers%20Market%2C%20Lacasse%20Park%2C%20590%20Lacasse%20Blvd%2C%20Tecumseh%2C%20Ontario%2C%20Canada","municipal","2026","2026-08-28","High","Third Sunday of the month (June to October): Sunday, June 21, 2026 ... Sunday, October 18, 2026 | 9:00AM - 1:00PM","Monthly, not weekly. Address 590 Lacasse Blvd from the WE Heart Local Windsor-Essex market directory (https://www.weheartlocal.ca/farmers-markets/).","Marché mensuel et non hebdomadaire. Adresse 590, boul. Lacasse tirée du répertoire WE Heart Local de Windsor-Essex."
"swon-004","Chatham Farmers' Market","Chatham","Municipality of Chatham-Kent","Downtown Chatham Centre (indoors at the mall), 100 King Street","","","farmers market","[""Saturday""]","Saturdays, 8 a.m. to 2 p.m., May 2 to December 26; held indoors at the mall.","Les samedis, de 8 h à 14 h, du 2 mai au 26 décembre; à l'intérieur du centre commercial.","05-02","12-26","False","08:00","14:00","","Rotating vendors offering local market goods in the downtown core.","Marchands en rotation offrant des produits locaux au centre-ville.","https://www.chatham-kent.ca/visitck/doandsee/farmersmarkets/Pages/Chatham-Farmers-Market.aspx","https://www.google.com/maps/search/?api=1&query=Chatham%20Farmers%27%20Market%2C%20Downtown%20Chatham%20Centre%20%28indoors%20at%20the%20mall%29%2C%20100%20King%20Street%2C%20Chatham%2C%20Ontario%2C%20Canada","municipal","","2026-08-28","Medium","This market runs Saturdays, May 2 - December 26. Join in the experience every Saturday from 8:00 AM to 2:00 PM and explore a lively market experience featuring rotating vendors each week. Hosted in the downtown core of Chatham, the Chatham Farmers' Market takes place indoors at the mall, located at 100 King Street.","FLAGGED: the municipal page does not state a schedule year (page copyright 2020). May 2 and December 26 are both Saturdays in 2026, so the posted range is consistent with a 2026 calendar, but the year is not confirmed in the source.","SIGNALÉ : la page municipale n'indique pas l'année de l'horaire (droit d'auteur 2020). Le 2 mai et le 26 décembre tombent un samedi en 2026, ce qui est compatible avec le calendrier 2026, mais l'année n'est pas confirmée par la source."
"swon-005","Wallaceburg Farmers' Market","Wallaceburg","Municipality of Chatham-Kent","Municipal Parking Lot ""D"", James Street","","","farmers market","[""Saturday""]","Every other Saturday from early June until Thanksgiving weekend. Posted 2026 dates: June 6 and 20, July 4 and 18, August 1, 15 and 29, September 12 and 26, October 10.","Un samedi sur deux, du début juin jusqu'au week-end de l'Action de grâce. Dates affichées pour 2026 : 6 et 20 juin, 4 et 18 juillet, 1er, 15 et 29 août, 12 et 26 septembre, 10 octobre.","2026-06-06","2026-10-10","False","","","Bi-weekly market. 2026 dates: Jun 6, Jun 20, Jul 4, Jul 18, Aug 1, Aug 15, Aug 29, Sep 12, Sep 26, Oct 10.","Fresh harvest from the town's surrounding agricultural area, in the riverfront downtown.","Récoltes fraîches de la région agricole environnante, au centre-ville riverain.","https://wallaceburgbia.com/farmers-market/","https://www.google.com/maps/search/?api=1&query=Wallaceburg%20Farmers%27%20Market%2C%20Municipal%20Parking%20Lot%20%22D%22%2C%20James%20Street%2C%20Wallaceburg%2C%20Ontario%2C%20Canada","official market","2026","2026-08-28","High","The Wallaceburg Market opens in early June and runs every other Saturday until Thanksgiving weekend. [2026 dates listed: June 6, June 20, July 4, July 18, August 1, August 15, August 29, September 12, September 26, October 10]","Bi-weekly, not weekly. Location ""Municipal Parking Lot 'D' on James Street, Wallaceburg"" from the Chatham-Kent municipal listing (https://www.chatham-kent.ca/visitck/doandsee/farmersmarkets/Pages/Wallaceburg-Farmers'-Market-.aspx). Opening/closing times not published.","Marché bimensuel. L'emplacement « stationnement municipal D, rue James » provient de la fiche municipale de Chatham-Kent. Les heures d'ouverture et de fermeture ne sont pas publiées."
"swon-007","Sarnia Farmers' Market","Sarnia","City of Sarnia, Lambton County","110 Proctor Street","42.9674905","-82.3969766","public market","[""Wednesday"", ""Saturday""]","Wednesdays and Saturdays, 7 a.m. to 1 p.m., year round.","Les mercredis et samedis, de 7 h à 13 h, à l'année.","","","True","07:00","13:00","","Roughly two dozen local vendors offering produce and other market goods.","Une vingtaine de marchands locaux offrant des produits maraîchers et d'autres denrées.","https://ontbluecoast.com/listing/sarnia-farmers-market/","https://www.google.com/maps/search/?api=1&query=Sarnia%20Farmers%27%20Market%2C%20110%20Proctor%20Street%2C%20Sarnia%2C%20Ontario%2C%20Canada","other","","2026-08-28","Medium","110 Proctor Street, Sarnia, ON N7T 3G2, Canada ... 7 am-1:00 pm, Wednesdays and Saturdays ... The market is open Wednesday and Saturday mornings, year round.","Corroborated by the Farmers' Markets Ontario listing, which gives the same address, days and hours and an operating season of Jan 1 - Dec 31, 2026 (https://farmersmarketsontario.com/markets/sarnia-farmers-market). Source is Ontario's Blue Coast (Sarnia-Lambton tourism), not the market's own site; no standalone official market website was found.","Corroboré par la fiche de Farmers' Markets Ontario (mêmes adresse, jours et heures; saison du 1er janvier au 31 décembre 2026). La source est Ontario's Blue Coast (tourisme Sarnia-Lambton); aucun site officiel propre au marché n'a été trouvé."
"swon-008","Christina Street Market (Sarnia Downtown Market)","Sarnia","City of Sarnia, Lambton County","140 Christina Street North","","","public market","[""Friday"", ""Saturday"", ""Sunday""]","Friday 3 p.m. to 8 p.m., Saturday 10 a.m. to 3 p.m., Sunday 11 a.m. to 3 p.m.; closed Monday through Thursday.","Vendredi de 15 h à 20 h, samedi de 10 h à 15 h, dimanche de 11 h à 15 h; fermé du lundi au jeudi.","","","True","15:00","20:00","Closed Monday, Tuesday, Wednesday and Thursday.","n.a. - products not itemised on the source page.","n.a. - les produits ne sont pas énumérés sur la page source.","https://shopsarnia.com/mobile/sarniamarket","https://www.google.com/maps/search/?api=1&query=Christina%20Street%20Market%20%28Sarnia%20Downtown%20Market%29%2C%20140%20Christina%20Street%20North%2C%20Sarnia%2C%20Ontario%2C%20Canada","other","","2026-08-28","Medium","140 Christina Street North Sarnia, Ontario N7T 5T9 ... Friday: 3:00 pm - 8:00 pm Saturday: 10:00 am - 3:00 pm Sunday: 11:00 am - 3:00 pm","FLAGGED - conflicting hours. Ontario's Blue Coast lists the same address as ""Sarnia Downtown Market ... Open year round: Tues - Thurs 10 AM - 6 PM, Fri 10 AM - 8 PM, Sat 10 AM - 4 PM"" (https://ontbluecoast.com/market-fresh-in-sarnia-lambton/). Indoor year-round market, distinct from the Sarnia Farmers' Market on Proctor Street.","SIGNALÉ - heures contradictoires. Ontario's Blue Coast indique la même adresse avec des heures différentes. Marché intérieur ouvert à l'année, distinct du Sarnia Farmers' Market de la rue Proctor."
"swon-009","Petrolia Farmers' Market","Petrolia","Town of Petrolia, Lambton County","369 Fletcher Street (behind the Petrolia Library)","42.882693","-82.146814","farmers market","[""Saturday""]","Every Saturday, 7:30 a.m. to noon, May to October; the 2026 season runs from Saturday, May 16 to Saturday, October 17, 2026.","Tous les samedis, de 7 h 30 à midi, de mai à octobre; la saison 2026 s'étend du samedi 16 mai au samedi 17 octobre 2026.","2026-05-16","2026-10-17","False","07:30","12:00","2026 Grand Opening Party Saturday, May 23, 2026; 2026 Christmas Market Saturday, December 5, 2026.","A wide variety of local, home grown products.","Une grande variété de produits locaux cultivés sur place.","https://town.petrolia.on.ca/residents/farmers-market/","https://www.google.com/maps/search/?api=1&query=Petrolia%20Farmers%27%20Market%2C%20369%20Fletcher%20Street%20%28behind%20the%20Petrolia%20Library%29%2C%20Petrolia%2C%20Ontario%2C%20Canada","municipal","2026","2026-08-28","High","Every Saturday (May to October) from 7:30 a.m. - noon ... We can be found directly behind the Petrolia Library.","Street number 369 Fletcher Street from the Farmers' Markets Ontario listing; Ontario's Blue Coast lists 396 Fletcher St. and adds a Tuesday 4-8 p.m. market June-September (https://ontbluecoast.com/market-fresh-in-sarnia-lambton/), which the municipal page does not confirm.","Le numéro civique 369, rue Fletcher provient de la fiche de Farmers' Markets Ontario; Ontario's Blue Coast indique le 396, rue Fletcher et ajoute un marché le mardi de 16 h à 20 h de juin à septembre, ce que la page municipale ne confirme pas."
"swon-010","Lambton Shores Market (Forest)","Forest","Municipality of Lambton Shores, Lambton County","11004 Museum Road","43.2512053","-81.8168727","farmers market","[""Wednesday""]","Wednesdays, 9 a.m. to 1 p.m., May 20 to October 7, 2026.","Les mercredis, de 9 h à 13 h, du 20 mai au 7 octobre 2026.","2026-05-20","2026-10-07","False","09:00","13:00","","Seasonal, local produce; variety varies by week.","Produits locaux de saison; la variété change d'une semaine à l'autre.","https://farmersmarketsontario.com/markets/lambton-shores-market-forrest","https://www.google.com/maps/search/?api=1&query=Lambton%20Shores%20Market%20%28Forest%29%2C%2011004%20Museum%20Road%2C%20Forest%2C%20Ontario%2C%20Canada","provincial association","2026","2026-08-28","Medium","Operating Season Seasonal; Opening Date May 20, 2026; Closing Date October 7, 2026; Days Open Wednesday; Hours 9am -1pm","The market's own site (https://www.lambtonshoresmarkets.com) states only ""Markets run from the first week after Victoria Day to the week before Thanksgiving"" and still refers to the 2025 season, with no days, hours or address; the provincial association listing is therefore the schedule source.","Le site du marché n'indique que « Markets run from the first week after Victoria Day to the week before Thanksgiving » et fait encore référence à la saison 2025, sans jours, heures ni adresse; la fiche de l'association provinciale sert donc de source d'horaire."
"swon-011","Grand Bend Village Farmers' Market","Grand Bend","Municipality of Lambton Shores, Lambton County","St John's by the Lake Anglican Church, 70671 Bluewater Hwy","43.3169195","-81.7526364","farmers market","[""Wednesday""]","Wednesdays; weekly live and online market May to October, then biweekly online-only October to May.","Les mercredis; marché hebdomadaire en personne et en ligne de mai à octobre, puis en ligne seulement, une semaine sur deux, d'octobre à mai.","2026-01-03","2026-12-18","True","","","","Farm-fresh produce and other local products from about 10 vendors.","Produits frais de la ferme et autres produits locaux d'une dizaine de marchands.","https://farmersmarketsontario.com/markets/grand-bend-village-farmers-market","https://www.google.com/maps/search/?api=1&query=Grand%20Bend%20Village%20Farmers%27%20Market%2C%20St%20John%27s%20by%20the%20Lake%20Anglican%20Church%2C%2070671%20Bluewater%20Hwy%2C%20Grand%20Bend%2C%20Ontario%2C%20Canada","provincial association","2026","2026-08-28","Medium","Operating Season Year-Round; Opening Date January 3, 2026; Closing Date December 18, 2026; Days Open Wednesday; Hours May to October - weekly - live and online. October to May - biweekly - online only","Opening/closing clock times are not published. The market's own domain (grandbendvillagefm.com / bayfieldfarmersmarket.com) did not resolve during this session.","Les heures précises ne sont pas publiées. Le domaine du marché n'a pas pu être résolu pendant cette session."
"swon-012","Bright's Grove Summer Market","Bright's Grove","City of Sarnia, Lambton County","2759 Lakeshore Road","","","seasonal community market","[""Wednesday""]","Wednesdays, 4:30 p.m. to 7:30 p.m., June to September.","Les mercredis, de 16 h 30 à 19 h 30, de juin à septembre.","06-01","09-30","False","16:30","19:30","","Local producers and hot food vendors.","Producteurs locaux et comptoirs de mets chauds.","https://ontbluecoast.com/market-fresh-in-sarnia-lambton/","https://www.google.com/maps/search/?api=1&query=Bright%27s%20Grove%20Summer%20Market%2C%202759%20Lakeshore%20Road%2C%20Bright%27s%20Grove%2C%20Ontario%2C%20Canada","other","","2026-08-28","Medium","Bright's Grove Summer Market 2759 Lakeshore Road, Brights Grove Wednesday's June - September 4:30 - 7:30","FLAGGED - no schedule year published; source is the Sarnia-Lambton tourism site, not an official market page.","SIGNALÉ - aucune année d'horaire publiée; la source est le site touristique de Sarnia-Lambton et non une page officielle du marché."
"swon-013","Point Edward Moonlight Market","Point Edward","Village of Point Edward, Lambton County","Waterfront Park","","","seasonal community market","[""Thursday""]","Thursdays, 4 p.m. to 8 p.m. (season dates not stated).","Les jeudis, de 16 h à 20 h (les dates de la saison ne sont pas précisées).","","","False","16:00","20:00","","n.a. - products not itemised on the source page.","n.a. - les produits ne sont pas énumérés sur la page source.","https://ontbluecoast.com/market-fresh-in-sarnia-lambton/","https://www.google.com/maps/search/?api=1&query=Point%20Edward%20Moonlight%20Market%2C%20Waterfront%20Park%2C%20Point%20Edward%2C%20Ontario%2C%20Canada","other","","2026-08-28","Medium","Point Edward Moonlight Market Waterfront Park, Point Edward Thursday's 4 - 8 PM","FLAGGED - no season dates or schedule year published; regional tourism source only.","SIGNALÉ - aucune date de saison ni année d'horaire publiée; source touristique régionale seulement."
"swon-014","Covent Garden Market","London","City of London, Middlesex County","130 King Street","42.9825955","-81.2503345","public market","[""Tuesday"", ""Wednesday"", ""Thursday"", ""Friday"", ""Saturday"", ""Sunday""]","Indoor public market open six days a week: Tuesday to Saturday 9 a.m. to 7 p.m., Sunday 10 a.m. to 5 p.m.; closed Monday. An outdoor farmers' market runs Saturdays 8 a.m. to 1 p.m.","Marché public intérieur ouvert six jours par semaine : du mardi au samedi de 9 h à 19 h, le dimanche de 10 h à 17 h; fermé le lundi. Un marché fermier extérieur a lieu le samedi de 8 h à 13 h.","","","True","09:00","19:00","Closed Mondays.","Food vendors, groceries and a weekly local farmers' market.","Comptoirs alimentaires, épicerie et marché fermier local hebdomadaire.","http://www.coventmarket.com","https://www.google.com/maps/search/?api=1&query=Covent%20Garden%20Market%2C%20130%20King%20Street%2C%20London%2C%20Ontario%2C%20Canada","official market","","2026-08-28","High","Established in 1845, our bustling Market is located right in Downtown London and is open 6 days a week. ... 130 King Street London ON N6A 1C5 ... Tues - Sat: 9 am - 7 pm; Sunday: 10 am - 5 pm; Monday: CLOSED","Year-round indoor public market (distinct from a seasonal weekly farmers' market). The Saturday outdoor farmers' market hours 8 a.m.-1 p.m. come from the Farmers' Markets Ontario listing (https://farmersmarketsontario.com/markets/covent-garden-market-london); the market's own site references ""a weekly local farmers' market"" without hours.","Marché public intérieur ouvert à l'année (distinct d'un marché fermier hebdomadaire saisonnier). Les heures du marché extérieur du samedi (8 h à 13 h) proviennent de la fiche de Farmers' Markets Ontario; le site du marché mentionne « a weekly local farmers' market » sans préciser d'heures."
"swon-015","Downtown Strathroy Farmers' Market","Strathroy","Municipality of Strathroy-Caradoc, Middlesex County","Downtown Strathroy, behind City Hall and the Library off Thomas Street (Front and Frank Street)","","","farmers market","[""Saturday""]","Outdoor market every Saturday, 7 a.m. to 12 p.m., from the first Saturday in June to October.","Marché extérieur tous les samedis, de 7 h à 12 h, du premier samedi de juin jusqu'en octobre.","06-01","10-31","False","07:00","12:00","","Fresh vegetables (garlic, beans, blueberries, peppers, onions, tomatoes), fresh trout, bakery goods, cards, books and jewellery.","Légumes frais (ail, haricots, bleuets, poivrons, oignons, tomates), truite fraîche, produits de boulangerie, cartes, livres et bijoux.","https://strathroyfarmersmkt.wordpress.com/about/","https://www.google.com/maps/search/?api=1&query=Downtown%20Strathroy%20Farmers%27%20Market%2C%20Downtown%20Strathroy%2C%20behind%20City%20Hall%20and%20the%20Library%20off%20Thomas%20Street%20%28Front%20and%20Frank%20Street%29%2C%20Strathroy%2C%20Ontario%2C%20Canada","official market","","2026-08-28","Medium","The Downtown Strathroy Farmer's Market is located in downtown Strathroy, Ontario, behind City Hall and the Library off of Thomas Street. This is an outdoor market that operates every Saturday from 7 a.m. to 12 p.m beginning the first Saturday in June to October.","FLAGGED - conflicting hours and no schedule year. Middlesex County lists ""Downtown Strathroy Market ... Every Saturday from 9 AM - 12 PM | May 24 to August 30, 2025"" (https://www.visitmiddlesex.ca/articles/article/fresh-finds-and-local-vibes-explore-middlesex-countys-farmers-markets), a 2025 schedule.","SIGNALÉ - heures contradictoires et aucune année d'horaire. Le comté de Middlesex indique « Every Saturday from 9 AM - 12 PM | May 24 to August 30, 2025 », soit un horaire de 2025."
"swon-016","Ilderton Farmers Market","Ilderton","Municipality of Middlesex Centre, Middlesex County","Ilderton Municipal Parking Lot, Main Street (between King St. and Mill St.)","","","farmers market","[""Saturday""]","Saturdays, 9 a.m. to 12:30 p.m., June 6 to October 10 (year not stated).","Les samedis, de 9 h à 12 h 30, du 6 juin au 10 octobre (l'année n'est pas précisée).","06-06","10-10","False","09:00","12:30","","n.a. - products not itemised on the source page.","n.a. - les produits ne sont pas énumérés sur la page source.","https://www.middlesexcentre.ca/events/food/ilderton-farmers-market","https://www.google.com/maps/search/?api=1&query=Ilderton%20Farmers%20Market%2C%20Ilderton%20Municipal%20Parking%20Lot%2C%20Main%20Street%20%28between%20King%20St.%20and%20Mill%20St.%29%2C%20Ilderton%2C%20Ontario%2C%20Canada","municipal","","2026-08-28","Medium","The Ilderton Farmers Market is open on Saturdays from 9am to 12:30pm from June 6 to October 10. It's held at the Ilderton Municipal Parking Lot on Main St. (between King St. and Mill St.).","FLAGGED - conflicting details. The market's own site states ""Saturday Mornings June 7 - October 11 9 am - 12 noon ... 100 Meadowcreek Drive"" (https://www.ildertonfarmersmarket.com/), which matches the 2025 calendar; the municipal page's June 6 / October 10 matches 2026 Saturdays.","SIGNALÉ - détails contradictoires. Le site du marché indique « Saturday Mornings June 7 - October 11 9 am - 12 noon ... 100 Meadowcreek Drive », ce qui correspond au calendrier 2025; les dates municipales du 6 juin et du 10 octobre correspondent aux samedis de 2026."
"swon-017","Komoka Community Market","Komoka","Municipality of Middlesex Centre, Middlesex County","Komoka Wellness Centre, 1 Tunks Lane","","","farmers market","[""Saturday""]","Every Saturday, 9 a.m. to 12 p.m.; summer season runs annually from Victoria Day weekend until Thanksgiving weekend.","Tous les samedis, de 9 h à 12 h; la saison estivale s'étend chaque année du week-end de la fête de la Reine au week-end de l'Action de grâce.","Victoria Day weekend","Thanksgiving weekend","False","09:00","12:00","","Vendors must grow, produce or make their own product; specific products not listed.","Les marchands doivent cultiver, produire ou fabriquer eux-mêmes leurs produits; les produits précis ne sont pas énumérés.","https://www.komokacommunitymarket.com/","https://www.google.com/maps/search/?api=1&query=Komoka%20Community%20Market%2C%20Komoka%20Wellness%20Centre%2C%201%20Tunks%20Lane%2C%20Komoka%2C%20Ontario%2C%20Canada","official market","","2026-08-28","High","Every saturday from 9AM to 12pm ... at 1 TUNKS LANE, KOMOKA, ONTARIO ... (Summer season runs annually from Victoria Day Weekend until Thanksgiving Weekend.)","Recurring season definition rather than fixed calendar dates. Middlesex County listed May 18 - October 12, 2025 for the 2025 season.","Définition récurrente de la saison plutôt que dates fixes. Le comté de Middlesex indiquait du 18 mai au 12 octobre 2025 pour la saison 2025."
"swon-018","North Middlesex Farmers Market","Parkhill","Municipality of North Middlesex, Middlesex County","229 Parkhill Main Street","","","seasonal community market","[""Friday""]","First and third Friday of every month, 4 p.m. to 8 p.m., June to September.","Le premier et le troisième vendredi de chaque mois, de 16 h à 20 h, de juin à septembre.","06-01","09-30","False","16:00","20:00","Twice-monthly market: first and third Fridays only.","n.a. - products not itemised on the source page.","n.a. - les produits ne sont pas énumérés sur la page source.","https://www.northmiddlesex.on.ca/events/north-middlesex-farmers-market","https://www.google.com/maps/search/?api=1&query=North%20Middlesex%20Farmers%20Market%2C%20229%20Parkhill%20Main%20Street%2C%20Parkhill%2C%20Ontario%2C%20Canada","municipal","","2026-08-28","Medium","From June-September on the 1st and 3rd Friday of every month! 4:00-8:00pm","FLAGGED - the municipal event page gives no address and no year; the street address 229 Parkhill Main Street comes from Middlesex County's 2025 market round-up (https://www.visitmiddlesex.ca/articles/article/fresh-finds-and-local-vibes-explore-middlesex-countys-farmers-markets).","SIGNALÉ - la page municipale ne donne ni adresse ni année; l'adresse 229 Parkhill Main Street provient du répertoire 2025 du comté de Middlesex."
"swon-020","Horton Farmers' Market","St. Thomas","City of St. Thomas, Elgin County","10 Manitoba Street","42.7795972","-81.1859674","farmers market","[""Saturday""]","Main season indoors and outdoors, Saturdays 8 a.m. to noon, May 9 to October 31, 2026; Winter At Horton runs indoors only, Saturdays 9 a.m. to 1 p.m., November 21, 2026 to April 24, 2027.","Saison principale à l'intérieur et à l'extérieur, les samedis de 8 h à midi, du 9 mai au 31 octobre 2026; « Winter At Horton » à l'intérieur seulement, les samedis de 9 h à 13 h, du 21 novembre 2026 au 24 avril 2027.","2026-05-09","2026-10-31","True","08:00","12:00","Gap between Oct 31 and Nov 21, 2026; one-day Horton Christmas Market November 14, 2026, 10 a.m. to 4 p.m.","Seasonal produce, handmade artisanal goods, hot breakfast, locally roasted coffee; winter season focuses on meats, dairy, honey and preserves.","Produits de saison, articles artisanaux, petit-déjeuner chaud, café torréfié localement; la saison hivernale met l'accent sur les viandes, les produits laitiers, le miel et les conserves.","https://www.hortonfarmersmarket.ca/","https://www.google.com/maps/search/?api=1&query=Horton%20Farmers%27%20Market%2C%2010%20Manitoba%20Street%2C%20St.%20Thomas%2C%20Ontario%2C%20Canada","official market","2026","2026-08-28","High","Main Season Indoors and Outdoors May 9 - October 31, 2026 Saturdays 8 AM - Noon ... Winter At Horton Indoors Only November 21, 2026 - April 24, 2027 Saturdays 9 AM - 1 PM","Effectively operates nearly year-round through two consecutive seasons with different hours; treated as year_round = true with a documented gap. Address 10 Manitoba Street from the Farmers' Markets Ontario listing (https://farmersmarketsontario.com/markets/horton-farmers-market).","Fonctionne pratiquement à l'année au moyen de deux saisons consécutives aux heures différentes; classé comme ouvert à l'année avec une interruption documentée. Adresse tirée de la fiche de Farmers' Markets Ontario."
"swon-021","Old Imperial Farmers' Market","Aylmer","Town of Aylmer, Elgin County","516 John Street N.","","","public market","[""Saturday""]","Open every Saturday, 8 a.m. to 3 p.m.","Ouvert tous les samedis, de 8 h à 15 h.","","","True","08:00","15:00","","n.a. - products not itemised on the source page; live music is programmed at the market.","n.a. - les produits ne sont pas énumérés sur la page source; de la musique en direct est présentée au marché.","https://www.oldimperialfarmersmarket.ca/","https://www.google.com/maps/search/?api=1&query=Old%20Imperial%20Farmers%27%20Market%2C%20516%20John%20Street%20N.%2C%20Aylmer%2C%20Ontario%2C%20Canada","official market","","2026-08-28","High","Open every Saturday 8am - 3pm ... 516 John Street N. Aylmer, ON","Indoor market in the former Imperial Leaf Tobacco building; the site states its mandate is ""To create a sustainable, year-round market"". No season dates or schedule year published.","Marché intérieur dans l'ancien édifice Imperial Leaf Tobacco; le site indique vouloir « créer un marché durable, ouvert à l'année ». Aucune date de saison ni année d'horaire publiée."
"swon-022","Aylmer Sales Arena & Farmers Market","Aylmer","Town of Aylmer, Elgin County","51 Murray Street","","","public market","[""Tuesday"", ""Saturday""]","Open Tuesdays 9 a.m. to 3 p.m. during market season (May through October), and year-round on Saturdays.","Ouvert les mardis de 9 h à 15 h pendant la saison des marchés (de mai à octobre) et à l'année les samedis.","","","True","09:00","15:00","","n.a. - products not itemised on the source page.","n.a. - les produits ne sont pas énumérés sur la page source.","https://aylmersalesarena.com/","https://www.google.com/maps/search/?api=1&query=Aylmer%20Sales%20Arena%20%26%20Farmers%20Market%2C%2051%20Murray%20Street%2C%20Aylmer%2C%20Ontario%2C%20Canada","official market","","2026-08-28","Medium","The Aylmer Sales Arena & Farmers Market is located at 51 Murray Street, Aylmer Ontario. We are open Tuesdays during market season (May through October) from 9:00am to 3:00pm. ... The market is also open year-around on Saturdays for all to enjoy!","Saturday hours are not stated separately; the 9 a.m.-3 p.m. times are those published for Tuesdays. No schedule year published.","Les heures du samedi ne sont pas précisées séparément; les heures de 9 h à 15 h sont celles publiées pour le mardi. Aucune année d'horaire publiée."
"swon-023","Woodstock Farmers' Market","Woodstock","City of Woodstock, Oxford County","Woodstock Fairgrounds, 875 Nellis Street","43.1340971","-80.738908","farmers market","[""Saturday""]","Every Saturday, 7 a.m. to 12 p.m., all year round.","Tous les samedis, de 7 h à 12 h, à l'année.","","","True","07:00","12:00","","Fruit (peaches, plums, blueberries, apples), peak summer produce, baked goods, eggs, fresh-cut flowers and plants.","Fruits (pêches, prunes, bleuets, pommes), légumes d'été, produits de boulangerie, œufs, fleurs coupées et plantes.","https://woodstockfairgrounds.com/market/home","https://www.google.com/maps/search/?api=1&query=Woodstock%20Farmers%27%20Market%2C%20Woodstock%20Fairgrounds%2C%20875%20Nellis%20Street%2C%20Woodstock%2C%20Ontario%2C%20Canada","official market","","2026-08-28","High","Every Saturday 7 AM - 12 PM ... Join us every Saturday morning from 7 AM - 12 PM ... 875 Nellis St, Woodstock, ON N4S 4C6 ... Visit all year round","Year-round market. The Farmers' Markets Ontario listing confirms an operating season of January 2 to December 31, 2026 (https://farmersmarketsontario.com/markets/woodstock-farmers-market).","Marché ouvert à l'année. La fiche de Farmers' Markets Ontario confirme une saison du 2 janvier au 31 décembre 2026."
"swon-024","Kiwanis Ingersoll Farmers' Market","Ingersoll","Town of Ingersoll, Oxford County","","","","farmers market","[""Saturday""]","Saturdays, 8 a.m. to 12 p.m., June to October.","Les samedis, de 8 h à 12 h, de juin à octobre.","06-01","10-31","False","08:00","12:00","","Local farm-fresh produce, baked goods, seasonal decorations, soaps, arts and crafts.","Produits frais de la ferme, produits de boulangerie, décorations saisonnières, savons, artisanat.","https://www.downtowningersoll.ca/","https://www.google.com/maps/search/?api=1&query=Kiwanis%20Ingersoll%20Farmers%27%20Market%2C%20Ingersoll%2C%20Ontario%2C%20Canada","other","","2026-08-28","Medium","Kiwanis Farmers Market June - October Saturdays 8am - 12pm ... Vendors sell local farm fresh produce, baked goods, seasonal decorations, soaps, arts and crafts.","FLAGGED - no street address or schedule year published by the Downtown Ingersoll BIA; the Town of Ingersoll events calendar confirms the market season opens but gives no schedule detail.","SIGNALÉ - la BIA du centre-ville d'Ingersoll ne publie ni adresse ni année d'horaire; le calendrier de la Ville d'Ingersoll confirme l'ouverture de la saison sans détails d'horaire."
"swon-025","Tillsonburg Farmers' Market","Tillsonburg","Town of Tillsonburg, Oxford County","Station Arts Centre, 41 Bridge Street","42.862148","-80.7319755","farmers market","[""Saturday""]","Saturdays, 8 a.m. to 12 p.m., May to November, at the Station Arts Centre.","Les samedis, de 8 h à 12 h, de mai à novembre, au Station Arts Centre.","05-01","11-30","False","08:00","12:00","","Fresh vegetables and fruits, baked goods, fresh herbs, jams, jellies and pies.","Légumes et fruits frais, produits de boulangerie, herbes fraîches, confitures, gelées et tartes.","https://www.discovertillsonburg.ca/en/dine-and-shop/farmers--markets-and-local-food.aspx","https://www.google.com/maps/search/?api=1&query=Tillsonburg%20Farmers%27%20Market%2C%20Station%20Arts%20Centre%2C%2041%20Bridge%20Street%2C%20Tillsonburg%2C%20Ontario%2C%20Canada","municipal","","2026-08-28","Medium","The Station Arts Centre hosts a weekly Farmers' Market on Saturdays (8 AM to 12 PM; May to November).","Street address from the Farmers' Markets Ontario listing, which gives 2026 season dates of May 11 to October 26, 2026 (https://farmersmarketsontario.com/markets/tillsonburg-farmers-market) - note May 11, 2026 is a Monday, so those FMO dates are internally inconsistent and the municipal May-November range is used here.","Adresse tirée de la fiche de Farmers' Markets Ontario, qui indique une saison du 11 mai au 26 octobre 2026; le 11 mai 2026 étant un lundi, ces dates sont incohérentes et la plage municipale de mai à novembre est retenue ici."
"swon-026","Stratford Farmers' Market","Stratford","City of Stratford, Perth County","Stratford Rotary Complex, 357 McCarthy Road","43.3860143","-80.983856","public market","[""Saturday""]","Open every Saturday year round, 7 a.m. to 12 p.m.; the year-round indoor market expands outdoors May through October.","Ouvert tous les samedis à l'année, de 7 h à 12 h; le marché intérieur s'étend à l'extérieur de mai à octobre.","","","True","07:00","12:00","","Farm-fresh vegetables, cheese, meats, baking, flowers, crafts and handmade gifts.","Légumes frais de la ferme, fromages, viandes, pâtisseries, fleurs, artisanat et cadeaux faits main.","https://www.stratfordagriculturalsociety.com/farmers-market/","https://www.google.com/maps/search/?api=1&query=Stratford%20Farmers%27%20Market%2C%20Stratford%20Rotary%20Complex%2C%20357%20McCarthy%20Road%2C%20Stratford%2C%20Ontario%2C%20Canada","official market","","2026-08-28","High","Open Every Saturday Year Round 7:00 a.m. to 12:00 p.m. ... Our year round indoor Market expands outdoors May through to October","Year-round indoor market run by the Stratford Agricultural Society. Address from the Farmers' Markets Ontario listing (https://farmersmarketsontario.com/markets/stratford-farmers-market).","Marché intérieur ouvert à l'année, géré par la Stratford Agricultural Society. Adresse tirée de la fiche de Farmers' Markets Ontario."
"swon-027","St. Marys Farmers' Market","St. Marys","Town of St. Marys, Perth County","Milt Dunnell Field, 1 Veteran's Circle","43.2488029","-81.1354649","farmers market","[""Saturday""]","Saturdays, 8 a.m. to 12 p.m., May 2 to October 31, 2026.","Les samedis, de 8 h à 12 h, du 2 mai au 31 octobre 2026.","2026-05-02","2026-10-31","False","08:00","12:00","","Fresh-picked produce with organic options, chicken, beef and lamb, breads and treats, honey, maple syrup, preserves, ceramics and home goods.","Produits fraîchement cueillis avec options biologiques, poulet, bœuf et agneau, pains et gâteries, miel, sirop d'érable, conserves, céramiques et articles pour la maison.","https://stmarysfarmersmarket.ca/","https://www.google.com/maps/search/?api=1&query=St.%20Marys%20Farmers%27%20Market%2C%20Milt%20Dunnell%20Field%2C%201%20Veteran%27s%20Circle%2C%20St.%20Marys%2C%20Ontario%2C%20Canada","official market","2026","2026-08-28","High","2026 season Saturdays May 2 - october 31 8 a.m. - 12 p.m. ... Milt Dunnell Field, St. Marys, Ontario N4X 1C8, Canada","Street reference 1 Veteran's Circle from the Farmers' Markets Ontario listing; the market's own site gives the venue name and postal code N4X 1C8.","La référence « 1 Veteran's Circle » provient de la fiche de Farmers' Markets Ontario; le site du marché donne le nom du site et le code postal N4X 1C8."
"swon-028","Downtown Goderich BIA Farmers' Market","Goderich","Town of Goderich, Huron County","Historic Courthouse Square","43.742928","-81.713018","farmers market","[""Saturday""]","Saturdays, 8 a.m. to 2 p.m., from the May long weekend to Thanksgiving, in the historic Courthouse Square.","Les samedis, de 8 h à 14 h, du long week-end de mai jusqu'à l'Action de grâce, sur la place historique du palais de justice.","May long weekend","Thanksgiving","False","08:00","14:00","","Local produce, meat, flowers and baked goods, plus artisan vendors and live buskers.","Produits locaux, viande, fleurs et produits de boulangerie, ainsi que des artisans et des musiciens de rue.","https://www.goderichbia.ca/bia-event/downtown-goderich-bia-farmers-market/2026-05-16/","https://www.google.com/maps/search/?api=1&query=Downtown%20Goderich%20BIA%20Farmers%27%20Market%2C%20Historic%20Courthouse%20Square%2C%20Goderich%2C%20Ontario%2C%20Canada","official market","2026","2026-08-28","High","The Goderich BIA Farmers' Market is a long-running, vibrant outdoor market located in the historic Courthouse Square of Goderich, Ontario, operating on Saturdays from the May long weekend to Thanksgiving 8am to 2pm.","Recurring season description; the source URL is the BIA's 2026 event instance dated May 16, 2026. Huron County tourism lists closing time as 1 p.m. (https://www.ontarioswestcoast.ca/farmers-markets/) and the Farmers' Markets Ontario listing still shows a 2025 season (May 17 - October 11, 2025).","Description récurrente de la saison; l'URL source est l'instance d'événement 2026 de la BIA (16 mai 2026). Le tourisme du comté de Huron indique une fermeture à 13 h et la fiche de Farmers' Markets Ontario affiche encore la saison 2025."
"swon-029","Bayfield Farmers' Market","Bayfield","Municipality of Bluewater, Huron County","Clan Gregor Square","43.5625268","-81.6976571","farmers market","[""Friday""]","Weekly, May to October: Fridays, 2 p.m. to 6 p.m., in Clan Gregor Square.","Chaque semaine, de mai à octobre : les vendredis, de 14 h à 18 h, à Clan Gregor Square.","05-01","10-31","False","14:00","18:00","","Fresh produce, baked goods, prepared food and other goods direct from farmers and producers.","Produits frais, produits de boulangerie, plats préparés et autres denrées directement des agriculteurs et producteurs.","https://www.ontarioswestcoast.ca/farmers-markets/","https://www.google.com/maps/search/?api=1&query=Bayfield%20Farmers%27%20Market%2C%20Clan%20Gregor%20Square%2C%20Bayfield%2C%20Ontario%2C%20Canada","other","","2026-08-28","Medium","BAYFIELD FARMERS' MARKET Clan Gregor Square, Bayfield Weekly: May to October: Fridays, 2:00 pm to 6:00 pm","Source is Ontario's West Coast (Huron County tourism). The market's own domain did not resolve during this session. The Farmers' Markets Ontario listing describes a year-round hybrid model: live/online Friday afternoon markets May-October and biweekly Friday pickup for online orders October-May (https://farmersmarketsontario.com/markets/bayfield-farmers-market).","La source est Ontario's West Coast (tourisme du comté de Huron). Le domaine du marché n'a pas pu être résolu. La fiche de Farmers' Markets Ontario décrit un modèle hybride à l'année : marchés en personne et en ligne le vendredi après-midi de mai à octobre, puis cueillette bimensuelle des commandes en ligne d'octobre à mai."
"swon-030","Brussels Farmers' Market","Brussels","Municipality of Huron East, Huron County","Brussels Four Winds Wedding and Event Barn, 60 Orchard Lane","","","farmers market","[""Friday""]","Every Friday, 2 p.m. to 6 p.m., mid-May through mid-October.","Tous les vendredis, de 14 h à 18 h, de la mi-mai à la mi-octobre.","mid-May","mid-October","False","14:00","18:00","","Fresh produce, baked goods, prepared food and other goods direct from farmers and producers.","Produits frais, produits de boulangerie, plats préparés et autres denrées directement des agriculteurs et producteurs.","https://www.huroneast.com/en/being-active/resources/currentguide_full_reduced.pdf","https://www.google.com/maps/search/?api=1&query=Brussels%20Farmers%27%20Market%2C%20Brussels%20Four%20Winds%20Wedding%20and%20Event%20Barn%2C%2060%20Orchard%20Lane%2C%20Brussels%2C%20Ontario%2C%20Canada","municipal","","2026-08-28","Medium","Brussels Farmers' Market at Brussels Four Winds Wedding and Event Barn (60 Orchard Lane) Every Friday 2:00 pm -6:00 pm Mid-May through Mid-October.","FLAGGED - conflicting details. Huron County tourism lists ""Brussels Market, Richmond Square, 589 Turnberry Street, Brussels: Every other Friday from June 5th to August 28th: 2:00 pm to 6:00 pm"" (https://www.ontarioswestcoast.ca/farmers-markets/), i.e. a different venue and a bi-weekly, shorter season. Neither source states a year.","SIGNALÉ - détails contradictoires. Le tourisme du comté de Huron indique un autre lieu (Richmond Square, 589, rue Turnberry) et un marché bimensuel du 5 juin au 28 août. Aucune des deux sources ne précise l'année."
"swon-031","Seaforth Farmers' Market","Seaforth","Municipality of Huron East, Huron County","Main Street Seaforth, next to CIBC","","","farmers market","[""Thursday""]","Every Thursday, 8:30 a.m. to 4 p.m., mid-May through early November.","Tous les jeudis, de 8 h 30 à 16 h, de la mi-mai au début de novembre.","mid-May","early November","False","08:30","16:00","","n.a. - products not itemised in the source.","n.a. - les produits ne sont pas énumérés dans la source.","https://www.huroneast.com/en/being-active/resources/currentguide_full_reduced.pdf","https://www.google.com/maps/search/?api=1&query=Seaforth%20Farmers%27%20Market%2C%20Main%20Street%20Seaforth%2C%20next%20to%20CIBC%2C%20Seaforth%2C%20Ontario%2C%20Canada","municipal","","2026-08-28","Medium","Seaforth's Farmers' Market, Main Street Seaforth, Next to CIBC Every Thursday, 8:30 am -4:00 pm. Mid-May through early November.","FLAGGED - no schedule year in the municipal recreation guide. A separate Seaforth Community Market at the Seaforth Community Centre (Thursdays 3-7 p.m.) is reported by local media and may be the same or a companion market; not confirmed by an official page.","SIGNALÉ - aucune année d'horaire dans le guide municipal des loisirs. Un « Seaforth Community Market » distinct au centre communautaire (jeudis de 15 h à 19 h) est rapporté par les médias locaux; non confirmé par une page officielle."
"swon-032","Exeter Farmers' Market","Exeter","Municipality of South Huron, Huron County","MacNaughton Park","","","farmers market","[""Thursday""]","Thursday afternoons, 3 p.m. to 7 p.m.; the season opens May 24 and runs to October 4 (year not stated).","Les jeudis après-midi, de 15 h à 19 h; la saison débute le 24 mai et se termine le 4 octobre (l'année n'est pas précisée).","05-24","10-04","False","15:00","19:00","","Local produce, baked goods, meat, eggs, preserves and plants.","Produits locaux, produits de boulangerie, viande, œufs, conserves et plantes.","https://www.ruralvoice.ca/exeter-farmers-market","https://www.google.com/maps/search/?api=1&query=Exeter%20Farmers%27%20Market%2C%20MacNaughton%20Park%2C%20Exeter%2C%20Ontario%2C%20Canada","other","","2026-08-28","Medium","In recent years the market has moved to the delightful horticultural gem of MacNaughton Park in the northern part of the town. ... The market is held Thursday afternoons from 3 to 7 p.m. ... The market opens May 24 this year and goes until October 4.","FLAGGED - source is The Rural Voice magazine, not an official market or municipal page, and no year is given (neither May 24 nor October 4 falls on a Thursday in 2025 or 2026). Market is operated by The Cultural Collective; no official market website located.","SIGNALÉ - la source est le magazine The Rural Voice et non une page officielle ou municipale, et aucune année n'est indiquée. Le marché est exploité par The Cultural Collective; aucun site officiel trouvé."
"swon-033","St. Jacobs Farmers' Market","Waterloo (St. Jacobs)","Township of Woolwich, Region of Waterloo","878 Weber Street North","","","public market","[""Tuesday"", ""Thursday"", ""Saturday""]","Open year round every Thursday 8 a.m. to 3 p.m. and Saturday 7 a.m. to 3:30 p.m., plus Tuesdays 8 a.m. to 3 p.m. through the summer (June 16 to September 1, 2026).","Ouvert à l'année tous les jeudis de 8 h à 15 h et les samedis de 7 h à 15 h 30, ainsi que les mardis de 8 h à 15 h durant l'été (du 16 juin au 1er septembre 2026).","","","True","07:00","15:30","Outdoor market begins Thursday March 26, 2026; Tuesday market runs June 16 to September 1, 2026; extended outdoor season to Thursday October 29, 2026.","Ontario-grown produce, Mennonite baked goods, locally raised meats, artisan cheese, maple syrup, fresh-cut flowers, quilts, crafts and antiques from 300-plus vendors.","Produits cultivés en Ontario, pâtisseries mennonites, viandes d'élevage local, fromages artisanaux, sirop d'érable, fleurs coupées, courtepointes, artisanat et antiquités auprès de plus de 300 marchands.","https://www.stjacobsmarket.com/farmersmarket","https://www.google.com/maps/search/?api=1&query=St.%20Jacobs%20Farmers%27%20Market%2C%20878%20Weber%20Street%20North%2C%20Waterloo%20%28St.%20Jacobs%29%2C%20Ontario%2C%20Canada","official market","2026","2026-08-28","High","Open every Thursday and Saturday, plus Tuesdays through the summer, the market has welcomed visitors since April 1975. ... Thursday: 8am - 3pm Saturday: 7am - 3:30pm Tuesday: 8am - 3pm ... The market is located at 878 Weber Street North, Woolwich (St. Jacobs), Ontario.","Canada's largest year-round farmers' market; open in January and February as well as peak summer. Mailing address is in Woolwich Township with a Waterloo postal designation.","Le plus grand marché fermier ouvert à l'année au Canada; ouvert en janvier et février comme en plein été. L'adresse postale se trouve dans le canton de Woolwich avec une désignation postale de Waterloo."
"swon-034","Kitchener Market","Kitchener","City of Kitchener, Region of Waterloo","300 King Street East","43.4480255","-80.4836633","public market","[""Saturday""]","Saturday Farmers' Market, 7 a.m. to 2 p.m., year-round; the Food Hall is open Tuesday to Friday 8 a.m. to 3 p.m. and Saturday 7 a.m. to 2 p.m., closed Sunday and Monday.","Marché fermier du samedi, de 7 h à 14 h, à l'année; l'aire de restauration est ouverte du mardi au vendredi de 8 h à 15 h et le samedi de 7 h à 14 h, fermée les dimanches et lundis.","","","True","07:00","14:00","A fire at the Kitchener Market on July 12, 2026 significantly affected vendors and operations; the City states recovery efforts are underway to restore market operations. Verify status before visiting.","Fresh and local produce, meat, dairy products and more from local vendors and artisans; Food Hall breakfast and lunch from cuisines around the world.","Produits frais et locaux, viande, produits laitiers et plus encore auprès de marchands et artisans locaux; petits-déjeuners et repas du midi de cuisines du monde à l'aire de restauration.","https://www.kitchenermarket.ca/about-the-market/","https://www.google.com/maps/search/?api=1&query=Kitchener%20Market%2C%20300%20King%20Street%20East%2C%20Kitchener%2C%20Ontario%2C%20Canada","municipal","","2026-08-28","Medium","Our Farmers' Market runs every Saturday, featuring unique local vendors and artisans. ... Saturday : 7 a.m. - 2 p.m., year-round ... Our address is 300 King St. E., Kitchener, ON.","FLAGGED - operational disruption. The market homepage states: ""The July 12, 2026 fire at the Kitchener Market has had a significant impact on vendors, businesses and the broader market community. While recovery efforts are underway, the City is focused on supporting vendors and restoring market operations as quickly and safely as possible."" (https://www.kitchenermarket.ca/) Published hours may not reflect current operations.","SIGNALÉ - perturbation des opérations. La page d'accueil du marché mentionne l'incendie du 12 juillet 2026 et indique que la Ville s'emploie à rétablir les activités. Les heures publiées pourraient ne pas refléter les opérations actuelles."
"swon-035","Cambridge Farmers' Market","Cambridge","City of Cambridge, Region of Waterloo","40 Dickson Street (beside City Hall)","43.3601721","-80.3133965","public market","[""Saturday""]","Saturdays, 7 a.m. to 1 p.m., year-round.","Les samedis, de 7 h à 13 h, à l'année.","","","True","07:00","13:00","The parking lot of the Farmers' Market building is closed to accommodate outside market vendors; tours are unavailable during outdoor restoration work.","Farm-fresh food, local produce, handmade goods and prepared bites.","Aliments frais de la ferme, produits locaux, articles faits main et bouchées préparées.","https://www.cambridge.ca/recreation-culture/farmers-market/visit-the-market/about-the-farmers-market/","https://www.google.com/maps/search/?api=1&query=Cambridge%20Farmers%27%20Market%2C%2040%20Dickson%20Street%20%28beside%20City%20Hall%29%2C%20Cambridge%2C%20Ontario%2C%20Canada","municipal","","2026-08-28","High","Saturdays: 7 a.m. - 1 p.m. (year-round) ... The Farmers' Market is located at 40 Dickson Street, beside Cambridge City Hall in what is known as the Galt area of Cambridge.","One of Canada's oldest markets, in operation since the 1830s; year-round indoor market with outdoor vendors in warmer months.","L'un des plus anciens marchés du Canada, en activité depuis les années 1830; marché intérieur ouvert à l'année avec marchands extérieurs en saison chaude."
"swon-036","Hespeler Village Market","Cambridge (Hespeler)","City of Cambridge, Region of Waterloo","Downtown Hespeler Village, in front of Old City Hall (11 Tannery Street East)","43.4312421","-80.3095066","farmers market","[""Friday""]","Every Friday evening, 3 p.m. to 7 p.m., from June 5 until October 2.","Tous les vendredis soirs, de 15 h à 19 h, du 5 juin au 2 octobre.","06-05","10-02","False","15:00","19:00","","Local and seasonal produce plus artisan vendors.","Produits locaux et de saison ainsi que des marchands artisans.","http://www.hespelervillagemarket.com/","https://www.google.com/maps/search/?api=1&query=Hespeler%20Village%20Market%2C%20Downtown%20Hespeler%20Village%2C%20in%20front%20of%20Old%20City%20Hall%20%2811%20Tannery%20Street%20East%29%2C%20Cambridge%20%28Hespeler%29%2C%20Ontario%2C%20Canada","official market","2026","2026-08-28","Medium","LOCATED DOWNTOWN HESPELER VILLAGE We are situated right in front of Old City Hall and the Cenotaph Every Friday evening from June 5th until October 2nd from 3:00pm to 7:00pm","June 5 and October 2 are Fridays in 2026, and the Hespeler Village BIA advertises ""Every Friday, June 5 - October 2"" for 2026 (https://www.hespelervillagebia.ca/event-details/hespeler-village-market-2026-08-21-15-00), so the schedule is treated as 2026. The Farmers' Markets Ontario listing instead shows May 31 - November 1, 2026.","Le 5 juin et le 2 octobre tombent un vendredi en 2026 et la BIA du village de Hespeler annonce « Every Friday, June 5 - October 2 » pour 2026; l'horaire est donc considéré comme celui de 2026. La fiche de Farmers' Markets Ontario indique plutôt du 31 mai au 1er novembre 2026."
"swon-037","Preston Towne Market","Cambridge (Preston)","City of Cambridge, Region of Waterloo","Central Park, King Street East and Argyle Street","","","farmers market","[""Wednesday""]","Wednesdays, 9 a.m. to 2 p.m., July 1 to August 26, 2026, in Central Park, Preston.","Les mercredis, de 9 h à 14 h, du 1er juillet au 26 août 2026, au parc Central, à Preston.","2026-07-01","2026-08-26","False","09:00","14:00","","Local produce, artisan goods, prepared food and crafter goods from Ontario producers.","Produits locaux, articles artisanaux, plats préparés et créations d'artisans de producteurs ontariens.","https://www.prestontownemarket.ca/","https://www.google.com/maps/search/?api=1&query=Preston%20Towne%20Market%2C%20Central%20Park%2C%20King%20Street%20East%20and%20Argyle%20Street%2C%20Cambridge%20%28Preston%29%2C%20Ontario%2C%20Canada","official market","2026","2026-08-28","High","Wednesdays from 9 AM - 2 PM July 1st - August 26, 2026 Central Park, Preston ... We are a thriving open-air farmers market located in Central Park at King St. E. and Argyle St. in the heart of Preston, Ontario","Explore Waterloo published a different range (June 3 - August 26) for this market; the market's own 2026 dates are used.","Explore Waterloo a publié une plage différente (du 3 juin au 26 août); les dates 2026 du marché lui-même sont retenues."
"swon-038","Elmira Farmers Market","Elmira","Township of Woolwich, Region of Waterloo","Parking lot of the Mercantile at the Crossroads, 384 Arthur Street South","43.6016148","-80.5706745","farmers market","[""Saturday""]","Saturdays, 8 a.m. to 1:30 p.m., May to October.","Les samedis, de 8 h à 13 h 30, de mai à octobre.","05-01","10-31","False","08:00","13:30","","Fresh produce, vegetables and fruit, baked goods (breads, pies, butter tarts, long johns), jams, relishes, maple syrup, fresh-cut flowers, mums, handmade mats and greeting cards.","Produits frais, légumes et fruits, produits de boulangerie (pains, tartes, tartelettes au beurre, éclairs), confitures, relishs, sirop d'érable, fleurs coupées, chrysanthèmes, tapis faits main et cartes de souhaits.","https://www.elmirafarmersmarket.com/","https://www.google.com/maps/search/?api=1&query=Elmira%20Farmers%20Market%2C%20Parking%20lot%20of%20the%20Mercantile%20at%20the%20Crossroads%2C%20384%20Arthur%20Street%20South%2C%20Elmira%2C%20Ontario%2C%20Canada","official market","","2026-08-28","Medium","The market will be located in the parking lot of the Mercantile at the Crossroads. (384 Arthur St S, Elmira, ON) ... There is a great line-up of vendors that will be set up at the Elmira Farmers Market each Saturday of the season.","FLAGGED - the market's own site is out of date (it announces a return on May 3, 2025 and publishes no hours). Days/hours/season from Explore Waterloo: ""Elmira Farmers' Market is open Saturdays from 8 am - 1:30 pm May - October at 122 Church Street West, Elmira"" (https://explorewaterloo.ca/2026/05/farmers-markets-in-waterloo-region-2/); the Farmers' Markets Ontario listing also gives 122 Church Street West and a May 2 - October 31, 2026 season. Address conflict unresolved.","SIGNALÉ - le site du marché n'est pas à jour (annonce un retour le 3 mai 2025, sans heures). Jours, heures et saison provenant d'Explore Waterloo, qui indique le 122, rue Church Ouest; la fiche de Farmers' Markets Ontario donne la même adresse et une saison du 2 mai au 31 octobre 2026. Conflit d'adresse non résolu."
"swon-039","Ayr Farmers' Market","Ayr","Township of North Dumfries, Region of Waterloo","7 Church Street","","","farmers market","[""Saturday""]","Weekly outdoor market on Saturday mornings from May to October.","Marché extérieur hebdomadaire les samedis matin, de mai à octobre.","05-01","10-31","False","","","","n.a. - products not itemised on the source page.","n.a. - les produits ne sont pas énumérés sur la page source.","https://www.northdumfries.ca/en/play-explore/farmers-markets-and-stores.aspx","https://www.google.com/maps/search/?api=1&query=Ayr%20Farmers%27%20Market%2C%207%20Church%20Street%2C%20Ayr%2C%20Ontario%2C%20Canada","municipal","","2026-08-28","Medium","There is a weekly outdoor Farmers Market in Ayr at 7 Church Street on Saturday mornings from May to October.","Clock times are not published by the Township. Explore Waterloo states ""every Saturday from May until October 5 from 8 am - 1 pm in front of the Ayr Community Centre"" (https://explorewaterloo.ca/2026/05/farmers-markets-in-waterloo-region-2/).","Le canton ne publie pas d'heures précises. Explore Waterloo indique « every Saturday from May until October 5 from 8 am - 1 pm in front of the Ayr Community Centre »."
"swon-040","Uptown Waterloo Night Market","Waterloo","City of Waterloo, Region of Waterloo","Waterloo Public Library (Main Branch), lower parking lot","","","seasonal community market","[""Thursday""]","Thursday evenings, 7 p.m. to 10 p.m., through July and August.","Les jeudis soirs, de 19 h à 22 h, en juillet et en août.","07-01","08-31","False","19:00","22:00","","n.a. - products not itemised on the source page.","n.a. - les produits ne sont pas énumérés sur la page source.","https://explorewaterloo.ca/2026/05/farmers-markets-in-waterloo-region-2/","https://www.google.com/maps/search/?api=1&query=Uptown%20Waterloo%20Night%20Market%2C%20Waterloo%20Public%20Library%20%28Main%20Branch%29%2C%20lower%20parking%20lot%2C%20Waterloo%2C%20Ontario%2C%20Canada","other","","2026-08-28","Medium","The Uptown Waterloo Night Market happens Thursday evenings from 7 - 10 pm at the Waterloo Public Library (Main Branch), in the lower parking lot, through July and August.","FLAGGED - regional tourism source (Explore Waterloo), no official market page located and no schedule year stated. Evening community market rather than a produce-led farmers' market.","SIGNALÉ - source touristique régionale (Explore Waterloo), aucune page officielle trouvée et aucune année d'horaire indiquée. Marché communautaire du soir plutôt que marché fermier axé sur les produits maraîchers."
"swon-041","Guelph Farmers' Market","Guelph","City of Guelph, Wellington County","2 Gordon Street","43.5424072","-80.2483422","public market","[""Saturday""]","Saturdays, 8 a.m. to 1 p.m., year round.","Les samedis, de 8 h à 13 h, à l'année.","","","True","08:00","13:00","","Fresh local food and artisanal products from more than 100 vendors.","Aliments locaux frais et produits artisanaux de plus de 100 marchands.","https://10carden.ca/projects/market/","https://www.google.com/maps/search/?api=1&query=Guelph%20Farmers%27%20Market%2C%202%20Gordon%20Street%2C%20Guelph%2C%20Ontario%2C%20Canada","official market","","2026-08-28","High","Saturday Farmers' Markets - year-round: 8:00am to 1:00pm ... The Guelph Farmers' Market is located at 2 Gordon Street in downtown Guelph.","Operated by 10C (10 Carden). Wellington County also publishes ""Open Year Round on Saturdays | 8:00 am - 1:00 pm ... 2 Gordon Street, Guelph"" (https://www.wellington.ca/experience-wellington/farm-food-experiences/farmers-markets).","Géré par 10C (10 Carden). Le comté de Wellington publie également « Open Year Round on Saturdays | 8:00 am - 1:00 pm ... 2 Gordon Street, Guelph »."
"swon-042","Elora Farmers' Market","Elora","Township of Centre Wellington, Wellington County","Bissell Park, 127 East Mill Street","43.6834082","-80.4246544","farmers market","[""Saturday""]","Saturdays, 9 a.m. to 1 p.m. Summer market May 2 to October 10, 2026 at Bissell Park, 127 East Mill Street; winter market October 17 to December 19, 2026 at the Jefferson Elora Community Centre, 29 David Street West.","Les samedis, de 9 h à 13 h. Marché d'été du 2 mai au 10 octobre 2026 au parc Bissell, 127, rue East Mill; marché d'hiver du 17 octobre au 19 décembre 2026 au Jefferson Elora Community Centre, 29, rue David Ouest.","2026-05-02","2026-12-19","False","09:00","13:00","Two venues in one season: Bissell Park to October 10, 2026, then the Jefferson Elora Community Centre from October 17, 2026.","Fresh food, local snacks and handmade crafts from farmers, makers and bakers.","Aliments frais, collations locales et artisanat de fermiers, artisans et boulangers.","https://www.elorafarmersmarket.ca/","https://www.google.com/maps/search/?api=1&query=Elora%20Farmers%27%20Market%2C%20Bissell%20Park%2C%20127%20East%20Mill%20Street%2C%20Elora%2C%20Ontario%2C%20Canada","official market","2026","2026-08-28","High","Every Saturday, 9 am - 1 pm ... May 2nd - October 10th at Bissell Park, Elora ... Bissell Park, 127 E Mill St, Elora, ON ... Jefferson Elora Community Centre Saturday's in October until December 9:00AM - 1:00PM","Winter market dates October 17 - December 19, 2026 confirmed by Wellington County (https://www.wellington.ca/experience-wellington/farm-food-experiences/farmers-markets).","Les dates du marché d'hiver (17 octobre au 19 décembre 2026) sont confirmées par le comté de Wellington."
"swon-043","Erin Farmers' Market","Erin","Town of Erin, Wellington County","Agri-dome at the Erin Fairgrounds, 184 Main Street","43.7728041","-80.0679075","farmers market","[""Thursday""]","Thursdays, 3 p.m. to 6:30 p.m., June 18 to September 24, 2026.","Les jeudis, de 15 h à 18 h 30, du 18 juin au 24 septembre 2026.","2026-06-18","2026-09-24","False","15:00","18:30","","Fresh fruits and vegetables, heritage meats, farmstead cheeses, artisan breads, jams, pickles, cut flowers, wine, beer, maple syrup and artisan goods.","Fruits et légumes frais, viandes patrimoniales, fromages fermiers, pains artisanaux, confitures, marinades, fleurs coupées, vin, bière, sirop d'érable et produits artisanaux.","https://www.wellington.ca/experience-wellington/farm-food-experiences/farmers-markets","https://www.google.com/maps/search/?api=1&query=Erin%20Farmers%27%20Market%2C%20Agri-dome%20at%20the%20Erin%20Fairgrounds%2C%20184%20Main%20Street%2C%20Erin%2C%20Ontario%2C%20Canada","municipal","2026","2026-08-28","High","Open June 18 - September 24, 2026 Thursdays | 3:00 - 6:30 pm ... Agri-dome at the Erin Fairgrounds 184 Main Street, Erin","The market's own site confirms Thursdays June to September and the product range but publishes no address or hours (https://www.erinfarmersmarket.ca).","Le site du marché confirme les jeudis de juin à septembre et la gamme de produits, mais ne publie ni adresse ni heures."
"swon-044","Rockwood Farmers' Market","Rockwood","Township of Guelph/Eramosa, Wellington County","Parking lot behind Rockmosa Community Centre, 120 Rockmosa Drive","43.6208134","-80.1492448","farmers market","[""Wednesday""]","Wednesdays, 4 p.m. to 7 p.m., June 10 to October 7, 2026.","Les mercredis, de 16 h à 19 h, du 10 juin au 7 octobre 2026.","2026-06-10","2026-10-07","False","16:00","19:00","","Products from over 30 vendors plus a featured food truck.","Produits de plus de 30 marchands ainsi qu'un camion de cuisine de rue vedette.","https://www.wellington.ca/experience-wellington/farm-food-experiences/farmers-markets","https://www.google.com/maps/search/?api=1&query=Rockwood%20Farmers%27%20Market%2C%20Parking%20lot%20behind%20Rockmosa%20Community%20Centre%2C%20120%20Rockmosa%20Drive%2C%20Rockwood%2C%20Ontario%2C%20Canada","municipal","2026","2026-08-28","High","Rockwood Farmers' Market ... Parking Lot behind Rockmosa Community Centre, 120 Rockmosa Drive, Rockwood ... Wednesdays 4:00 - 7:00 pm ... June 10 - October 7, 2026","The market's own domain blocked automated access during this session; county figures match the Farmers' Markets Ontario listing (June 10 - October 7, 2026).","Le domaine du marché a bloqué l'accès automatisé pendant cette session; les données du comté correspondent à la fiche de Farmers' Markets Ontario."
"swon-045","Palmerston Farmers' Market (Minto Farmers' Market)","Palmerston","Town of Minto, Wellington County","Palmerston Railway Heritage Museum, 168 William Street","43.8310267","-80.8485529","farmers market","[""Saturday""]","Saturdays, 9 a.m. to 12 p.m., June 6 to September 26, 2026.","Les samedis, de 9 h à 12 h, du 6 juin au 26 septembre 2026.","2026-06-06","2026-09-26","False","09:00","12:00","","100% locally grown farm products, baking and artisanal goods.","Produits agricoles cultivés entièrement à l'échelle locale, pâtisseries et articles artisanaux.","https://www.wellington.ca/experience-wellington/farm-food-experiences/farmers-markets","https://www.google.com/maps/search/?api=1&query=Palmerston%20Farmers%27%20Market%20%28Minto%20Farmers%27%20Market%29%2C%20Palmerston%20Railway%20Heritage%20Museum%2C%20168%20William%20Street%2C%20Palmerston%2C%20Ontario%2C%20Canada","municipal","2026","2026-08-28","High","Palmerston Farmers' Market ... Palmerston Railway Heritage Museum, 168 William Street, Palmerston ... Saturdays 9:00 am - 12:00 pm ... June 6 - September 26, 2026","Listed by Farmers' Markets Ontario as ""Minto Farmers' Market"" at the same address with the same 2026 dates and hours (https://farmersmarketsontario.com/markets/minto-farmers-market).","Inscrit par Farmers' Markets Ontario sous le nom « Minto Farmers' Market » à la même adresse, avec les mêmes dates et heures pour 2026."
"swon-046","Mapleton Farmers' Market","Drayton","Township of Mapleton, Wellington County","Drayton Municipal Parking Lot, 14 Main Street West","","","seasonal community market","[""Monday"", ""Wednesday"", ""Tuesday""]","Monthly market, 5 p.m. to 8 p.m., on June 1, July 1, August 3 and September 7, 2026.","Marché mensuel, de 17 h à 20 h, les 1er juin, 1er juillet, 3 août et 7 septembre 2026.","2026-06-01","2026-09-07","False","17:00","20:00","Open only on June 1, July 1, August 3 and September 7, 2026.","A wide range of local finds.","Un large éventail de trouvailles locales.","https://www.wellington.ca/experience-wellington/farm-food-experiences/farmers-markets","https://www.google.com/maps/search/?api=1&query=Mapleton%20Farmers%27%20Market%2C%20Drayton%20Municipal%20Parking%20Lot%2C%2014%20Main%20Street%20West%2C%20Drayton%2C%20Ontario%2C%20Canada","municipal","2026","2026-08-28","High","Mapleton Farmers' Market ... Open June 1, July 1, August 3, and September 7, 2026 Monthly | 5:00 - 8:00 pm ... Drayton Municipal Parking Lot 14 Main Street West, Drayton","Monthly market with fixed dates rather than a fixed weekday; June 1 and September 7, 2026 are Mondays, July 1, 2026 is a Wednesday and August 3, 2026 is a Monday, so days_of_week reflects the specific dates published and should be read with date_exceptions.","Marché mensuel à dates fixes plutôt qu'à jour fixe; les jours indiqués reflètent les dates publiées et doivent être lus avec le champ des exceptions de dates."
"swon-047","Wellington North Farmers' Market","Mount Forest","Township of Wellington North, Wellington County","393 Parkside Drive (corner of Grant Street and Parkside Drive)","43.9783818","-80.7296799","farmers market","[""Saturday""]","Saturday mornings, 8:30 a.m. to 12 p.m., June 13 to September 26, 2026.","Les samedis matin, de 8 h 30 à 12 h, du 13 juin au 26 septembre 2026.","2026-06-13","2026-09-26","False","08:30","12:00","","Farm-fresh products, baked goods, preserves, honey, mushrooms, flowers, ceramics and handcrafted items.","Produits frais de la ferme, produits de boulangerie, conserves, miel, champignons, fleurs, céramiques et articles faits main.","https://www.wellington.ca/experience-wellington/farm-food-experiences/farmers-markets","https://www.google.com/maps/search/?api=1&query=Wellington%20North%20Farmers%27%20Market%2C%20393%20Parkside%20Drive%20%28corner%20of%20Grant%20Street%20and%20Parkside%20Drive%29%2C%20Mount%20Forest%2C%20Ontario%2C%20Canada","municipal","2026","2026-08-28","High","Wellington North Farmers' Market (Mount Forest) ... Corner of Grant Street and Parkside Drive (Former Pool Site), 393 Parkside Drive, Mount Forest ... Saturdays 8:30 am - 12:00 pm ... June 13 - September 26, 2026","FLAGGED - minor conflict. The Township of Wellington North's own page states ""The market is held from June 14th to September 27th on Saturday mornings from 8:30 AM - 12:00 PM at 393 Parkside Drive in Mount Forest"" (https://www.wellington-north.com/business/agriculture/farmers-market), which are Sunday dates in 2026; the county's June 13 - September 26, 2026 Saturdays are used.","SIGNALÉ - léger conflit. La page du canton indique du 14 juin au 27 septembre, dates qui tombent un dimanche en 2026; les samedis du 13 juin au 26 septembre 2026 publiés par le comté sont retenus."
"swon-048","Brantford Farmers' Market","Brantford","City of Brantford, Brant County","79 Icomm Drive","43.1373253","-80.261853","public market","[""Friday"", ""Saturday""]","Open year-round: Fridays 9 a.m. to 2 p.m. and Saturdays 7 a.m. to 2 p.m.","Ouvert à l'année : les vendredis de 9 h à 14 h et les samedis de 7 h à 14 h.","","","True","07:00","14:00","Holiday Market on December 7 and 14.","Fresh local produce, meats, dairy products and baked goods.","Produits locaux frais, viandes, produits laitiers et produits de boulangerie.","http://www.brantford.ca/farmersmarket","https://www.google.com/maps/search/?api=1&query=Brantford%20Farmers%27%20Market%2C%2079%20Icomm%20Drive%2C%20Brantford%2C%20Ontario%2C%20Canada","municipal","","2026-08-28","High","The Brantford Farmers' Market is open year-round on Fridays from 9:00 a.m. to 2:00 p.m. and Saturdays from 7:00 a.m. to 2:00 p.m. ... 79 Icomm Drive, Brantford, Ontario N3S 7N5","Market established 1848; year-round indoor market. Opening time recorded as the earliest across both days (Saturday 7 a.m.); Friday opens at 9 a.m.","Marché fondé en 1848; marché intérieur ouvert à l'année. L'heure d'ouverture indiquée correspond à la plus hâtive des deux jours (samedi 7 h); le vendredi ouvre à 9 h."
"swon-049","Paris Farmers' Market","Paris","County of Brant","Syl Apps Community Centre, 51 William Street","","","farmers market","[""Thursday""]","Every Thursday, 12 p.m. to 6 p.m., open until the Thanksgiving weekend.","Tous les jeudis, de 12 h à 18 h, jusqu'au week-end de l'Action de grâce.","","Thanksgiving weekend","False","12:00","18:00","In bad weather vendors set up inside the community centre.","n.a. - products not itemised on the source page.","n.a. - les produits ne sont pas énumérés sur la page source.","https://parisfarmersmarket.wordpress.com/about/","https://www.google.com/maps/search/?api=1&query=Paris%20Farmers%27%20Market%2C%20Syl%20Apps%20Community%20Centre%2C%2051%20William%20Street%2C%20Paris%2C%20Ontario%2C%20Canada","official market","","2026-08-28","Medium","The Paris Farmers' Market is open every Thursday, from 12:00 pm until 6:00 pm. ... It will be open until the Thanksgiving weekend. ... The market is located at the Syl Apps Community Centre, 51 William Street, Paris, Ontario.","FLAGGED - no season start date and no schedule year published; market is not listed in the Farmers' Markets Ontario directory.","SIGNALÉ - aucune date de début de saison ni année d'horaire publiée; le marché ne figure pas au répertoire de Farmers' Markets Ontario."
"swon-050","Hamilton Farmers' Market","Hamilton","City of Hamilton","35 York Blvd.","43.2580805","-79.8702593","public market","[""Wednesday"", ""Thursday"", ""Friday"", ""Saturday""]","Wednesday, Thursday and Friday 9 a.m. to 5 p.m.; Saturday 8 a.m. to 5 p.m.; closed Sunday, Monday and Tuesday.","Mercredi, jeudi et vendredi de 9 h à 17 h; samedi de 8 h à 17 h; fermé les dimanches, lundis et mardis.","","","True","08:00","17:00","Closed Sunday, Monday and Tuesday; individual vendors' hours may differ.","Local produce, meats and baked goods from about 50 vendors.","Produits locaux, viandes et produits de boulangerie d'une cinquantaine de marchands.","https://hamiltonfarmersmarket.ca/","https://www.google.com/maps/search/?api=1&query=Hamilton%20Farmers%27%20Market%2C%2035%20York%20Blvd.%2C%20Hamilton%2C%20Ontario%2C%20Canada","official market","","2026-08-28","High","Hamilton Farmers' Market's regular hours are as follows: Wednesday: 9 am - 5 pm Thursday: 9 am - 5 pm Friday: 9 am - 5 pm Saturday: 8 am - 5 pm Closed: Sunday, Monday, Tuesday","Year-round indoor public market established 1837. Address 35 York Blvd. from the Farmers' Markets Ontario listing (https://farmersmarketsontario.com/markets/hamilton-farmers-market); the market's own page does not publish a street address.","Marché public intérieur ouvert à l'année, fondé en 1837. L'adresse 35, boul. York provient de la fiche de Farmers' Markets Ontario; le site du marché ne publie pas d'adresse."
"swon-051","Dundas Farmers' Market","Dundas","City of Hamilton","Corner of Hatt Street and Miller's Lane (Municipal Parking Lot 7D)","43.2661402","-79.9558708","farmers market","[""Thursday""]","Seasonal market once a week on Thursdays, 2 p.m. to 6 p.m.; a winter market runs the third Thursday of every month, 12 p.m. to 4 p.m.","Marché saisonnier une fois par semaine, les jeudis de 14 h à 18 h; un marché d'hiver a lieu le troisième jeudi de chaque mois, de 12 h à 16 h.","","","False","14:00","18:00","Winter market: third Thursday of every month, 12-4 p.m., at Shawn & Ed Brewing Company.","Produce and other locally grown and produced foods.","Fruits et légumes et autres aliments cultivés et produits localement.","https://dundasfarmersmarket.ca/?page_id=7","https://www.google.com/maps/search/?api=1&query=Dundas%20Farmers%27%20Market%2C%20Corner%20of%20Hatt%20Street%20and%20Miller%27s%20Lane%20%28Municipal%20Parking%20Lot%207D%29%2C%20Dundas%2C%20Ontario%2C%20Canada","official market","","2026-08-28","Medium","The market operates seasonally once a week on Thursdays from 2pm to 6pm at the corner of Hatt street and Miller's Lane in Dundas.","FLAGGED - no season dates or year on the market's own page. The homepage states ""Dundas Farmers' Winter Market Third Thursday of Every Month 12-4pm at Shawn & Ed Brewing Company!"" (https://dundasfarmersmarket.ca/). The Farmers' Markets Ontario listing gives a May 8 - October 15, 2026 season. Dundas Community Services lists the venue as Municipal Parking Lot 7D at Hatt Street and Miller's Lane.","SIGNALÉ - aucune date de saison ni année sur la page du marché. La page d'accueil annonce un marché d'hiver le troisième jeudi du mois, de 12 h à 16 h. La fiche de Farmers' Markets Ontario indique une saison du 8 mai au 15 octobre 2026."
"swon-052","Ancaster Farmers Market","Ancaster","City of Hamilton","Ancaster Memorial Arts Centre, 357 Wilson Street East","43.227369","-79.9766527","farmers market","[""Wednesday""]","Every Wednesday, 3 p.m. to 7 p.m., from June 3 to October 7, 2026, at the Ancaster Memorial Arts Centre.","Tous les mercredis, de 15 h à 19 h, du 3 juin au 7 octobre 2026, au Ancaster Memorial Arts Centre.","2026-06-03","2026-10-07","False","15:00","19:00","","Locally grown products from about 45 vendors.","Produits cultivés localement par une quarantaine de marchands.","https://farmersmarketsontario.com/markets/ancaster-farmers-market","https://www.google.com/maps/search/?api=1&query=Ancaster%20Farmers%20Market%2C%20Ancaster%20Memorial%20Arts%20Centre%2C%20357%20Wilson%20Street%20East%2C%20Ancaster%2C%20Ontario%2C%20Canada","provincial association","2026","2026-08-28","High","Operating Season Seasonal; Opening Date June 3, 2026; Closing Date October 7, 2026; Days Open Wednesday; Hours 3:00 pm - 7:00 pm","The 2026 schedule comes from Farmers' Markets Ontario. The market's own site still displays its 2025 season.","L'horaire 2026 provient de Farmers' Markets Ontario. Le site du marché affiche encore sa saison 2025."
"swon-053","Waterdown Farmers' Market","Waterdown","City of Hamilton","Royal Canadian Legion, 79 Hamilton Street North","43.3332804","-79.9002038","farmers market","[""Saturday""]","Saturdays, 8 a.m. to 1 p.m., May 23 to October 17, 2026, at the Royal Canadian Legion.","Les samedis, de 8 h à 13 h, du 23 mai au 17 octobre 2026, à la Légion royale canadienne.","2026-05-23","2026-10-17","False","08:00","13:00","Opening ceremonies May 30; ""Let's Get Growing"" programming May 30 - June 20.","Food grown by participating farmers and vendor products; specific items not listed.","Aliments cultivés par les fermiers participants et produits des marchands; articles précis non énumérés.","https://www.waterdownfarmersmarket.ca","https://www.google.com/maps/search/?api=1&query=Waterdown%20Farmers%27%20Market%2C%20Royal%20Canadian%20Legion%2C%2079%20Hamilton%20Street%20North%2C%20Waterdown%2C%20Ontario%2C%20Canada","official market","2026","2026-08-28","High","SATURDAYS 8 AM - 1 PM MAY 23 - OCT. 17, 2026 ROYAL CANADIAN LEGION 79 Hamilton St. N","Matches the Farmers' Markets Ontario listing for 2026.","Correspond à la fiche 2026 de Farmers' Markets Ontario."
"swon-054","Locke Street Farmers' Market","Hamilton","City of Hamilton","260 Locke Street South (Locke Street Tire and Automotive parking lot, at Herkimer)","43.2527534","-79.8871269","farmers market","[""Saturday""]","Every Saturday, 9 a.m. to 12 p.m., rain or shine, May 9 to November 7, 2026.","Tous les samedis, de 9 h à 12 h, beau temps mauvais temps, du 9 mai au 7 novembre 2026.","2026-05-09","2026-11-07","False","09:00","12:00","","Fresh, local food from about 14 vendors.","Aliments frais et locaux d'une quinzaine de marchands.","https://lockestreetfarmersmarket.com/","https://www.google.com/maps/search/?api=1&query=Locke%20Street%20Farmers%27%20Market%2C%20260%20Locke%20Street%20South%20%28Locke%20Street%20Tire%20and%20Automotive%20parking%20lot%2C%20at%20Herkimer%29%2C%20Hamilton%2C%20Ontario%2C%20Canada","official market","2026","2026-08-28","High","Opening Day: Saturday May 9, 2026 ... Hours of Operation: 9am-12pm every Saturday, rain or shine! ... Location: 260 Locke Street South at the corner of Locke and Herkimer in the Locke Street Tire and Automotive Parking Lot ... The market opens May 9th and ends November 7th, 2026 for the season!","Matches the Farmers' Markets Ontario listing for 2026.","Correspond à la fiche 2026 de Farmers' Markets Ontario."
"swon-055","Ottawa Street Farmers' Market","Hamilton","City of Hamilton","3 Brittania Avenue (Ottawa Street Shopping District)","43.2483094","-79.8168785","farmers market","[""Saturday""]","Every Saturday, 8 a.m. to 2 p.m., April 11 to November 28 (year not stated on the official page).","Tous les samedis, de 8 h à 14 h, du 11 avril au 28 novembre (l'année n'est pas précisée sur la page officielle).","04-11","11-28","False","08:00","14:00","","Locally grown fruit and vegetables, fish, meat and cheese, artisan breads and desserts, VQA wine, raw honey, prepared foods, gourmet dog treats and natural skin care.","Fruits et légumes cultivés localement, poisson, viande et fromage, pains et desserts artisanaux, vin VQA, miel cru, plats préparés, gâteries gourmandes pour chiens et soins de la peau naturels.","https://www.ottawastreetfarmers.com","https://www.google.com/maps/search/?api=1&query=Ottawa%20Street%20Farmers%27%20Market%2C%203%20Brittania%20Avenue%20%28Ottawa%20Street%20Shopping%20District%29%2C%20Hamilton%2C%20Ontario%2C%20Canada","official market","","2026-08-28","Medium","8AM - 2PM Every Saturday April 11th to November 28th ... Located in the heart of the Ottawa Street Shopping District in Hamilton","FLAGGED - no year stated; April 11 and November 28 are both Saturdays in 2026, which is consistent with a 2026 season, but the Farmers' Markets Ontario listing instead shows April 6 - December 21, 2026. Address from the FMO listing.","SIGNALÉ - aucune année indiquée; le 11 avril et le 28 novembre tombent un samedi en 2026, ce qui est compatible avec la saison 2026, mais la fiche de Farmers' Markets Ontario indique plutôt du 6 avril au 21 décembre 2026."
"swon-056","Burlington Centre Lions Farmers' Market","Burlington","City of Burlington, Halton Region","Burlington Centre, 777 Guelph Line","43.3510158","-79.789922","farmers market","[""Wednesday"", ""Friday"", ""Saturday""]","Wednesdays, Fridays and Saturdays, 7 a.m. to 2:30 p.m., May 20 to October 24, 2026, with an additional Wednesday evening market 2:30 to 7:30 p.m. from June 3 to September 30, 2026.","Les mercredis, vendredis et samedis, de 7 h à 14 h 30, du 20 mai au 24 octobre 2026, avec un marché supplémentaire le mercredi soir de 14 h 30 à 19 h 30, du 3 juin au 30 septembre 2026.","2026-05-20","2026-10-24","False","07:00","14:30","Additional Wednesday evening market 2:30-7:30 p.m., June 3 to September 30, 2026.","Ontario-grown fruits and vegetables, local meats, baked goods, specialty foods, honey, preserves, handmade pantry staples and artisan products.","Fruits et légumes cultivés en Ontario, viandes locales, produits de boulangerie, aliments spécialisés, miel, conserves, denrées faites main et produits artisanaux.","https://www.burlingtonlionsclub.ca/burlington-farmers-market","https://www.google.com/maps/search/?api=1&query=Burlington%20Centre%20Lions%20Farmers%27%20Market%2C%20Burlington%20Centre%2C%20777%20Guelph%20Line%2C%20Burlington%2C%20Ontario%2C%20Canada","official market","2026","2026-08-28","High","The market runs Wednesdays, Fridays, and Saturdays from 7:00 AM to 2:30 PM, May 20 through October 24, 2026, with an additional Wednesday evening market from 2:30 to 7:30 PM running June 3 through September 30.","Address 777 Guelph Line from the Farmers' Markets Ontario listing, which gives the same 2026 season but hours of 8 a.m. to 2 p.m. (https://farmersmarketsontario.com/markets/burlington-centre-lions-farmers-market).","Adresse 777 Guelph Line tirée de la fiche de Farmers' Markets Ontario, qui donne la même saison 2026 mais des heures de 8 h à 14 h."
"swon-057","Caledonia Farmers' Market","Caledonia","Haldimand County","Caledonia Baptist Church parking lot, 401 Argyle Street South","43.0594759","-79.9646676","farmers market","[""Thursday""]","Thursday evenings, 2 p.m. to 7 p.m., May through December, outside in the Caledonia Baptist Church parking lot.","Les jeudis soirs, de 14 h à 19 h, de mai à décembre, à l'extérieur dans le stationnement de l'église baptiste de Caledonia.","05-01","12-31","False","14:00","19:00","","Farm-to-table food from over 15 local Haldimand farm vendors.","Aliments de la ferme à la table de plus de 15 marchands agricoles locaux de Haldimand.","https://www.caledoniafarmersmarket.ca/","https://www.google.com/maps/search/?api=1&query=Caledonia%20Farmers%27%20Market%2C%20Caledonia%20Baptist%20Church%20parking%20lot%2C%20401%20Argyle%20Street%20South%2C%20Caledonia%2C%20Ontario%2C%20Canada","official market","","2026-08-28","High","The market takes place outside in the parking lot of the Caledonia Baptist Church. Thursday evening from 2-7pm. Located at 401 Argyle St South. The market is operated by local Haldimand farmers and is open from May through December with over 15 vendors.","Confirmed by Tourism Haldimand: ""Every Thursday from 2 to 7 p.m. (May to December) ... Caledonia Baptist Church, 401 Argyle St. S."" (https://www.tourismhaldimand.ca/eat-drink/farmers-markets/). No schedule year published; the Farmers' Markets Ontario listing gives May 14 - December 17, 2026.","Confirmé par Tourisme Haldimand. Aucune année d'horaire publiée; la fiche de Farmers' Markets Ontario indique du 14 mai au 17 décembre 2026."
"swon-058","Dunnville Farmers' Market","Dunnville","Haldimand County","240 Main Street East (behind the Beer Store)","42.9011461","-79.6157065","farmers market","[""Tuesday"", ""Saturday""]","Saturdays 7 a.m. to 12 noon, April 4 to December 19, 2026; Tuesdays 2 p.m. to 7 p.m., May 5 to December 22, 2026.","Les samedis de 7 h à midi, du 4 avril au 19 décembre 2026; les mardis de 14 h à 19 h, du 5 mai au 22 décembre 2026.","2026-04-04","2026-12-22","False","07:00","12:00","Saturday and Tuesday seasons start on different dates (Apr 4 and May 5, 2026). Tourism Haldimand notes a special Christmas Market on Saturday, December 6, 2 to 6 p.m., and a last market of the year on December 23.","Fresh quality produce, value-added farm products and artisan crafts.","Produits frais de qualité, produits agricoles à valeur ajoutée et artisanat.","https://www.dunnvillefarmersmarket.ca/","https://www.google.com/maps/search/?api=1&query=Dunnville%20Farmers%27%20Market%2C%20240%20Main%20Street%20East%20%28behind%20the%20Beer%20Store%29%2C%20Dunnville%2C%20Ontario%2C%20Canada","official market","2026","2026-08-28","High","CLOSED FOR THE SEASON OPENING APRIL 4th 2026 ... Open Saturdays from 7am until 12 noon ... April 4th 2026 to December 19th ... Tuesdays 2pm -7pm ... May 5th to December 22,2026","FLAGGED - address conflict. Tourism Haldimand lists ""218 Main St. E., just east of the bridge"" and Tuesday hours of 2 to 6 p.m. (https://www.tourismhaldimand.ca/eat-drink/farmers-markets/); the Farmers' Markets Ontario listing gives ""240 Main St., behind the Beer Store"".","SIGNALÉ - conflit d'adresse. Tourisme Haldimand indique le 218, rue Main Est et des heures du mardi de 14 h à 18 h; la fiche de Farmers' Markets Ontario donne le 240, rue Main, derrière le Beer Store."
"swon-059","Hagersville Farmers' Market","Hagersville","Haldimand County","Market Square behind the post office (1 Main Street South)","42.9612506","-80.0511705","farmers market","[""Wednesday""]","Wednesdays, 7 a.m. to 12 p.m., May to October, in Market Square behind the post office.","Les mercredis, de 7 h à 12 h, de mai à octobre, à Market Square derrière le bureau de poste.","05-01","10-31","False","07:00","12:00","","Fresh produce and meats from local farmers.","Produits frais et viandes de fermiers locaux.","https://www.tourismhaldimand.ca/eat-drink/farmers-markets/","https://www.google.com/maps/search/?api=1&query=Hagersville%20Farmers%27%20Market%2C%20Market%20Square%20behind%20the%20post%20office%20%281%20Main%20Street%20South%29%2C%20Hagersville%2C%20Ontario%2C%20Canada","municipal","","2026-08-28","Medium","Hagersville Farmers Market When: Wednesdays from 7 a.m. to 12 p.m. (May to October) Where: Market Square behind the post office","Street reference 1 Main Street South from the Farmers' Markets Ontario listing, which gives a May 6 - October 7, 2026 season (https://farmersmarketsontario.com/markets/hagersville-farmers-market). No schedule year on the county tourism page.","La référence « 1, rue Main Sud » provient de la fiche de Farmers' Markets Ontario, qui indique une saison du 6 mai au 7 octobre 2026. Aucune année d'horaire sur la page touristique du comté."
"swon-060","Simcoe Farmers Market","Simcoe","Norfolk County","172 South Drive (Grandstands Building, Norfolk County Fairgrounds)","42.8280752","-80.3059461","public market","[""Thursday""]","Every Thursday, 8 a.m. to 2 p.m., year round, on the Norfolk County Fairgrounds.","Tous les jeudis, de 8 h à 14 h, à l'année, sur le terrain de l'exposition du comté de Norfolk.","","","True","08:00","14:00","","Fresh local produce, baked goods, homemade treats and handmade crafts.","Produits locaux frais, produits de boulangerie, gâteries maison et artisanat.","https://simcoefarmersmarket.com/contact-us/","https://www.google.com/maps/search/?api=1&query=Simcoe%20Farmers%20Market%2C%20172%20South%20Drive%20%28Grandstands%20Building%2C%20Norfolk%20County%20Fairgrounds%29%2C%20Simcoe%2C%20Ontario%2C%20Canada","official market","","2026-08-28","High","Market hours: Every Thursday from 8 am to 2 pm ... Address: 172 South Dr, Simcoe, Ontario N3Y1G6","The market's homepage states ""Shop with us year-round"" and that in October 2025 it moved to the main level of the Grandstands Building on the Norfolk County Fairgrounds (https://simcoefarmersmarket.com/). The Farmers' Markets Ontario listing gives hours of 8:00 am to 3:00 pm and a Jan 5 - Dec 30, 2026 season.","La page d'accueil du marché indique une ouverture à l'année et un déménagement, en octobre 2025, au niveau principal du bâtiment des estrades. La fiche de Farmers' Markets Ontario indique des heures de 8 h à 15 h et une saison du 5 janvier au 30 décembre 2026."
"swon-061","Port Rowan Farmers' Market","Port Rowan","Norfolk County","Lions Pavilion, Port Rowan Harbour, 11 Sea Queen Road","42.6216999","-80.4492699","farmers market","[""Friday""]","Every Friday, 3 p.m. to 6 p.m., June 5 to December 11, 2026, at the Lions Pavilion in Port Rowan Harbour.","Tous les vendredis, de 15 h à 18 h, du 5 juin au 11 décembre 2026, au pavillon des Lions du port de Port Rowan.","2026-06-05","2026-12-11","False","15:00","18:00","","Products from local farms and artisans, including handcrafted goods and prepared foods, from about 22 vendors.","Produits de fermes et d'artisans locaux, dont des articles faits main et des plats préparés, auprès d'une vingtaine de marchands.","https://farmersmarketsontario.com/markets/port-rowan-farmers-market","https://www.google.com/maps/search/?api=1&query=Port%20Rowan%20Farmers%27%20Market%2C%20Lions%20Pavilion%2C%20Port%20Rowan%20Harbour%2C%2011%20Sea%20Queen%20Road%2C%20Port%20Rowan%2C%20Ontario%2C%20Canada","provincial association","2026","2026-08-28","Medium","Operating Season Seasonal; Opening Date June 5, 2026; Closing Date December 11, 2026; Days Open Friday; Hours 3-6 PM","FLAGGED - the market's own website is out of date, with 2021 COVID-era content and a 2023 holiday market; it confirms the recurring pattern ""Every Friday ... 3 to 6 pm ... at the Port Rowan Harbour ... June thru Thanksgiving"" and the Lions Pavilion location (https://portrowanfarmersmarket.ca/). The 2026 dates come from the provincial association listing.","SIGNALÉ - le site du marché n'est pas à jour (contenu de 2021 et marché des fêtes de 2023); il confirme l'horaire récurrent du vendredi de 15 h à 18 h au port de Port Rowan. Les dates 2026 proviennent de la fiche de l'association provinciale."
"swon-062","St. Catharines Farmers Market","St. Catharines","City of St. Catharines, Niagara Region","Market Square, 91 King Street","43.1587149","-79.2464365","public market","[""Thursday"", ""Saturday""]","Year round: Saturdays 7 a.m. to 2 p.m.; February through December: Thursdays 8 a.m. to 2 p.m.","À l'année : les samedis de 7 h à 14 h; de février à décembre : les jeudis de 8 h à 14 h.","","","True","07:00","14:00","Thursday market operates February through December only (not in January).","Farm-fresh produce, baked goods, pasture-raised hormone-free pork, chicken and beef, local honey and preserves, cured meats, gourmet cheeses, fresh-cut flowers, plants and artisan products.","Produits frais de la ferme, produits de boulangerie, porc, poulet et bœuf élevés en pâturage sans hormones, miel et conserves locaux, charcuteries, fromages fins, fleurs coupées, plantes et produits artisanaux.","https://www.stcatharines.ca/arts-culture-and-events/farmers-market/","https://www.google.com/maps/search/?api=1&query=St.%20Catharines%20Farmers%20Market%2C%20Market%20Square%2C%2091%20King%20Street%2C%20St.%20Catharines%2C%20Ontario%2C%20Canada","municipal","","2026-08-28","High","The St. Catharines Farmers Market hours: Year round: Saturdays from 7 a.m. to 2 p.m.; February through December: Thursdays from 8 a.m. to 2 p.m. ... The Farmers Market can be found at the corner of King Street and James Street. Market Square 91 King St. St. Catharines, Ont. L2R 3H6","Operating since 1848; year-round Saturday market. Opening time recorded as the earliest across both days.","En activité depuis 1848; marché du samedi ouvert à l'année. L'heure d'ouverture indiquée est la plus hâtive des deux jours."
"swon-063","Welland Farmers Market","Welland","City of Welland, Niagara Region","Market Square, 70 Young Street","42.9898466","-79.2488152","public market","[""Saturday""]","Saturdays, 7 a.m. to noon; indoor vendors sell year-round and some outdoor specialty vendors remain through the winter months.","Les samedis, de 7 h à midi; les marchands intérieurs vendent à l'année et quelques marchands spécialisés extérieurs restent pendant les mois d'hiver.","","","True","07:00","12:00","","Meat, cheese, eggs, baked goods, prepared foods, take-home meals, full breakfast service, fruits, vegetables and handmade goods.","Viande, fromage, œufs, produits de boulangerie, plats préparés, repas à emporter, service de petit-déjeuner complet, fruits, légumes et articles faits main.","https://www.welland.ca/Market/index.asp","https://www.google.com/maps/search/?api=1&query=Welland%20Farmers%20Market%2C%20Market%20Square%2C%2070%20Young%20Street%2C%20Welland%2C%20Ontario%2C%20Canada","municipal","","2026-08-28","High","70 Young St., Welland, ON L3B 4C5 ... Saturdays 7 a.m. to noon ... Our indoor vendors sell year-round and a few outdoor specialty vendors stick around during the winter months as well.","Operating since 1907; year-round market. The Farmers' Markets Ontario listing confirms a Jan 1 - Dec 31, 2026 operating season.","En activité depuis 1907; marché ouvert à l'année. La fiche de Farmers' Markets Ontario confirme une saison du 1er janvier au 31 décembre 2026."
"swon-064","Seaway Mall Farmers' Market","Welland","City of Welland, Niagara Region","Front parking lot, Seaway Mall, 800 Niagara Street","","","seasonal community market","[""Monday""]","Mondays, noon to 5 p.m., June to October, in the front parking lot of Seaway Mall.","Les lundis, de midi à 17 h, de juin à octobre, dans le stationnement avant du centre commercial Seaway.","06-01","10-31","False","12:00","17:00","","n.a. - products not itemised in the source.","n.a. - les produits ne sont pas énumérés dans la source.","https://www.readgrapevine.ca/p/2026-niagara-markets-guide","https://www.google.com/maps/search/?api=1&query=Seaway%20Mall%20Farmers%27%20Market%2C%20Front%20parking%20lot%2C%20Seaway%20Mall%2C%20800%20Niagara%20Street%2C%20Welland%2C%20Ontario%2C%20Canada","other","2026","2026-08-28","Medium","When: Mondays, noon-5 p.m., June to October ... Where: Front parking lot, Seaway Mall, 800 Niagara Street, Welland","FLAGGED - source is a 2026 Niagara markets guide published by The Grapevine (local media), not an official market page. The mall's own event page documents a market at the same address (Front Parking Lot, 800 Niagara St.) but only for a September 8, 2025 date, 1-6 p.m. (https://seawaymall.com/mallevents/farmers-market-11/).","SIGNALÉ - la source est un guide 2026 des marchés du Niagara publié par The Grapevine (média local) et non une page officielle. La page d'événements du centre commercial documente un marché à la même adresse, mais uniquement pour le 8 septembre 2025, de 13 h à 18 h."
"swon-065","Niagara Falls Farmers' Market","Niagara Falls","City of Niagara Falls, Niagara Region","MacBain Community Centre, 7150 Montrose Road","43.0713978","-79.1242418","farmers market","[""Saturday""]","Every Saturday, 7 a.m. to 1 p.m., May 23 to October 10, 2026, at the MacBain Community Centre.","Tous les samedis, de 7 h à 13 h, du 23 mai au 10 octobre 2026, au centre communautaire MacBain.","2026-05-23","2026-10-10","False","07:00","13:00","","Local produce and market goods from about 35 vendors.","Produits locaux et denrées de marché d'une trentaine de marchands.","https://farmersmarketsontario.com/markets/niagara-falls-farmers-market","https://www.google.com/maps/search/?api=1&query=Niagara%20Falls%20Farmers%27%20Market%2C%20MacBain%20Community%20Centre%2C%207150%20Montrose%20Road%2C%20Niagara%20Falls%2C%20Ontario%2C%20Canada","provincial association","2026","2026-08-28","Medium","Opening Date May 23, 2026; Closing Date October 10, 2026; Days Open Saturday; Hours 7am-1pm","FLAGGED - the market operator's own page still advertises the 2025 season: ""The 2025 spring-summer season of Niagara Falls Farmers' Market will begin on May 17, 2025, and will end on October 25, 2025, at the MacBain Community Centre (7150 Montrose Road, Niagara Falls, Ontario, L2H 3N3). Market hours are every Saturday from 7 am to 1 pm."" (https://nfexchange.ca/market). The 2026 dates are corroborated by a 2026 Niagara markets guide (https://www.readgrapevine.ca/p/2026-niagara-markets-guide).","SIGNALÉ - la page de l'exploitant annonce encore la saison 2025. Les dates 2026 sont corroborées par un guide 2026 des marchés du Niagara."
"swon-066","The Market at The Village","Niagara-on-the-Lake","Town of Niagara-on-the-Lake, Niagara Region","The Village, 111 Garrison Village Drive","43.245048","-79.0943223","farmers market","[""Saturday""]","Saturdays, 8 a.m. to 1 p.m., May 30 to October 3, 2026, at The Village in Niagara-on-the-Lake.","Les samedis, de 8 h à 13 h, du 30 mai au 3 octobre 2026, à The Village, à Niagara-on-the-Lake.","2026-05-30","2026-10-03","False","08:00","13:00","","Local food from about 23 vendors; the market is ""dedicated to getting local food into local hands"".","Aliments locaux d'une vingtaine de marchands; le marché se consacre à mettre les aliments locaux entre les mains de la population locale.","https://www.marketatthevillage.com/","https://www.google.com/maps/search/?api=1&query=The%20Market%20at%20The%20Village%2C%20The%20Village%2C%20111%20Garrison%20Village%20Drive%2C%20Niagara-on-the-Lake%2C%20Ontario%2C%20Canada","official market","2026","2026-08-28","High","Saturdays May 30, 2026 - October 3, 2026 8am - 1pm ... The Village, Niagara-on-the-Lake, Ontario","Address 111 Garrison Village Drive from the Farmers' Markets Ontario listing; a 2026 Niagara guide describes the site as ""Clayfield Commons Market Square, 25 Clayfield Commons"".","Adresse 111 Garrison Village Drive tirée de la fiche de Farmers' Markets Ontario; un guide 2026 du Niagara décrit le site comme « Clayfield Commons Market Square, 25 Clayfield Commons »."
"swon-067","Farmers' Market of Grimsby","Grimsby","Town of Grimsby, Niagara Region","Main Street between Christie Street and Ontario Street","43.2001072","-79.5834243","farmers market","[""Thursday""]","Every Thursday, 3 p.m. to 7 p.m., June 4 to October 8, 2026, on Main Street between Christie and Ontario Streets.","Tous les jeudis, de 15 h a 19 h, du 4 juin au 8 octobre 2026, rue Main entre les rues Christie et Ontario.","2026-06-04","2026-10-08","False","15:00","19:00","","Home-grown Niagara Region products, farm-fresh produce, baked goods and hand-crafted items from about 37 vendors.","Produits cultives dans la region de Niagara, fruits et legumes frais, produits de boulangerie et articles artisanaux d'une trentaine de marchands.","http://grimsbyfarmersmarket.ca/","https://www.google.com/maps/search/?api=1&query=Farmers%27%20Market%20of%20Grimsby%2C%20Main%20Street%20between%20Christie%20Street%20and%20Ontario%20Street%2C%20Grimsby%2C%20Ontario%2C%20Canada","official market","2026","2026-08-28","Medium","The Grimsby Farmers' Market runs every Thursday on Main Street (between Christie and Ontario St).","Day and location from the market's own site (no dates/hours given there). Season dates June 4 - October 8, 2026 and hours 3-7 p.m. from the Farmers' Markets Ontario listing (https://farmersmarketsontario.com/markets/farmers-market-of-grimsby). A 2026 Niagara guide says the site is the ""Major Refrigeration Peach King Centre, Grimsby, for the rest of the 2026 season"" (https://www.readgrapevine.ca/p/2026-niagara-markets-guide) - verify the current site before publishing.","Jour et lieu tires du site du marche; dates et heures tirees de la fiche de Farmers' Markets Ontario. Un guide 2026 indique un deplacement vers le Peach King Centre pour le reste de la saison 2026 - a verifier."
"swon-068","Pelham Farmers' Market","Fonthill","Town of Pelham, Niagara Region","Municipal parking lot, 20 Pelham Town Square","43.0440809","-79.2838118","farmers market","[""Thursday""]","Thursdays, 4 p.m. until dusk, May to October, in the municipal parking lot at 20 Pelham Town Square, Fonthill. A 2026 Niagara markets guide gives the 2026 season as May 7 to October 1, 2026.","Les jeudis, de 16 h jusqu'au crepuscule, de mai a octobre, dans le stationnement municipal au 20 Pelham Town Square, a Fonthill. Un guide 2026 des marches du Niagara donne la saison 2026 du 7 mai au 1er octobre 2026.","2026-05-07","2026-10-01","False","16:00","dusk","","Pelham's best produce and fresh, high-quality food from about 23 vendors.","Les meilleurs fruits et legumes de Pelham et des aliments frais de qualite d'une vingtaine de marchands.","https://www.pelham.ca/en/recreation-and-leisure/farmers-market.aspx","https://www.google.com/maps/search/?api=1&query=Pelham%20Farmers%27%20Market%2C%20Municipal%20parking%20lot%2C%2020%20Pelham%20Town%20Square%2C%20Fonthill%2C%20Ontario%2C%20Canada","municipal","2026","2026-08-28","Medium","Where: Municipal Parking Lot, 20 Pelham Town Square, Fonthill | Time: 4 p.m. - Dusk | The Pelham Farmers' Market runs each Thursday, from May to October, between 4 p.m. and Dusk.","FLAGGED - the Town of Pelham page still shows the 2024 season (""Thursday, May 2nd, 2024 - Thursday, October 10th, 2024""). The recurring Thursday 4 p.m.-dusk pattern and the location are from that municipal page; the 2026 dates come from a 2026 Niagara markets guide (https://www.readgrapevine.ca/p/2026-niagara-markets-guide). Farmers' Markets Ontario also still lists 2023 dates.","SIGNALE - la page municipale affiche encore la saison 2024. Le modele hebdomadaire et le lieu proviennent de cette page; les dates 2026 proviennent d'un guide 2026 des marches du Niagara."
"swon-069","Port Colborne Farmers' Market","Port Colborne","City of Port Colborne, Niagara Region","Market Square, 59 Charlotte Street (in front of City Hall)","42.8855097","-79.2518983","farmers market","[""Friday""]","Every Friday, 7 a.m. to 12 p.m., May 1 to October 30, 2026, at Market Square, 59 Charlotte Street, in front of City Hall.","Tous les vendredis, de 7 h a 12 h, du 1er mai au 30 octobre 2026, a Market Square, 59, rue Charlotte, devant l'hotel de ville.","2026-05-01","2026-10-30","False","07:00","12:00","No Easter Market in 2026.","Fresh produce, prepared foods, meats and cheeses, handmade creations, baked goods, flowers and bedding plants from 38-40+ vendors.","Fruits et legumes frais, plats prepares, viandes et fromages, creations artisanales, produits de boulangerie, fleurs et plants a repiquer, offerts par plus de 38 marchands.","https://www.portcolborne.ca/en/recreation-and-leisure/farmers-market.aspx","https://www.google.com/maps/search/?api=1&query=Port%20Colborne%20Farmers%27%20Market%2C%20Market%20Square%2C%2059%20Charlotte%20Street%20%28in%20front%20of%20City%20Hall%29%2C%20Port%20Colborne%2C%20Ontario%2C%20Canada","municipal","2026","2026-08-28","High","The official start of the regular season is Friday, May 1, 2026 and every Friday morning from 7 a.m. to 12 p.m., until October 30, 2026. ... Where: Market Square, 59 Charlotte Street, located directly in front of City Hall","The City page also states: ""Please note, the BIA will not be hosting an Easter Market this year.""","La page municipale precise que la BIA n'organisera pas de marche de Paques cette annee."
"swon-070","Ridgeway Farmers Market","Ridgeway","Town of Fort Erie, Niagara Region","Village Square / Friendship Trail lot, 282 Ridge Road North","42.886012","-79.052091","farmers market","[""Saturday""]","Saturdays, 8 a.m. to 1 p.m., May 9 to October 10, 2026, at the Village Square / Friendship Trail lot, 282 Ridge Road North, Ridgeway.","Les samedis, de 8 h a 13 h, du 9 mai au 10 octobre 2026, a la Village Square / stationnement du Friendship Trail, 282, chemin Ridge Nord, a Ridgeway.","2026-05-09","2026-10-10","False","08:00","13:00","","Fresh produce, baking and artisanal products from about 40 vendors.","Fruits et legumes frais, produits de boulangerie et produits artisanaux d'une quarantaine de marchands.","https://farmersmarketsontario.com/markets/ridgeway-farmers-market","https://www.google.com/maps/search/?api=1&query=Ridgeway%20Farmers%20Market%2C%20Village%20Square%20/%20Friendship%20Trail%20lot%2C%20282%20Ridge%20Road%20North%2C%20Ridgeway%2C%20Ontario%2C%20Canada","provincial association","2026","2026-08-28","Medium","Opening Date May 9, 2026; Closing Date October 10, 2026; Days Open Saturday; Hours 8am-1pm","Address and season pattern corroborated by a 2026 Niagara markets guide: ""When: Saturdays, 8 a.m.-1 p.m., from the May long weekend through Thanksgiving weekend ... Where: Village Square / Friendship Trail lot, 282 Ridge Road North, Ridgeway, Fort Erie"" (https://www.readgrapevine.ca/p/2026-niagara-markets-guide). The operator link on the FMO listing (historicridgeway.com) did not resolve when checked.","Adresse et saison corroborees par un guide 2026 des marches du Niagara. Le lien de l'exploitant (historicridgeway.com) ne se resolvait pas lors de la verification."
"swon-072","Wainfleet Farmers Market","Wainfleet","Township of Wainfleet, Niagara Region","Pavilion behind the Wainfleet Arena, 32081 Side Road 20","42.9203156","-79.3779821","farmers market","[""Tuesday""]","Tuesdays, 3 p.m. to 7 p.m., June 9 to September 8, 2026, at the pavilion behind the Wainfleet Arena, 32081 Side Road 20.","Les mardis, de 15 h a 19 h, du 9 juin au 8 septembre 2026, au pavillon derriere l'arena de Wainfleet, 32081 Side Road 20.","2026-06-09","2026-09-08","False","15:00","19:00","","Fresh produce and local goods from about 25 vendors.","Fruits et legumes frais et produits locaux d'une vingtaine de marchands.","https://farmersmarketsontario.com/markets/wainfleet-farmers-market","https://www.google.com/maps/search/?api=1&query=Wainfleet%20Farmers%20Market%2C%20Pavilion%20behind%20the%20Wainfleet%20Arena%2C%2032081%20Side%20Road%2020%2C%20Wainfleet%2C%20Ontario%2C%20Canada","provincial association","2026","2026-08-28","Medium","Opening Date June 9, 2026; Closing Date September 8, 2026; Days Open Tuesday; Hours 3:00 pm to 7:00 pm","The Township of Wainfleet community-calendar page only lists 2024 dates (""Jul 9 2024 | 3 - 7pm""), so the 2026 dates come from the Farmers' Markets Ontario listing; a 2026 Niagara guide corroborates ""Tuesdays, 3-7 p.m., June through September"" at the arena pavilion (https://www.readgrapevine.ca/p/2026-niagara-markets-guide).","La page du calendrier municipal n'affiche que des dates de 2024; les dates 2026 proviennent de Farmers' Markets Ontario, corroborees par un guide 2026 du Niagara."
"swon-073","Thorold Community Market","Thorold","City of Thorold, Niagara Region","Battle of Beaverdams Park","","","seasonal community market","[""Wednesday""]","Wednesday evenings through the summer at Battle of Beaverdams Park; the market opens at 5 p.m. The City page confirms a Wednesday-evening summer market and a Grand Finale on Saturday, September 5.","Les mercredis soir durant l'ete, au parc Battle of Beaverdams; le marche ouvre a 17 h. La page municipale confirme un marche du mercredi soir en ete et une grande finale le samedi 5 septembre.","","","False","17:00","","","Fresh local produce, food vendors and artisans; a licensed patio is also mentioned.","Fruits et legumes locaux frais, camions de cuisine de rue et artisans; une terrasse avec permis d'alcool est aussi mentionnee.","https://www.thorold.ca/recreation-culture-community/events/thorold-community-market/","https://www.google.com/maps/search/?api=1&query=Thorold%20Community%20Market%2C%20Battle%20of%20Beaverdams%20Park%2C%20Thorold%2C%20Ontario%2C%20Canada","municipal","","2026-08-28","Medium","The Thorold Community Market Grand Finale is scheduled for Saturday September 5 from 12:00 to 4:00 p.m. This is a free event located in Battle of Beaverdams Park. ... The Thorold Community Market will open at 5 p.m.","Mixed community market rather than a producer-only farmers' market. The City page does not state the regular closing time or the season start/end dates and does not state a year; the Thorold BIA advertises ""Every Wednesday Evening starting June 11th - September 3rd (weather permitting)"" (https://thoroldbia.com/pages/community-market-car-show), which is not the municipal source and is not dated by year, so season fields are left null.","Marche communautaire mixte plutot que marche fermier de producteurs. La page municipale n'indique ni l'heure de fermeture ni les dates de saison; les dates de la BIA ne sont pas datees par annee, donc les champs de saison restent nuls."
