hs_code,heading,description,full_description,tariff_rate_pct,sector,import_value_cad,value_year,value_scope,source_url
0402.10.10,"Milk and cream, concentrated or containing added sugar or other sweetening matter.","- In powder, granules or other solid forms, of a fat content, by weight, not exceeding 1.5%: Within access commitment","Milk and cream, concentrated or containing added sugar or other sweetening matter. - In powder, granules or other solid forms, of a fat content, by weight, not exceeding 1.5%: Within access commitment",50,Dairy,,,Official aggregate only: C$27.6B across full measure,https://www.canada.ca/en/department-finance/programs/international-trade-finance-policy/canadas-response-us-tariffs/complete-list-us-products-subject-to-counter-tariffs.html
0402.10.20,"Milk and cream, concentrated or containing added sugar or other sweetening matter.","- In powder, granules or other solid forms, of a fat content, by weight, not exceeding 1.5%: Over access commitment","Milk and cream, concentrated or containing added sugar or other sweetening matter. - In powder, granules or other solid forms, of a fat content, by weight, not exceeding 1.5%: Over access commitment",50,Dairy,,,Official aggregate only: C$27.6B across full measure,https://www.canada.ca/en/department-finance/programs/international-trade-finance-policy/canadas-response-us-tariffs/complete-list-us-products-subject-to-counter-tariffs.html
0402.21.11,"Milk and cream, concentrated or containing added sugar or other sweetening matter.","- In powder, granules or other solid forms, of a fat content, by weight, exceeding 1.5%: Not containing added sugar or other sweetening matter: Milk: Within access commitment","Milk and cream, concentrated or containing added sugar or other sweetening matter. - In powder, granules or other solid forms, of a fat content, by weight, exceeding 1.5%: Not containing added sugar or other sweetening matter: Milk: Within access commitment",50,Dairy,,,Official aggregate only: C$27.6B across full measure,https://www.canada.ca/en/department-finance/programs/international-trade-finance-policy/canadas-response-us-tariffs/complete-list-us-products-subject-to-counter-tariffs.html
0402.21.12,"Milk and cream, concentrated or containing added sugar or other sweetening matter.","- In powder, granules or other solid forms, of a fat content, by weight, exceeding 1.5%: Not containing added sugar or other sweetening matter: Milk: Over access commitment","Milk and cream, concentrated or containing added sugar or other sweetening matter. - In powder, granules or other solid forms, of a fat content, by weight, exceeding 1.5%: Not containing added sugar or other sweetening matter: Milk: Over access commitment",50,Dairy,,,Official aggregate only: C$27.6B across full measure,https://www.canada.ca/en/department-finance/programs/international-trade-finance-policy/canadas-response-us-tariffs/complete-list-us-products-subject-to-counter-tariffs.html
0402.21.21,"Milk and cream, concentrated or containing added sugar or other sweetening matter.","- In powder, granules or other solid forms, of a fat content, by weight, exceeding 1.5%: Not containing added sugar or other sweetening matter: Cream: Within access commitment","Milk and cream, concentrated or containing added sugar or other sweetening matter. - In powder, granules or other solid forms, of a fat content, by weight, exceeding 1.5%: Not containing added sugar or other sweetening matter: Cream: Within access commitment",50,Dairy,,,Official aggregate only: C$27.6B across full measure,https://www.canada.ca/en/department-finance/programs/international-trade-finance-policy/canadas-response-us-tariffs/complete-list-us-products-subject-to-counter-tariffs.html
0402.21.22,"Milk and cream, concentrated or containing added sugar or other sweetening matter.","- In powder, granules or other solid forms, of a fat content, by weight, exceeding 1.5%: Not containing added sugar or other sweetening matter: Cream: Over access commitment","Milk and cream, concentrated or containing added sugar or other sweetening matter. - In powder, granules or other solid forms, of a fat content, by weight, exceeding 1.5%: Not containing added sugar or other sweetening matter: Cream: Over access commitment",50,Dairy,,,Official aggregate only: C$27.6B across full measure,https://www.canada.ca/en/department-finance/programs/international-trade-finance-policy/canadas-response-us-tariffs/complete-list-us-products-subject-to-counter-tariffs.html
0402.91.10,"Milk and cream, concentrated or containing added sugar or other sweetening matter.",- Other: Not containing added sugar or other sweetening matter: Within access commitment,"Milk and cream, concentrated or containing added sugar or other sweetening matter. - Other: Not containing added sugar or other sweetening matter: Within access commitment",50,Dairy,,,Official aggregate only: C$27.6B across full measure,https://www.canada.ca/en/department-finance/programs/international-trade-finance-policy/canadas-response-us-tariffs/complete-list-us-products-subject-to-counter-tariffs.html
0402.91.20,"Milk and cream, concentrated or containing added sugar or other sweetening matter.",- Other: Not containing added sugar or other sweetening matter: Over access commitment,"Milk and cream, concentrated or containing added sugar or other sweetening matter. - Other: Not containing added sugar or other sweetening matter: Over access commitment",50,Dairy,,,Official aggregate only: C$27.6B across full measure,https://www.canada.ca/en/department-finance/programs/international-trade-finance-policy/canadas-response-us-tariffs/complete-list-us-products-subject-to-counter-tariffs.html
0402.99.10,"Milk and cream, concentrated or containing added sugar or other sweetening matter.",- Other: Other: Within access commitment,"Milk and cream, concentrated or containing added sugar or other sweetening matter. - Other: Other: Within access commitment",50,Dairy,,,Official aggregate only: C$27.6B across full measure,https://www.canada.ca/en/department-finance/programs/international-trade-finance-policy/canadas-response-us-tariffs/complete-list-us-products-subject-to-counter-tariffs.html
0402.99.20,"Milk and cream, concentrated or containing added sugar or other sweetening matter.",- Other: Other: Over access commitment,"Milk and cream, concentrated or containing added sugar or other sweetening matter. - Other: Other: Over access commitment",50,Dairy,,,Official aggregate only: C$27.6B across full measure,https://www.canada.ca/en/department-finance/programs/international-trade-finance-policy/canadas-response-us-tariffs/complete-list-us-products-subject-to-counter-tariffs.html
0404.10.10,"Whey, whether or not concentrated or containing added sugar or other sweetening matter; products consisting of natural milk constituents, whether or not containing added sugar or other sweetening matter, not elsewhere specified or included.","- Whey and modified whey, whether or not concentrated or containing added sugar or other sweetening matter: Whey protein concentrate","Whey, whether or not concentrated or containing added sugar or other sweetening matter; products consisting of natural milk constituents, whether or not containing added sugar or other sweetening matter, not elsewhere specified or included. - Whey and modified whey, whether or not concentrated or containing added sugar or other sweetening matter: Whey protein concentrate",50,Dairy,,,Official aggregate only: C$27.6B across full measure,https://www.canada.ca/en/department-finance/programs/international-trade-finance-policy/canadas-response-us-tariffs/complete-list-us-products-subject-to-counter-tariffs.html
0404.10.21,"Whey, whether or not concentrated or containing added sugar or other sweetening matter; products consisting of natural milk constituents, whether or not containing added sugar or other sweetening matter, not elsewhere specified or included.","- Whey and modified whey, whether or not concentrated or containing added sugar or other sweetening matter: Powdered whey: Within access commitment","Whey, whether or not concentrated or containing added sugar or other sweetening matter; products consisting of natural milk constituents, whether or not containing added sugar or other sweetening matter, not elsewhere specified or included. - Whey and modified whey, whether or not concentrated or containing added sugar or other sweetening matter: Powdered whey: Within access commitment",50,Dairy,,,Official aggregate only: C$27.6B across full measure,https://www.canada.ca/en/department-finance/programs/international-trade-finance-policy/canadas-response-us-tariffs/complete-list-us-products-subject-to-counter-tariffs.html
0404.10.22,"Whey, whether or not concentrated or containing added sugar or other sweetening matter; products consisting of natural milk constituents, whether or not containing added sugar or other sweetening matter, not elsewhere specified or included.","- Whey and modified whey, whether or not concentrated or containing added sugar or other sweetening matter: Powdered whey: Over access commitment","Whey, whether or not concentrated or containing added sugar or other sweetening matter; products consisting of natural milk constituents, whether or not containing added sugar or other sweetening matter, not elsewhere specified or included. - Whey and modified whey, whether or not concentrated or containing added sugar or other sweetening matter: Powdered whey: Over access commitment",50,Dairy,,,Official aggregate only: C$27.6B across full measure,https://www.canada.ca/en/department-finance/programs/international-trade-finance-policy/canadas-response-us-tariffs/complete-list-us-products-subject-to-counter-tariffs.html
0404.10.90,"Whey, whether or not concentrated or containing added sugar or other sweetening matter; products consisting of natural milk constituents, whether or not containing added sugar or other sweetening matter, not elsewhere specified or included.","- Whey and modified whey, whether or not concentrated or containing added sugar or other sweetening matter: Other","Whey, whether or not concentrated or containing added sugar or other sweetening matter; products consisting of natural milk constituents, whether or not containing added sugar or other sweetening matter, not elsewhere specified or included. - Whey and modified whey, whether or not concentrated or containing added sugar or other sweetening matter: Other",50,Dairy,,,Official aggregate only: C$27.6B across full measure,https://www.canada.ca/en/department-finance/programs/international-trade-finance-policy/canadas-response-us-tariffs/complete-list-us-products-subject-to-counter-tariffs.html
0404.90.10,"Whey, whether or not concentrated or containing added sugar or other sweetening matter; products consisting of natural milk constituents, whether or not containing added sugar or other sweetening matter, not elsewhere specified or included.",- Other: Within access commitment,"Whey, whether or not concentrated or containing added sugar or other sweetening matter; products consisting of natural milk constituents, whether or not containing added sugar or other sweetening matter, not elsewhere specified or included. - Other: Within access commitment",50,Dairy,,,Official aggregate only: C$27.6B across full measure,https://www.canada.ca/en/department-finance/programs/international-trade-finance-policy/canadas-response-us-tariffs/complete-list-us-products-subject-to-counter-tariffs.html
0404.90.20,"Whey, whether or not concentrated or containing added sugar or other sweetening matter; products consisting of natural milk constituents, whether or not containing added sugar or other sweetening matter, not elsewhere specified or included.",- Other: Over access commitment,"Whey, whether or not concentrated or containing added sugar or other sweetening matter; products consisting of natural milk constituents, whether or not containing added sugar or other sweetening matter, not elsewhere specified or included. - Other: Over access commitment",50,Dairy,,,Official aggregate only: C$27.6B across full measure,https://www.canada.ca/en/department-finance/programs/international-trade-finance-policy/canadas-response-us-tariffs/complete-list-us-products-subject-to-counter-tariffs.html
0406.10.10,Cheese and curd.,"- Fresh (unripened or uncured) cheese, including whey cheese, and curd: Within access commitment","Cheese and curd. - Fresh (unripened or uncured) cheese, including whey cheese, and curd: Within access commitment",25,Dairy,,,Official aggregate only: C$27.6B across full measure,https://www.canada.ca/en/department-finance/programs/international-trade-finance-policy/canadas-response-us-tariffs/complete-list-us-products-subject-to-counter-tariffs.html
0406.10.20,Cheese and curd.,"- Fresh (unripened or uncured) cheese, including whey cheese, and curd: Over access commitment","Cheese and curd. - Fresh (unripened or uncured) cheese, including whey cheese, and curd: Over access commitment",25,Dairy,,,Official aggregate only: C$27.6B across full measure,https://www.canada.ca/en/department-finance/programs/international-trade-finance-policy/canadas-response-us-tariffs/complete-list-us-products-subject-to-counter-tariffs.html
0406.20.11,Cheese and curd.,"- Grated or powdered cheese, of all kinds: Cheddar and Cheddar types: Within access commitment","Cheese and curd. - Grated or powdered cheese, of all kinds: Cheddar and Cheddar types: Within access commitment",25,Dairy,,,Official aggregate only: C$27.6B across full measure,https://www.canada.ca/en/department-finance/programs/international-trade-finance-policy/canadas-response-us-tariffs/complete-list-us-products-subject-to-counter-tariffs.html
0406.20.12,Cheese and curd.,"- Grated or powdered cheese, of all kinds: Cheddar and Cheddar types: Over access commitment","Cheese and curd. - Grated or powdered cheese, of all kinds: Cheddar and Cheddar types: Over access commitment",25,Dairy,,,Official aggregate only: C$27.6B across full measure,https://www.canada.ca/en/department-finance/programs/international-trade-finance-policy/canadas-response-us-tariffs/complete-list-us-products-subject-to-counter-tariffs.html
0406.20.91,Cheese and curd.,"- Grated or powdered cheese, of all kinds: Other: Within access commitment","Cheese and curd. - Grated or powdered cheese, of all kinds: Other: Within access commitment",25,Dairy,,,Official aggregate only: C$27.6B across full measure,https://www.canada.ca/en/department-finance/programs/international-trade-finance-policy/canadas-response-us-tariffs/complete-list-us-products-subject-to-counter-tariffs.html
0406.20.92,Cheese and curd.,"- Grated or powdered cheese, of all kinds: Other: Over access commitment","Cheese and curd. - Grated or powdered cheese, of all kinds: Other: Over access commitment",25,Dairy,,,Official aggregate only: C$27.6B across full measure,https://www.canada.ca/en/department-finance/programs/international-trade-finance-policy/canadas-response-us-tariffs/complete-list-us-products-subject-to-counter-tariffs.html
0406.30.10,Cheese and curd.,"- Processed cheese, not grated or powdered: Within access commitment","Cheese and curd. - Processed cheese, not grated or powdered: Within access commitment",25,Dairy,,,Official aggregate only: C$27.6B across full measure,https://www.canada.ca/en/department-finance/programs/international-trade-finance-policy/canadas-response-us-tariffs/complete-list-us-products-subject-to-counter-tariffs.html
0406.30.20,Cheese and curd.,"- Processed cheese, not grated or powdered: Over access commitment","Cheese and curd. - Processed cheese, not grated or powdered: Over access commitment",25,Dairy,,,Official aggregate only: C$27.6B across full measure,https://www.canada.ca/en/department-finance/programs/international-trade-finance-policy/canadas-response-us-tariffs/complete-list-us-products-subject-to-counter-tariffs.html
0406.40.10,Cheese and curd.,- Blue-veined cheese and other cheese containing veins produced by Penicillium roqueforti: Within access commitment,Cheese and curd. - Blue-veined cheese and other cheese containing veins produced by Penicillium roqueforti: Within access commitment,25,Dairy,,,Official aggregate only: C$27.6B across full measure,https://www.canada.ca/en/department-finance/programs/international-trade-finance-policy/canadas-response-us-tariffs/complete-list-us-products-subject-to-counter-tariffs.html
0406.40.20,Cheese and curd.,- Blue-veined cheese and other cheese containing veins produced by Penicillium roqueforti: Over access commitment,Cheese and curd. - Blue-veined cheese and other cheese containing veins produced by Penicillium roqueforti: Over access commitment,25,Dairy,,,Official aggregate only: C$27.6B across full measure,https://www.canada.ca/en/department-finance/programs/international-trade-finance-policy/canadas-response-us-tariffs/complete-list-us-products-subject-to-counter-tariffs.html
0406.90.11,Cheese and curd.,- Other cheese: Cheddar and Cheddar types: Within access commitment,Cheese and curd. - Other cheese: Cheddar and Cheddar types: Within access commitment,25,Dairy,,,Official aggregate only: C$27.6B across full measure,https://www.canada.ca/en/department-finance/programs/international-trade-finance-policy/canadas-response-us-tariffs/complete-list-us-products-subject-to-counter-tariffs.html
0406.90.12,Cheese and curd.,- Other cheese: Cheddar and Cheddar types: Over access commitment,Cheese and curd. - Other cheese: Cheddar and Cheddar types: Over access commitment,25,Dairy,,,Official aggregate only: C$27.6B across full measure,https://www.canada.ca/en/department-finance/programs/international-trade-finance-policy/canadas-response-us-tariffs/complete-list-us-products-subject-to-counter-tariffs.html
0406.90.21,Cheese and curd.,- Other cheese: Camembert and Camembert types: Within access commitment,Cheese and curd. - Other cheese: Camembert and Camembert types: Within access commitment,25,Dairy,,,Official aggregate only: C$27.6B across full measure,https://www.canada.ca/en/department-finance/programs/international-trade-finance-policy/canadas-response-us-tariffs/complete-list-us-products-subject-to-counter-tariffs.html
0406.90.22,Cheese and curd.,- Other cheese: Camembert and Camembert types: Over access commitment,Cheese and curd. - Other cheese: Camembert and Camembert types: Over access commitment,25,Dairy,,,Official aggregate only: C$27.6B across full measure,https://www.canada.ca/en/department-finance/programs/international-trade-finance-policy/canadas-response-us-tariffs/complete-list-us-products-subject-to-counter-tariffs.html
0406.90.31,Cheese and curd.,- Other cheese: Brie and Brie types: Within access commitment,Cheese and curd. - Other cheese: Brie and Brie types: Within access commitment,25,Dairy,,,Official aggregate only: C$27.6B across full measure,https://www.canada.ca/en/department-finance/programs/international-trade-finance-policy/canadas-response-us-tariffs/complete-list-us-products-subject-to-counter-tariffs.html
0406.90.32,Cheese and curd.,- Other cheese: Brie and Brie types: Over access commitment,Cheese and curd. - Other cheese: Brie and Brie types: Over access commitment,25,Dairy,,,Official aggregate only: C$27.6B across full measure,https://www.canada.ca/en/department-finance/programs/international-trade-finance-policy/canadas-response-us-tariffs/complete-list-us-products-subject-to-counter-tariffs.html
0406.90.41,Cheese and curd.,- Other cheese: Gouda and Gouda types: Within access commitment,Cheese and curd. - Other cheese: Gouda and Gouda types: Within access commitment,25,Dairy,,,Official aggregate only: C$27.6B across full measure,https://www.canada.ca/en/department-finance/programs/international-trade-finance-policy/canadas-response-us-tariffs/complete-list-us-products-subject-to-counter-tariffs.html
0406.90.42,Cheese and curd.,- Other cheese: Gouda and Gouda types: Over access commitment,Cheese and curd. - Other cheese: Gouda and Gouda types: Over access commitment,25,Dairy,,,Official aggregate only: C$27.6B across full measure,https://www.canada.ca/en/department-finance/programs/international-trade-finance-policy/canadas-response-us-tariffs/complete-list-us-products-subject-to-counter-tariffs.html
0406.90.51,Cheese and curd.,- Other cheese: Provolone and Provolone types: Within access commitment,Cheese and curd. - Other cheese: Provolone and Provolone types: Within access commitment,25,Dairy,,,Official aggregate only: C$27.6B across full measure,https://www.canada.ca/en/department-finance/programs/international-trade-finance-policy/canadas-response-us-tariffs/complete-list-us-products-subject-to-counter-tariffs.html
0406.90.52,Cheese and curd.,- Other cheese: Provolone and Provolone types: Over access commitment,Cheese and curd. - Other cheese: Provolone and Provolone types: Over access commitment,25,Dairy,,,Official aggregate only: C$27.6B across full measure,https://www.canada.ca/en/department-finance/programs/international-trade-finance-policy/canadas-response-us-tariffs/complete-list-us-products-subject-to-counter-tariffs.html
0406.90.61,Cheese and curd.,- Other cheese: Mozzarella and Mozzarella types: Within access commitment,Cheese and curd. - Other cheese: Mozzarella and Mozzarella types: Within access commitment,25,Dairy,,,Official aggregate only: C$27.6B across full measure,https://www.canada.ca/en/department-finance/programs/international-trade-finance-policy/canadas-response-us-tariffs/complete-list-us-products-subject-to-counter-tariffs.html
0406.90.62,Cheese and curd.,- Other cheese: Mozzarella and Mozzarella types: Over access commitment,Cheese and curd. - Other cheese: Mozzarella and Mozzarella types: Over access commitment,25,Dairy,,,Official aggregate only: C$27.6B across full measure,https://www.canada.ca/en/department-finance/programs/international-trade-finance-policy/canadas-response-us-tariffs/complete-list-us-products-subject-to-counter-tariffs.html
0406.90.71,Cheese and curd.,- Other cheese: Swiss/Emmental and Swiss/Emmental types: Within access commitment,Cheese and curd. - Other cheese: Swiss/Emmental and Swiss/Emmental types: Within access commitment,25,Dairy,,,Official aggregate only: C$27.6B across full measure,https://www.canada.ca/en/department-finance/programs/international-trade-finance-policy/canadas-response-us-tariffs/complete-list-us-products-subject-to-counter-tariffs.html
0406.90.72,Cheese and curd.,- Other cheese: Swiss/Emmental and Swiss/Emmental types: Over access commitment,Cheese and curd. - Other cheese: Swiss/Emmental and Swiss/Emmental types: Over access commitment,25,Dairy,,,Official aggregate only: C$27.6B across full measure,https://www.canada.ca/en/department-finance/programs/international-trade-finance-policy/canadas-response-us-tariffs/complete-list-us-products-subject-to-counter-tariffs.html
0406.90.81,Cheese and curd.,- Other cheese: Gruyère and Gruyère types: Within access commitment,Cheese and curd. - Other cheese: Gruyère and Gruyère types: Within access commitment,25,Dairy,,,Official aggregate only: C$27.6B across full measure,https://www.canada.ca/en/department-finance/programs/international-trade-finance-policy/canadas-response-us-tariffs/complete-list-us-products-subject-to-counter-tariffs.html
0406.90.82,Cheese and curd.,- Other cheese: Gruyère and Gruyère types: Over access commitment,Cheese and curd. - Other cheese: Gruyère and Gruyère types: Over access commitment,25,Dairy,,,Official aggregate only: C$27.6B across full measure,https://www.canada.ca/en/department-finance/programs/international-trade-finance-policy/canadas-response-us-tariffs/complete-list-us-products-subject-to-counter-tariffs.html
0406.90.91,Cheese and curd.,"- Other cheese: Other: Havarti and Havarti types, within access commitment","Cheese and curd. - Other cheese: Other: Havarti and Havarti types, within access commitment",25,Dairy,,,Official aggregate only: C$27.6B across full measure,https://www.canada.ca/en/department-finance/programs/international-trade-finance-policy/canadas-response-us-tariffs/complete-list-us-products-subject-to-counter-tariffs.html
0406.90.92,Cheese and curd.,"- Other cheese: Other: Havarti and Havarti types, over access commitment","Cheese and curd. - Other cheese: Other: Havarti and Havarti types, over access commitment",25,Dairy,,,Official aggregate only: C$27.6B across full measure,https://www.canada.ca/en/department-finance/programs/international-trade-finance-policy/canadas-response-us-tariffs/complete-list-us-products-subject-to-counter-tariffs.html
0406.90.93,Cheese and curd.,"- Other cheese: Other: Parmesan and Parmesan types, within access commitment","Cheese and curd. - Other cheese: Other: Parmesan and Parmesan types, within access commitment",25,Dairy,,,Official aggregate only: C$27.6B across full measure,https://www.canada.ca/en/department-finance/programs/international-trade-finance-policy/canadas-response-us-tariffs/complete-list-us-products-subject-to-counter-tariffs.html
0406.90.94,Cheese and curd.,"- Other cheese: Other: Parmesan and Parmesan types, over access commitment","Cheese and curd. - Other cheese: Other: Parmesan and Parmesan types, over access commitment",25,Dairy,,,Official aggregate only: C$27.6B across full measure,https://www.canada.ca/en/department-finance/programs/international-trade-finance-policy/canadas-response-us-tariffs/complete-list-us-products-subject-to-counter-tariffs.html
0406.90.95,Cheese and curd.,"- Other cheese: Other: Romano and Romano types, within access commitment","Cheese and curd. - Other cheese: Other: Romano and Romano types, within access commitment",25,Dairy,,,Official aggregate only: C$27.6B across full measure,https://www.canada.ca/en/department-finance/programs/international-trade-finance-policy/canadas-response-us-tariffs/complete-list-us-products-subject-to-counter-tariffs.html
0406.90.96,Cheese and curd.,"- Other cheese: Other: Romano and Romano types, over access commitment","Cheese and curd. - Other cheese: Other: Romano and Romano types, over access commitment",25,Dairy,,,Official aggregate only: C$27.6B across full measure,https://www.canada.ca/en/department-finance/programs/international-trade-finance-policy/canadas-response-us-tariffs/complete-list-us-products-subject-to-counter-tariffs.html
0406.90.98,Cheese and curd.,"- Other cheese: Other: Other, within access commitment","Cheese and curd. - Other cheese: Other: Other, within access commitment",25,Dairy,,,Official aggregate only: C$27.6B across full measure,https://www.canada.ca/en/department-finance/programs/international-trade-finance-policy/canadas-response-us-tariffs/complete-list-us-products-subject-to-counter-tariffs.html
0406.90.99,Cheese and curd.,"- Other cheese: Other: Other, over access commitment","Cheese and curd. - Other cheese: Other: Other, over access commitment",25,Dairy,,,Official aggregate only: C$27.6B across full measure,https://www.canada.ca/en/department-finance/programs/international-trade-finance-policy/canadas-response-us-tariffs/complete-list-us-products-subject-to-counter-tariffs.html
0409.00.00,Natural honey.,,Natural honey.,50,Dairy,,,Official aggregate only: C$27.6B across full measure,https://www.canada.ca/en/department-finance/programs/international-trade-finance-policy/canadas-response-us-tariffs/complete-list-us-products-subject-to-counter-tariffs.html
1703.10.10,Molasses resulting from the extraction or refining of sugar.,- Cane molasses: Powder with admixture other than colouring or anti-caking agents,Molasses resulting from the extraction or refining of sugar. - Cane molasses: Powder with admixture other than colouring or anti-caking agents,50,Food & beverages,,,Official aggregate only: C$27.6B across full measure,https://www.canada.ca/en/department-finance/programs/international-trade-finance-policy/canadas-response-us-tariffs/complete-list-us-products-subject-to-counter-tariffs.html
1703.10.90,Molasses resulting from the extraction or refining of sugar.,- Cane molasses: Other,Molasses resulting from the extraction or refining of sugar. - Cane molasses: Other,50,Food & beverages,,,Official aggregate only: C$27.6B across full measure,https://www.canada.ca/en/department-finance/programs/international-trade-finance-policy/canadas-response-us-tariffs/complete-list-us-products-subject-to-counter-tariffs.html
1703.90.10,Molasses resulting from the extraction or refining of sugar.,- Other: Powder with admixture other than colouring or anti-caking agents,Molasses resulting from the extraction or refining of sugar. - Other: Powder with admixture other than colouring or anti-caking agents,50,Food & beverages,,,Official aggregate only: C$27.6B across full measure,https://www.canada.ca/en/department-finance/programs/international-trade-finance-policy/canadas-response-us-tariffs/complete-list-us-products-subject-to-counter-tariffs.html
1703.90.90,Molasses resulting from the extraction or refining of sugar.,- Other: Other,Molasses resulting from the extraction or refining of sugar. - Other: Other,50,Food & beverages,,,Official aggregate only: C$27.6B across full measure,https://www.canada.ca/en/department-finance/programs/international-trade-finance-policy/canadas-response-us-tariffs/complete-list-us-products-subject-to-counter-tariffs.html
1901.20.11,"Malt extract; food preparations of flour, groats, meal, starch or malt extract, not containing cocoa or containing less than 40% by weight of cocoa calculated on a totally defatted basis, not elsewhere specified or included; food preparations of goods of heading 04.01 to 04.04, not containing cocoa or containing less than 5% by weight of cocoa calculated on a totally defatted basis, not elsewhere specified or included.","- Mixes and doughs for the preparation of bakers' wares of heading 19.05: In packages of a weight not exceeding 11.34 kg each: Containing more than 25% by weight of butterfat, not put up for retail sale, within access commitment","Malt extract; food preparations of flour, groats, meal, starch or malt extract, not containing cocoa or containing less than 40% by weight of cocoa calculated on a totally defatted basis, not elsewhere specified or included; food preparations of goods of heading 04.01 to 04.04, not containing cocoa or containing less than 5% by weight of cocoa calculated on a totally defatted basis, not elsewhere specified or included. - Mixes and doughs for the preparation of bakers' wares of heading 19.05: In packages of a weight not exceeding 11.34 kg each: Containing more than 25% by weight of butterfat, not put up for retail sale, within access commitment",50,Food & beverages,,,Official aggregate only: C$27.6B across full measure,https://www.canada.ca/en/department-finance/programs/international-trade-finance-policy/canadas-response-us-tariffs/complete-list-us-products-subject-to-counter-tariffs.html
1901.20.12,"Malt extract; food preparations of flour, groats, meal, starch or malt extract, not containing cocoa or containing less than 40% by weight of cocoa calculated on a totally defatted basis, not elsewhere specified or included; food preparations of goods of heading 04.01 to 04.04, not containing cocoa or containing less than 5% by weight of cocoa calculated on a totally defatted basis, not elsewhere specified or included.","- Mixes and doughs for the preparation of bakers' wares of heading 19.05: In packages of a weight not exceeding 11.34 kg each: Containing more than 25% by weight of butterfat, not put up for retail sale, over access commitment","Malt extract; food preparations of flour, groats, meal, starch or malt extract, not containing cocoa or containing less than 40% by weight of cocoa calculated on a totally defatted basis, not elsewhere specified or included; food preparations of goods of heading 04.01 to 04.04, not containing cocoa or containing less than 5% by weight of cocoa calculated on a totally defatted basis, not elsewhere specified or included. - Mixes and doughs for the preparation of bakers' wares of heading 19.05: In packages of a weight not exceeding 11.34 kg each: Containing more than 25% by weight of butterfat, not put up for retail sale, over access commitment",50,Food & beverages,,,Official aggregate only: C$27.6B across full measure,https://www.canada.ca/en/department-finance/programs/international-trade-finance-policy/canadas-response-us-tariffs/complete-list-us-products-subject-to-counter-tariffs.html
1901.20.13,"Malt extract; food preparations of flour, groats, meal, starch or malt extract, not containing cocoa or containing less than 40% by weight of cocoa calculated on a totally defatted basis, not elsewhere specified or included; food preparations of goods of heading 04.01 to 04.04, not containing cocoa or containing less than 5% by weight of cocoa calculated on a totally defatted basis, not elsewhere specified or included.","- Mixes and doughs for the preparation of bakers' wares of heading 19.05: In packages of a weight not exceeding 11.34 kg each: Other, containing 25% or more by weight of wheat, within access commitment","Malt extract; food preparations of flour, groats, meal, starch or malt extract, not containing cocoa or containing less than 40% by weight of cocoa calculated on a totally defatted basis, not elsewhere specified or included; food preparations of goods of heading 04.01 to 04.04, not containing cocoa or containing less than 5% by weight of cocoa calculated on a totally defatted basis, not elsewhere specified or included. - Mixes and doughs for the preparation of bakers' wares of heading 19.05: In packages of a weight not exceeding 11.34 kg each: Other, containing 25% or more by weight of wheat, within access commitment",50,Food & beverages,,,Official aggregate only: C$27.6B across full measure,https://www.canada.ca/en/department-finance/programs/international-trade-finance-policy/canadas-response-us-tariffs/complete-list-us-products-subject-to-counter-tariffs.html
1901.20.14,"Malt extract; food preparations of flour, groats, meal, starch or malt extract, not containing cocoa or containing less than 40% by weight of cocoa calculated on a totally defatted basis, not elsewhere specified or included; food preparations of goods of heading 04.01 to 04.04, not containing cocoa or containing less than 5% by weight of cocoa calculated on a totally defatted basis, not elsewhere specified or included.","- Mixes and doughs for the preparation of bakers' wares of heading 19.05: In packages of a weight not exceeding 11.34 kg each: Other, in packages of a weight not exceeding 454 g each, containing 25% or more by weight of wheat, over access commitment; Frozen, for bread, buns, rolls and pizza crusts, in packages of a weight not exceeding 900 g each, containing 25% or more by weight of wheat, over access commitment","Malt extract; food preparations of flour, groats, meal, starch or malt extract, not containing cocoa or containing less than 40% by weight of cocoa calculated on a totally defatted basis, not elsewhere specified or included; food preparations of goods of heading 04.01 to 04.04, not containing cocoa or containing less than 5% by weight of cocoa calculated on a totally defatted basis, not elsewhere specified or included. - Mixes and doughs for the preparation of bakers' wares of heading 19.05: In packages of a weight not exceeding 11.34 kg each: Other, in packages of a weight not exceeding 454 g each, containing 25% or more by weight of wheat, over access commitment; Frozen, for bread, buns, rolls and pizza crusts, in packages of a weight not exceeding 900 g each, containing 25% or more by weight of wheat, over access commitment",50,Food & beverages,,,Official aggregate only: C$27.6B across full measure,https://www.canada.ca/en/department-finance/programs/international-trade-finance-policy/canadas-response-us-tariffs/complete-list-us-products-subject-to-counter-tariffs.html
1901.20.15,"Malt extract; food preparations of flour, groats, meal, starch or malt extract, not containing cocoa or containing less than 40% by weight of cocoa calculated on a totally defatted basis, not elsewhere specified or included; food preparations of goods of heading 04.01 to 04.04, not containing cocoa or containing less than 5% by weight of cocoa calculated on a totally defatted basis, not elsewhere specified or included.","- Mixes and doughs for the preparation of bakers' wares of heading 19.05: In packages of a weight not exceeding 11.34 kg each: Other, containing 25% or more by weight of wheat, over access commitment","Malt extract; food preparations of flour, groats, meal, starch or malt extract, not containing cocoa or containing less than 40% by weight of cocoa calculated on a totally defatted basis, not elsewhere specified or included; food preparations of goods of heading 04.01 to 04.04, not containing cocoa or containing less than 5% by weight of cocoa calculated on a totally defatted basis, not elsewhere specified or included. - Mixes and doughs for the preparation of bakers' wares of heading 19.05: In packages of a weight not exceeding 11.34 kg each: Other, containing 25% or more by weight of wheat, over access commitment",50,Food & beverages,,,Official aggregate only: C$27.6B across full measure,https://www.canada.ca/en/department-finance/programs/international-trade-finance-policy/canadas-response-us-tariffs/complete-list-us-products-subject-to-counter-tariffs.html
1901.20.19,"Malt extract; food preparations of flour, groats, meal, starch or malt extract, not containing cocoa or containing less than 40% by weight of cocoa calculated on a totally defatted basis, not elsewhere specified or included; food preparations of goods of heading 04.01 to 04.04, not containing cocoa or containing less than 5% by weight of cocoa calculated on a totally defatted basis, not elsewhere specified or included.",- Mixes and doughs for the preparation of bakers' wares of heading 19.05: In packages of a weight not exceeding 11.34 kg each: Other,"Malt extract; food preparations of flour, groats, meal, starch or malt extract, not containing cocoa or containing less than 40% by weight of cocoa calculated on a totally defatted basis, not elsewhere specified or included; food preparations of goods of heading 04.01 to 04.04, not containing cocoa or containing less than 5% by weight of cocoa calculated on a totally defatted basis, not elsewhere specified or included. - Mixes and doughs for the preparation of bakers' wares of heading 19.05: In packages of a weight not exceeding 11.34 kg each: Other",50,Food & beverages,,,Official aggregate only: C$27.6B across full measure,https://www.canada.ca/en/department-finance/programs/international-trade-finance-policy/canadas-response-us-tariffs/complete-list-us-products-subject-to-counter-tariffs.html
1901.20.21,"Malt extract; food preparations of flour, groats, meal, starch or malt extract, not containing cocoa or containing less than 40% by weight of cocoa calculated on a totally defatted basis, not elsewhere specified or included; food preparations of goods of heading 04.01 to 04.04, not containing cocoa or containing less than 5% by weight of cocoa calculated on a totally defatted basis, not elsewhere specified or included.","- Mixes and doughs for the preparation of bakers' wares of heading 19.05: In bulk or in packages of a weight exceeding 11.34 kg each: Containing more than 25% by weight of butterfat, not put up for retail sale, within access commitment","Malt extract; food preparations of flour, groats, meal, starch or malt extract, not containing cocoa or containing less than 40% by weight of cocoa calculated on a totally defatted basis, not elsewhere specified or included; food preparations of goods of heading 04.01 to 04.04, not containing cocoa or containing less than 5% by weight of cocoa calculated on a totally defatted basis, not elsewhere specified or included. - Mixes and doughs for the preparation of bakers' wares of heading 19.05: In bulk or in packages of a weight exceeding 11.34 kg each: Containing more than 25% by weight of butterfat, not put up for retail sale, within access commitment",50,Food & beverages,,,Official aggregate only: C$27.6B across full measure,https://www.canada.ca/en/department-finance/programs/international-trade-finance-policy/canadas-response-us-tariffs/complete-list-us-products-subject-to-counter-tariffs.html
1901.20.22,"Malt extract; food preparations of flour, groats, meal, starch or malt extract, not containing cocoa or containing less than 40% by weight of cocoa calculated on a totally defatted basis, not elsewhere specified or included; food preparations of goods of heading 04.01 to 04.04, not containing cocoa or containing less than 5% by weight of cocoa calculated on a totally defatted basis, not elsewhere specified or included.","- Mixes and doughs for the preparation of bakers' wares of heading 19.05: In bulk or in packages of a weight exceeding 11.34 kg each: Containing more than 25% by weight of butterfat, not put up for retail sale, over access commitment","Malt extract; food preparations of flour, groats, meal, starch or malt extract, not containing cocoa or containing less than 40% by weight of cocoa calculated on a totally defatted basis, not elsewhere specified or included; food preparations of goods of heading 04.01 to 04.04, not containing cocoa or containing less than 5% by weight of cocoa calculated on a totally defatted basis, not elsewhere specified or included. - Mixes and doughs for the preparation of bakers' wares of heading 19.05: In bulk or in packages of a weight exceeding 11.34 kg each: Containing more than 25% by weight of butterfat, not put up for retail sale, over access commitment",50,Food & beverages,,,Official aggregate only: C$27.6B across full measure,https://www.canada.ca/en/department-finance/programs/international-trade-finance-policy/canadas-response-us-tariffs/complete-list-us-products-subject-to-counter-tariffs.html
1901.20.23,"Malt extract; food preparations of flour, groats, meal, starch or malt extract, not containing cocoa or containing less than 40% by weight of cocoa calculated on a totally defatted basis, not elsewhere specified or included; food preparations of goods of heading 04.01 to 04.04, not containing cocoa or containing less than 5% by weight of cocoa calculated on a totally defatted basis, not elsewhere specified or included.","- Mixes and doughs for the preparation of bakers' wares of heading 19.05: In bulk or in packages of a weight exceeding 11.34 kg each: Other, containing 25% or more by weight of wheat, within access commitment","Malt extract; food preparations of flour, groats, meal, starch or malt extract, not containing cocoa or containing less than 40% by weight of cocoa calculated on a totally defatted basis, not elsewhere specified or included; food preparations of goods of heading 04.01 to 04.04, not containing cocoa or containing less than 5% by weight of cocoa calculated on a totally defatted basis, not elsewhere specified or included. - Mixes and doughs for the preparation of bakers' wares of heading 19.05: In bulk or in packages of a weight exceeding 11.34 kg each: Other, containing 25% or more by weight of wheat, within access commitment",50,Food & beverages,,,Official aggregate only: C$27.6B across full measure,https://www.canada.ca/en/department-finance/programs/international-trade-finance-policy/canadas-response-us-tariffs/complete-list-us-products-subject-to-counter-tariffs.html
1901.20.24,"Malt extract; food preparations of flour, groats, meal, starch or malt extract, not containing cocoa or containing less than 40% by weight of cocoa calculated on a totally defatted basis, not elsewhere specified or included; food preparations of goods of heading 04.01 to 04.04, not containing cocoa or containing less than 5% by weight of cocoa calculated on a totally defatted basis, not elsewhere specified or included.","- Mixes and doughs for the preparation of bakers' wares of heading 19.05: In bulk or in packages of a weight exceeding 11.34 kg each: Other, containing 25% or more by weight of wheat, over access commitment","Malt extract; food preparations of flour, groats, meal, starch or malt extract, not containing cocoa or containing less than 40% by weight of cocoa calculated on a totally defatted basis, not elsewhere specified or included; food preparations of goods of heading 04.01 to 04.04, not containing cocoa or containing less than 5% by weight of cocoa calculated on a totally defatted basis, not elsewhere specified or included. - Mixes and doughs for the preparation of bakers' wares of heading 19.05: In bulk or in packages of a weight exceeding 11.34 kg each: Other, containing 25% or more by weight of wheat, over access commitment",50,Food & beverages,,,Official aggregate only: C$27.6B across full measure,https://www.canada.ca/en/department-finance/programs/international-trade-finance-policy/canadas-response-us-tariffs/complete-list-us-products-subject-to-counter-tariffs.html
1901.20.29,"Malt extract; food preparations of flour, groats, meal, starch or malt extract, not containing cocoa or containing less than 40% by weight of cocoa calculated on a totally defatted basis, not elsewhere specified or included; food preparations of goods of heading 04.01 to 04.04, not containing cocoa or containing less than 5% by weight of cocoa calculated on a totally defatted basis, not elsewhere specified or included.",- Mixes and doughs for the preparation of bakers' wares of heading 19.05: In bulk or in packages of a weight exceeding 11.34 kg each: Other,"Malt extract; food preparations of flour, groats, meal, starch or malt extract, not containing cocoa or containing less than 40% by weight of cocoa calculated on a totally defatted basis, not elsewhere specified or included; food preparations of goods of heading 04.01 to 04.04, not containing cocoa or containing less than 5% by weight of cocoa calculated on a totally defatted basis, not elsewhere specified or included. - Mixes and doughs for the preparation of bakers' wares of heading 19.05: In bulk or in packages of a weight exceeding 11.34 kg each: Other",50,Food & beverages,,,Official aggregate only: C$27.6B across full measure,https://www.canada.ca/en/department-finance/programs/international-trade-finance-policy/canadas-response-us-tariffs/complete-list-us-products-subject-to-counter-tariffs.html
3303.00.00,Perfumes and toilet waters.,,Perfumes and toilet waters.,50,Personal & household care,,,Official aggregate only: C$27.6B across full measure,https://www.canada.ca/en/department-finance/programs/international-trade-finance-policy/canadas-response-us-tariffs/complete-list-us-products-subject-to-counter-tariffs.html
3304.10.00,"Beauty or make-up preparations and preparations for the care of the skin (other than medicaments), including sunscreen or sun tan preparations; manicure or pedicure preparations.",- Lip make-up preparations,"Beauty or make-up preparations and preparations for the care of the skin (other than medicaments), including sunscreen or sun tan preparations; manicure or pedicure preparations. - Lip make-up preparations",50,Personal & household care,,,Official aggregate only: C$27.6B across full measure,https://www.canada.ca/en/department-finance/programs/international-trade-finance-policy/canadas-response-us-tariffs/complete-list-us-products-subject-to-counter-tariffs.html
3304.20.00,"Beauty or make-up preparations and preparations for the care of the skin (other than medicaments), including sunscreen or sun tan preparations; manicure or pedicure preparations.",- Eye make-up preparations,"Beauty or make-up preparations and preparations for the care of the skin (other than medicaments), including sunscreen or sun tan preparations; manicure or pedicure preparations. - Eye make-up preparations",50,Personal & household care,,,Official aggregate only: C$27.6B across full measure,https://www.canada.ca/en/department-finance/programs/international-trade-finance-policy/canadas-response-us-tariffs/complete-list-us-products-subject-to-counter-tariffs.html
3304.30.00,"Beauty or make-up preparations and preparations for the care of the skin (other than medicaments), including sunscreen or sun tan preparations; manicure or pedicure preparations.",- Manicure or pedicure preparations,"Beauty or make-up preparations and preparations for the care of the skin (other than medicaments), including sunscreen or sun tan preparations; manicure or pedicure preparations. - Manicure or pedicure preparations",50,Personal & household care,,,Official aggregate only: C$27.6B across full measure,https://www.canada.ca/en/department-finance/programs/international-trade-finance-policy/canadas-response-us-tariffs/complete-list-us-products-subject-to-counter-tariffs.html
3305.90.00,Preparations for use on the hair.,- Other,Preparations for use on the hair. - Other,50,Personal & household care,,,Official aggregate only: C$27.6B across full measure,https://www.canada.ca/en/department-finance/programs/international-trade-finance-policy/canadas-response-us-tariffs/complete-list-us-products-subject-to-counter-tariffs.html
3501.10.00,"Casein, caseinates and other casein derivatives; casein glues.",- Casein,"Casein, caseinates and other casein derivatives; casein glues. - Casein",50,Chemicals & minerals,,,Official aggregate only: C$27.6B across full measure,https://www.canada.ca/en/department-finance/programs/international-trade-finance-policy/canadas-response-us-tariffs/complete-list-us-products-subject-to-counter-tariffs.html
3502.20.00,"Albumins (including concentrates of two or more whey proteins, containing by weight more than 80% whey proteins, calculated on the dry matter), albuminates and other albumin derivatives.","- Milk albumin, including concentrates of two or more whey proteins","Albumins (including concentrates of two or more whey proteins, containing by weight more than 80% whey proteins, calculated on the dry matter), albuminates and other albumin derivatives. - Milk albumin, including concentrates of two or more whey proteins",50,Dairy,,,Official aggregate only: C$27.6B across full measure,https://www.canada.ca/en/department-finance/programs/international-trade-finance-policy/canadas-response-us-tariffs/complete-list-us-products-subject-to-counter-tariffs.html
3504.00.11,"Peptones and their derivatives; other protein substances and their derivatives, not elsewhere specified or included; hide powder, whether or not chromed.",- Milk protein substances: Within access commitment,"Peptones and their derivatives; other protein substances and their derivatives, not elsewhere specified or included; hide powder, whether or not chromed. - Milk protein substances: Within access commitment",50,Dairy,,,Official aggregate only: C$27.6B across full measure,https://www.canada.ca/en/department-finance/programs/international-trade-finance-policy/canadas-response-us-tariffs/complete-list-us-products-subject-to-counter-tariffs.html
3504.00.12,"Peptones and their derivatives; other protein substances and their derivatives, not elsewhere specified or included; hide powder, whether or not chromed.",- Milk protein substances: Over access commitment,"Peptones and their derivatives; other protein substances and their derivatives, not elsewhere specified or included; hide powder, whether or not chromed. - Milk protein substances: Over access commitment",50,Dairy,,,Official aggregate only: C$27.6B across full measure,https://www.canada.ca/en/department-finance/programs/international-trade-finance-policy/canadas-response-us-tariffs/complete-list-us-products-subject-to-counter-tariffs.html
3504.00.90,"Peptones and their derivatives; other protein substances and their derivatives, not elsewhere specified or included; hide powder, whether or not chromed.",- Other,"Peptones and their derivatives; other protein substances and their derivatives, not elsewhere specified or included; hide powder, whether or not chromed. - Other",50,Chemicals & minerals,,,Official aggregate only: C$27.6B across full measure,https://www.canada.ca/en/department-finance/programs/international-trade-finance-policy/canadas-response-us-tariffs/complete-list-us-products-subject-to-counter-tariffs.html
3918.10.10,"Floor coverings of plastics, whether or not self-adhesive, in rolls or in the form of tiles; wall or ceiling coverings of plastics, as defined in Note 9 to this Chapter.","- Of polymers of vinyl chloride: Wall or ceiling coverings combined with knitted or woven fabrics, nonwovens or felt","Floor coverings of plastics, whether or not self-adhesive, in rolls or in the form of tiles; wall or ceiling coverings of plastics, as defined in Note 9 to this Chapter. - Of polymers of vinyl chloride: Wall or ceiling coverings combined with knitted or woven fabrics, nonwovens or felt",50,Plastics & rubber,,,Official aggregate only: C$27.6B across full measure,https://www.canada.ca/en/department-finance/programs/international-trade-finance-policy/canadas-response-us-tariffs/complete-list-us-products-subject-to-counter-tariffs.html
3918.10.90,"Floor coverings of plastics, whether or not self-adhesive, in rolls or in the form of tiles; wall or ceiling coverings of plastics, as defined in Note 9 to this Chapter.",- Of polymers of vinyl chloride: Other,"Floor coverings of plastics, whether or not self-adhesive, in rolls or in the form of tiles; wall or ceiling coverings of plastics, as defined in Note 9 to this Chapter. - Of polymers of vinyl chloride: Other",50,Plastics & rubber,,,Official aggregate only: C$27.6B across full measure,https://www.canada.ca/en/department-finance/programs/international-trade-finance-policy/canadas-response-us-tariffs/complete-list-us-products-subject-to-counter-tariffs.html
3919.10.99,"Self-adhesive plates, sheets, film, foil, tape, strip and other flat shapes, of plastics, whether or not in rolls.",- In rolls of a width not exceeding 20 cm: Other: Other,"Self-adhesive plates, sheets, film, foil, tape, strip and other flat shapes, of plastics, whether or not in rolls. - In rolls of a width not exceeding 20 cm: Other: Other",50,Plastics & rubber,,,Official aggregate only: C$27.6B across full measure,https://www.canada.ca/en/department-finance/programs/international-trade-finance-policy/canadas-response-us-tariffs/complete-list-us-products-subject-to-counter-tariffs.html
3923.21.90,"Articles for the conveyance or packing of goods, of plastics; stoppers, lids, caps and other closures, of plastics.",- Sacks and bags (including cones): Of polymers of ethylene: Other,"Articles for the conveyance or packing of goods, of plastics; stoppers, lids, caps and other closures, of plastics. - Sacks and bags (including cones): Of polymers of ethylene: Other",50,Plastics & rubber,,,Official aggregate only: C$27.6B across full measure,https://www.canada.ca/en/department-finance/programs/international-trade-finance-policy/canadas-response-us-tariffs/complete-list-us-products-subject-to-counter-tariffs.html
3924.10.00,"Tableware, kitchenware, other household articles and hygienic or toilet articles, of plastics.",- Tableware and kitchenware,"Tableware, kitchenware, other household articles and hygienic or toilet articles, of plastics. - Tableware and kitchenware",50,Plastics & rubber,,,Official aggregate only: C$27.6B across full measure,https://www.canada.ca/en/department-finance/programs/international-trade-finance-policy/canadas-response-us-tariffs/complete-list-us-products-subject-to-counter-tariffs.html
3924.90.00,"Tableware, kitchenware, other household articles and hygienic or toilet articles, of plastics.",- Other,"Tableware, kitchenware, other household articles and hygienic or toilet articles, of plastics. - Other",50,Plastics & rubber,,,Official aggregate only: C$27.6B across full measure,https://www.canada.ca/en/department-finance/programs/international-trade-finance-policy/canadas-response-us-tariffs/complete-list-us-products-subject-to-counter-tariffs.html
4402.90.10,"Wood charcoal (including shell or nut charcoal), whether or not agglomerated.","- Other: Wood charcoal (not including shell or nut charcoal), containing 10% or less by weight of binder","Wood charcoal (including shell or nut charcoal), whether or not agglomerated. - Other: Wood charcoal (not including shell or nut charcoal), containing 10% or less by weight of binder",50,"Wood, pulp & paper",,,Official aggregate only: C$27.6B across full measure,https://www.canada.ca/en/department-finance/programs/international-trade-finance-policy/canadas-response-us-tariffs/complete-list-us-products-subject-to-counter-tariffs.html
4402.90.90,"Wood charcoal (including shell or nut charcoal), whether or not agglomerated.",- Other: Other,"Wood charcoal (including shell or nut charcoal), whether or not agglomerated. - Other: Other",50,"Wood, pulp & paper",,,Official aggregate only: C$27.6B across full measure,https://www.canada.ca/en/department-finance/programs/international-trade-finance-policy/canadas-response-us-tariffs/complete-list-us-products-subject-to-counter-tariffs.html
4407.11.00,"Wood sawn or chipped lengthwise, sliced or peeled, whether or not planed, sanded or end-jointed, of a thickness exceeding 6 mm.",- Coniferous: Of pine (Pinus spp.),"Wood sawn or chipped lengthwise, sliced or peeled, whether or not planed, sanded or end-jointed, of a thickness exceeding 6 mm. - Coniferous: Of pine (Pinus spp.)",25,"Wood, pulp & paper",,,Official aggregate only: C$27.6B across full measure,https://www.canada.ca/en/department-finance/programs/international-trade-finance-policy/canadas-response-us-tariffs/complete-list-us-products-subject-to-counter-tariffs.html
4407.12.00,"Wood sawn or chipped lengthwise, sliced or peeled, whether or not planed, sanded or end-jointed, of a thickness exceeding 6 mm.",- Coniferous: Of fir (Abies spp.) and spruce (Picea spp.),"Wood sawn or chipped lengthwise, sliced or peeled, whether or not planed, sanded or end-jointed, of a thickness exceeding 6 mm. - Coniferous: Of fir (Abies spp.) and spruce (Picea spp.)",25,"Wood, pulp & paper",,,Official aggregate only: C$27.6B across full measure,https://www.canada.ca/en/department-finance/programs/international-trade-finance-policy/canadas-response-us-tariffs/complete-list-us-products-subject-to-counter-tariffs.html
4407.13.00,"Wood sawn or chipped lengthwise, sliced or peeled, whether or not planed, sanded or end-jointed, of a thickness exceeding 6 mm.","- Coniferous: Of S-P-F (spruce (Picea spp.), pine (Pinus spp.) and fir (Abies spp.))","Wood sawn or chipped lengthwise, sliced or peeled, whether or not planed, sanded or end-jointed, of a thickness exceeding 6 mm. - Coniferous: Of S-P-F (spruce (Picea spp.), pine (Pinus spp.) and fir (Abies spp.))",25,"Wood, pulp & paper",,,Official aggregate only: C$27.6B across full measure,https://www.canada.ca/en/department-finance/programs/international-trade-finance-policy/canadas-response-us-tariffs/complete-list-us-products-subject-to-counter-tariffs.html
4407.14.00,"Wood sawn or chipped lengthwise, sliced or peeled, whether or not planed, sanded or end-jointed, of a thickness exceeding 6 mm.",- Coniferous: Of Hem-fir (Western hemlock (Tsuga heterophylla) and fir (Abies spp.)),"Wood sawn or chipped lengthwise, sliced or peeled, whether or not planed, sanded or end-jointed, of a thickness exceeding 6 mm. - Coniferous: Of Hem-fir (Western hemlock (Tsuga heterophylla) and fir (Abies spp.))",25,"Wood, pulp & paper",,,Official aggregate only: C$27.6B across full measure,https://www.canada.ca/en/department-finance/programs/international-trade-finance-policy/canadas-response-us-tariffs/complete-list-us-products-subject-to-counter-tariffs.html
4407.19.00,"Wood sawn or chipped lengthwise, sliced or peeled, whether or not planed, sanded or end-jointed, of a thickness exceeding 6 mm.",- Coniferous: Other,"Wood sawn or chipped lengthwise, sliced or peeled, whether or not planed, sanded or end-jointed, of a thickness exceeding 6 mm. - Coniferous: Other",25,"Wood, pulp & paper",,,Official aggregate only: C$27.6B across full measure,https://www.canada.ca/en/department-finance/programs/international-trade-finance-policy/canadas-response-us-tariffs/complete-list-us-products-subject-to-counter-tariffs.html
4412.10.00,"Plywood, veneered panels and similar laminated wood.",- Of bamboo,"Plywood, veneered panels and similar laminated wood. - Of bamboo",50,"Wood, pulp & paper",,,Official aggregate only: C$27.6B across full measure,https://www.canada.ca/en/department-finance/programs/international-trade-finance-policy/canadas-response-us-tariffs/complete-list-us-products-subject-to-counter-tariffs.html
4412.31.00,"Plywood, veneered panels and similar laminated wood.","- Other plywood, consisting solely of sheets of wood (other than bamboo), each ply not exceeding 6 mm thickness: With at least one outer ply of tropical wood","Plywood, veneered panels and similar laminated wood. - Other plywood, consisting solely of sheets of wood (other than bamboo), each ply not exceeding 6 mm thickness: With at least one outer ply of tropical wood",50,"Wood, pulp & paper",,,Official aggregate only: C$27.6B across full measure,https://www.canada.ca/en/department-finance/programs/international-trade-finance-policy/canadas-response-us-tariffs/complete-list-us-products-subject-to-counter-tariffs.html
4412.33.00,"Plywood, veneered panels and similar laminated wood.","- Other plywood, consisting solely of sheets of wood (other than bamboo), each ply not exceeding 6 mm thickness: Other, with at least one outer ply of non-coniferous wood of the species alder (Alnus spp.), ash (Fraxinus spp.), beech (Fagus spp.), birch (Betula spp.), cherry (Prunus spp.), chestnut (Castanea spp.), elm (Ulmus spp.), eucalyptus (Eucalyptus spp.), hickory (Carya spp.), horse chestnut (Aesculus spp.), lime (Tilia spp.), maple (Acer spp.), oak (Quercus spp.), plane tree (Platanus spp.), poplar and aspen (Populus spp.), robinia (Robinia spp.), tulipwood (Liriodendron spp.) or walnut (Juglans spp.)","Plywood, veneered panels and similar laminated wood. - Other plywood, consisting solely of sheets of wood (other than bamboo), each ply not exceeding 6 mm thickness: Other, with at least one outer ply of non-coniferous wood of the species alder (Alnus spp.), ash (Fraxinus spp.), beech (Fagus spp.), birch (Betula spp.), cherry (Prunus spp.), chestnut (Castanea spp.), elm (Ulmus spp.), eucalyptus (Eucalyptus spp.), hickory (Carya spp.), horse chestnut (Aesculus spp.), lime (Tilia spp.), maple (Acer spp.), oak (Quercus spp.), plane tree (Platanus spp.), poplar and aspen (Populus spp.), robinia (Robinia spp.), tulipwood (Liriodendron spp.) or walnut (Juglans spp.)",50,"Wood, pulp & paper",,,Official aggregate only: C$27.6B across full measure,https://www.canada.ca/en/department-finance/programs/international-trade-finance-policy/canadas-response-us-tariffs/complete-list-us-products-subject-to-counter-tariffs.html
4412.34.00,"Plywood, veneered panels and similar laminated wood.","- Other plywood, consisting solely of sheets of wood (other than bamboo), each ply not exceeding 6 mm thickness: Other, with at least one outer ply of non-coniferous wood not specified under subheading 4412.33","Plywood, veneered panels and similar laminated wood. - Other plywood, consisting solely of sheets of wood (other than bamboo), each ply not exceeding 6 mm thickness: Other, with at least one outer ply of non-coniferous wood not specified under subheading 4412.33",50,"Wood, pulp & paper",,,Official aggregate only: C$27.6B across full measure,https://www.canada.ca/en/department-finance/programs/international-trade-finance-policy/canadas-response-us-tariffs/complete-list-us-products-subject-to-counter-tariffs.html
4412.39.00,"Plywood, veneered panels and similar laminated wood.","- Other plywood, consisting solely of sheets of wood (other than bamboo), each ply not exceeding 6 mm thickness: Other, with both outer plies of coniferous wood","Plywood, veneered panels and similar laminated wood. - Other plywood, consisting solely of sheets of wood (other than bamboo), each ply not exceeding 6 mm thickness: Other, with both outer plies of coniferous wood",50,"Wood, pulp & paper",,,Official aggregate only: C$27.6B across full measure,https://www.canada.ca/en/department-finance/programs/international-trade-finance-policy/canadas-response-us-tariffs/complete-list-us-products-subject-to-counter-tariffs.html
4412.41.00,"Plywood, veneered panels and similar laminated wood.",- Laminated veneered lumber (LVL): With at least one outer ply of tropical wood,"Plywood, veneered panels and similar laminated wood. - Laminated veneered lumber (LVL): With at least one outer ply of tropical wood",50,"Wood, pulp & paper",,,Official aggregate only: C$27.6B across full measure,https://www.canada.ca/en/department-finance/programs/international-trade-finance-policy/canadas-response-us-tariffs/complete-list-us-products-subject-to-counter-tariffs.html
4412.42.00,"Plywood, veneered panels and similar laminated wood.","- Laminated veneered lumber (LVL): Other, with at least one outer ply of non-coniferous wood","Plywood, veneered panels and similar laminated wood. - Laminated veneered lumber (LVL): Other, with at least one outer ply of non-coniferous wood",50,"Wood, pulp & paper",,,Official aggregate only: C$27.6B across full measure,https://www.canada.ca/en/department-finance/programs/international-trade-finance-policy/canadas-response-us-tariffs/complete-list-us-products-subject-to-counter-tariffs.html
4412.49.00,"Plywood, veneered panels and similar laminated wood.","- Laminated veneered lumber (LVL): Other, with both outer plies of coniferous wood","Plywood, veneered panels and similar laminated wood. - Laminated veneered lumber (LVL): Other, with both outer plies of coniferous wood",50,"Wood, pulp & paper",,,Official aggregate only: C$27.6B across full measure,https://www.canada.ca/en/department-finance/programs/international-trade-finance-policy/canadas-response-us-tariffs/complete-list-us-products-subject-to-counter-tariffs.html
4412.51.00,"Plywood, veneered panels and similar laminated wood.","- Blockboard, laminboard and battenboard: With at least one outer ply of tropical wood","Plywood, veneered panels and similar laminated wood. - Blockboard, laminboard and battenboard: With at least one outer ply of tropical wood",50,"Wood, pulp & paper",,,Official aggregate only: C$27.6B across full measure,https://www.canada.ca/en/department-finance/programs/international-trade-finance-policy/canadas-response-us-tariffs/complete-list-us-products-subject-to-counter-tariffs.html
4412.52.00,"Plywood, veneered panels and similar laminated wood.","- Blockboard, laminboard and battenboard: Other, with at least one outer ply of non-coniferous wood","Plywood, veneered panels and similar laminated wood. - Blockboard, laminboard and battenboard: Other, with at least one outer ply of non-coniferous wood",50,"Wood, pulp & paper",,,Official aggregate only: C$27.6B across full measure,https://www.canada.ca/en/department-finance/programs/international-trade-finance-policy/canadas-response-us-tariffs/complete-list-us-products-subject-to-counter-tariffs.html
4412.91.00,"Plywood, veneered panels and similar laminated wood.",- Other: With at least one outer ply of tropical wood,"Plywood, veneered panels and similar laminated wood. - Other: With at least one outer ply of tropical wood",50,"Wood, pulp & paper",,,Official aggregate only: C$27.6B across full measure,https://www.canada.ca/en/department-finance/programs/international-trade-finance-policy/canadas-response-us-tariffs/complete-list-us-products-subject-to-counter-tariffs.html
4412.92.00,"Plywood, veneered panels and similar laminated wood.","- Other: Other, with at least one outer ply of non-coniferous wood","Plywood, veneered panels and similar laminated wood. - Other: Other, with at least one outer ply of non-coniferous wood",50,"Wood, pulp & paper",,,Official aggregate only: C$27.6B across full measure,https://www.canada.ca/en/department-finance/programs/international-trade-finance-policy/canadas-response-us-tariffs/complete-list-us-products-subject-to-counter-tariffs.html
4412.99.00,"Plywood, veneered panels and similar laminated wood.","- Other: Other, with both outer plies of coniferous wood","Plywood, veneered panels and similar laminated wood. - Other: Other, with both outer plies of coniferous wood",50,"Wood, pulp & paper",,,Official aggregate only: C$27.6B across full measure,https://www.canada.ca/en/department-finance/programs/international-trade-finance-policy/canadas-response-us-tariffs/complete-list-us-products-subject-to-counter-tariffs.html
4702.00.00,"Chemical wood pulp, dissolving grades.",,"Chemical wood pulp, dissolving grades.",50,"Wood, pulp & paper",,,Official aggregate only: C$27.6B across full measure,https://www.canada.ca/en/department-finance/programs/international-trade-finance-policy/canadas-response-us-tariffs/complete-list-us-products-subject-to-counter-tariffs.html
4803.00.00,"Toilet or facial tissue stock, towel or napkin stock and similar paper of a kind used for household or sanitary purposes, cellulose wadding and webs of cellulose fibres, whether or not creped, crinkled, embossed, perforated, surface-coloured, surface-decorated or printed, in rolls or sheets.",,"Toilet or facial tissue stock, towel or napkin stock and similar paper of a kind used for household or sanitary purposes, cellulose wadding and webs of cellulose fibres, whether or not creped, crinkled, embossed, perforated, surface-coloured, surface-decorated or printed, in rolls or sheets.",50,"Wood, pulp & paper",,,Official aggregate only: C$27.6B across full measure,https://www.canada.ca/en/department-finance/programs/international-trade-finance-policy/canadas-response-us-tariffs/complete-list-us-products-subject-to-counter-tariffs.html
4804.39.00,"Uncoated kraft paper and paperboard, in rolls or sheets, other than that of heading 48.02 or 48.03.",- Other kraft paper and paperboard weighing 150 g/m² or less: Other,"Uncoated kraft paper and paperboard, in rolls or sheets, other than that of heading 48.02 or 48.03. - Other kraft paper and paperboard weighing 150 g/m² or less: Other",25,"Wood, pulp & paper",,,Official aggregate only: C$27.6B across full measure,https://www.canada.ca/en/department-finance/programs/international-trade-finance-policy/canadas-response-us-tariffs/complete-list-us-products-subject-to-counter-tariffs.html
4810.13.00,"Paper and paperboard, coated on one or both sides with kaolin (China clay) or other inorganic substances, with or without a binder, and with no other coating, whether or not surface-coloured, surface-decorated or printed, in rolls or rectangular (including square) sheets, of any size.","- Paper and paperboard of a kind used for writing, printing or other graphic purposes, not containing fibres obtained by a mechancial or chemi-mechanical process or of which not more than 10% by weight of the total fibre content consists of such fibres: In rolls","Paper and paperboard, coated on one or both sides with kaolin (China clay) or other inorganic substances, with or without a binder, and with no other coating, whether or not surface-coloured, surface-decorated or printed, in rolls or rectangular (including square) sheets, of any size. - Paper and paperboard of a kind used for writing, printing or other graphic purposes, not containing fibres obtained by a mechancial or chemi-mechanical process or of which not more than 10% by weight of the total fibre content consists of such fibres: In rolls",50,"Wood, pulp & paper",,,Official aggregate only: C$27.6B across full measure,https://www.canada.ca/en/department-finance/programs/international-trade-finance-policy/canadas-response-us-tariffs/complete-list-us-products-subject-to-counter-tariffs.html
4810.31.00,"Paper and paperboard, coated on one or both sides with kaolin (China clay) or other inorganic substances, with or without a binder, and with no other coating, whether or not surface-coloured, surface-decorated or printed, in rolls or rectangular (including square) sheets, of any size.","- Kraft paper and paperboard, other than that of a kind used for writing, printing or other graphic purposes: Bleached uniformly throughout the mass and of which more than 95% by weight of the total fibre content consists of wood fibres obtained by a chemical process, and weighing 150 g/m² or less","Paper and paperboard, coated on one or both sides with kaolin (China clay) or other inorganic substances, with or without a binder, and with no other coating, whether or not surface-coloured, surface-decorated or printed, in rolls or rectangular (including square) sheets, of any size. - Kraft paper and paperboard, other than that of a kind used for writing, printing or other graphic purposes: Bleached uniformly throughout the mass and of which more than 95% by weight of the total fibre content consists of wood fibres obtained by a chemical process, and weighing 150 g/m² or less",25,"Wood, pulp & paper",,,Official aggregate only: C$27.6B across full measure,https://www.canada.ca/en/department-finance/programs/international-trade-finance-policy/canadas-response-us-tariffs/complete-list-us-products-subject-to-counter-tariffs.html
4810.32.00,"Paper and paperboard, coated on one or both sides with kaolin (China clay) or other inorganic substances, with or without a binder, and with no other coating, whether or not surface-coloured, surface-decorated or printed, in rolls or rectangular (including square) sheets, of any size.","- Kraft paper and paperboard, other than that of a kind used for writing, printing or other graphic purposes: Bleached uniformly throughout the mass and of which more than 95% by weight of the total fibre content consists of wood fibres obtained by a chemical process, and weighing more than 150 g/m²","Paper and paperboard, coated on one or both sides with kaolin (China clay) or other inorganic substances, with or without a binder, and with no other coating, whether or not surface-coloured, surface-decorated or printed, in rolls or rectangular (including square) sheets, of any size. - Kraft paper and paperboard, other than that of a kind used for writing, printing or other graphic purposes: Bleached uniformly throughout the mass and of which more than 95% by weight of the total fibre content consists of wood fibres obtained by a chemical process, and weighing more than 150 g/m²",50,"Wood, pulp & paper",,,Official aggregate only: C$27.6B across full measure,https://www.canada.ca/en/department-finance/programs/international-trade-finance-policy/canadas-response-us-tariffs/complete-list-us-products-subject-to-counter-tariffs.html
4810.92.00,"Paper and paperboard, coated on one or both sides with kaolin (China clay) or other inorganic substances, with or without a binder, and with no other coating, whether or not surface-coloured, surface-decorated or printed, in rolls or rectangular (including square) sheets, of any size.",- Other paper and paperboard: Multi-ply,"Paper and paperboard, coated on one or both sides with kaolin (China clay) or other inorganic substances, with or without a binder, and with no other coating, whether or not surface-coloured, surface-decorated or printed, in rolls or rectangular (including square) sheets, of any size. - Other paper and paperboard: Multi-ply",50,"Wood, pulp & paper",,,Official aggregate only: C$27.6B across full measure,https://www.canada.ca/en/department-finance/programs/international-trade-finance-policy/canadas-response-us-tariffs/complete-list-us-products-subject-to-counter-tariffs.html
4811.90.00,"Paper, paperboard, cellulose wadding and webs of cellulose fibres, coated, impregnated, covered, surface-coloured, surface-decorated or printed, in rolls or rectangular (including square) sheets, of any size, other than goods of the kind described in heading 48.03, 48.09 or 48.10.","- Other paper, paperboard, cellulose wadding and webs of cellulose fibres","Paper, paperboard, cellulose wadding and webs of cellulose fibres, coated, impregnated, covered, surface-coloured, surface-decorated or printed, in rolls or rectangular (including square) sheets, of any size, other than goods of the kind described in heading 48.03, 48.09 or 48.10. - Other paper, paperboard, cellulose wadding and webs of cellulose fibres",50,"Wood, pulp & paper",,,Official aggregate only: C$27.6B across full measure,https://www.canada.ca/en/department-finance/programs/international-trade-finance-policy/canadas-response-us-tariffs/complete-list-us-products-subject-to-counter-tariffs.html
4817.10.00,"Envelopes, letter cards, plain postcards and correspondence cards, of paper or paperboard; boxes, pouches, wallets and writing compendiums, of paper or paperboard, containing an assortment of paper stationery.",- Envelopes,"Envelopes, letter cards, plain postcards and correspondence cards, of paper or paperboard; boxes, pouches, wallets and writing compendiums, of paper or paperboard, containing an assortment of paper stationery. - Envelopes",50,"Wood, pulp & paper",,,Official aggregate only: C$27.6B across full measure,https://www.canada.ca/en/department-finance/programs/international-trade-finance-policy/canadas-response-us-tariffs/complete-list-us-products-subject-to-counter-tariffs.html
4818.10.00,"Toilet paper and similar paper, cellulose wadding or webs of cellulose fibres, of a kind used for household or sanitary purposes, in rolls of a width not exceeding 36 cm, or cut to size or shape; handkerchiefs, cleansing tissues, towels, tablecloths, serviettes, bed sheets and similar household, sanitary or hospital articles, articles of apparel and clothing accessories, of paper pulp, paper, cellulose wadding or webs of cellulose fibres.",- Toilet paper,"Toilet paper and similar paper, cellulose wadding or webs of cellulose fibres, of a kind used for household or sanitary purposes, in rolls of a width not exceeding 36 cm, or cut to size or shape; handkerchiefs, cleansing tissues, towels, tablecloths, serviettes, bed sheets and similar household, sanitary or hospital articles, articles of apparel and clothing accessories, of paper pulp, paper, cellulose wadding or webs of cellulose fibres. - Toilet paper",25,"Wood, pulp & paper",,,Official aggregate only: C$27.6B across full measure,https://www.canada.ca/en/department-finance/programs/international-trade-finance-policy/canadas-response-us-tariffs/complete-list-us-products-subject-to-counter-tariffs.html
4818.20.00,"Toilet paper and similar paper, cellulose wadding or webs of cellulose fibres, of a kind used for household or sanitary purposes, in rolls of a width not exceeding 36 cm, or cut to size or shape; handkerchiefs, cleansing tissues, towels, tablecloths, serviettes, bed sheets and similar household, sanitary or hospital articles, articles of apparel and clothing accessories, of paper pulp, paper, cellulose wadding or webs of cellulose fibres.","- Handkerchiefs, cleansing or facial tissues and towels","Toilet paper and similar paper, cellulose wadding or webs of cellulose fibres, of a kind used for household or sanitary purposes, in rolls of a width not exceeding 36 cm, or cut to size or shape; handkerchiefs, cleansing tissues, towels, tablecloths, serviettes, bed sheets and similar household, sanitary or hospital articles, articles of apparel and clothing accessories, of paper pulp, paper, cellulose wadding or webs of cellulose fibres. - Handkerchiefs, cleansing or facial tissues and towels",25,"Wood, pulp & paper",,,Official aggregate only: C$27.6B across full measure,https://www.canada.ca/en/department-finance/programs/international-trade-finance-policy/canadas-response-us-tariffs/complete-list-us-products-subject-to-counter-tariffs.html
4818.30.00,"Toilet paper and similar paper, cellulose wadding or webs of cellulose fibres, of a kind used for household or sanitary purposes, in rolls of a width not exceeding 36 cm, or cut to size or shape; handkerchiefs, cleansing tissues, towels, tablecloths, serviettes, bed sheets and similar household, sanitary or hospital articles, articles of apparel and clothing accessories, of paper pulp, paper, cellulose wadding or webs of cellulose fibres.",- Tablecloths and serviettes,"Toilet paper and similar paper, cellulose wadding or webs of cellulose fibres, of a kind used for household or sanitary purposes, in rolls of a width not exceeding 36 cm, or cut to size or shape; handkerchiefs, cleansing tissues, towels, tablecloths, serviettes, bed sheets and similar household, sanitary or hospital articles, articles of apparel and clothing accessories, of paper pulp, paper, cellulose wadding or webs of cellulose fibres. - Tablecloths and serviettes",50,"Wood, pulp & paper",,,Official aggregate only: C$27.6B across full measure,https://www.canada.ca/en/department-finance/programs/international-trade-finance-policy/canadas-response-us-tariffs/complete-list-us-products-subject-to-counter-tariffs.html
4818.90.00,"Toilet paper and similar paper, cellulose wadding or webs of cellulose fibres, of a kind used for household or sanitary purposes, in rolls of a width not exceeding 36 cm, or cut to size or shape; handkerchiefs, cleansing tissues, towels, tablecloths, serviettes, bed sheets and similar household, sanitary or hospital articles, articles of apparel and clothing accessories, of paper pulp, paper, cellulose wadding or webs of cellulose fibres.",- Other,"Toilet paper and similar paper, cellulose wadding or webs of cellulose fibres, of a kind used for household or sanitary purposes, in rolls of a width not exceeding 36 cm, or cut to size or shape; handkerchiefs, cleansing tissues, towels, tablecloths, serviettes, bed sheets and similar household, sanitary or hospital articles, articles of apparel and clothing accessories, of paper pulp, paper, cellulose wadding or webs of cellulose fibres. - Other",50,"Wood, pulp & paper",,,Official aggregate only: C$27.6B across full measure,https://www.canada.ca/en/department-finance/programs/international-trade-finance-policy/canadas-response-us-tariffs/complete-list-us-products-subject-to-counter-tariffs.html
4819.10.00,"Cartons, boxes, cases, bags and other packing containers, of paper, paperboard, cellulose wadding or webs of cellulose fibres; box files, letter trays, and similar articles, of paper or paperboard of a kind used in offices, shops or the like.","- Cartons, boxes and cases, of corrugated paper or paperboard","Cartons, boxes, cases, bags and other packing containers, of paper, paperboard, cellulose wadding or webs of cellulose fibres; box files, letter trays, and similar articles, of paper or paperboard of a kind used in offices, shops or the like. - Cartons, boxes and cases, of corrugated paper or paperboard",50,"Wood, pulp & paper",,,Official aggregate only: C$27.6B across full measure,https://www.canada.ca/en/department-finance/programs/international-trade-finance-policy/canadas-response-us-tariffs/complete-list-us-products-subject-to-counter-tariffs.html
4819.40.00,"Cartons, boxes, cases, bags and other packing containers, of paper, paperboard, cellulose wadding or webs of cellulose fibres; box files, letter trays, and similar articles, of paper or paperboard of a kind used in offices, shops or the like.","- Other sacks and bags, including cones","Cartons, boxes, cases, bags and other packing containers, of paper, paperboard, cellulose wadding or webs of cellulose fibres; box files, letter trays, and similar articles, of paper or paperboard of a kind used in offices, shops or the like. - Other sacks and bags, including cones",50,"Wood, pulp & paper",,,Official aggregate only: C$27.6B across full measure,https://www.canada.ca/en/department-finance/programs/international-trade-finance-policy/canadas-response-us-tariffs/complete-list-us-products-subject-to-counter-tariffs.html
4820.10.00,"Registers, account books, note books, order books, receipt books, letter pads, memorandum pads, diaries and similar articles, exercise books, blotting-pads, binders (loose-leaf or other), folders, file covers, manifold business forms, interleaved carbon sets and other articles of stationery, of paper or paperboard; albums for samples or for collections and book covers, of paper or paperboard.","- Registers, account books, note books, order books, receipt books, letter pads, memorandum pads, diaries and similar articles","Registers, account books, note books, order books, receipt books, letter pads, memorandum pads, diaries and similar articles, exercise books, blotting-pads, binders (loose-leaf or other), folders, file covers, manifold business forms, interleaved carbon sets and other articles of stationery, of paper or paperboard; albums for samples or for collections and book covers, of paper or paperboard. - Registers, account books, note books, order books, receipt books, letter pads, memorandum pads, diaries and similar articles",50,"Wood, pulp & paper",,,Official aggregate only: C$27.6B across full measure,https://www.canada.ca/en/department-finance/programs/international-trade-finance-policy/canadas-response-us-tariffs/complete-list-us-products-subject-to-counter-tariffs.html
4820.30.00,"Registers, account books, note books, order books, receipt books, letter pads, memorandum pads, diaries and similar articles, exercise books, blotting-pads, binders (loose-leaf or other), folders, file covers, manifold business forms, interleaved carbon sets and other articles of stationery, of paper or paperboard; albums for samples or for collections and book covers, of paper or paperboard.","- Binders (other than book covers), folders and file covers","Registers, account books, note books, order books, receipt books, letter pads, memorandum pads, diaries and similar articles, exercise books, blotting-pads, binders (loose-leaf or other), folders, file covers, manifold business forms, interleaved carbon sets and other articles of stationery, of paper or paperboard; albums for samples or for collections and book covers, of paper or paperboard. - Binders (other than book covers), folders and file covers",50,"Wood, pulp & paper",,,Official aggregate only: C$27.6B across full measure,https://www.canada.ca/en/department-finance/programs/international-trade-finance-policy/canadas-response-us-tariffs/complete-list-us-products-subject-to-counter-tariffs.html
4823.69.00,"Other paper, paperboard, cellulose wadding and webs of cellulose fibres, cut to size or shape; other articles of paper pulp, paper, paperboard, cellulose wadding or webs of cellulose fibres.","- Trays, dishes, plates, cups and the like, of paper or paperboard: Other","Other paper, paperboard, cellulose wadding and webs of cellulose fibres, cut to size or shape; other articles of paper pulp, paper, paperboard, cellulose wadding or webs of cellulose fibres. - Trays, dishes, plates, cups and the like, of paper or paperboard: Other",50,"Wood, pulp & paper",,,Official aggregate only: C$27.6B across full measure,https://www.canada.ca/en/department-finance/programs/international-trade-finance-policy/canadas-response-us-tariffs/complete-list-us-products-subject-to-counter-tariffs.html
4911.91.00,"Other printed matter, including printed pictures and photographs.","- Other: Pictures, designs and photographs","Other printed matter, including printed pictures and photographs. - Other: Pictures, designs and photographs",50,"Wood, pulp & paper",,,Official aggregate only: C$27.6B across full measure,https://www.canada.ca/en/department-finance/programs/international-trade-finance-policy/canadas-response-us-tariffs/complete-list-us-products-subject-to-counter-tariffs.html
5701.10.10,"Carpets and other textile floor coverings, knotted, whether or not made up.",- Of wool or fine animal hair: Machine knotted,"Carpets and other textile floor coverings, knotted, whether or not made up. - Of wool or fine animal hair: Machine knotted",25,Textiles,,,Official aggregate only: C$27.6B across full measure,https://www.canada.ca/en/department-finance/programs/international-trade-finance-policy/canadas-response-us-tariffs/complete-list-us-products-subject-to-counter-tariffs.html
5701.10.90,"Carpets and other textile floor coverings, knotted, whether or not made up.",- Of wool or fine animal hair: Other,"Carpets and other textile floor coverings, knotted, whether or not made up. - Of wool or fine animal hair: Other",25,Textiles,,,Official aggregate only: C$27.6B across full measure,https://www.canada.ca/en/department-finance/programs/international-trade-finance-policy/canadas-response-us-tariffs/complete-list-us-products-subject-to-counter-tariffs.html
5701.90.10,"Carpets and other textile floor coverings, knotted, whether or not made up.",- Of other textile materials: Machine knotted,"Carpets and other textile floor coverings, knotted, whether or not made up. - Of other textile materials: Machine knotted",25,Textiles,,,Official aggregate only: C$27.6B across full measure,https://www.canada.ca/en/department-finance/programs/international-trade-finance-policy/canadas-response-us-tariffs/complete-list-us-products-subject-to-counter-tariffs.html
5701.90.90,"Carpets and other textile floor coverings, knotted, whether or not made up.",- Of other textile materials: Other,"Carpets and other textile floor coverings, knotted, whether or not made up. - Of other textile materials: Other",25,Textiles,,,Official aggregate only: C$27.6B across full measure,https://www.canada.ca/en/department-finance/programs/international-trade-finance-policy/canadas-response-us-tariffs/complete-list-us-products-subject-to-counter-tariffs.html
5702.10.00,"Carpets and other textile floor coverings, woven, not tufted or flocked, whether or not made up, including ""Kelem"", ""Schumacks"", ""Karamanie"" and similar hand-woven rugs.","- ""Kelem"", ""Schumacks"", ""Karamanie"" and similar hand-woven rugs","Carpets and other textile floor coverings, woven, not tufted or flocked, whether or not made up, including ""Kelem"", ""Schumacks"", ""Karamanie"" and similar hand-woven rugs. - ""Kelem"", ""Schumacks"", ""Karamanie"" and similar hand-woven rugs",25,Textiles,,,Official aggregate only: C$27.6B across full measure,https://www.canada.ca/en/department-finance/programs/international-trade-finance-policy/canadas-response-us-tariffs/complete-list-us-products-subject-to-counter-tariffs.html
5702.20.00,"Carpets and other textile floor coverings, woven, not tufted or flocked, whether or not made up, including ""Kelem"", ""Schumacks"", ""Karamanie"" and similar hand-woven rugs.",- Floor coverings of coconut fibres (coir),"Carpets and other textile floor coverings, woven, not tufted or flocked, whether or not made up, including ""Kelem"", ""Schumacks"", ""Karamanie"" and similar hand-woven rugs. - Floor coverings of coconut fibres (coir)",25,Textiles,,,Official aggregate only: C$27.6B across full measure,https://www.canada.ca/en/department-finance/programs/international-trade-finance-policy/canadas-response-us-tariffs/complete-list-us-products-subject-to-counter-tariffs.html
5702.31.00,"Carpets and other textile floor coverings, woven, not tufted or flocked, whether or not made up, including ""Kelem"", ""Schumacks"", ""Karamanie"" and similar hand-woven rugs.","- Other, of pile construction, not made up: Of wool or fine animal hair","Carpets and other textile floor coverings, woven, not tufted or flocked, whether or not made up, including ""Kelem"", ""Schumacks"", ""Karamanie"" and similar hand-woven rugs. - Other, of pile construction, not made up: Of wool or fine animal hair",25,Textiles,,,Official aggregate only: C$27.6B across full measure,https://www.canada.ca/en/department-finance/programs/international-trade-finance-policy/canadas-response-us-tariffs/complete-list-us-products-subject-to-counter-tariffs.html
5702.32.00,"Carpets and other textile floor coverings, woven, not tufted or flocked, whether or not made up, including ""Kelem"", ""Schumacks"", ""Karamanie"" and similar hand-woven rugs.","- Other, of pile construction, not made up: Of man-made textile materials","Carpets and other textile floor coverings, woven, not tufted or flocked, whether or not made up, including ""Kelem"", ""Schumacks"", ""Karamanie"" and similar hand-woven rugs. - Other, of pile construction, not made up: Of man-made textile materials",25,Textiles,,,Official aggregate only: C$27.6B across full measure,https://www.canada.ca/en/department-finance/programs/international-trade-finance-policy/canadas-response-us-tariffs/complete-list-us-products-subject-to-counter-tariffs.html
5702.39.00,"Carpets and other textile floor coverings, woven, not tufted or flocked, whether or not made up, including ""Kelem"", ""Schumacks"", ""Karamanie"" and similar hand-woven rugs.","- Other, of pile construction, not made up: Of other textile materials","Carpets and other textile floor coverings, woven, not tufted or flocked, whether or not made up, including ""Kelem"", ""Schumacks"", ""Karamanie"" and similar hand-woven rugs. - Other, of pile construction, not made up: Of other textile materials",25,Textiles,,,Official aggregate only: C$27.6B across full measure,https://www.canada.ca/en/department-finance/programs/international-trade-finance-policy/canadas-response-us-tariffs/complete-list-us-products-subject-to-counter-tariffs.html
5702.41.00,"Carpets and other textile floor coverings, woven, not tufted or flocked, whether or not made up, including ""Kelem"", ""Schumacks"", ""Karamanie"" and similar hand-woven rugs.","- Other, of pile construction, made up: Of wool or fine animal hair","Carpets and other textile floor coverings, woven, not tufted or flocked, whether or not made up, including ""Kelem"", ""Schumacks"", ""Karamanie"" and similar hand-woven rugs. - Other, of pile construction, made up: Of wool or fine animal hair",25,Textiles,,,Official aggregate only: C$27.6B across full measure,https://www.canada.ca/en/department-finance/programs/international-trade-finance-policy/canadas-response-us-tariffs/complete-list-us-products-subject-to-counter-tariffs.html
5702.42.00,"Carpets and other textile floor coverings, woven, not tufted or flocked, whether or not made up, including ""Kelem"", ""Schumacks"", ""Karamanie"" and similar hand-woven rugs.","- Other, of pile construction, made up: Of man-made textile materials","Carpets and other textile floor coverings, woven, not tufted or flocked, whether or not made up, including ""Kelem"", ""Schumacks"", ""Karamanie"" and similar hand-woven rugs. - Other, of pile construction, made up: Of man-made textile materials",25,Textiles,,,Official aggregate only: C$27.6B across full measure,https://www.canada.ca/en/department-finance/programs/international-trade-finance-policy/canadas-response-us-tariffs/complete-list-us-products-subject-to-counter-tariffs.html
5702.49.00,"Carpets and other textile floor coverings, woven, not tufted or flocked, whether or not made up, including ""Kelem"", ""Schumacks"", ""Karamanie"" and similar hand-woven rugs.","- Other, of pile construction, made up: Of other textile materials","Carpets and other textile floor coverings, woven, not tufted or flocked, whether or not made up, including ""Kelem"", ""Schumacks"", ""Karamanie"" and similar hand-woven rugs. - Other, of pile construction, made up: Of other textile materials",25,Textiles,,,Official aggregate only: C$27.6B across full measure,https://www.canada.ca/en/department-finance/programs/international-trade-finance-policy/canadas-response-us-tariffs/complete-list-us-products-subject-to-counter-tariffs.html
5702.50.10,"Carpets and other textile floor coverings, woven, not tufted or flocked, whether or not made up, including ""Kelem"", ""Schumacks"", ""Karamanie"" and similar hand-woven rugs.","- Other, not of pile construction, not made up: Of straw, hemp, flax tow or jute","Carpets and other textile floor coverings, woven, not tufted or flocked, whether or not made up, including ""Kelem"", ""Schumacks"", ""Karamanie"" and similar hand-woven rugs. - Other, not of pile construction, not made up: Of straw, hemp, flax tow or jute",25,Textiles,,,Official aggregate only: C$27.6B across full measure,https://www.canada.ca/en/department-finance/programs/international-trade-finance-policy/canadas-response-us-tariffs/complete-list-us-products-subject-to-counter-tariffs.html
5702.50.90,"Carpets and other textile floor coverings, woven, not tufted or flocked, whether or not made up, including ""Kelem"", ""Schumacks"", ""Karamanie"" and similar hand-woven rugs.","- Other, not of pile construction, not made up: Other","Carpets and other textile floor coverings, woven, not tufted or flocked, whether or not made up, including ""Kelem"", ""Schumacks"", ""Karamanie"" and similar hand-woven rugs. - Other, not of pile construction, not made up: Other",25,Textiles,,,Official aggregate only: C$27.6B across full measure,https://www.canada.ca/en/department-finance/programs/international-trade-finance-policy/canadas-response-us-tariffs/complete-list-us-products-subject-to-counter-tariffs.html
5702.91.00,"Carpets and other textile floor coverings, woven, not tufted or flocked, whether or not made up, including ""Kelem"", ""Schumacks"", ""Karamanie"" and similar hand-woven rugs.","- Other, not of pile construction, made up: Of wool or fine animal hair","Carpets and other textile floor coverings, woven, not tufted or flocked, whether or not made up, including ""Kelem"", ""Schumacks"", ""Karamanie"" and similar hand-woven rugs. - Other, not of pile construction, made up: Of wool or fine animal hair",25,Textiles,,,Official aggregate only: C$27.6B across full measure,https://www.canada.ca/en/department-finance/programs/international-trade-finance-policy/canadas-response-us-tariffs/complete-list-us-products-subject-to-counter-tariffs.html
5702.92.00,"Carpets and other textile floor coverings, woven, not tufted or flocked, whether or not made up, including ""Kelem"", ""Schumacks"", ""Karamanie"" and similar hand-woven rugs.","- Other, not of pile construction, made up: Of man-made textile materials","Carpets and other textile floor coverings, woven, not tufted or flocked, whether or not made up, including ""Kelem"", ""Schumacks"", ""Karamanie"" and similar hand-woven rugs. - Other, not of pile construction, made up: Of man-made textile materials",25,Textiles,,,Official aggregate only: C$27.6B across full measure,https://www.canada.ca/en/department-finance/programs/international-trade-finance-policy/canadas-response-us-tariffs/complete-list-us-products-subject-to-counter-tariffs.html
5702.99.10,"Carpets and other textile floor coverings, woven, not tufted or flocked, whether or not made up, including ""Kelem"", ""Schumacks"", ""Karamanie"" and similar hand-woven rugs.","- Other, not of pile construction, made up: Of other textile materials: Of straw, hemp, flax tow or jute","Carpets and other textile floor coverings, woven, not tufted or flocked, whether or not made up, including ""Kelem"", ""Schumacks"", ""Karamanie"" and similar hand-woven rugs. - Other, not of pile construction, made up: Of other textile materials: Of straw, hemp, flax tow or jute",25,Textiles,,,Official aggregate only: C$27.6B across full measure,https://www.canada.ca/en/department-finance/programs/international-trade-finance-policy/canadas-response-us-tariffs/complete-list-us-products-subject-to-counter-tariffs.html
5702.99.90,"Carpets and other textile floor coverings, woven, not tufted or flocked, whether or not made up, including ""Kelem"", ""Schumacks"", ""Karamanie"" and similar hand-woven rugs.","- Other, not of pile construction, made up: Of other textile materials: Other","Carpets and other textile floor coverings, woven, not tufted or flocked, whether or not made up, including ""Kelem"", ""Schumacks"", ""Karamanie"" and similar hand-woven rugs. - Other, not of pile construction, made up: Of other textile materials: Other",25,Textiles,,,Official aggregate only: C$27.6B across full measure,https://www.canada.ca/en/department-finance/programs/international-trade-finance-policy/canadas-response-us-tariffs/complete-list-us-products-subject-to-counter-tariffs.html
5703.10.10,"Carpets and other textile floor coverings (including turf), tufted, whether or not made up.",- Of wool or fine animal hair: Machine tufted,"Carpets and other textile floor coverings (including turf), tufted, whether or not made up. - Of wool or fine animal hair: Machine tufted",25,Textiles,,,Official aggregate only: C$27.6B across full measure,https://www.canada.ca/en/department-finance/programs/international-trade-finance-policy/canadas-response-us-tariffs/complete-list-us-products-subject-to-counter-tariffs.html
5703.10.90,"Carpets and other textile floor coverings (including turf), tufted, whether or not made up.",- Of wool or fine animal hair: Other,"Carpets and other textile floor coverings (including turf), tufted, whether or not made up. - Of wool or fine animal hair: Other",25,Textiles,,,Official aggregate only: C$27.6B across full measure,https://www.canada.ca/en/department-finance/programs/international-trade-finance-policy/canadas-response-us-tariffs/complete-list-us-products-subject-to-counter-tariffs.html
5703.21.00,"Carpets and other textile floor coverings (including turf), tufted, whether or not made up.",- Of nylon or other polyamides: Turf,"Carpets and other textile floor coverings (including turf), tufted, whether or not made up. - Of nylon or other polyamides: Turf",25,Textiles,,,Official aggregate only: C$27.6B across full measure,https://www.canada.ca/en/department-finance/programs/international-trade-finance-policy/canadas-response-us-tariffs/complete-list-us-products-subject-to-counter-tariffs.html
5703.29.10,"Carpets and other textile floor coverings (including turf), tufted, whether or not made up.",- Of nylon or other polyamides: Other: Machine tufted,"Carpets and other textile floor coverings (including turf), tufted, whether or not made up. - Of nylon or other polyamides: Other: Machine tufted",25,Textiles,,,Official aggregate only: C$27.6B across full measure,https://www.canada.ca/en/department-finance/programs/international-trade-finance-policy/canadas-response-us-tariffs/complete-list-us-products-subject-to-counter-tariffs.html
5703.29.90,"Carpets and other textile floor coverings (including turf), tufted, whether or not made up.",- Of nylon or other polyamides: Other: Other,"Carpets and other textile floor coverings (including turf), tufted, whether or not made up. - Of nylon or other polyamides: Other: Other",25,Textiles,,,Official aggregate only: C$27.6B across full measure,https://www.canada.ca/en/department-finance/programs/international-trade-finance-policy/canadas-response-us-tariffs/complete-list-us-products-subject-to-counter-tariffs.html
5703.31.00,"Carpets and other textile floor coverings (including turf), tufted, whether or not made up.",- Of other man-made textile materials: Turf,"Carpets and other textile floor coverings (including turf), tufted, whether or not made up. - Of other man-made textile materials: Turf",25,Textiles,,,Official aggregate only: C$27.6B across full measure,https://www.canada.ca/en/department-finance/programs/international-trade-finance-policy/canadas-response-us-tariffs/complete-list-us-products-subject-to-counter-tariffs.html
5703.39.10,"Carpets and other textile floor coverings (including turf), tufted, whether or not made up.",- Of other man-made textile materials: Other: Machine tufted,"Carpets and other textile floor coverings (including turf), tufted, whether or not made up. - Of other man-made textile materials: Other: Machine tufted",50,Textiles,,,Official aggregate only: C$27.6B across full measure,https://www.canada.ca/en/department-finance/programs/international-trade-finance-policy/canadas-response-us-tariffs/complete-list-us-products-subject-to-counter-tariffs.html
5703.39.90,"Carpets and other textile floor coverings (including turf), tufted, whether or not made up.",- Of other man-made textile materials: Other: Other,"Carpets and other textile floor coverings (including turf), tufted, whether or not made up. - Of other man-made textile materials: Other: Other",50,Textiles,,,Official aggregate only: C$27.6B across full measure,https://www.canada.ca/en/department-finance/programs/international-trade-finance-policy/canadas-response-us-tariffs/complete-list-us-products-subject-to-counter-tariffs.html
5703.90.10,"Carpets and other textile floor coverings (including turf), tufted, whether or not made up.",- Of other textile materials: Machine tufted,"Carpets and other textile floor coverings (including turf), tufted, whether or not made up. - Of other textile materials: Machine tufted",25,Textiles,,,Official aggregate only: C$27.6B across full measure,https://www.canada.ca/en/department-finance/programs/international-trade-finance-policy/canadas-response-us-tariffs/complete-list-us-products-subject-to-counter-tariffs.html
5703.90.90,"Carpets and other textile floor coverings (including turf), tufted, whether or not made up.",- Of other textile materials: Other,"Carpets and other textile floor coverings (including turf), tufted, whether or not made up. - Of other textile materials: Other",25,Textiles,,,Official aggregate only: C$27.6B across full measure,https://www.canada.ca/en/department-finance/programs/international-trade-finance-policy/canadas-response-us-tariffs/complete-list-us-products-subject-to-counter-tariffs.html
5704.10.00,"Carpets and other textile floor coverings, of felt, not tufted or flocked, whether or not made up.","- Tiles, having a maximum surface area of 0.3 m²","Carpets and other textile floor coverings, of felt, not tufted or flocked, whether or not made up. - Tiles, having a maximum surface area of 0.3 m²",25,Textiles,,,Official aggregate only: C$27.6B across full measure,https://www.canada.ca/en/department-finance/programs/international-trade-finance-policy/canadas-response-us-tariffs/complete-list-us-products-subject-to-counter-tariffs.html
5704.20.00,"Carpets and other textile floor coverings, of felt, not tufted or flocked, whether or not made up.","- Tiles, having a maximum surface area exceeding 0.3 m² but not exceeding 1 m²","Carpets and other textile floor coverings, of felt, not tufted or flocked, whether or not made up. - Tiles, having a maximum surface area exceeding 0.3 m² but not exceeding 1 m²",25,Textiles,,,Official aggregate only: C$27.6B across full measure,https://www.canada.ca/en/department-finance/programs/international-trade-finance-policy/canadas-response-us-tariffs/complete-list-us-products-subject-to-counter-tariffs.html
5704.90.00,"Carpets and other textile floor coverings, of felt, not tufted or flocked, whether or not made up.",- Other,"Carpets and other textile floor coverings, of felt, not tufted or flocked, whether or not made up. - Other",25,Textiles,,,Official aggregate only: C$27.6B across full measure,https://www.canada.ca/en/department-finance/programs/international-trade-finance-policy/canadas-response-us-tariffs/complete-list-us-products-subject-to-counter-tariffs.html
5705.00.00,"Other carpets and other textile floor coverings, whether or not made up.",,"Other carpets and other textile floor coverings, whether or not made up.",25,Textiles,,,Official aggregate only: C$27.6B across full measure,https://www.canada.ca/en/department-finance/programs/international-trade-finance-policy/canadas-response-us-tariffs/complete-list-us-products-subject-to-counter-tariffs.html
6104.43.00,"Women's or girls' suits, ensembles, jackets and blazers, dresses, skirts, divided skirts, trousers, bib and brace overalls, breeches and shorts (other than swimwear), knitted or crocheted.",- Dresses: Of synthetic fibres,"Women's or girls' suits, ensembles, jackets and blazers, dresses, skirts, divided skirts, trousers, bib and brace overalls, breeches and shorts (other than swimwear), knitted or crocheted. - Dresses: Of synthetic fibres",50,Clothing & apparel,,,Official aggregate only: C$27.6B across full measure,https://www.canada.ca/en/department-finance/programs/international-trade-finance-policy/canadas-response-us-tariffs/complete-list-us-products-subject-to-counter-tariffs.html
6104.63.00,"Women's or girls' suits, ensembles, jackets and blazers, dresses, skirts, divided skirts, trousers, bib and brace overalls, breeches and shorts (other than swimwear), knitted or crocheted.","- Trousers, bib and brace overalls, breeches and shorts: Of synthetic fibres","Women's or girls' suits, ensembles, jackets and blazers, dresses, skirts, divided skirts, trousers, bib and brace overalls, breeches and shorts (other than swimwear), knitted or crocheted. - Trousers, bib and brace overalls, breeches and shorts: Of synthetic fibres",50,Clothing & apparel,,,Official aggregate only: C$27.6B across full measure,https://www.canada.ca/en/department-finance/programs/international-trade-finance-policy/canadas-response-us-tariffs/complete-list-us-products-subject-to-counter-tariffs.html
6109.10.00,"T-shirts, singlets and other vests, knitted or crocheted.",- Of cotton,"T-shirts, singlets and other vests, knitted or crocheted. - Of cotton",50,Clothing & apparel,,,Official aggregate only: C$27.6B across full measure,https://www.canada.ca/en/department-finance/programs/international-trade-finance-policy/canadas-response-us-tariffs/complete-list-us-products-subject-to-counter-tariffs.html
6110.20.00,"Jerseys, pullovers, cardigans, waistcoats and similar articles, knitted or crocheted.",- Of cotton,"Jerseys, pullovers, cardigans, waistcoats and similar articles, knitted or crocheted. - Of cotton",50,Clothing & apparel,,,Official aggregate only: C$27.6B across full measure,https://www.canada.ca/en/department-finance/programs/international-trade-finance-policy/canadas-response-us-tariffs/complete-list-us-products-subject-to-counter-tariffs.html
6110.30.00,"Jerseys, pullovers, cardigans, waistcoats and similar articles, knitted or crocheted.",- Of man-made fibres,"Jerseys, pullovers, cardigans, waistcoats and similar articles, knitted or crocheted. - Of man-made fibres",50,Clothing & apparel,,,Official aggregate only: C$27.6B across full measure,https://www.canada.ca/en/department-finance/programs/international-trade-finance-policy/canadas-response-us-tariffs/complete-list-us-products-subject-to-counter-tariffs.html
6116.93.00,"Gloves, mittens and mitts, knitted or crocheted.",- Other: Of synthetic fibres,"Gloves, mittens and mitts, knitted or crocheted. - Other: Of synthetic fibres",50,Clothing & apparel,,,Official aggregate only: C$27.6B across full measure,https://www.canada.ca/en/department-finance/programs/international-trade-finance-policy/canadas-response-us-tariffs/complete-list-us-products-subject-to-counter-tariffs.html
6201.40.10,"Men's or boys' overcoats, car-coats, capes, cloaks, anoraks (including ski-jackets), wind-cheaters, wind-jackets and similar articles, other than those of heading 62.03.","- Of man-made fibres: Overcoats, raincoats, car-coats, capes, cloaks and similar articles","Men's or boys' overcoats, car-coats, capes, cloaks, anoraks (including ski-jackets), wind-cheaters, wind-jackets and similar articles, other than those of heading 62.03. - Of man-made fibres: Overcoats, raincoats, car-coats, capes, cloaks and similar articles",50,Clothing & apparel,,,Official aggregate only: C$27.6B across full measure,https://www.canada.ca/en/department-finance/programs/international-trade-finance-policy/canadas-response-us-tariffs/complete-list-us-products-subject-to-counter-tariffs.html
6201.40.90,"Men's or boys' overcoats, car-coats, capes, cloaks, anoraks (including ski-jackets), wind-cheaters, wind-jackets and similar articles, other than those of heading 62.03.",- Of man-made fibres: Other,"Men's or boys' overcoats, car-coats, capes, cloaks, anoraks (including ski-jackets), wind-cheaters, wind-jackets and similar articles, other than those of heading 62.03. - Of man-made fibres: Other",50,Clothing & apparel,,,Official aggregate only: C$27.6B across full measure,https://www.canada.ca/en/department-finance/programs/international-trade-finance-policy/canadas-response-us-tariffs/complete-list-us-products-subject-to-counter-tariffs.html
6202.40.00,"Women's or girls' overcoats, car-coats, capes, cloaks, anoraks (including ski-jackets), wind-cheaters, wind-jackets and similar articles, other than those of heading 62.04.",- Of man-made fibres,"Women's or girls' overcoats, car-coats, capes, cloaks, anoraks (including ski-jackets), wind-cheaters, wind-jackets and similar articles, other than those of heading 62.04. - Of man-made fibres",50,Clothing & apparel,,,Official aggregate only: C$27.6B across full measure,https://www.canada.ca/en/department-finance/programs/international-trade-finance-policy/canadas-response-us-tariffs/complete-list-us-products-subject-to-counter-tariffs.html
6203.11.00,"Men's or boys' suits, ensembles, jackets, blazers, trousers, bib and brace overalls, breeches and shorts (other than swimwear).",- Suits: Of wool or fine animal hair,"Men's or boys' suits, ensembles, jackets, blazers, trousers, bib and brace overalls, breeches and shorts (other than swimwear). - Suits: Of wool or fine animal hair",50,Clothing & apparel,,,Official aggregate only: C$27.6B across full measure,https://www.canada.ca/en/department-finance/programs/international-trade-finance-policy/canadas-response-us-tariffs/complete-list-us-products-subject-to-counter-tariffs.html
6203.31.00,"Men's or boys' suits, ensembles, jackets, blazers, trousers, bib and brace overalls, breeches and shorts (other than swimwear).",- Jackets and blazers: Of wool or fine animal hair,"Men's or boys' suits, ensembles, jackets, blazers, trousers, bib and brace overalls, breeches and shorts (other than swimwear). - Jackets and blazers: Of wool or fine animal hair",50,Clothing & apparel,,,Official aggregate only: C$27.6B across full measure,https://www.canada.ca/en/department-finance/programs/international-trade-finance-policy/canadas-response-us-tariffs/complete-list-us-products-subject-to-counter-tariffs.html
6203.41.00,"Men's or boys' suits, ensembles, jackets, blazers, trousers, bib and brace overalls, breeches and shorts (other than swimwear).","- Trousers, bib and brace overalls, breeches and shorts: Of wool or fine animal hair","Men's or boys' suits, ensembles, jackets, blazers, trousers, bib and brace overalls, breeches and shorts (other than swimwear). - Trousers, bib and brace overalls, breeches and shorts: Of wool or fine animal hair",50,Clothing & apparel,,,Official aggregate only: C$27.6B across full measure,https://www.canada.ca/en/department-finance/programs/international-trade-finance-policy/canadas-response-us-tariffs/complete-list-us-products-subject-to-counter-tariffs.html
6204.43.00,"Women's or girls' suits, ensembles, jackets, blazers, dresses, skirts, divided skirts, trousers, bib and brace overalls, breeches and shorts (other than swimwear).",- Dresses: Of synthetic fibres,"Women's or girls' suits, ensembles, jackets, blazers, dresses, skirts, divided skirts, trousers, bib and brace overalls, breeches and shorts (other than swimwear). - Dresses: Of synthetic fibres",50,Clothing & apparel,,,Official aggregate only: C$27.6B across full measure,https://www.canada.ca/en/department-finance/programs/international-trade-finance-policy/canadas-response-us-tariffs/complete-list-us-products-subject-to-counter-tariffs.html
6204.49.00,"Women's or girls' suits, ensembles, jackets, blazers, dresses, skirts, divided skirts, trousers, bib and brace overalls, breeches and shorts (other than swimwear).",- Dresses: Of other textile materials,"Women's or girls' suits, ensembles, jackets, blazers, dresses, skirts, divided skirts, trousers, bib and brace overalls, breeches and shorts (other than swimwear). - Dresses: Of other textile materials",50,Clothing & apparel,,,Official aggregate only: C$27.6B across full measure,https://www.canada.ca/en/department-finance/programs/international-trade-finance-policy/canadas-response-us-tariffs/complete-list-us-products-subject-to-counter-tariffs.html
6210.20.10,"Garments, made up of fabrics of heading 56.02, 56.03, 59.03, 59.06 or 59.07.","- Other garments, of the type described in heading 62.01: Protective suits, to be employed in a noxious atmosphere","Garments, made up of fabrics of heading 56.02, 56.03, 59.03, 59.06 or 59.07. - Other garments, of the type described in heading 62.01: Protective suits, to be employed in a noxious atmosphere",50,Clothing & apparel,,,Official aggregate only: C$27.6B across full measure,https://www.canada.ca/en/department-finance/programs/international-trade-finance-policy/canadas-response-us-tariffs/complete-list-us-products-subject-to-counter-tariffs.html
6210.20.90,"Garments, made up of fabrics of heading 56.02, 56.03, 59.03, 59.06 or 59.07.","- Other garments, of the type described in heading 62.01: Other","Garments, made up of fabrics of heading 56.02, 56.03, 59.03, 59.06 or 59.07. - Other garments, of the type described in heading 62.01: Other",50,Clothing & apparel,,,Official aggregate only: C$27.6B across full measure,https://www.canada.ca/en/department-finance/programs/international-trade-finance-policy/canadas-response-us-tariffs/complete-list-us-products-subject-to-counter-tariffs.html
6210.40.10,"Garments, made up of fabrics of heading 56.02, 56.03, 59.03, 59.06 or 59.07.","- Other men's or boys' garments: Protective suits, to be employed in a noxious atmosphere","Garments, made up of fabrics of heading 56.02, 56.03, 59.03, 59.06 or 59.07. - Other men's or boys' garments: Protective suits, to be employed in a noxious atmosphere",50,Clothing & apparel,,,Official aggregate only: C$27.6B across full measure,https://www.canada.ca/en/department-finance/programs/international-trade-finance-policy/canadas-response-us-tariffs/complete-list-us-products-subject-to-counter-tariffs.html
6210.40.90,"Garments, made up of fabrics of heading 56.02, 56.03, 59.03, 59.06 or 59.07.",- Other men's or boys' garments: Other,"Garments, made up of fabrics of heading 56.02, 56.03, 59.03, 59.06 or 59.07. - Other men's or boys' garments: Other",50,Clothing & apparel,,,Official aggregate only: C$27.6B across full measure,https://www.canada.ca/en/department-finance/programs/international-trade-finance-policy/canadas-response-us-tariffs/complete-list-us-products-subject-to-counter-tariffs.html
6210.50.10,"Garments, made up of fabrics of heading 56.02, 56.03, 59.03, 59.06 or 59.07.","- Other women's or girls' garments: Protective suits, to be employed in a noxious atmosphere","Garments, made up of fabrics of heading 56.02, 56.03, 59.03, 59.06 or 59.07. - Other women's or girls' garments: Protective suits, to be employed in a noxious atmosphere",50,Clothing & apparel,,,Official aggregate only: C$27.6B across full measure,https://www.canada.ca/en/department-finance/programs/international-trade-finance-policy/canadas-response-us-tariffs/complete-list-us-products-subject-to-counter-tariffs.html
6210.50.90,"Garments, made up of fabrics of heading 56.02, 56.03, 59.03, 59.06 or 59.07.",- Other women's or girls' garments: Other,"Garments, made up of fabrics of heading 56.02, 56.03, 59.03, 59.06 or 59.07. - Other women's or girls' garments: Other",50,Clothing & apparel,,,Official aggregate only: C$27.6B across full measure,https://www.canada.ca/en/department-finance/programs/international-trade-finance-policy/canadas-response-us-tariffs/complete-list-us-products-subject-to-counter-tariffs.html
6211.32.00,"Track suits, ski suits and swimwear; other garments.","- Other garments, men's or boys': Of cotton","Track suits, ski suits and swimwear; other garments. - Other garments, men's or boys': Of cotton",50,Clothing & apparel,,,Official aggregate only: C$27.6B across full measure,https://www.canada.ca/en/department-finance/programs/international-trade-finance-policy/canadas-response-us-tariffs/complete-list-us-products-subject-to-counter-tariffs.html
6211.33.00,"Track suits, ski suits and swimwear; other garments.","- Other garments, men's or boys': Of man-made fibres","Track suits, ski suits and swimwear; other garments. - Other garments, men's or boys': Of man-made fibres",50,Clothing & apparel,,,Official aggregate only: C$27.6B across full measure,https://www.canada.ca/en/department-finance/programs/international-trade-finance-policy/canadas-response-us-tariffs/complete-list-us-products-subject-to-counter-tariffs.html
6211.43.10,"Track suits, ski suits and swimwear; other garments.","- Other garments, women's or girls': Of man-made fibres: Saris","Track suits, ski suits and swimwear; other garments. - Other garments, women's or girls': Of man-made fibres: Saris",50,Clothing & apparel,,,Official aggregate only: C$27.6B across full measure,https://www.canada.ca/en/department-finance/programs/international-trade-finance-policy/canadas-response-us-tariffs/complete-list-us-products-subject-to-counter-tariffs.html
6211.43.90,"Track suits, ski suits and swimwear; other garments.","- Other garments, women's or girls': Of man-made fibres: Other","Track suits, ski suits and swimwear; other garments. - Other garments, women's or girls': Of man-made fibres: Other",50,Clothing & apparel,,,Official aggregate only: C$27.6B across full measure,https://www.canada.ca/en/department-finance/programs/international-trade-finance-policy/canadas-response-us-tariffs/complete-list-us-products-subject-to-counter-tariffs.html
6809.11.00,Articles of plaster or of compositions based on plaster.,"- Boards, sheets, panels, tiles and similar articles, not ornamented: Faced or reinforced with paper or paperboard only","Articles of plaster or of compositions based on plaster. - Boards, sheets, panels, tiles and similar articles, not ornamented: Faced or reinforced with paper or paperboard only",50,Other manufactured goods,,,Official aggregate only: C$27.6B across full measure,https://www.canada.ca/en/department-finance/programs/international-trade-finance-policy/canadas-response-us-tariffs/complete-list-us-products-subject-to-counter-tariffs.html
7010.90.00,"Carboys, bottles, flasks, jars, pots, phials, ampoules and other containers, of glass, of a kind used for the conveyance or packing of goods; preserving jars of glass; stoppers, lids and other closures, of glass.",- Other,"Carboys, bottles, flasks, jars, pots, phials, ampoules and other containers, of glass, of a kind used for the conveyance or packing of goods; preserving jars of glass; stoppers, lids and other closures, of glass. - Other",50,Other manufactured goods,,,Official aggregate only: C$27.6B across full measure,https://www.canada.ca/en/department-finance/programs/international-trade-finance-policy/canadas-response-us-tariffs/complete-list-us-products-subject-to-counter-tariffs.html
7206.10.00,Iron and non-alloy steel in ingots or other primary forms (excluding iron of heading 72.03).,- Ingots,Iron and non-alloy steel in ingots or other primary forms (excluding iron of heading 72.03). - Ingots,50,"Steel, aluminum & metals",,,Official aggregate only: C$27.6B across full measure,https://www.canada.ca/en/department-finance/programs/international-trade-finance-policy/canadas-response-us-tariffs/complete-list-us-products-subject-to-counter-tariffs.html
7206.90.00,Iron and non-alloy steel in ingots or other primary forms (excluding iron of heading 72.03).,- Other,Iron and non-alloy steel in ingots or other primary forms (excluding iron of heading 72.03). - Other,50,"Steel, aluminum & metals",,,Official aggregate only: C$27.6B across full measure,https://www.canada.ca/en/department-finance/programs/international-trade-finance-policy/canadas-response-us-tariffs/complete-list-us-products-subject-to-counter-tariffs.html
7207.11.00,Semi-finished products of iron or non-alloy steel.,"- Containing by weight less than 0.25% of carbon: Of rectangular (including square) cross-section, the width measuring less than twice the thickness","Semi-finished products of iron or non-alloy steel. - Containing by weight less than 0.25% of carbon: Of rectangular (including square) cross-section, the width measuring less than twice the thickness",50,"Steel, aluminum & metals",,,Official aggregate only: C$27.6B across full measure,https://www.canada.ca/en/department-finance/programs/international-trade-finance-policy/canadas-response-us-tariffs/complete-list-us-products-subject-to-counter-tariffs.html
7207.12.00,Semi-finished products of iron or non-alloy steel.,"- Containing by weight less than 0.25% of carbon: Other, of rectangular (other than square) cross-section","Semi-finished products of iron or non-alloy steel. - Containing by weight less than 0.25% of carbon: Other, of rectangular (other than square) cross-section",50,"Steel, aluminum & metals",,,Official aggregate only: C$27.6B across full measure,https://www.canada.ca/en/department-finance/programs/international-trade-finance-policy/canadas-response-us-tariffs/complete-list-us-products-subject-to-counter-tariffs.html
7207.19.00,Semi-finished products of iron or non-alloy steel.,- Containing by weight less than 0.25% of carbon: Other,Semi-finished products of iron or non-alloy steel. - Containing by weight less than 0.25% of carbon: Other,50,"Steel, aluminum & metals",,,Official aggregate only: C$27.6B across full measure,https://www.canada.ca/en/department-finance/programs/international-trade-finance-policy/canadas-response-us-tariffs/complete-list-us-products-subject-to-counter-tariffs.html
7207.20.00,Semi-finished products of iron or non-alloy steel.,- Containing by weight 0.25% or more of carbon,Semi-finished products of iron or non-alloy steel. - Containing by weight 0.25% or more of carbon,50,"Steel, aluminum & metals",,,Official aggregate only: C$27.6B across full measure,https://www.canada.ca/en/department-finance/programs/international-trade-finance-policy/canadas-response-us-tariffs/complete-list-us-products-subject-to-counter-tariffs.html
7208.10.00,"Flat-rolled products of iron or non-alloy steel, of a width of 600 mm or more, hot-rolled, not clad, plated or coated.","- In coils, not further worked than hot-rolled, with patterns in relief","Flat-rolled products of iron or non-alloy steel, of a width of 600 mm or more, hot-rolled, not clad, plated or coated. - In coils, not further worked than hot-rolled, with patterns in relief",50,"Steel, aluminum & metals",,,Official aggregate only: C$27.6B across full measure,https://www.canada.ca/en/department-finance/programs/international-trade-finance-policy/canadas-response-us-tariffs/complete-list-us-products-subject-to-counter-tariffs.html
7208.25.00,"Flat-rolled products of iron or non-alloy steel, of a width of 600 mm or more, hot-rolled, not clad, plated or coated.","- Other, in coils, not further worked than hot-rolled, pickled: Of a thickness of 4.75 mm or more","Flat-rolled products of iron or non-alloy steel, of a width of 600 mm or more, hot-rolled, not clad, plated or coated. - Other, in coils, not further worked than hot-rolled, pickled: Of a thickness of 4.75 mm or more",50,"Steel, aluminum & metals",,,Official aggregate only: C$27.6B across full measure,https://www.canada.ca/en/department-finance/programs/international-trade-finance-policy/canadas-response-us-tariffs/complete-list-us-products-subject-to-counter-tariffs.html
7208.26.00,"Flat-rolled products of iron or non-alloy steel, of a width of 600 mm or more, hot-rolled, not clad, plated or coated.","- Other, in coils, not further worked than hot-rolled, pickled: Of a thickness of 3 mm or more but less than 4.75 mm","Flat-rolled products of iron or non-alloy steel, of a width of 600 mm or more, hot-rolled, not clad, plated or coated. - Other, in coils, not further worked than hot-rolled, pickled: Of a thickness of 3 mm or more but less than 4.75 mm",50,"Steel, aluminum & metals",,,Official aggregate only: C$27.6B across full measure,https://www.canada.ca/en/department-finance/programs/international-trade-finance-policy/canadas-response-us-tariffs/complete-list-us-products-subject-to-counter-tariffs.html
7208.27.00,"Flat-rolled products of iron or non-alloy steel, of a width of 600 mm or more, hot-rolled, not clad, plated or coated.","- Other, in coils, not further worked than hot-rolled, pickled: Of a thickness of less than 3 mm","Flat-rolled products of iron or non-alloy steel, of a width of 600 mm or more, hot-rolled, not clad, plated or coated. - Other, in coils, not further worked than hot-rolled, pickled: Of a thickness of less than 3 mm",50,"Steel, aluminum & metals",,,Official aggregate only: C$27.6B across full measure,https://www.canada.ca/en/department-finance/programs/international-trade-finance-policy/canadas-response-us-tariffs/complete-list-us-products-subject-to-counter-tariffs.html
7208.36.00,"Flat-rolled products of iron or non-alloy steel, of a width of 600 mm or more, hot-rolled, not clad, plated or coated.","- Other, in coils, not further worked than hot-rolled: Of a thickness exceeding 10 mm","Flat-rolled products of iron or non-alloy steel, of a width of 600 mm or more, hot-rolled, not clad, plated or coated. - Other, in coils, not further worked than hot-rolled: Of a thickness exceeding 10 mm",50,"Steel, aluminum & metals",,,Official aggregate only: C$27.6B across full measure,https://www.canada.ca/en/department-finance/programs/international-trade-finance-policy/canadas-response-us-tariffs/complete-list-us-products-subject-to-counter-tariffs.html
7208.37.00,"Flat-rolled products of iron or non-alloy steel, of a width of 600 mm or more, hot-rolled, not clad, plated or coated.","- Other, in coils, not further worked than hot-rolled: Of a thickness of 4.75 mm or more but not exceeding 10 mm","Flat-rolled products of iron or non-alloy steel, of a width of 600 mm or more, hot-rolled, not clad, plated or coated. - Other, in coils, not further worked than hot-rolled: Of a thickness of 4.75 mm or more but not exceeding 10 mm",50,"Steel, aluminum & metals",,,Official aggregate only: C$27.6B across full measure,https://www.canada.ca/en/department-finance/programs/international-trade-finance-policy/canadas-response-us-tariffs/complete-list-us-products-subject-to-counter-tariffs.html
7208.38.00,"Flat-rolled products of iron or non-alloy steel, of a width of 600 mm or more, hot-rolled, not clad, plated or coated.","- Other, in coils, not further worked than hot-rolled: Of a thickness of 3 mm or more but less than 4.75 mm","Flat-rolled products of iron or non-alloy steel, of a width of 600 mm or more, hot-rolled, not clad, plated or coated. - Other, in coils, not further worked than hot-rolled: Of a thickness of 3 mm or more but less than 4.75 mm",50,"Steel, aluminum & metals",,,Official aggregate only: C$27.6B across full measure,https://www.canada.ca/en/department-finance/programs/international-trade-finance-policy/canadas-response-us-tariffs/complete-list-us-products-subject-to-counter-tariffs.html
7208.39.00,"Flat-rolled products of iron or non-alloy steel, of a width of 600 mm or more, hot-rolled, not clad, plated or coated.","- Other, in coils, not further worked than hot-rolled: Of a thickness of less than 3 mm","Flat-rolled products of iron or non-alloy steel, of a width of 600 mm or more, hot-rolled, not clad, plated or coated. - Other, in coils, not further worked than hot-rolled: Of a thickness of less than 3 mm",50,"Steel, aluminum & metals",,,Official aggregate only: C$27.6B across full measure,https://www.canada.ca/en/department-finance/programs/international-trade-finance-policy/canadas-response-us-tariffs/complete-list-us-products-subject-to-counter-tariffs.html
7208.40.00,"Flat-rolled products of iron or non-alloy steel, of a width of 600 mm or more, hot-rolled, not clad, plated or coated.","- Not in coils, not further worked than hot-rolled, with patterns in relief","Flat-rolled products of iron or non-alloy steel, of a width of 600 mm or more, hot-rolled, not clad, plated or coated. - Not in coils, not further worked than hot-rolled, with patterns in relief",50,"Steel, aluminum & metals",,,Official aggregate only: C$27.6B across full measure,https://www.canada.ca/en/department-finance/programs/international-trade-finance-policy/canadas-response-us-tariffs/complete-list-us-products-subject-to-counter-tariffs.html
7208.51.00,"Flat-rolled products of iron or non-alloy steel, of a width of 600 mm or more, hot-rolled, not clad, plated or coated.","- Other, not in coils, not further worked than hot-rolled: Of a thickness exceeding 10 mm","Flat-rolled products of iron or non-alloy steel, of a width of 600 mm or more, hot-rolled, not clad, plated or coated. - Other, not in coils, not further worked than hot-rolled: Of a thickness exceeding 10 mm",50,"Steel, aluminum & metals",,,Official aggregate only: C$27.6B across full measure,https://www.canada.ca/en/department-finance/programs/international-trade-finance-policy/canadas-response-us-tariffs/complete-list-us-products-subject-to-counter-tariffs.html
7208.52.00,"Flat-rolled products of iron or non-alloy steel, of a width of 600 mm or more, hot-rolled, not clad, plated or coated.","- Other, not in coils, not further worked than hot-rolled: Of a thickness of 4.75 mm or more but not exceeding 10 mm","Flat-rolled products of iron or non-alloy steel, of a width of 600 mm or more, hot-rolled, not clad, plated or coated. - Other, not in coils, not further worked than hot-rolled: Of a thickness of 4.75 mm or more but not exceeding 10 mm",50,"Steel, aluminum & metals",,,Official aggregate only: C$27.6B across full measure,https://www.canada.ca/en/department-finance/programs/international-trade-finance-policy/canadas-response-us-tariffs/complete-list-us-products-subject-to-counter-tariffs.html
7208.53.00,"Flat-rolled products of iron or non-alloy steel, of a width of 600 mm or more, hot-rolled, not clad, plated or coated.","- Other, not in coils, not further worked than hot-rolled: Other, of a thickness of 3 mm or more but less than 4.75 mm","Flat-rolled products of iron or non-alloy steel, of a width of 600 mm or more, hot-rolled, not clad, plated or coated. - Other, not in coils, not further worked than hot-rolled: Other, of a thickness of 3 mm or more but less than 4.75 mm",50,"Steel, aluminum & metals",,,Official aggregate only: C$27.6B across full measure,https://www.canada.ca/en/department-finance/programs/international-trade-finance-policy/canadas-response-us-tariffs/complete-list-us-products-subject-to-counter-tariffs.html
7208.54.00,"Flat-rolled products of iron or non-alloy steel, of a width of 600 mm or more, hot-rolled, not clad, plated or coated.","- Other, not in coils, not further worked than hot-rolled: Other, of a thickness of less than 3 mm","Flat-rolled products of iron or non-alloy steel, of a width of 600 mm or more, hot-rolled, not clad, plated or coated. - Other, not in coils, not further worked than hot-rolled: Other, of a thickness of less than 3 mm",50,"Steel, aluminum & metals",,,Official aggregate only: C$27.6B across full measure,https://www.canada.ca/en/department-finance/programs/international-trade-finance-policy/canadas-response-us-tariffs/complete-list-us-products-subject-to-counter-tariffs.html
7208.90.00,"Flat-rolled products of iron or non-alloy steel, of a width of 600 mm or more, hot-rolled, not clad, plated or coated.",- Other,"Flat-rolled products of iron or non-alloy steel, of a width of 600 mm or more, hot-rolled, not clad, plated or coated. - Other",50,"Steel, aluminum & metals",,,Official aggregate only: C$27.6B across full measure,https://www.canada.ca/en/department-finance/programs/international-trade-finance-policy/canadas-response-us-tariffs/complete-list-us-products-subject-to-counter-tariffs.html
7209.15.00,"Flat-rolled products of iron or non-alloy steel, of a width of 600 mm or more, cold-rolled (cold-reduced), not clad, plated or coated.","- In coils, not further worked than cold-rolled (cold-reduced): Of a thickness of 3 mm or more","Flat-rolled products of iron or non-alloy steel, of a width of 600 mm or more, cold-rolled (cold-reduced), not clad, plated or coated. - In coils, not further worked than cold-rolled (cold-reduced): Of a thickness of 3 mm or more",50,"Steel, aluminum & metals",,,Official aggregate only: C$27.6B across full measure,https://www.canada.ca/en/department-finance/programs/international-trade-finance-policy/canadas-response-us-tariffs/complete-list-us-products-subject-to-counter-tariffs.html
7209.16.00,"Flat-rolled products of iron or non-alloy steel, of a width of 600 mm or more, cold-rolled (cold-reduced), not clad, plated or coated.","- In coils, not further worked than cold-rolled (cold-reduced): Of a thickness exceeding 1 mm but less than 3 mm","Flat-rolled products of iron or non-alloy steel, of a width of 600 mm or more, cold-rolled (cold-reduced), not clad, plated or coated. - In coils, not further worked than cold-rolled (cold-reduced): Of a thickness exceeding 1 mm but less than 3 mm",50,"Steel, aluminum & metals",,,Official aggregate only: C$27.6B across full measure,https://www.canada.ca/en/department-finance/programs/international-trade-finance-policy/canadas-response-us-tariffs/complete-list-us-products-subject-to-counter-tariffs.html
7209.17.00,"Flat-rolled products of iron or non-alloy steel, of a width of 600 mm or more, cold-rolled (cold-reduced), not clad, plated or coated.","- In coils, not further worked than cold-rolled (cold-reduced): Of a thickness of 0.5 mm or more but not exceeding 1 mm","Flat-rolled products of iron or non-alloy steel, of a width of 600 mm or more, cold-rolled (cold-reduced), not clad, plated or coated. - In coils, not further worked than cold-rolled (cold-reduced): Of a thickness of 0.5 mm or more but not exceeding 1 mm",50,"Steel, aluminum & metals",,,Official aggregate only: C$27.6B across full measure,https://www.canada.ca/en/department-finance/programs/international-trade-finance-policy/canadas-response-us-tariffs/complete-list-us-products-subject-to-counter-tariffs.html
7209.18.00,"Flat-rolled products of iron or non-alloy steel, of a width of 600 mm or more, cold-rolled (cold-reduced), not clad, plated or coated.","- In coils, not further worked than cold-rolled (cold-reduced): Of a thickness of less than 0.5 mm","Flat-rolled products of iron or non-alloy steel, of a width of 600 mm or more, cold-rolled (cold-reduced), not clad, plated or coated. - In coils, not further worked than cold-rolled (cold-reduced): Of a thickness of less than 0.5 mm",50,"Steel, aluminum & metals",,,Official aggregate only: C$27.6B across full measure,https://www.canada.ca/en/department-finance/programs/international-trade-finance-policy/canadas-response-us-tariffs/complete-list-us-products-subject-to-counter-tariffs.html
7209.25.00,"Flat-rolled products of iron or non-alloy steel, of a width of 600 mm or more, cold-rolled (cold-reduced), not clad, plated or coated.","- Not in coils, not further worked than cold-rolled (cold-reduced): Of a thickness of 3 mm or more","Flat-rolled products of iron or non-alloy steel, of a width of 600 mm or more, cold-rolled (cold-reduced), not clad, plated or coated. - Not in coils, not further worked than cold-rolled (cold-reduced): Of a thickness of 3 mm or more",50,"Steel, aluminum & metals",,,Official aggregate only: C$27.6B across full measure,https://www.canada.ca/en/department-finance/programs/international-trade-finance-policy/canadas-response-us-tariffs/complete-list-us-products-subject-to-counter-tariffs.html
7209.26.00,"Flat-rolled products of iron or non-alloy steel, of a width of 600 mm or more, cold-rolled (cold-reduced), not clad, plated or coated.","- Not in coils, not further worked than cold-rolled (cold-reduced): Of a thickness exceeding 1 mm but less than 3 mm","Flat-rolled products of iron or non-alloy steel, of a width of 600 mm or more, cold-rolled (cold-reduced), not clad, plated or coated. - Not in coils, not further worked than cold-rolled (cold-reduced): Of a thickness exceeding 1 mm but less than 3 mm",50,"Steel, aluminum & metals",,,Official aggregate only: C$27.6B across full measure,https://www.canada.ca/en/department-finance/programs/international-trade-finance-policy/canadas-response-us-tariffs/complete-list-us-products-subject-to-counter-tariffs.html
7209.27.00,"Flat-rolled products of iron or non-alloy steel, of a width of 600 mm or more, cold-rolled (cold-reduced), not clad, plated or coated.","- Not in coils, not further worked than cold-rolled (cold-reduced): Of a thickness of 0.5 mm or more but not exceeding 1 mm","Flat-rolled products of iron or non-alloy steel, of a width of 600 mm or more, cold-rolled (cold-reduced), not clad, plated or coated. - Not in coils, not further worked than cold-rolled (cold-reduced): Of a thickness of 0.5 mm or more but not exceeding 1 mm",50,"Steel, aluminum & metals",,,Official aggregate only: C$27.6B across full measure,https://www.canada.ca/en/department-finance/programs/international-trade-finance-policy/canadas-response-us-tariffs/complete-list-us-products-subject-to-counter-tariffs.html
7209.28.00,"Flat-rolled products of iron or non-alloy steel, of a width of 600 mm or more, cold-rolled (cold-reduced), not clad, plated or coated.","- Not in coils, not further worked than cold-rolled (cold-reduced): Of a thickness of less than 0.5 mm","Flat-rolled products of iron or non-alloy steel, of a width of 600 mm or more, cold-rolled (cold-reduced), not clad, plated or coated. - Not in coils, not further worked than cold-rolled (cold-reduced): Of a thickness of less than 0.5 mm",50,"Steel, aluminum & metals",,,Official aggregate only: C$27.6B across full measure,https://www.canada.ca/en/department-finance/programs/international-trade-finance-policy/canadas-response-us-tariffs/complete-list-us-products-subject-to-counter-tariffs.html
7209.90.00,"Flat-rolled products of iron or non-alloy steel, of a width of 600 mm or more, cold-rolled (cold-reduced), not clad, plated or coated.",- Other,"Flat-rolled products of iron or non-alloy steel, of a width of 600 mm or more, cold-rolled (cold-reduced), not clad, plated or coated. - Other",50,"Steel, aluminum & metals",,,Official aggregate only: C$27.6B across full measure,https://www.canada.ca/en/department-finance/programs/international-trade-finance-policy/canadas-response-us-tariffs/complete-list-us-products-subject-to-counter-tariffs.html
7210.11.00,"Flat-rolled products of iron or non-alloy steel, of a width of 600 mm or more, clad, plated or coated.",- Plated or coated with tin: Of a thickness of 0.5 mm or more,"Flat-rolled products of iron or non-alloy steel, of a width of 600 mm or more, clad, plated or coated. - Plated or coated with tin: Of a thickness of 0.5 mm or more",50,"Steel, aluminum & metals",,,Official aggregate only: C$27.6B across full measure,https://www.canada.ca/en/department-finance/programs/international-trade-finance-policy/canadas-response-us-tariffs/complete-list-us-products-subject-to-counter-tariffs.html
7210.12.00,"Flat-rolled products of iron or non-alloy steel, of a width of 600 mm or more, clad, plated or coated.",- Plated or coated with tin: Of a thickness of less than 0.5 mm,"Flat-rolled products of iron or non-alloy steel, of a width of 600 mm or more, clad, plated or coated. - Plated or coated with tin: Of a thickness of less than 0.5 mm",50,"Steel, aluminum & metals",,,Official aggregate only: C$27.6B across full measure,https://www.canada.ca/en/department-finance/programs/international-trade-finance-policy/canadas-response-us-tariffs/complete-list-us-products-subject-to-counter-tariffs.html
7210.20.00,"Flat-rolled products of iron or non-alloy steel, of a width of 600 mm or more, clad, plated or coated.","- Plated or coated with lead, including terne-plate","Flat-rolled products of iron or non-alloy steel, of a width of 600 mm or more, clad, plated or coated. - Plated or coated with lead, including terne-plate",50,"Steel, aluminum & metals",,,Official aggregate only: C$27.6B across full measure,https://www.canada.ca/en/department-finance/programs/international-trade-finance-policy/canadas-response-us-tariffs/complete-list-us-products-subject-to-counter-tariffs.html
7210.30.00,"Flat-rolled products of iron or non-alloy steel, of a width of 600 mm or more, clad, plated or coated.",- Electrolytically plated or coated with zinc,"Flat-rolled products of iron or non-alloy steel, of a width of 600 mm or more, clad, plated or coated. - Electrolytically plated or coated with zinc",50,"Steel, aluminum & metals",,,Official aggregate only: C$27.6B across full measure,https://www.canada.ca/en/department-finance/programs/international-trade-finance-policy/canadas-response-us-tariffs/complete-list-us-products-subject-to-counter-tariffs.html
7210.41.00,"Flat-rolled products of iron or non-alloy steel, of a width of 600 mm or more, clad, plated or coated.",- Otherwise plated or coated with zinc: Corrugated,"Flat-rolled products of iron or non-alloy steel, of a width of 600 mm or more, clad, plated or coated. - Otherwise plated or coated with zinc: Corrugated",50,"Steel, aluminum & metals",,,Official aggregate only: C$27.6B across full measure,https://www.canada.ca/en/department-finance/programs/international-trade-finance-policy/canadas-response-us-tariffs/complete-list-us-products-subject-to-counter-tariffs.html
7210.49.00,"Flat-rolled products of iron or non-alloy steel, of a width of 600 mm or more, clad, plated or coated.",- Otherwise plated or coated with zinc: Other,"Flat-rolled products of iron or non-alloy steel, of a width of 600 mm or more, clad, plated or coated. - Otherwise plated or coated with zinc: Other",50,"Steel, aluminum & metals",,,Official aggregate only: C$27.6B across full measure,https://www.canada.ca/en/department-finance/programs/international-trade-finance-policy/canadas-response-us-tariffs/complete-list-us-products-subject-to-counter-tariffs.html
7210.50.00,"Flat-rolled products of iron or non-alloy steel, of a width of 600 mm or more, clad, plated or coated.",- Plated or coated with chromium oxides or with chromium and chromium oxides,"Flat-rolled products of iron or non-alloy steel, of a width of 600 mm or more, clad, plated or coated. - Plated or coated with chromium oxides or with chromium and chromium oxides",50,"Steel, aluminum & metals",,,Official aggregate only: C$27.6B across full measure,https://www.canada.ca/en/department-finance/programs/international-trade-finance-policy/canadas-response-us-tariffs/complete-list-us-products-subject-to-counter-tariffs.html
7210.61.00,"Flat-rolled products of iron or non-alloy steel, of a width of 600 mm or more, clad, plated or coated.",- Plated or coated with aluminum: Plated or coated with aluminum-zinc alloys,"Flat-rolled products of iron or non-alloy steel, of a width of 600 mm or more, clad, plated or coated. - Plated or coated with aluminum: Plated or coated with aluminum-zinc alloys",50,"Steel, aluminum & metals",,,Official aggregate only: C$27.6B across full measure,https://www.canada.ca/en/department-finance/programs/international-trade-finance-policy/canadas-response-us-tariffs/complete-list-us-products-subject-to-counter-tariffs.html
7210.69.00,"Flat-rolled products of iron or non-alloy steel, of a width of 600 mm or more, clad, plated or coated.",- Plated or coated with aluminum: Other,"Flat-rolled products of iron or non-alloy steel, of a width of 600 mm or more, clad, plated or coated. - Plated or coated with aluminum: Other",50,"Steel, aluminum & metals",,,Official aggregate only: C$27.6B across full measure,https://www.canada.ca/en/department-finance/programs/international-trade-finance-policy/canadas-response-us-tariffs/complete-list-us-products-subject-to-counter-tariffs.html
7210.70.00,"Flat-rolled products of iron or non-alloy steel, of a width of 600 mm or more, clad, plated or coated.","- Painted, varnished or coated with plastics","Flat-rolled products of iron or non-alloy steel, of a width of 600 mm or more, clad, plated or coated. - Painted, varnished or coated with plastics",50,"Steel, aluminum & metals",,,Official aggregate only: C$27.6B across full measure,https://www.canada.ca/en/department-finance/programs/international-trade-finance-policy/canadas-response-us-tariffs/complete-list-us-products-subject-to-counter-tariffs.html
7210.90.00,"Flat-rolled products of iron or non-alloy steel, of a width of 600 mm or more, clad, plated or coated.",- Other,"Flat-rolled products of iron or non-alloy steel, of a width of 600 mm or more, clad, plated or coated. - Other",50,"Steel, aluminum & metals",,,Official aggregate only: C$27.6B across full measure,https://www.canada.ca/en/department-finance/programs/international-trade-finance-policy/canadas-response-us-tariffs/complete-list-us-products-subject-to-counter-tariffs.html
7211.13.00,"Flat-rolled products of iron or non-alloy steel, of a width of less than 600 mm, not clad, plated or coated.","- Not further worked than hot-rolled: Rolled on four faces or in a closed box pass, of a width exceeding 150 mm and a thickness of not less than 4 mm, not in coils and without patterns in relief","Flat-rolled products of iron or non-alloy steel, of a width of less than 600 mm, not clad, plated or coated. - Not further worked than hot-rolled: Rolled on four faces or in a closed box pass, of a width exceeding 150 mm and a thickness of not less than 4 mm, not in coils and without patterns in relief",50,"Steel, aluminum & metals",,,Official aggregate only: C$27.6B across full measure,https://www.canada.ca/en/department-finance/programs/international-trade-finance-policy/canadas-response-us-tariffs/complete-list-us-products-subject-to-counter-tariffs.html
7211.14.00,"Flat-rolled products of iron or non-alloy steel, of a width of less than 600 mm, not clad, plated or coated.","- Not further worked than hot-rolled: Other, of a thickness of 4.75 mm or more","Flat-rolled products of iron or non-alloy steel, of a width of less than 600 mm, not clad, plated or coated. - Not further worked than hot-rolled: Other, of a thickness of 4.75 mm or more",50,"Steel, aluminum & metals",,,Official aggregate only: C$27.6B across full measure,https://www.canada.ca/en/department-finance/programs/international-trade-finance-policy/canadas-response-us-tariffs/complete-list-us-products-subject-to-counter-tariffs.html
7211.19.00,"Flat-rolled products of iron or non-alloy steel, of a width of less than 600 mm, not clad, plated or coated.",- Not further worked than hot-rolled: Other,"Flat-rolled products of iron or non-alloy steel, of a width of less than 600 mm, not clad, plated or coated. - Not further worked than hot-rolled: Other",50,"Steel, aluminum & metals",,,Official aggregate only: C$27.6B across full measure,https://www.canada.ca/en/department-finance/programs/international-trade-finance-policy/canadas-response-us-tariffs/complete-list-us-products-subject-to-counter-tariffs.html
7211.23.00,"Flat-rolled products of iron or non-alloy steel, of a width of less than 600 mm, not clad, plated or coated.",- Not further worked than cold-rolled (cold-reduced): Containing by weight less than 0.25% of carbon,"Flat-rolled products of iron or non-alloy steel, of a width of less than 600 mm, not clad, plated or coated. - Not further worked than cold-rolled (cold-reduced): Containing by weight less than 0.25% of carbon",50,"Steel, aluminum & metals",,,Official aggregate only: C$27.6B across full measure,https://www.canada.ca/en/department-finance/programs/international-trade-finance-policy/canadas-response-us-tariffs/complete-list-us-products-subject-to-counter-tariffs.html
7211.29.00,"Flat-rolled products of iron or non-alloy steel, of a width of less than 600 mm, not clad, plated or coated.",- Not further worked than cold-rolled (cold-reduced): Other,"Flat-rolled products of iron or non-alloy steel, of a width of less than 600 mm, not clad, plated or coated. - Not further worked than cold-rolled (cold-reduced): Other",50,"Steel, aluminum & metals",,,Official aggregate only: C$27.6B across full measure,https://www.canada.ca/en/department-finance/programs/international-trade-finance-policy/canadas-response-us-tariffs/complete-list-us-products-subject-to-counter-tariffs.html
7211.90.00,"Flat-rolled products of iron or non-alloy steel, of a width of less than 600 mm, not clad, plated or coated.",- Other,"Flat-rolled products of iron or non-alloy steel, of a width of less than 600 mm, not clad, plated or coated. - Other",50,"Steel, aluminum & metals",,,Official aggregate only: C$27.6B across full measure,https://www.canada.ca/en/department-finance/programs/international-trade-finance-policy/canadas-response-us-tariffs/complete-list-us-products-subject-to-counter-tariffs.html
7212.10.00,"Flat-rolled products of iron or non-alloy steel, of a width of less than 600 mm, clad, plated or coated.",- Plated or coated with tin,"Flat-rolled products of iron or non-alloy steel, of a width of less than 600 mm, clad, plated or coated. - Plated or coated with tin",50,"Steel, aluminum & metals",,,Official aggregate only: C$27.6B across full measure,https://www.canada.ca/en/department-finance/programs/international-trade-finance-policy/canadas-response-us-tariffs/complete-list-us-products-subject-to-counter-tariffs.html
7212.20.00,"Flat-rolled products of iron or non-alloy steel, of a width of less than 600 mm, clad, plated or coated.",- Electrolytically plated or coated with zinc,"Flat-rolled products of iron or non-alloy steel, of a width of less than 600 mm, clad, plated or coated. - Electrolytically plated or coated with zinc",50,"Steel, aluminum & metals",,,Official aggregate only: C$27.6B across full measure,https://www.canada.ca/en/department-finance/programs/international-trade-finance-policy/canadas-response-us-tariffs/complete-list-us-products-subject-to-counter-tariffs.html
7212.30.00,"Flat-rolled products of iron or non-alloy steel, of a width of less than 600 mm, clad, plated or coated.",- Otherwise plated or coated with zinc,"Flat-rolled products of iron or non-alloy steel, of a width of less than 600 mm, clad, plated or coated. - Otherwise plated or coated with zinc",50,"Steel, aluminum & metals",,,Official aggregate only: C$27.6B across full measure,https://www.canada.ca/en/department-finance/programs/international-trade-finance-policy/canadas-response-us-tariffs/complete-list-us-products-subject-to-counter-tariffs.html
7212.40.00,"Flat-rolled products of iron or non-alloy steel, of a width of less than 600 mm, clad, plated or coated.","- Painted, varnished or coated with plastics","Flat-rolled products of iron or non-alloy steel, of a width of less than 600 mm, clad, plated or coated. - Painted, varnished or coated with plastics",50,"Steel, aluminum & metals",,,Official aggregate only: C$27.6B across full measure,https://www.canada.ca/en/department-finance/programs/international-trade-finance-policy/canadas-response-us-tariffs/complete-list-us-products-subject-to-counter-tariffs.html
7212.50.00,"Flat-rolled products of iron or non-alloy steel, of a width of less than 600 mm, clad, plated or coated.",- Otherwise plated or coated,"Flat-rolled products of iron or non-alloy steel, of a width of less than 600 mm, clad, plated or coated. - Otherwise plated or coated",50,"Steel, aluminum & metals",,,Official aggregate only: C$27.6B across full measure,https://www.canada.ca/en/department-finance/programs/international-trade-finance-policy/canadas-response-us-tariffs/complete-list-us-products-subject-to-counter-tariffs.html
7212.60.00,"Flat-rolled products of iron or non-alloy steel, of a width of less than 600 mm, clad, plated or coated.",- Clad,"Flat-rolled products of iron or non-alloy steel, of a width of less than 600 mm, clad, plated or coated. - Clad",50,"Steel, aluminum & metals",,,Official aggregate only: C$27.6B across full measure,https://www.canada.ca/en/department-finance/programs/international-trade-finance-policy/canadas-response-us-tariffs/complete-list-us-products-subject-to-counter-tariffs.html
7213.10.00,"Bars and rods, hot-rolled, in irregularly wound coils, of iron or non-alloy steel.","- Containing indentations, ribs, grooves or other deformations produced during the rolling process","Bars and rods, hot-rolled, in irregularly wound coils, of iron or non-alloy steel. - Containing indentations, ribs, grooves or other deformations produced during the rolling process",50,"Steel, aluminum & metals",,,Official aggregate only: C$27.6B across full measure,https://www.canada.ca/en/department-finance/programs/international-trade-finance-policy/canadas-response-us-tariffs/complete-list-us-products-subject-to-counter-tariffs.html
7213.20.00,"Bars and rods, hot-rolled, in irregularly wound coils, of iron or non-alloy steel.","- Other, of free-cutting steel","Bars and rods, hot-rolled, in irregularly wound coils, of iron or non-alloy steel. - Other, of free-cutting steel",50,"Steel, aluminum & metals",,,Official aggregate only: C$27.6B across full measure,https://www.canada.ca/en/department-finance/programs/international-trade-finance-policy/canadas-response-us-tariffs/complete-list-us-products-subject-to-counter-tariffs.html
7213.91.00,"Bars and rods, hot-rolled, in irregularly wound coils, of iron or non-alloy steel.",- Other: Of circular cross-section measuring less than 14 mm in diameter,"Bars and rods, hot-rolled, in irregularly wound coils, of iron or non-alloy steel. - Other: Of circular cross-section measuring less than 14 mm in diameter",50,"Steel, aluminum & metals",,,Official aggregate only: C$27.6B across full measure,https://www.canada.ca/en/department-finance/programs/international-trade-finance-policy/canadas-response-us-tariffs/complete-list-us-products-subject-to-counter-tariffs.html
7213.99.00,"Bars and rods, hot-rolled, in irregularly wound coils, of iron or non-alloy steel.",- Other: Other,"Bars and rods, hot-rolled, in irregularly wound coils, of iron or non-alloy steel. - Other: Other",50,"Steel, aluminum & metals",,,Official aggregate only: C$27.6B across full measure,https://www.canada.ca/en/department-finance/programs/international-trade-finance-policy/canadas-response-us-tariffs/complete-list-us-products-subject-to-counter-tariffs.html
7214.10.00,"Other bars and rods of iron or non-alloy steel, not further worked than forged, hot-rolled, hot-drawn or hot-extruded, but including those twisted after rolling.",- Forged,"Other bars and rods of iron or non-alloy steel, not further worked than forged, hot-rolled, hot-drawn or hot-extruded, but including those twisted after rolling. - Forged",50,"Steel, aluminum & metals",,,Official aggregate only: C$27.6B across full measure,https://www.canada.ca/en/department-finance/programs/international-trade-finance-policy/canadas-response-us-tariffs/complete-list-us-products-subject-to-counter-tariffs.html
7214.20.00,"Other bars and rods of iron or non-alloy steel, not further worked than forged, hot-rolled, hot-drawn or hot-extruded, but including those twisted after rolling.","- Containing indentations, ribs, grooves or other deformations produced during the rolling process or twisted after rolling","Other bars and rods of iron or non-alloy steel, not further worked than forged, hot-rolled, hot-drawn or hot-extruded, but including those twisted after rolling. - Containing indentations, ribs, grooves or other deformations produced during the rolling process or twisted after rolling",50,"Steel, aluminum & metals",,,Official aggregate only: C$27.6B across full measure,https://www.canada.ca/en/department-finance/programs/international-trade-finance-policy/canadas-response-us-tariffs/complete-list-us-products-subject-to-counter-tariffs.html
7214.30.00,"Other bars and rods of iron or non-alloy steel, not further worked than forged, hot-rolled, hot-drawn or hot-extruded, but including those twisted after rolling.","- Other, of free-cutting steel","Other bars and rods of iron or non-alloy steel, not further worked than forged, hot-rolled, hot-drawn or hot-extruded, but including those twisted after rolling. - Other, of free-cutting steel",50,"Steel, aluminum & metals",,,Official aggregate only: C$27.6B across full measure,https://www.canada.ca/en/department-finance/programs/international-trade-finance-policy/canadas-response-us-tariffs/complete-list-us-products-subject-to-counter-tariffs.html
7214.91.00,"Other bars and rods of iron or non-alloy steel, not further worked than forged, hot-rolled, hot-drawn or hot-extruded, but including those twisted after rolling.",- Other: Of rectangular (other than square) cross-section,"Other bars and rods of iron or non-alloy steel, not further worked than forged, hot-rolled, hot-drawn or hot-extruded, but including those twisted after rolling. - Other: Of rectangular (other than square) cross-section",50,"Steel, aluminum & metals",,,Official aggregate only: C$27.6B across full measure,https://www.canada.ca/en/department-finance/programs/international-trade-finance-policy/canadas-response-us-tariffs/complete-list-us-products-subject-to-counter-tariffs.html
7214.99.00,"Other bars and rods of iron or non-alloy steel, not further worked than forged, hot-rolled, hot-drawn or hot-extruded, but including those twisted after rolling.",- Other: Other,"Other bars and rods of iron or non-alloy steel, not further worked than forged, hot-rolled, hot-drawn or hot-extruded, but including those twisted after rolling. - Other: Other",50,"Steel, aluminum & metals",,,Official aggregate only: C$27.6B across full measure,https://www.canada.ca/en/department-finance/programs/international-trade-finance-policy/canadas-response-us-tariffs/complete-list-us-products-subject-to-counter-tariffs.html
7215.10.00,Other bars and rods of iron or non-alloy steel.,"- Of free-cutting steel, not further worked than cold-formed or cold-finished","Other bars and rods of iron or non-alloy steel. - Of free-cutting steel, not further worked than cold-formed or cold-finished",50,"Steel, aluminum & metals",,,Official aggregate only: C$27.6B across full measure,https://www.canada.ca/en/department-finance/programs/international-trade-finance-policy/canadas-response-us-tariffs/complete-list-us-products-subject-to-counter-tariffs.html
7215.50.00,Other bars and rods of iron or non-alloy steel.,"- Other, not further worked than cold-formed or cold-finished","Other bars and rods of iron or non-alloy steel. - Other, not further worked than cold-formed or cold-finished",50,"Steel, aluminum & metals",,,Official aggregate only: C$27.6B across full measure,https://www.canada.ca/en/department-finance/programs/international-trade-finance-policy/canadas-response-us-tariffs/complete-list-us-products-subject-to-counter-tariffs.html
7215.90.00,Other bars and rods of iron or non-alloy steel.,- Other,Other bars and rods of iron or non-alloy steel. - Other,50,"Steel, aluminum & metals",,,Official aggregate only: C$27.6B across full measure,https://www.canada.ca/en/department-finance/programs/international-trade-finance-policy/canadas-response-us-tariffs/complete-list-us-products-subject-to-counter-tariffs.html
7216.10.00,"Angles, shapes and sections of iron or non-alloy steel.","- U, I or H sections, not further worked than hot-rolled, hot-drawn or extruded, of a height of less than 80 mm","Angles, shapes and sections of iron or non-alloy steel. - U, I or H sections, not further worked than hot-rolled, hot-drawn or extruded, of a height of less than 80 mm",50,"Steel, aluminum & metals",,,Official aggregate only: C$27.6B across full measure,https://www.canada.ca/en/department-finance/programs/international-trade-finance-policy/canadas-response-us-tariffs/complete-list-us-products-subject-to-counter-tariffs.html
7216.21.00,"Angles, shapes and sections of iron or non-alloy steel.","- L or T sections, not further worked than hot-rolled, hot-drawn or extruded, of a height of less than 80 mm: L sections","Angles, shapes and sections of iron or non-alloy steel. - L or T sections, not further worked than hot-rolled, hot-drawn or extruded, of a height of less than 80 mm: L sections",50,"Steel, aluminum & metals",,,Official aggregate only: C$27.6B across full measure,https://www.canada.ca/en/department-finance/programs/international-trade-finance-policy/canadas-response-us-tariffs/complete-list-us-products-subject-to-counter-tariffs.html
7216.22.00,"Angles, shapes and sections of iron or non-alloy steel.","- L or T sections, not further worked than hot-rolled, hot-drawn or extruded, of a height of less than 80 mm: T sections","Angles, shapes and sections of iron or non-alloy steel. - L or T sections, not further worked than hot-rolled, hot-drawn or extruded, of a height of less than 80 mm: T sections",50,"Steel, aluminum & metals",,,Official aggregate only: C$27.6B across full measure,https://www.canada.ca/en/department-finance/programs/international-trade-finance-policy/canadas-response-us-tariffs/complete-list-us-products-subject-to-counter-tariffs.html
7216.31.00,"Angles, shapes and sections of iron or non-alloy steel.","- U, I or H sections, not further worked than hot-rolled, hot-drawn or extruded, of a height of 80 mm or more: U sections","Angles, shapes and sections of iron or non-alloy steel. - U, I or H sections, not further worked than hot-rolled, hot-drawn or extruded, of a height of 80 mm or more: U sections",50,"Steel, aluminum & metals",,,Official aggregate only: C$27.6B across full measure,https://www.canada.ca/en/department-finance/programs/international-trade-finance-policy/canadas-response-us-tariffs/complete-list-us-products-subject-to-counter-tariffs.html
7216.32.00,"Angles, shapes and sections of iron or non-alloy steel.","- U, I or H sections, not further worked than hot-rolled, hot-drawn or extruded, of a height of 80 mm or more: I sections","Angles, shapes and sections of iron or non-alloy steel. - U, I or H sections, not further worked than hot-rolled, hot-drawn or extruded, of a height of 80 mm or more: I sections",50,"Steel, aluminum & metals",,,Official aggregate only: C$27.6B across full measure,https://www.canada.ca/en/department-finance/programs/international-trade-finance-policy/canadas-response-us-tariffs/complete-list-us-products-subject-to-counter-tariffs.html
7216.33.00,"Angles, shapes and sections of iron or non-alloy steel.","- U, I or H sections, not further worked than hot-rolled, hot-drawn or extruded, of a height of 80 mm or more: H sections","Angles, shapes and sections of iron or non-alloy steel. - U, I or H sections, not further worked than hot-rolled, hot-drawn or extruded, of a height of 80 mm or more: H sections",50,"Steel, aluminum & metals",,,Official aggregate only: C$27.6B across full measure,https://www.canada.ca/en/department-finance/programs/international-trade-finance-policy/canadas-response-us-tariffs/complete-list-us-products-subject-to-counter-tariffs.html
7216.40.00,"Angles, shapes and sections of iron or non-alloy steel.","- L or T sections, not further worked than hot-rolled, hot-drawn or extruded, of a height of 80 mm or more","Angles, shapes and sections of iron or non-alloy steel. - L or T sections, not further worked than hot-rolled, hot-drawn or extruded, of a height of 80 mm or more",50,"Steel, aluminum & metals",,,Official aggregate only: C$27.6B across full measure,https://www.canada.ca/en/department-finance/programs/international-trade-finance-policy/canadas-response-us-tariffs/complete-list-us-products-subject-to-counter-tariffs.html
7216.50.00,"Angles, shapes and sections of iron or non-alloy steel.","- Other angles, shapes and sections, not further worked than hot-rolled, hot-drawn or extruded","Angles, shapes and sections of iron or non-alloy steel. - Other angles, shapes and sections, not further worked than hot-rolled, hot-drawn or extruded",50,"Steel, aluminum & metals",,,Official aggregate only: C$27.6B across full measure,https://www.canada.ca/en/department-finance/programs/international-trade-finance-policy/canadas-response-us-tariffs/complete-list-us-products-subject-to-counter-tariffs.html
7216.99.00,"Angles, shapes and sections of iron or non-alloy steel.",- Other: Other,"Angles, shapes and sections of iron or non-alloy steel. - Other: Other",50,"Steel, aluminum & metals",,,Official aggregate only: C$27.6B across full measure,https://www.canada.ca/en/department-finance/programs/international-trade-finance-policy/canadas-response-us-tariffs/complete-list-us-products-subject-to-counter-tariffs.html
7217.10.00,Wire of iron or non-alloy steel.,"- Not plated or coated, whether or not polished","Wire of iron or non-alloy steel. - Not plated or coated, whether or not polished",50,"Steel, aluminum & metals",,,Official aggregate only: C$27.6B across full measure,https://www.canada.ca/en/department-finance/programs/international-trade-finance-policy/canadas-response-us-tariffs/complete-list-us-products-subject-to-counter-tariffs.html
7217.20.00,Wire of iron or non-alloy steel.,- Plated or coated with zinc,Wire of iron or non-alloy steel. - Plated or coated with zinc,50,"Steel, aluminum & metals",,,Official aggregate only: C$27.6B across full measure,https://www.canada.ca/en/department-finance/programs/international-trade-finance-policy/canadas-response-us-tariffs/complete-list-us-products-subject-to-counter-tariffs.html
7217.30.00,Wire of iron or non-alloy steel.,- Plated or coated with other base metals,Wire of iron or non-alloy steel. - Plated or coated with other base metals,50,"Steel, aluminum & metals",,,Official aggregate only: C$27.6B across full measure,https://www.canada.ca/en/department-finance/programs/international-trade-finance-policy/canadas-response-us-tariffs/complete-list-us-products-subject-to-counter-tariffs.html
7217.90.00,Wire of iron or non-alloy steel.,- Other,Wire of iron or non-alloy steel. - Other,50,"Steel, aluminum & metals",,,Official aggregate only: C$27.6B across full measure,https://www.canada.ca/en/department-finance/programs/international-trade-finance-policy/canadas-response-us-tariffs/complete-list-us-products-subject-to-counter-tariffs.html
7218.10.00,Stainless steel in ingots or other primary forms; semi-finished products of stainless steel.,- Ingots and other primary forms,Stainless steel in ingots or other primary forms; semi-finished products of stainless steel. - Ingots and other primary forms,50,"Steel, aluminum & metals",,,Official aggregate only: C$27.6B across full measure,https://www.canada.ca/en/department-finance/programs/international-trade-finance-policy/canadas-response-us-tariffs/complete-list-us-products-subject-to-counter-tariffs.html
7218.91.00,Stainless steel in ingots or other primary forms; semi-finished products of stainless steel.,- Other: Of rectangular (other than square) cross-section,Stainless steel in ingots or other primary forms; semi-finished products of stainless steel. - Other: Of rectangular (other than square) cross-section,50,"Steel, aluminum & metals",,,Official aggregate only: C$27.6B across full measure,https://www.canada.ca/en/department-finance/programs/international-trade-finance-policy/canadas-response-us-tariffs/complete-list-us-products-subject-to-counter-tariffs.html
7218.99.00,Stainless steel in ingots or other primary forms; semi-finished products of stainless steel.,- Other: Other,Stainless steel in ingots or other primary forms; semi-finished products of stainless steel. - Other: Other,50,"Steel, aluminum & metals",,,Official aggregate only: C$27.6B across full measure,https://www.canada.ca/en/department-finance/programs/international-trade-finance-policy/canadas-response-us-tariffs/complete-list-us-products-subject-to-counter-tariffs.html
7219.11.00,"Flat-rolled products of stainless steel, of a width of 600 mm or more.","- Not further worked than hot-rolled, in coils: Of a thickness exceeding 10 mm","Flat-rolled products of stainless steel, of a width of 600 mm or more. - Not further worked than hot-rolled, in coils: Of a thickness exceeding 10 mm",50,"Steel, aluminum & metals",,,Official aggregate only: C$27.6B across full measure,https://www.canada.ca/en/department-finance/programs/international-trade-finance-policy/canadas-response-us-tariffs/complete-list-us-products-subject-to-counter-tariffs.html
7219.12.00,"Flat-rolled products of stainless steel, of a width of 600 mm or more.","- Not further worked than hot-rolled, in coils: Of a thickness of 4.75 mm or more but not exceeding 10 mm","Flat-rolled products of stainless steel, of a width of 600 mm or more. - Not further worked than hot-rolled, in coils: Of a thickness of 4.75 mm or more but not exceeding 10 mm",50,"Steel, aluminum & metals",,,Official aggregate only: C$27.6B across full measure,https://www.canada.ca/en/department-finance/programs/international-trade-finance-policy/canadas-response-us-tariffs/complete-list-us-products-subject-to-counter-tariffs.html
7219.13.00,"Flat-rolled products of stainless steel, of a width of 600 mm or more.","- Not further worked than hot-rolled, in coils: Of a thickness of 3 mm or more but less than 4.75 mm","Flat-rolled products of stainless steel, of a width of 600 mm or more. - Not further worked than hot-rolled, in coils: Of a thickness of 3 mm or more but less than 4.75 mm",50,"Steel, aluminum & metals",,,Official aggregate only: C$27.6B across full measure,https://www.canada.ca/en/department-finance/programs/international-trade-finance-policy/canadas-response-us-tariffs/complete-list-us-products-subject-to-counter-tariffs.html
7219.14.00,"Flat-rolled products of stainless steel, of a width of 600 mm or more.","- Not further worked than hot-rolled, in coils: Of a thickness of less than 3 mm","Flat-rolled products of stainless steel, of a width of 600 mm or more. - Not further worked than hot-rolled, in coils: Of a thickness of less than 3 mm",50,"Steel, aluminum & metals",,,Official aggregate only: C$27.6B across full measure,https://www.canada.ca/en/department-finance/programs/international-trade-finance-policy/canadas-response-us-tariffs/complete-list-us-products-subject-to-counter-tariffs.html
7219.21.00,"Flat-rolled products of stainless steel, of a width of 600 mm or more.","- Not further worked than hot-rolled, not in coils: Of a thickness exceeding 10 mm","Flat-rolled products of stainless steel, of a width of 600 mm or more. - Not further worked than hot-rolled, not in coils: Of a thickness exceeding 10 mm",50,"Steel, aluminum & metals",,,Official aggregate only: C$27.6B across full measure,https://www.canada.ca/en/department-finance/programs/international-trade-finance-policy/canadas-response-us-tariffs/complete-list-us-products-subject-to-counter-tariffs.html
7219.22.00,"Flat-rolled products of stainless steel, of a width of 600 mm or more.","- Not further worked than hot-rolled, not in coils: Of a thickness of 4.75 mm or more but not exceeding 10 mm","Flat-rolled products of stainless steel, of a width of 600 mm or more. - Not further worked than hot-rolled, not in coils: Of a thickness of 4.75 mm or more but not exceeding 10 mm",50,"Steel, aluminum & metals",,,Official aggregate only: C$27.6B across full measure,https://www.canada.ca/en/department-finance/programs/international-trade-finance-policy/canadas-response-us-tariffs/complete-list-us-products-subject-to-counter-tariffs.html
7219.23.00,"Flat-rolled products of stainless steel, of a width of 600 mm or more.","- Not further worked than hot-rolled, not in coils: Of a thickness of 3 mm or more but less than 4.75 mm","Flat-rolled products of stainless steel, of a width of 600 mm or more. - Not further worked than hot-rolled, not in coils: Of a thickness of 3 mm or more but less than 4.75 mm",50,"Steel, aluminum & metals",,,Official aggregate only: C$27.6B across full measure,https://www.canada.ca/en/department-finance/programs/international-trade-finance-policy/canadas-response-us-tariffs/complete-list-us-products-subject-to-counter-tariffs.html
7219.24.00,"Flat-rolled products of stainless steel, of a width of 600 mm or more.","- Not further worked than hot-rolled, not in coils: Of a thickness of less than 3 mm","Flat-rolled products of stainless steel, of a width of 600 mm or more. - Not further worked than hot-rolled, not in coils: Of a thickness of less than 3 mm",50,"Steel, aluminum & metals",,,Official aggregate only: C$27.6B across full measure,https://www.canada.ca/en/department-finance/programs/international-trade-finance-policy/canadas-response-us-tariffs/complete-list-us-products-subject-to-counter-tariffs.html
7219.31.00,"Flat-rolled products of stainless steel, of a width of 600 mm or more.",- Not further worked than cold-rolled (cold-reduced): Of a thickness of 4.75 mm or more,"Flat-rolled products of stainless steel, of a width of 600 mm or more. - Not further worked than cold-rolled (cold-reduced): Of a thickness of 4.75 mm or more",50,"Steel, aluminum & metals",,,Official aggregate only: C$27.6B across full measure,https://www.canada.ca/en/department-finance/programs/international-trade-finance-policy/canadas-response-us-tariffs/complete-list-us-products-subject-to-counter-tariffs.html
7219.32.00,"Flat-rolled products of stainless steel, of a width of 600 mm or more.",- Not further worked than cold-rolled (cold-reduced): Of a thickness of 3 mm or more but less than 4.75 mm,"Flat-rolled products of stainless steel, of a width of 600 mm or more. - Not further worked than cold-rolled (cold-reduced): Of a thickness of 3 mm or more but less than 4.75 mm",50,"Steel, aluminum & metals",,,Official aggregate only: C$27.6B across full measure,https://www.canada.ca/en/department-finance/programs/international-trade-finance-policy/canadas-response-us-tariffs/complete-list-us-products-subject-to-counter-tariffs.html
7219.33.00,"Flat-rolled products of stainless steel, of a width of 600 mm or more.",- Not further worked than cold-rolled (cold-reduced): Of a thickness exceeding 1 mm but less than 3 mm,"Flat-rolled products of stainless steel, of a width of 600 mm or more. - Not further worked than cold-rolled (cold-reduced): Of a thickness exceeding 1 mm but less than 3 mm",50,"Steel, aluminum & metals",,,Official aggregate only: C$27.6B across full measure,https://www.canada.ca/en/department-finance/programs/international-trade-finance-policy/canadas-response-us-tariffs/complete-list-us-products-subject-to-counter-tariffs.html
7219.34.00,"Flat-rolled products of stainless steel, of a width of 600 mm or more.",- Not further worked than cold-rolled (cold-reduced): Of a thickness of 0.5 mm or more but not exceeding 1 mm,"Flat-rolled products of stainless steel, of a width of 600 mm or more. - Not further worked than cold-rolled (cold-reduced): Of a thickness of 0.5 mm or more but not exceeding 1 mm",50,"Steel, aluminum & metals",,,Official aggregate only: C$27.6B across full measure,https://www.canada.ca/en/department-finance/programs/international-trade-finance-policy/canadas-response-us-tariffs/complete-list-us-products-subject-to-counter-tariffs.html
7219.35.00,"Flat-rolled products of stainless steel, of a width of 600 mm or more.",- Not further worked than cold-rolled (cold-reduced): Of a thickness of less than 0.5 mm,"Flat-rolled products of stainless steel, of a width of 600 mm or more. - Not further worked than cold-rolled (cold-reduced): Of a thickness of less than 0.5 mm",50,"Steel, aluminum & metals",,,Official aggregate only: C$27.6B across full measure,https://www.canada.ca/en/department-finance/programs/international-trade-finance-policy/canadas-response-us-tariffs/complete-list-us-products-subject-to-counter-tariffs.html
7219.90.00,"Flat-rolled products of stainless steel, of a width of 600 mm or more.",- Other,"Flat-rolled products of stainless steel, of a width of 600 mm or more. - Other",50,"Steel, aluminum & metals",,,Official aggregate only: C$27.6B across full measure,https://www.canada.ca/en/department-finance/programs/international-trade-finance-policy/canadas-response-us-tariffs/complete-list-us-products-subject-to-counter-tariffs.html
7220.11.00,"Flat-rolled products of stainless steel, of a width of less than 600 mm.",- Not further worked than hot-rolled: Of a thickness of 4.75 mm or more,"Flat-rolled products of stainless steel, of a width of less than 600 mm. - Not further worked than hot-rolled: Of a thickness of 4.75 mm or more",50,"Steel, aluminum & metals",,,Official aggregate only: C$27.6B across full measure,https://www.canada.ca/en/department-finance/programs/international-trade-finance-policy/canadas-response-us-tariffs/complete-list-us-products-subject-to-counter-tariffs.html
7220.12.00,"Flat-rolled products of stainless steel, of a width of less than 600 mm.",- Not further worked than hot-rolled: Of a thickness of less than 4.75 mm,"Flat-rolled products of stainless steel, of a width of less than 600 mm. - Not further worked than hot-rolled: Of a thickness of less than 4.75 mm",50,"Steel, aluminum & metals",,,Official aggregate only: C$27.6B across full measure,https://www.canada.ca/en/department-finance/programs/international-trade-finance-policy/canadas-response-us-tariffs/complete-list-us-products-subject-to-counter-tariffs.html
7220.20.00,"Flat-rolled products of stainless steel, of a width of less than 600 mm.",- Not further worked than cold-rolled (cold-reduced),"Flat-rolled products of stainless steel, of a width of less than 600 mm. - Not further worked than cold-rolled (cold-reduced)",50,"Steel, aluminum & metals",,,Official aggregate only: C$27.6B across full measure,https://www.canada.ca/en/department-finance/programs/international-trade-finance-policy/canadas-response-us-tariffs/complete-list-us-products-subject-to-counter-tariffs.html
7220.90.00,"Flat-rolled products of stainless steel, of a width of less than 600 mm.",- Other,"Flat-rolled products of stainless steel, of a width of less than 600 mm. - Other",50,"Steel, aluminum & metals",,,Official aggregate only: C$27.6B across full measure,https://www.canada.ca/en/department-finance/programs/international-trade-finance-policy/canadas-response-us-tariffs/complete-list-us-products-subject-to-counter-tariffs.html
7221.00.00,"Bars and rods, hot-rolled, in irregularly wound coils, of stainless steel.",,"Bars and rods, hot-rolled, in irregularly wound coils, of stainless steel.",50,"Steel, aluminum & metals",,,Official aggregate only: C$27.6B across full measure,https://www.canada.ca/en/department-finance/programs/international-trade-finance-policy/canadas-response-us-tariffs/complete-list-us-products-subject-to-counter-tariffs.html
7222.11.00,"Other bars and rods of stainless steel; angles, shapes and sections of stainless steel.","- Bars and rods, not further worked than hot-rolled, hot-drawn or extruded: Of circular cross-section","Other bars and rods of stainless steel; angles, shapes and sections of stainless steel. - Bars and rods, not further worked than hot-rolled, hot-drawn or extruded: Of circular cross-section",50,"Steel, aluminum & metals",,,Official aggregate only: C$27.6B across full measure,https://www.canada.ca/en/department-finance/programs/international-trade-finance-policy/canadas-response-us-tariffs/complete-list-us-products-subject-to-counter-tariffs.html
7222.19.00,"Other bars and rods of stainless steel; angles, shapes and sections of stainless steel.","- Bars and rods, not further worked than hot-rolled, hot-drawn or extruded: Other","Other bars and rods of stainless steel; angles, shapes and sections of stainless steel. - Bars and rods, not further worked than hot-rolled, hot-drawn or extruded: Other",50,"Steel, aluminum & metals",,,Official aggregate only: C$27.6B across full measure,https://www.canada.ca/en/department-finance/programs/international-trade-finance-policy/canadas-response-us-tariffs/complete-list-us-products-subject-to-counter-tariffs.html
7222.20.00,"Other bars and rods of stainless steel; angles, shapes and sections of stainless steel.","- Bars and rods, not further worked than cold-formed or cold-finished","Other bars and rods of stainless steel; angles, shapes and sections of stainless steel. - Bars and rods, not further worked than cold-formed or cold-finished",50,"Steel, aluminum & metals",,,Official aggregate only: C$27.6B across full measure,https://www.canada.ca/en/department-finance/programs/international-trade-finance-policy/canadas-response-us-tariffs/complete-list-us-products-subject-to-counter-tariffs.html
7222.30.00,"Other bars and rods of stainless steel; angles, shapes and sections of stainless steel.",- Other bars and rods,"Other bars and rods of stainless steel; angles, shapes and sections of stainless steel. - Other bars and rods",50,"Steel, aluminum & metals",,,Official aggregate only: C$27.6B across full measure,https://www.canada.ca/en/department-finance/programs/international-trade-finance-policy/canadas-response-us-tariffs/complete-list-us-products-subject-to-counter-tariffs.html
7222.40.00,"Other bars and rods of stainless steel; angles, shapes and sections of stainless steel.","- Angles, shapes and sections","Other bars and rods of stainless steel; angles, shapes and sections of stainless steel. - Angles, shapes and sections",50,"Steel, aluminum & metals",,,Official aggregate only: C$27.6B across full measure,https://www.canada.ca/en/department-finance/programs/international-trade-finance-policy/canadas-response-us-tariffs/complete-list-us-products-subject-to-counter-tariffs.html
7223.00.00,Wire of stainless steel.,,Wire of stainless steel.,50,"Steel, aluminum & metals",,,Official aggregate only: C$27.6B across full measure,https://www.canada.ca/en/department-finance/programs/international-trade-finance-policy/canadas-response-us-tariffs/complete-list-us-products-subject-to-counter-tariffs.html
7224.10.00,Other alloy steel in ingots or other primary forms; semi-finished products of other alloy steel.,- Ingots and other primary forms,Other alloy steel in ingots or other primary forms; semi-finished products of other alloy steel. - Ingots and other primary forms,50,"Steel, aluminum & metals",,,Official aggregate only: C$27.6B across full measure,https://www.canada.ca/en/department-finance/programs/international-trade-finance-policy/canadas-response-us-tariffs/complete-list-us-products-subject-to-counter-tariffs.html
7224.90.00,Other alloy steel in ingots or other primary forms; semi-finished products of other alloy steel.,- Other,Other alloy steel in ingots or other primary forms; semi-finished products of other alloy steel. - Other,50,"Steel, aluminum & metals",,,Official aggregate only: C$27.6B across full measure,https://www.canada.ca/en/department-finance/programs/international-trade-finance-policy/canadas-response-us-tariffs/complete-list-us-products-subject-to-counter-tariffs.html
7225.11.00,"Flat-rolled products of other alloy steel, of a width of 600 mm or more.",- Of silicon-electrical steel: Grain-oriented,"Flat-rolled products of other alloy steel, of a width of 600 mm or more. - Of silicon-electrical steel: Grain-oriented",50,"Steel, aluminum & metals",,,Official aggregate only: C$27.6B across full measure,https://www.canada.ca/en/department-finance/programs/international-trade-finance-policy/canadas-response-us-tariffs/complete-list-us-products-subject-to-counter-tariffs.html
7225.19.00,"Flat-rolled products of other alloy steel, of a width of 600 mm or more.",- Of silicon-electrical steel: Other,"Flat-rolled products of other alloy steel, of a width of 600 mm or more. - Of silicon-electrical steel: Other",50,"Steel, aluminum & metals",,,Official aggregate only: C$27.6B across full measure,https://www.canada.ca/en/department-finance/programs/international-trade-finance-policy/canadas-response-us-tariffs/complete-list-us-products-subject-to-counter-tariffs.html
7225.30.00,"Flat-rolled products of other alloy steel, of a width of 600 mm or more.","- Other, not further worked than hot-rolled, in coils","Flat-rolled products of other alloy steel, of a width of 600 mm or more. - Other, not further worked than hot-rolled, in coils",50,"Steel, aluminum & metals",,,Official aggregate only: C$27.6B across full measure,https://www.canada.ca/en/department-finance/programs/international-trade-finance-policy/canadas-response-us-tariffs/complete-list-us-products-subject-to-counter-tariffs.html
7225.40.00,"Flat-rolled products of other alloy steel, of a width of 600 mm or more.","- Other, not further worked than hot-rolled, not in coils","Flat-rolled products of other alloy steel, of a width of 600 mm or more. - Other, not further worked than hot-rolled, not in coils",50,"Steel, aluminum & metals",,,Official aggregate only: C$27.6B across full measure,https://www.canada.ca/en/department-finance/programs/international-trade-finance-policy/canadas-response-us-tariffs/complete-list-us-products-subject-to-counter-tariffs.html
7225.50.00,"Flat-rolled products of other alloy steel, of a width of 600 mm or more.","- Other, not further worked than cold-rolled (cold-reduced)","Flat-rolled products of other alloy steel, of a width of 600 mm or more. - Other, not further worked than cold-rolled (cold-reduced)",50,"Steel, aluminum & metals",,,Official aggregate only: C$27.6B across full measure,https://www.canada.ca/en/department-finance/programs/international-trade-finance-policy/canadas-response-us-tariffs/complete-list-us-products-subject-to-counter-tariffs.html
7225.91.00,"Flat-rolled products of other alloy steel, of a width of 600 mm or more.",- Other: Electrolytically plated or coated with zinc,"Flat-rolled products of other alloy steel, of a width of 600 mm or more. - Other: Electrolytically plated or coated with zinc",50,"Steel, aluminum & metals",,,Official aggregate only: C$27.6B across full measure,https://www.canada.ca/en/department-finance/programs/international-trade-finance-policy/canadas-response-us-tariffs/complete-list-us-products-subject-to-counter-tariffs.html
7225.92.00,"Flat-rolled products of other alloy steel, of a width of 600 mm or more.",- Other: Otherwise plated or coated with zinc,"Flat-rolled products of other alloy steel, of a width of 600 mm or more. - Other: Otherwise plated or coated with zinc",50,"Steel, aluminum & metals",,,Official aggregate only: C$27.6B across full measure,https://www.canada.ca/en/department-finance/programs/international-trade-finance-policy/canadas-response-us-tariffs/complete-list-us-products-subject-to-counter-tariffs.html
7225.99.00,"Flat-rolled products of other alloy steel, of a width of 600 mm or more.",- Other: Other,"Flat-rolled products of other alloy steel, of a width of 600 mm or more. - Other: Other",50,"Steel, aluminum & metals",,,Official aggregate only: C$27.6B across full measure,https://www.canada.ca/en/department-finance/programs/international-trade-finance-policy/canadas-response-us-tariffs/complete-list-us-products-subject-to-counter-tariffs.html
7226.11.00,"Flat-rolled products of other alloy steel, of a width of less than 600 mm.",- Of silicon-electrical steel: Grain-oriented,"Flat-rolled products of other alloy steel, of a width of less than 600 mm. - Of silicon-electrical steel: Grain-oriented",50,"Steel, aluminum & metals",,,Official aggregate only: C$27.6B across full measure,https://www.canada.ca/en/department-finance/programs/international-trade-finance-policy/canadas-response-us-tariffs/complete-list-us-products-subject-to-counter-tariffs.html
7226.19.00,"Flat-rolled products of other alloy steel, of a width of less than 600 mm.",- Of silicon-electrical steel: Other,"Flat-rolled products of other alloy steel, of a width of less than 600 mm. - Of silicon-electrical steel: Other",50,"Steel, aluminum & metals",,,Official aggregate only: C$27.6B across full measure,https://www.canada.ca/en/department-finance/programs/international-trade-finance-policy/canadas-response-us-tariffs/complete-list-us-products-subject-to-counter-tariffs.html
7226.20.00,"Flat-rolled products of other alloy steel, of a width of less than 600 mm.",- Of high speed steel,"Flat-rolled products of other alloy steel, of a width of less than 600 mm. - Of high speed steel",50,"Steel, aluminum & metals",,,Official aggregate only: C$27.6B across full measure,https://www.canada.ca/en/department-finance/programs/international-trade-finance-policy/canadas-response-us-tariffs/complete-list-us-products-subject-to-counter-tariffs.html
7226.91.00,"Flat-rolled products of other alloy steel, of a width of less than 600 mm.",- Other: Not further worked than hot-rolled,"Flat-rolled products of other alloy steel, of a width of less than 600 mm. - Other: Not further worked than hot-rolled",50,"Steel, aluminum & metals",,,Official aggregate only: C$27.6B across full measure,https://www.canada.ca/en/department-finance/programs/international-trade-finance-policy/canadas-response-us-tariffs/complete-list-us-products-subject-to-counter-tariffs.html
7226.92.00,"Flat-rolled products of other alloy steel, of a width of less than 600 mm.",- Other: Not further worked than cold-rolled (cold-reduced),"Flat-rolled products of other alloy steel, of a width of less than 600 mm. - Other: Not further worked than cold-rolled (cold-reduced)",50,"Steel, aluminum & metals",,,Official aggregate only: C$27.6B across full measure,https://www.canada.ca/en/department-finance/programs/international-trade-finance-policy/canadas-response-us-tariffs/complete-list-us-products-subject-to-counter-tariffs.html
7226.99.00,"Flat-rolled products of other alloy steel, of a width of less than 600 mm.",- Other: Other,"Flat-rolled products of other alloy steel, of a width of less than 600 mm. - Other: Other",50,"Steel, aluminum & metals",,,Official aggregate only: C$27.6B across full measure,https://www.canada.ca/en/department-finance/programs/international-trade-finance-policy/canadas-response-us-tariffs/complete-list-us-products-subject-to-counter-tariffs.html
7227.10.00,"Bars and rods, hot-rolled, in irregularly wound coils, of other alloy steel.",- Of high speed steel,"Bars and rods, hot-rolled, in irregularly wound coils, of other alloy steel. - Of high speed steel",50,"Steel, aluminum & metals",,,Official aggregate only: C$27.6B across full measure,https://www.canada.ca/en/department-finance/programs/international-trade-finance-policy/canadas-response-us-tariffs/complete-list-us-products-subject-to-counter-tariffs.html
7227.20.00,"Bars and rods, hot-rolled, in irregularly wound coils, of other alloy steel.",- Of silico-manganese steel,"Bars and rods, hot-rolled, in irregularly wound coils, of other alloy steel. - Of silico-manganese steel",50,"Steel, aluminum & metals",,,Official aggregate only: C$27.6B across full measure,https://www.canada.ca/en/department-finance/programs/international-trade-finance-policy/canadas-response-us-tariffs/complete-list-us-products-subject-to-counter-tariffs.html
7227.90.00,"Bars and rods, hot-rolled, in irregularly wound coils, of other alloy steel.",- Other,"Bars and rods, hot-rolled, in irregularly wound coils, of other alloy steel. - Other",50,"Steel, aluminum & metals",,,Official aggregate only: C$27.6B across full measure,https://www.canada.ca/en/department-finance/programs/international-trade-finance-policy/canadas-response-us-tariffs/complete-list-us-products-subject-to-counter-tariffs.html
7228.10.00,"Other bars and rods of other alloy steel; angles, shapes and sections, of other alloy steel; hollow drill bars and rods, of alloy or non-alloy steel.","- Bars and rods, of high speed steel","Other bars and rods of other alloy steel; angles, shapes and sections, of other alloy steel; hollow drill bars and rods, of alloy or non-alloy steel. - Bars and rods, of high speed steel",50,"Steel, aluminum & metals",,,Official aggregate only: C$27.6B across full measure,https://www.canada.ca/en/department-finance/programs/international-trade-finance-policy/canadas-response-us-tariffs/complete-list-us-products-subject-to-counter-tariffs.html
7228.20.00,"Other bars and rods of other alloy steel; angles, shapes and sections, of other alloy steel; hollow drill bars and rods, of alloy or non-alloy steel.","- Bars and rods, of silico-manganese steel","Other bars and rods of other alloy steel; angles, shapes and sections, of other alloy steel; hollow drill bars and rods, of alloy or non-alloy steel. - Bars and rods, of silico-manganese steel",50,"Steel, aluminum & metals",,,Official aggregate only: C$27.6B across full measure,https://www.canada.ca/en/department-finance/programs/international-trade-finance-policy/canadas-response-us-tariffs/complete-list-us-products-subject-to-counter-tariffs.html
7228.30.00,"Other bars and rods of other alloy steel; angles, shapes and sections, of other alloy steel; hollow drill bars and rods, of alloy or non-alloy steel.","- Other bars and rods, not further worked than hot-rolled, hot-drawn or extruded","Other bars and rods of other alloy steel; angles, shapes and sections, of other alloy steel; hollow drill bars and rods, of alloy or non-alloy steel. - Other bars and rods, not further worked than hot-rolled, hot-drawn or extruded",50,"Steel, aluminum & metals",,,Official aggregate only: C$27.6B across full measure,https://www.canada.ca/en/department-finance/programs/international-trade-finance-policy/canadas-response-us-tariffs/complete-list-us-products-subject-to-counter-tariffs.html
7228.40.00,"Other bars and rods of other alloy steel; angles, shapes and sections, of other alloy steel; hollow drill bars and rods, of alloy or non-alloy steel.","- Other bars and rods, not further worked than forged","Other bars and rods of other alloy steel; angles, shapes and sections, of other alloy steel; hollow drill bars and rods, of alloy or non-alloy steel. - Other bars and rods, not further worked than forged",50,"Steel, aluminum & metals",,,Official aggregate only: C$27.6B across full measure,https://www.canada.ca/en/department-finance/programs/international-trade-finance-policy/canadas-response-us-tariffs/complete-list-us-products-subject-to-counter-tariffs.html
7228.50.00,"Other bars and rods of other alloy steel; angles, shapes and sections, of other alloy steel; hollow drill bars and rods, of alloy or non-alloy steel.","- Other bars and rods, not further worked than cold-formed or cold-finished","Other bars and rods of other alloy steel; angles, shapes and sections, of other alloy steel; hollow drill bars and rods, of alloy or non-alloy steel. - Other bars and rods, not further worked than cold-formed or cold-finished",50,"Steel, aluminum & metals",,,Official aggregate only: C$27.6B across full measure,https://www.canada.ca/en/department-finance/programs/international-trade-finance-policy/canadas-response-us-tariffs/complete-list-us-products-subject-to-counter-tariffs.html
7228.60.00,"Other bars and rods of other alloy steel; angles, shapes and sections, of other alloy steel; hollow drill bars and rods, of alloy or non-alloy steel.",- Other bars and rods,"Other bars and rods of other alloy steel; angles, shapes and sections, of other alloy steel; hollow drill bars and rods, of alloy or non-alloy steel. - Other bars and rods",50,"Steel, aluminum & metals",,,Official aggregate only: C$27.6B across full measure,https://www.canada.ca/en/department-finance/programs/international-trade-finance-policy/canadas-response-us-tariffs/complete-list-us-products-subject-to-counter-tariffs.html
7228.70.00,"Other bars and rods of other alloy steel; angles, shapes and sections, of other alloy steel; hollow drill bars and rods, of alloy or non-alloy steel.","- Angles, shapes and sections","Other bars and rods of other alloy steel; angles, shapes and sections, of other alloy steel; hollow drill bars and rods, of alloy or non-alloy steel. - Angles, shapes and sections",50,"Steel, aluminum & metals",,,Official aggregate only: C$27.6B across full measure,https://www.canada.ca/en/department-finance/programs/international-trade-finance-policy/canadas-response-us-tariffs/complete-list-us-products-subject-to-counter-tariffs.html
7228.80.00,"Other bars and rods of other alloy steel; angles, shapes and sections, of other alloy steel; hollow drill bars and rods, of alloy or non-alloy steel.",- Hollow drill bars and rods,"Other bars and rods of other alloy steel; angles, shapes and sections, of other alloy steel; hollow drill bars and rods, of alloy or non-alloy steel. - Hollow drill bars and rods",50,"Steel, aluminum & metals",,,Official aggregate only: C$27.6B across full measure,https://www.canada.ca/en/department-finance/programs/international-trade-finance-policy/canadas-response-us-tariffs/complete-list-us-products-subject-to-counter-tariffs.html
7229.20.00,Wire of other alloy steel.,- Of silico-manganese steel,Wire of other alloy steel. - Of silico-manganese steel,50,"Steel, aluminum & metals",,,Official aggregate only: C$27.6B across full measure,https://www.canada.ca/en/department-finance/programs/international-trade-finance-policy/canadas-response-us-tariffs/complete-list-us-products-subject-to-counter-tariffs.html
7229.90.00,Wire of other alloy steel.,- Other,Wire of other alloy steel. - Other,50,"Steel, aluminum & metals",,,Official aggregate only: C$27.6B across full measure,https://www.canada.ca/en/department-finance/programs/international-trade-finance-policy/canadas-response-us-tariffs/complete-list-us-products-subject-to-counter-tariffs.html
7301.10.00,"Sheet piling of iron or steel, whether or not drilled, punched or made from assembled elements; welded angles, shapes and sections, of iron or steel.",- Sheet piling,"Sheet piling of iron or steel, whether or not drilled, punched or made from assembled elements; welded angles, shapes and sections, of iron or steel. - Sheet piling",50,"Steel, aluminum & metals",,,Official aggregate only: C$27.6B across full measure,https://www.canada.ca/en/department-finance/programs/international-trade-finance-policy/canadas-response-us-tariffs/complete-list-us-products-subject-to-counter-tariffs.html
7301.20.00,"Sheet piling of iron or steel, whether or not drilled, punched or made from assembled elements; welded angles, shapes and sections, of iron or steel.","- Angles, shapes and sections","Sheet piling of iron or steel, whether or not drilled, punched or made from assembled elements; welded angles, shapes and sections, of iron or steel. - Angles, shapes and sections",50,"Steel, aluminum & metals",,,Official aggregate only: C$27.6B across full measure,https://www.canada.ca/en/department-finance/programs/international-trade-finance-policy/canadas-response-us-tariffs/complete-list-us-products-subject-to-counter-tariffs.html
7302.10.00,"Railway or tramway track construction material of iron or steel, the following : rails, check-rails and rack rails, switch blades, crossing frogs, point rods and other crossing pieces, sleepers (cross-ties), fish-plates, chairs, chair wedges, sole plates (base plates), rail clips, bedplates, ties and other material specialized for jointing or fixing rails.",- Rails,"Railway or tramway track construction material of iron or steel, the following : rails, check-rails and rack rails, switch blades, crossing frogs, point rods and other crossing pieces, sleepers (cross-ties), fish-plates, chairs, chair wedges, sole plates (base plates), rail clips, bedplates, ties and other material specialized for jointing or fixing rails. - Rails",50,"Steel, aluminum & metals",,,Official aggregate only: C$27.6B across full measure,https://www.canada.ca/en/department-finance/programs/international-trade-finance-policy/canadas-response-us-tariffs/complete-list-us-products-subject-to-counter-tariffs.html
7302.30.10,"Railway or tramway track construction material of iron or steel, the following : rails, check-rails and rack rails, switch blades, crossing frogs, point rods and other crossing pieces, sleepers (cross-ties), fish-plates, chairs, chair wedges, sole plates (base plates), rail clips, bedplates, ties and other material specialized for jointing or fixing rails.","- Switch blades, crossing frogs, point rods and other crossing pieces: For use with grooved or girder guard rail","Railway or tramway track construction material of iron or steel, the following : rails, check-rails and rack rails, switch blades, crossing frogs, point rods and other crossing pieces, sleepers (cross-ties), fish-plates, chairs, chair wedges, sole plates (base plates), rail clips, bedplates, ties and other material specialized for jointing or fixing rails. - Switch blades, crossing frogs, point rods and other crossing pieces: For use with grooved or girder guard rail",50,"Steel, aluminum & metals",,,Official aggregate only: C$27.6B across full measure,https://www.canada.ca/en/department-finance/programs/international-trade-finance-policy/canadas-response-us-tariffs/complete-list-us-products-subject-to-counter-tariffs.html
7302.30.90,"Railway or tramway track construction material of iron or steel, the following : rails, check-rails and rack rails, switch blades, crossing frogs, point rods and other crossing pieces, sleepers (cross-ties), fish-plates, chairs, chair wedges, sole plates (base plates), rail clips, bedplates, ties and other material specialized for jointing or fixing rails.","- Switch blades, crossing frogs, point rods and other crossing pieces: Other","Railway or tramway track construction material of iron or steel, the following : rails, check-rails and rack rails, switch blades, crossing frogs, point rods and other crossing pieces, sleepers (cross-ties), fish-plates, chairs, chair wedges, sole plates (base plates), rail clips, bedplates, ties and other material specialized for jointing or fixing rails. - Switch blades, crossing frogs, point rods and other crossing pieces: Other",50,"Steel, aluminum & metals",,,Official aggregate only: C$27.6B across full measure,https://www.canada.ca/en/department-finance/programs/international-trade-finance-policy/canadas-response-us-tariffs/complete-list-us-products-subject-to-counter-tariffs.html
7302.40.00,"Railway or tramway track construction material of iron or steel, the following : rails, check-rails and rack rails, switch blades, crossing frogs, point rods and other crossing pieces, sleepers (cross-ties), fish-plates, chairs, chair wedges, sole plates (base plates), rail clips, bedplates, ties and other material specialized for jointing or fixing rails.",- Fish-plates and sole plates,"Railway or tramway track construction material of iron or steel, the following : rails, check-rails and rack rails, switch blades, crossing frogs, point rods and other crossing pieces, sleepers (cross-ties), fish-plates, chairs, chair wedges, sole plates (base plates), rail clips, bedplates, ties and other material specialized for jointing or fixing rails. - Fish-plates and sole plates",50,"Steel, aluminum & metals",,,Official aggregate only: C$27.6B across full measure,https://www.canada.ca/en/department-finance/programs/international-trade-finance-policy/canadas-response-us-tariffs/complete-list-us-products-subject-to-counter-tariffs.html
7302.90.00,"Railway or tramway track construction material of iron or steel, the following : rails, check-rails and rack rails, switch blades, crossing frogs, point rods and other crossing pieces, sleepers (cross-ties), fish-plates, chairs, chair wedges, sole plates (base plates), rail clips, bedplates, ties and other material specialized for jointing or fixing rails.",- Other,"Railway or tramway track construction material of iron or steel, the following : rails, check-rails and rack rails, switch blades, crossing frogs, point rods and other crossing pieces, sleepers (cross-ties), fish-plates, chairs, chair wedges, sole plates (base plates), rail clips, bedplates, ties and other material specialized for jointing or fixing rails. - Other",50,"Steel, aluminum & metals",,,Official aggregate only: C$27.6B across full measure,https://www.canada.ca/en/department-finance/programs/international-trade-finance-policy/canadas-response-us-tariffs/complete-list-us-products-subject-to-counter-tariffs.html
7304.11.00,"Tubes, pipes and hollow profiles, seamless, of iron (other than cast iron) or steel.",- Line pipe of a kind used for oil or gas pipelines: Of stainless steel,"Tubes, pipes and hollow profiles, seamless, of iron (other than cast iron) or steel. - Line pipe of a kind used for oil or gas pipelines: Of stainless steel",50,"Steel, aluminum & metals",,,Official aggregate only: C$27.6B across full measure,https://www.canada.ca/en/department-finance/programs/international-trade-finance-policy/canadas-response-us-tariffs/complete-list-us-products-subject-to-counter-tariffs.html
7304.19.00,"Tubes, pipes and hollow profiles, seamless, of iron (other than cast iron) or steel.",- Line pipe of a kind used for oil or gas pipelines: Other,"Tubes, pipes and hollow profiles, seamless, of iron (other than cast iron) or steel. - Line pipe of a kind used for oil or gas pipelines: Other",50,"Steel, aluminum & metals",,,Official aggregate only: C$27.6B across full measure,https://www.canada.ca/en/department-finance/programs/international-trade-finance-policy/canadas-response-us-tariffs/complete-list-us-products-subject-to-counter-tariffs.html
7304.22.00,"Tubes, pipes and hollow profiles, seamless, of iron (other than cast iron) or steel.","- Casing, tubing and drill pipe, of a kind used in drilling for oil or gas: Drill pipe of stainless steel","Tubes, pipes and hollow profiles, seamless, of iron (other than cast iron) or steel. - Casing, tubing and drill pipe, of a kind used in drilling for oil or gas: Drill pipe of stainless steel",50,"Steel, aluminum & metals",,,Official aggregate only: C$27.6B across full measure,https://www.canada.ca/en/department-finance/programs/international-trade-finance-policy/canadas-response-us-tariffs/complete-list-us-products-subject-to-counter-tariffs.html
7304.23.00,"Tubes, pipes and hollow profiles, seamless, of iron (other than cast iron) or steel.","- Casing, tubing and drill pipe, of a kind used in drilling for oil or gas: Other drill pipe","Tubes, pipes and hollow profiles, seamless, of iron (other than cast iron) or steel. - Casing, tubing and drill pipe, of a kind used in drilling for oil or gas: Other drill pipe",50,"Steel, aluminum & metals",,,Official aggregate only: C$27.6B across full measure,https://www.canada.ca/en/department-finance/programs/international-trade-finance-policy/canadas-response-us-tariffs/complete-list-us-products-subject-to-counter-tariffs.html
7304.24.00,"Tubes, pipes and hollow profiles, seamless, of iron (other than cast iron) or steel.","- Casing, tubing and drill pipe, of a kind used in drilling for oil or gas: Other, of stainless steel","Tubes, pipes and hollow profiles, seamless, of iron (other than cast iron) or steel. - Casing, tubing and drill pipe, of a kind used in drilling for oil or gas: Other, of stainless steel",50,"Steel, aluminum & metals",,,Official aggregate only: C$27.6B across full measure,https://www.canada.ca/en/department-finance/programs/international-trade-finance-policy/canadas-response-us-tariffs/complete-list-us-products-subject-to-counter-tariffs.html
7304.29.00,"Tubes, pipes and hollow profiles, seamless, of iron (other than cast iron) or steel.","- Casing, tubing and drill pipe, of a kind used in drilling for oil or gas: Other","Tubes, pipes and hollow profiles, seamless, of iron (other than cast iron) or steel. - Casing, tubing and drill pipe, of a kind used in drilling for oil or gas: Other",50,"Steel, aluminum & metals",,,Official aggregate only: C$27.6B across full measure,https://www.canada.ca/en/department-finance/programs/international-trade-finance-policy/canadas-response-us-tariffs/complete-list-us-products-subject-to-counter-tariffs.html
7304.31.00,"Tubes, pipes and hollow profiles, seamless, of iron (other than cast iron) or steel.","- Other, of circular cross-section, of iron or non-alloy steel: Cold-drawn or cold-rolled (cold-reduced)","Tubes, pipes and hollow profiles, seamless, of iron (other than cast iron) or steel. - Other, of circular cross-section, of iron or non-alloy steel: Cold-drawn or cold-rolled (cold-reduced)",50,"Steel, aluminum & metals",,,Official aggregate only: C$27.6B across full measure,https://www.canada.ca/en/department-finance/programs/international-trade-finance-policy/canadas-response-us-tariffs/complete-list-us-products-subject-to-counter-tariffs.html
7304.39.00,"Tubes, pipes and hollow profiles, seamless, of iron (other than cast iron) or steel.","- Other, of circular cross-section, of iron or non-alloy steel: Other","Tubes, pipes and hollow profiles, seamless, of iron (other than cast iron) or steel. - Other, of circular cross-section, of iron or non-alloy steel: Other",50,"Steel, aluminum & metals",,,Official aggregate only: C$27.6B across full measure,https://www.canada.ca/en/department-finance/programs/international-trade-finance-policy/canadas-response-us-tariffs/complete-list-us-products-subject-to-counter-tariffs.html
7304.41.00,"Tubes, pipes and hollow profiles, seamless, of iron (other than cast iron) or steel.","- Other, of circular cross-section, of stainless steel: Cold-drawn or cold-rolled (cold-reduced)","Tubes, pipes and hollow profiles, seamless, of iron (other than cast iron) or steel. - Other, of circular cross-section, of stainless steel: Cold-drawn or cold-rolled (cold-reduced)",50,"Steel, aluminum & metals",,,Official aggregate only: C$27.6B across full measure,https://www.canada.ca/en/department-finance/programs/international-trade-finance-policy/canadas-response-us-tariffs/complete-list-us-products-subject-to-counter-tariffs.html
7304.49.00,"Tubes, pipes and hollow profiles, seamless, of iron (other than cast iron) or steel.","- Other, of circular cross-section, of stainless steel: Other","Tubes, pipes and hollow profiles, seamless, of iron (other than cast iron) or steel. - Other, of circular cross-section, of stainless steel: Other",50,"Steel, aluminum & metals",,,Official aggregate only: C$27.6B across full measure,https://www.canada.ca/en/department-finance/programs/international-trade-finance-policy/canadas-response-us-tariffs/complete-list-us-products-subject-to-counter-tariffs.html
7304.51.00,"Tubes, pipes and hollow profiles, seamless, of iron (other than cast iron) or steel.","- Other, of circular cross-section, of other alloy steel: Cold-drawn or cold-rolled (cold-reduced)","Tubes, pipes and hollow profiles, seamless, of iron (other than cast iron) or steel. - Other, of circular cross-section, of other alloy steel: Cold-drawn or cold-rolled (cold-reduced)",50,"Steel, aluminum & metals",,,Official aggregate only: C$27.6B across full measure,https://www.canada.ca/en/department-finance/programs/international-trade-finance-policy/canadas-response-us-tariffs/complete-list-us-products-subject-to-counter-tariffs.html
7304.59.00,"Tubes, pipes and hollow profiles, seamless, of iron (other than cast iron) or steel.","- Other, of circular cross-section, of other alloy steel: Other","Tubes, pipes and hollow profiles, seamless, of iron (other than cast iron) or steel. - Other, of circular cross-section, of other alloy steel: Other",50,"Steel, aluminum & metals",,,Official aggregate only: C$27.6B across full measure,https://www.canada.ca/en/department-finance/programs/international-trade-finance-policy/canadas-response-us-tariffs/complete-list-us-products-subject-to-counter-tariffs.html
7304.90.00,"Tubes, pipes and hollow profiles, seamless, of iron (other than cast iron) or steel.",- Other,"Tubes, pipes and hollow profiles, seamless, of iron (other than cast iron) or steel. - Other",50,"Steel, aluminum & metals",,,Official aggregate only: C$27.6B across full measure,https://www.canada.ca/en/department-finance/programs/international-trade-finance-policy/canadas-response-us-tariffs/complete-list-us-products-subject-to-counter-tariffs.html
7305.11.00,"Other tubes and pipes (for example, welded, riveted or similarly closed), having circular cross-sections, the external diameter of which exceeds 406.4 mm, of iron or steel.",- Line pipe of a kind used for oil or gas pipelines: Longitudinally submerged arc welded,"Other tubes and pipes (for example, welded, riveted or similarly closed), having circular cross-sections, the external diameter of which exceeds 406.4 mm, of iron or steel. - Line pipe of a kind used for oil or gas pipelines: Longitudinally submerged arc welded",50,"Steel, aluminum & metals",,,Official aggregate only: C$27.6B across full measure,https://www.canada.ca/en/department-finance/programs/international-trade-finance-policy/canadas-response-us-tariffs/complete-list-us-products-subject-to-counter-tariffs.html
7305.12.00,"Other tubes and pipes (for example, welded, riveted or similarly closed), having circular cross-sections, the external diameter of which exceeds 406.4 mm, of iron or steel.","- Line pipe of a kind used for oil or gas pipelines: Other, longitudinally welded","Other tubes and pipes (for example, welded, riveted or similarly closed), having circular cross-sections, the external diameter of which exceeds 406.4 mm, of iron or steel. - Line pipe of a kind used for oil or gas pipelines: Other, longitudinally welded",50,"Steel, aluminum & metals",,,Official aggregate only: C$27.6B across full measure,https://www.canada.ca/en/department-finance/programs/international-trade-finance-policy/canadas-response-us-tariffs/complete-list-us-products-subject-to-counter-tariffs.html
7305.19.00,"Other tubes and pipes (for example, welded, riveted or similarly closed), having circular cross-sections, the external diameter of which exceeds 406.4 mm, of iron or steel.",- Line pipe of a kind used for oil or gas pipelines: Other,"Other tubes and pipes (for example, welded, riveted or similarly closed), having circular cross-sections, the external diameter of which exceeds 406.4 mm, of iron or steel. - Line pipe of a kind used for oil or gas pipelines: Other",50,"Steel, aluminum & metals",,,Official aggregate only: C$27.6B across full measure,https://www.canada.ca/en/department-finance/programs/international-trade-finance-policy/canadas-response-us-tariffs/complete-list-us-products-subject-to-counter-tariffs.html
7305.20.00,"Other tubes and pipes (for example, welded, riveted or similarly closed), having circular cross-sections, the external diameter of which exceeds 406.4 mm, of iron or steel.",- Casing of a kind used in drilling for oil or gas,"Other tubes and pipes (for example, welded, riveted or similarly closed), having circular cross-sections, the external diameter of which exceeds 406.4 mm, of iron or steel. - Casing of a kind used in drilling for oil or gas",50,"Steel, aluminum & metals",,,Official aggregate only: C$27.6B across full measure,https://www.canada.ca/en/department-finance/programs/international-trade-finance-policy/canadas-response-us-tariffs/complete-list-us-products-subject-to-counter-tariffs.html
7305.31.00,"Other tubes and pipes (for example, welded, riveted or similarly closed), having circular cross-sections, the external diameter of which exceeds 406.4 mm, of iron or steel.","- Other, welded: Longitudinally welded","Other tubes and pipes (for example, welded, riveted or similarly closed), having circular cross-sections, the external diameter of which exceeds 406.4 mm, of iron or steel. - Other, welded: Longitudinally welded",50,"Steel, aluminum & metals",,,Official aggregate only: C$27.6B across full measure,https://www.canada.ca/en/department-finance/programs/international-trade-finance-policy/canadas-response-us-tariffs/complete-list-us-products-subject-to-counter-tariffs.html
7305.39.00,"Other tubes and pipes (for example, welded, riveted or similarly closed), having circular cross-sections, the external diameter of which exceeds 406.4 mm, of iron or steel.","- Other, welded: Other","Other tubes and pipes (for example, welded, riveted or similarly closed), having circular cross-sections, the external diameter of which exceeds 406.4 mm, of iron or steel. - Other, welded: Other",50,"Steel, aluminum & metals",,,Official aggregate only: C$27.6B across full measure,https://www.canada.ca/en/department-finance/programs/international-trade-finance-policy/canadas-response-us-tariffs/complete-list-us-products-subject-to-counter-tariffs.html
7305.90.00,"Other tubes and pipes (for example, welded, riveted or similarly closed), having circular cross-sections, the external diameter of which exceeds 406.4 mm, of iron or steel.",- Other,"Other tubes and pipes (for example, welded, riveted or similarly closed), having circular cross-sections, the external diameter of which exceeds 406.4 mm, of iron or steel. - Other",50,"Steel, aluminum & metals",,,Official aggregate only: C$27.6B across full measure,https://www.canada.ca/en/department-finance/programs/international-trade-finance-policy/canadas-response-us-tariffs/complete-list-us-products-subject-to-counter-tariffs.html
7306.11.00,"Other tubes, pipes and hollow profiles (for example, open seam or welded, riveted or similarly closed), of iron or steel.","- Line pipe of a kind used for oil or gas pipelines: Welded, of stainless steel","Other tubes, pipes and hollow profiles (for example, open seam or welded, riveted or similarly closed), of iron or steel. - Line pipe of a kind used for oil or gas pipelines: Welded, of stainless steel",50,"Steel, aluminum & metals",,,Official aggregate only: C$27.6B across full measure,https://www.canada.ca/en/department-finance/programs/international-trade-finance-policy/canadas-response-us-tariffs/complete-list-us-products-subject-to-counter-tariffs.html
7306.19.00,"Other tubes, pipes and hollow profiles (for example, open seam or welded, riveted or similarly closed), of iron or steel.",- Line pipe of a kind used for oil or gas pipelines: Other,"Other tubes, pipes and hollow profiles (for example, open seam or welded, riveted or similarly closed), of iron or steel. - Line pipe of a kind used for oil or gas pipelines: Other",50,"Steel, aluminum & metals",,,Official aggregate only: C$27.6B across full measure,https://www.canada.ca/en/department-finance/programs/international-trade-finance-policy/canadas-response-us-tariffs/complete-list-us-products-subject-to-counter-tariffs.html
7306.21.00,"Other tubes, pipes and hollow profiles (for example, open seam or welded, riveted or similarly closed), of iron or steel.","- Casing and tubing of a kind used in drilling for oil or gas: Welded, of stainless steel","Other tubes, pipes and hollow profiles (for example, open seam or welded, riveted or similarly closed), of iron or steel. - Casing and tubing of a kind used in drilling for oil or gas: Welded, of stainless steel",50,"Steel, aluminum & metals",,,Official aggregate only: C$27.6B across full measure,https://www.canada.ca/en/department-finance/programs/international-trade-finance-policy/canadas-response-us-tariffs/complete-list-us-products-subject-to-counter-tariffs.html
7306.29.00,"Other tubes, pipes and hollow profiles (for example, open seam or welded, riveted or similarly closed), of iron or steel.",- Casing and tubing of a kind used in drilling for oil or gas: Other,"Other tubes, pipes and hollow profiles (for example, open seam or welded, riveted or similarly closed), of iron or steel. - Casing and tubing of a kind used in drilling for oil or gas: Other",50,"Steel, aluminum & metals",,,Official aggregate only: C$27.6B across full measure,https://www.canada.ca/en/department-finance/programs/international-trade-finance-policy/canadas-response-us-tariffs/complete-list-us-products-subject-to-counter-tariffs.html
7306.30.00,"Other tubes, pipes and hollow profiles (for example, open seam or welded, riveted or similarly closed), of iron or steel.","- Other, welded, of circular cross-section, of iron or non-alloy steel","Other tubes, pipes and hollow profiles (for example, open seam or welded, riveted or similarly closed), of iron or steel. - Other, welded, of circular cross-section, of iron or non-alloy steel",50,"Steel, aluminum & metals",,,Official aggregate only: C$27.6B across full measure,https://www.canada.ca/en/department-finance/programs/international-trade-finance-policy/canadas-response-us-tariffs/complete-list-us-products-subject-to-counter-tariffs.html
7306.40.00,"Other tubes, pipes and hollow profiles (for example, open seam or welded, riveted or similarly closed), of iron or steel.","- Other, welded, of circular cross-section, of stainless steel","Other tubes, pipes and hollow profiles (for example, open seam or welded, riveted or similarly closed), of iron or steel. - Other, welded, of circular cross-section, of stainless steel",50,"Steel, aluminum & metals",,,Official aggregate only: C$27.6B across full measure,https://www.canada.ca/en/department-finance/programs/international-trade-finance-policy/canadas-response-us-tariffs/complete-list-us-products-subject-to-counter-tariffs.html
7306.50.00,"Other tubes, pipes and hollow profiles (for example, open seam or welded, riveted or similarly closed), of iron or steel.","- Other, welded, of circular cross-section, of other alloy steel","Other tubes, pipes and hollow profiles (for example, open seam or welded, riveted or similarly closed), of iron or steel. - Other, welded, of circular cross-section, of other alloy steel",50,"Steel, aluminum & metals",,,Official aggregate only: C$27.6B across full measure,https://www.canada.ca/en/department-finance/programs/international-trade-finance-policy/canadas-response-us-tariffs/complete-list-us-products-subject-to-counter-tariffs.html
7306.61.00,"Other tubes, pipes and hollow profiles (for example, open seam or welded, riveted or similarly closed), of iron or steel.","- Other, welded, of non-circular cross-section: Of square or rectangular cross-section","Other tubes, pipes and hollow profiles (for example, open seam or welded, riveted or similarly closed), of iron or steel. - Other, welded, of non-circular cross-section: Of square or rectangular cross-section",50,"Steel, aluminum & metals",,,Official aggregate only: C$27.6B across full measure,https://www.canada.ca/en/department-finance/programs/international-trade-finance-policy/canadas-response-us-tariffs/complete-list-us-products-subject-to-counter-tariffs.html
7306.69.00,"Other tubes, pipes and hollow profiles (for example, open seam or welded, riveted or similarly closed), of iron or steel.","- Other, welded, of non-circular cross-section: Of other non-circular cross-section","Other tubes, pipes and hollow profiles (for example, open seam or welded, riveted or similarly closed), of iron or steel. - Other, welded, of non-circular cross-section: Of other non-circular cross-section",50,"Steel, aluminum & metals",,,Official aggregate only: C$27.6B across full measure,https://www.canada.ca/en/department-finance/programs/international-trade-finance-policy/canadas-response-us-tariffs/complete-list-us-products-subject-to-counter-tariffs.html
7306.90.00,"Other tubes, pipes and hollow profiles (for example, open seam or welded, riveted or similarly closed), of iron or steel.",- Other,"Other tubes, pipes and hollow profiles (for example, open seam or welded, riveted or similarly closed), of iron or steel. - Other",50,"Steel, aluminum & metals",,,Official aggregate only: C$27.6B across full measure,https://www.canada.ca/en/department-finance/programs/international-trade-finance-policy/canadas-response-us-tariffs/complete-list-us-products-subject-to-counter-tariffs.html
7307.21.00,"Tube or pipe fittings (for example, couplings, elbows, sleeves), of iron or steel.","- Other, of stainless steel: Flanges","Tube or pipe fittings (for example, couplings, elbows, sleeves), of iron or steel. - Other, of stainless steel: Flanges",50,"Steel, aluminum & metals",,,Official aggregate only: C$27.6B across full measure,https://www.canada.ca/en/department-finance/programs/international-trade-finance-policy/canadas-response-us-tariffs/complete-list-us-products-subject-to-counter-tariffs.html
7307.22.00,"Tube or pipe fittings (for example, couplings, elbows, sleeves), of iron or steel.","- Other, of stainless steel: Threaded elbows, bends and sleeves","Tube or pipe fittings (for example, couplings, elbows, sleeves), of iron or steel. - Other, of stainless steel: Threaded elbows, bends and sleeves",50,"Steel, aluminum & metals",,,Official aggregate only: C$27.6B across full measure,https://www.canada.ca/en/department-finance/programs/international-trade-finance-policy/canadas-response-us-tariffs/complete-list-us-products-subject-to-counter-tariffs.html
7307.23.00,"Tube or pipe fittings (for example, couplings, elbows, sleeves), of iron or steel.","- Other, of stainless steel: Butt welding fittings","Tube or pipe fittings (for example, couplings, elbows, sleeves), of iron or steel. - Other, of stainless steel: Butt welding fittings",50,"Steel, aluminum & metals",,,Official aggregate only: C$27.6B across full measure,https://www.canada.ca/en/department-finance/programs/international-trade-finance-policy/canadas-response-us-tariffs/complete-list-us-products-subject-to-counter-tariffs.html
7307.29.10,"Tube or pipe fittings (for example, couplings, elbows, sleeves), of iron or steel.","- Other, of stainless steel: Other: To be employed in pneumatically breaking down the working face of a mine in mining, quarrying or developing mineral deposits","Tube or pipe fittings (for example, couplings, elbows, sleeves), of iron or steel. - Other, of stainless steel: Other: To be employed in pneumatically breaking down the working face of a mine in mining, quarrying or developing mineral deposits",50,"Steel, aluminum & metals",,,Official aggregate only: C$27.6B across full measure,https://www.canada.ca/en/department-finance/programs/international-trade-finance-policy/canadas-response-us-tariffs/complete-list-us-products-subject-to-counter-tariffs.html
7307.29.20,"Tube or pipe fittings (for example, couplings, elbows, sleeves), of iron or steel.","- Other, of stainless steel: Other: For installation between the wellhead assembly or surface oil pumping unit and the field marketing valve at oil or natural gas wells","Tube or pipe fittings (for example, couplings, elbows, sleeves), of iron or steel. - Other, of stainless steel: Other: For installation between the wellhead assembly or surface oil pumping unit and the field marketing valve at oil or natural gas wells",50,"Steel, aluminum & metals",,,Official aggregate only: C$27.6B across full measure,https://www.canada.ca/en/department-finance/programs/international-trade-finance-policy/canadas-response-us-tariffs/complete-list-us-products-subject-to-counter-tariffs.html
7307.29.91,"Tube or pipe fittings (for example, couplings, elbows, sleeves), of iron or steel.","- Other, of stainless steel: Other: Other: Not further worked than forged or bent to shape","Tube or pipe fittings (for example, couplings, elbows, sleeves), of iron or steel. - Other, of stainless steel: Other: Other: Not further worked than forged or bent to shape",50,"Steel, aluminum & metals",,,Official aggregate only: C$27.6B across full measure,https://www.canada.ca/en/department-finance/programs/international-trade-finance-policy/canadas-response-us-tariffs/complete-list-us-products-subject-to-counter-tariffs.html
7307.29.99,"Tube or pipe fittings (for example, couplings, elbows, sleeves), of iron or steel.","- Other, of stainless steel: Other: Other: Other","Tube or pipe fittings (for example, couplings, elbows, sleeves), of iron or steel. - Other, of stainless steel: Other: Other: Other",50,"Steel, aluminum & metals",,,Official aggregate only: C$27.6B across full measure,https://www.canada.ca/en/department-finance/programs/international-trade-finance-policy/canadas-response-us-tariffs/complete-list-us-products-subject-to-counter-tariffs.html
7307.91.00,"Tube or pipe fittings (for example, couplings, elbows, sleeves), of iron or steel.",- Other: Flanges,"Tube or pipe fittings (for example, couplings, elbows, sleeves), of iron or steel. - Other: Flanges",50,"Steel, aluminum & metals",,,Official aggregate only: C$27.6B across full measure,https://www.canada.ca/en/department-finance/programs/international-trade-finance-policy/canadas-response-us-tariffs/complete-list-us-products-subject-to-counter-tariffs.html
7307.92.00,"Tube or pipe fittings (for example, couplings, elbows, sleeves), of iron or steel.","- Other: Threaded elbows, bends and sleeves","Tube or pipe fittings (for example, couplings, elbows, sleeves), of iron or steel. - Other: Threaded elbows, bends and sleeves",50,"Steel, aluminum & metals",,,Official aggregate only: C$27.6B across full measure,https://www.canada.ca/en/department-finance/programs/international-trade-finance-policy/canadas-response-us-tariffs/complete-list-us-products-subject-to-counter-tariffs.html
7307.93.00,"Tube or pipe fittings (for example, couplings, elbows, sleeves), of iron or steel.",- Other: Butt welding fittings,"Tube or pipe fittings (for example, couplings, elbows, sleeves), of iron or steel. - Other: Butt welding fittings",50,"Steel, aluminum & metals",,,Official aggregate only: C$27.6B across full measure,https://www.canada.ca/en/department-finance/programs/international-trade-finance-policy/canadas-response-us-tariffs/complete-list-us-products-subject-to-counter-tariffs.html
7307.99.00,"Tube or pipe fittings (for example, couplings, elbows, sleeves), of iron or steel.",- Other: Other,"Tube or pipe fittings (for example, couplings, elbows, sleeves), of iron or steel. - Other: Other",50,"Steel, aluminum & metals",,,Official aggregate only: C$27.6B across full measure,https://www.canada.ca/en/department-finance/programs/international-trade-finance-policy/canadas-response-us-tariffs/complete-list-us-products-subject-to-counter-tariffs.html
7308.10.00,"Structures (excluding prefabricated buildings of heading 94.06) and parts of structures (for example, bridges and bridge-sections, lock-gates, towers, lattice masts, roofs, roofing frame-works, doors and windows and their frames and thresholds for doors, shutters, balustrades, pillars and columns), of iron or steel; plates, rods, angles, shapes, sections, tubes and the like, prepared for use in structures, of iron or steel.",- Bridges and bridge-sections,"Structures (excluding prefabricated buildings of heading 94.06) and parts of structures (for example, bridges and bridge-sections, lock-gates, towers, lattice masts, roofs, roofing frame-works, doors and windows and their frames and thresholds for doors, shutters, balustrades, pillars and columns), of iron or steel; plates, rods, angles, shapes, sections, tubes and the like, prepared for use in structures, of iron or steel. - Bridges and bridge-sections",50,"Steel, aluminum & metals",,,Official aggregate only: C$27.6B across full measure,https://www.canada.ca/en/department-finance/programs/international-trade-finance-policy/canadas-response-us-tariffs/complete-list-us-products-subject-to-counter-tariffs.html
7308.20.00,"Structures (excluding prefabricated buildings of heading 94.06) and parts of structures (for example, bridges and bridge-sections, lock-gates, towers, lattice masts, roofs, roofing frame-works, doors and windows and their frames and thresholds for doors, shutters, balustrades, pillars and columns), of iron or steel; plates, rods, angles, shapes, sections, tubes and the like, prepared for use in structures, of iron or steel.",- Towers and lattice masts,"Structures (excluding prefabricated buildings of heading 94.06) and parts of structures (for example, bridges and bridge-sections, lock-gates, towers, lattice masts, roofs, roofing frame-works, doors and windows and their frames and thresholds for doors, shutters, balustrades, pillars and columns), of iron or steel; plates, rods, angles, shapes, sections, tubes and the like, prepared for use in structures, of iron or steel. - Towers and lattice masts",50,"Steel, aluminum & metals",,,Official aggregate only: C$27.6B across full measure,https://www.canada.ca/en/department-finance/programs/international-trade-finance-policy/canadas-response-us-tariffs/complete-list-us-products-subject-to-counter-tariffs.html
7308.30.00,"Structures (excluding prefabricated buildings of heading 94.06) and parts of structures (for example, bridges and bridge-sections, lock-gates, towers, lattice masts, roofs, roofing frame-works, doors and windows and their frames and thresholds for doors, shutters, balustrades, pillars and columns), of iron or steel; plates, rods, angles, shapes, sections, tubes and the like, prepared for use in structures, of iron or steel.","- Doors, windows and their frames and thresholds for doors","Structures (excluding prefabricated buildings of heading 94.06) and parts of structures (for example, bridges and bridge-sections, lock-gates, towers, lattice masts, roofs, roofing frame-works, doors and windows and their frames and thresholds for doors, shutters, balustrades, pillars and columns), of iron or steel; plates, rods, angles, shapes, sections, tubes and the like, prepared for use in structures, of iron or steel. - Doors, windows and their frames and thresholds for doors",50,"Steel, aluminum & metals",,,Official aggregate only: C$27.6B across full measure,https://www.canada.ca/en/department-finance/programs/international-trade-finance-policy/canadas-response-us-tariffs/complete-list-us-products-subject-to-counter-tariffs.html
7308.40.00,"Structures (excluding prefabricated buildings of heading 94.06) and parts of structures (for example, bridges and bridge-sections, lock-gates, towers, lattice masts, roofs, roofing frame-works, doors and windows and their frames and thresholds for doors, shutters, balustrades, pillars and columns), of iron or steel; plates, rods, angles, shapes, sections, tubes and the like, prepared for use in structures, of iron or steel.","- Equipment for scaffolding, shuttering, propping or pit-propping","Structures (excluding prefabricated buildings of heading 94.06) and parts of structures (for example, bridges and bridge-sections, lock-gates, towers, lattice masts, roofs, roofing frame-works, doors and windows and their frames and thresholds for doors, shutters, balustrades, pillars and columns), of iron or steel; plates, rods, angles, shapes, sections, tubes and the like, prepared for use in structures, of iron or steel. - Equipment for scaffolding, shuttering, propping or pit-propping",50,"Steel, aluminum & metals",,,Official aggregate only: C$27.6B across full measure,https://www.canada.ca/en/department-finance/programs/international-trade-finance-policy/canadas-response-us-tariffs/complete-list-us-products-subject-to-counter-tariffs.html
7308.90.00,"Structures (excluding prefabricated buildings of heading 94.06) and parts of structures (for example, bridges and bridge-sections, lock-gates, towers, lattice masts, roofs, roofing frame-works, doors and windows and their frames and thresholds for doors, shutters, balustrades, pillars and columns), of iron or steel; plates, rods, angles, shapes, sections, tubes and the like, prepared for use in structures, of iron or steel.",- Other,"Structures (excluding prefabricated buildings of heading 94.06) and parts of structures (for example, bridges and bridge-sections, lock-gates, towers, lattice masts, roofs, roofing frame-works, doors and windows and their frames and thresholds for doors, shutters, balustrades, pillars and columns), of iron or steel; plates, rods, angles, shapes, sections, tubes and the like, prepared for use in structures, of iron or steel. - Other",50,"Steel, aluminum & metals",,,Official aggregate only: C$27.6B across full measure,https://www.canada.ca/en/department-finance/programs/international-trade-finance-policy/canadas-response-us-tariffs/complete-list-us-products-subject-to-counter-tariffs.html
7309.00.00,"Reservoirs, tanks, vats and similar containers for any material (other than compressed or liquefied gas), of iron or steel, of a capacity exceeding 300 litres, whether or not lined or heat-insulated, but not fitted with mechanical or thermal equipment.",,"Reservoirs, tanks, vats and similar containers for any material (other than compressed or liquefied gas), of iron or steel, of a capacity exceeding 300 litres, whether or not lined or heat-insulated, but not fitted with mechanical or thermal equipment.",50,"Steel, aluminum & metals",,,Official aggregate only: C$27.6B across full measure,https://www.canada.ca/en/department-finance/programs/international-trade-finance-policy/canadas-response-us-tariffs/complete-list-us-products-subject-to-counter-tariffs.html
7310.10.00,"Tanks, casks, drums, cans, boxes and similar containers, for any material (other than compressed or liquefied gas), of iron or steel, of a capacity not exceeding 300 litres, whether or not lined or heat-insulated, but not fitted with mechanical or thermal equipment.",- Of a capacity of 50 litres or more,"Tanks, casks, drums, cans, boxes and similar containers, for any material (other than compressed or liquefied gas), of iron or steel, of a capacity not exceeding 300 litres, whether or not lined or heat-insulated, but not fitted with mechanical or thermal equipment. - Of a capacity of 50 litres or more",50,"Steel, aluminum & metals",,,Official aggregate only: C$27.6B across full measure,https://www.canada.ca/en/department-finance/programs/international-trade-finance-policy/canadas-response-us-tariffs/complete-list-us-products-subject-to-counter-tariffs.html
7310.21.00,"Tanks, casks, drums, cans, boxes and similar containers, for any material (other than compressed or liquefied gas), of iron or steel, of a capacity not exceeding 300 litres, whether or not lined or heat-insulated, but not fitted with mechanical or thermal equipment.",- Of a capacity of less than 50 litres: Cans which are to be closed by soldering or crimping,"Tanks, casks, drums, cans, boxes and similar containers, for any material (other than compressed or liquefied gas), of iron or steel, of a capacity not exceeding 300 litres, whether or not lined or heat-insulated, but not fitted with mechanical or thermal equipment. - Of a capacity of less than 50 litres: Cans which are to be closed by soldering or crimping",50,"Steel, aluminum & metals",,,Official aggregate only: C$27.6B across full measure,https://www.canada.ca/en/department-finance/programs/international-trade-finance-policy/canadas-response-us-tariffs/complete-list-us-products-subject-to-counter-tariffs.html
7310.29.00,"Tanks, casks, drums, cans, boxes and similar containers, for any material (other than compressed or liquefied gas), of iron or steel, of a capacity not exceeding 300 litres, whether or not lined or heat-insulated, but not fitted with mechanical or thermal equipment.",- Of a capacity of less than 50 litres: Other,"Tanks, casks, drums, cans, boxes and similar containers, for any material (other than compressed or liquefied gas), of iron or steel, of a capacity not exceeding 300 litres, whether or not lined or heat-insulated, but not fitted with mechanical or thermal equipment. - Of a capacity of less than 50 litres: Other",50,"Steel, aluminum & metals",,,Official aggregate only: C$27.6B across full measure,https://www.canada.ca/en/department-finance/programs/international-trade-finance-policy/canadas-response-us-tariffs/complete-list-us-products-subject-to-counter-tariffs.html
7311.00.00,"Containers for compressed or liquefied gas, of iron or steel.",,"Containers for compressed or liquefied gas, of iron or steel.",50,"Steel, aluminum & metals",,,Official aggregate only: C$27.6B across full measure,https://www.canada.ca/en/department-finance/programs/international-trade-finance-policy/canadas-response-us-tariffs/complete-list-us-products-subject-to-counter-tariffs.html
7312.10.00,"Stranded wire, ropes, cables, plaited bands, slings and the like, of iron or steel, not electrically insulated.","- Stranded wire, ropes and cables","Stranded wire, ropes, cables, plaited bands, slings and the like, of iron or steel, not electrically insulated. - Stranded wire, ropes and cables",50,"Steel, aluminum & metals",,,Official aggregate only: C$27.6B across full measure,https://www.canada.ca/en/department-finance/programs/international-trade-finance-policy/canadas-response-us-tariffs/complete-list-us-products-subject-to-counter-tariffs.html
7312.90.00,"Stranded wire, ropes, cables, plaited bands, slings and the like, of iron or steel, not electrically insulated.",- Other,"Stranded wire, ropes, cables, plaited bands, slings and the like, of iron or steel, not electrically insulated. - Other",50,"Steel, aluminum & metals",,,Official aggregate only: C$27.6B across full measure,https://www.canada.ca/en/department-finance/programs/international-trade-finance-policy/canadas-response-us-tariffs/complete-list-us-products-subject-to-counter-tariffs.html
7313.00.00,"Barbed wire of iron or steel; twisted hoop or single flat wire, barbed or not, and loosely twisted double wire, of a kind used for fencing, of iron or steel.",,"Barbed wire of iron or steel; twisted hoop or single flat wire, barbed or not, and loosely twisted double wire, of a kind used for fencing, of iron or steel.",50,"Steel, aluminum & metals",,,Official aggregate only: C$27.6B across full measure,https://www.canada.ca/en/department-finance/programs/international-trade-finance-policy/canadas-response-us-tariffs/complete-list-us-products-subject-to-counter-tariffs.html
7314.12.00,"Cloth (including endless bands), grill, netting and fencing, of iron or steel wire; expanded metal of iron or steel.","- Woven cloth: Endless bands for machinery, of stainless steel","Cloth (including endless bands), grill, netting and fencing, of iron or steel wire; expanded metal of iron or steel. - Woven cloth: Endless bands for machinery, of stainless steel",50,"Steel, aluminum & metals",,,Official aggregate only: C$27.6B across full measure,https://www.canada.ca/en/department-finance/programs/international-trade-finance-policy/canadas-response-us-tariffs/complete-list-us-products-subject-to-counter-tariffs.html
7314.14.00,"Cloth (including endless bands), grill, netting and fencing, of iron or steel wire; expanded metal of iron or steel.","- Woven cloth: Other woven cloth, of stainless steel","Cloth (including endless bands), grill, netting and fencing, of iron or steel wire; expanded metal of iron or steel. - Woven cloth: Other woven cloth, of stainless steel",50,"Steel, aluminum & metals",,,Official aggregate only: C$27.6B across full measure,https://www.canada.ca/en/department-finance/programs/international-trade-finance-policy/canadas-response-us-tariffs/complete-list-us-products-subject-to-counter-tariffs.html
7314.19.00,"Cloth (including endless bands), grill, netting and fencing, of iron or steel wire; expanded metal of iron or steel.",- Woven cloth: Other,"Cloth (including endless bands), grill, netting and fencing, of iron or steel wire; expanded metal of iron or steel. - Woven cloth: Other",50,"Steel, aluminum & metals",,,Official aggregate only: C$27.6B across full measure,https://www.canada.ca/en/department-finance/programs/international-trade-finance-policy/canadas-response-us-tariffs/complete-list-us-products-subject-to-counter-tariffs.html
7314.20.00,"Cloth (including endless bands), grill, netting and fencing, of iron or steel wire; expanded metal of iron or steel.","- Grill, netting and fencing, welded at the intersection, of wire with a maximum cross-sectional dimension of 3 mm or more and having a mesh size of 100 cm² or more","Cloth (including endless bands), grill, netting and fencing, of iron or steel wire; expanded metal of iron or steel. - Grill, netting and fencing, welded at the intersection, of wire with a maximum cross-sectional dimension of 3 mm or more and having a mesh size of 100 cm² or more",50,"Steel, aluminum & metals",,,Official aggregate only: C$27.6B across full measure,https://www.canada.ca/en/department-finance/programs/international-trade-finance-policy/canadas-response-us-tariffs/complete-list-us-products-subject-to-counter-tariffs.html
7314.31.00,"Cloth (including endless bands), grill, netting and fencing, of iron or steel wire; expanded metal of iron or steel.","- Other grill, netting and fencing, welded at the intersection: Plated or coated with zinc","Cloth (including endless bands), grill, netting and fencing, of iron or steel wire; expanded metal of iron or steel. - Other grill, netting and fencing, welded at the intersection: Plated or coated with zinc",50,"Steel, aluminum & metals",,,Official aggregate only: C$27.6B across full measure,https://www.canada.ca/en/department-finance/programs/international-trade-finance-policy/canadas-response-us-tariffs/complete-list-us-products-subject-to-counter-tariffs.html
7314.39.00,"Cloth (including endless bands), grill, netting and fencing, of iron or steel wire; expanded metal of iron or steel.","- Other grill, netting and fencing, welded at the intersection: Other","Cloth (including endless bands), grill, netting and fencing, of iron or steel wire; expanded metal of iron or steel. - Other grill, netting and fencing, welded at the intersection: Other",50,"Steel, aluminum & metals",,,Official aggregate only: C$27.6B across full measure,https://www.canada.ca/en/department-finance/programs/international-trade-finance-policy/canadas-response-us-tariffs/complete-list-us-products-subject-to-counter-tariffs.html
7314.41.00,"Cloth (including endless bands), grill, netting and fencing, of iron or steel wire; expanded metal of iron or steel.","- Other cloth, grill, netting and fencing: Plated or coated with zinc","Cloth (including endless bands), grill, netting and fencing, of iron or steel wire; expanded metal of iron or steel. - Other cloth, grill, netting and fencing: Plated or coated with zinc",50,"Steel, aluminum & metals",,,Official aggregate only: C$27.6B across full measure,https://www.canada.ca/en/department-finance/programs/international-trade-finance-policy/canadas-response-us-tariffs/complete-list-us-products-subject-to-counter-tariffs.html
7314.42.00,"Cloth (including endless bands), grill, netting and fencing, of iron or steel wire; expanded metal of iron or steel.","- Other cloth, grill, netting and fencing: Coated with plastics","Cloth (including endless bands), grill, netting and fencing, of iron or steel wire; expanded metal of iron or steel. - Other cloth, grill, netting and fencing: Coated with plastics",50,"Steel, aluminum & metals",,,Official aggregate only: C$27.6B across full measure,https://www.canada.ca/en/department-finance/programs/international-trade-finance-policy/canadas-response-us-tariffs/complete-list-us-products-subject-to-counter-tariffs.html
7314.49.00,"Cloth (including endless bands), grill, netting and fencing, of iron or steel wire; expanded metal of iron or steel.","- Other cloth, grill, netting and fencing: Other","Cloth (including endless bands), grill, netting and fencing, of iron or steel wire; expanded metal of iron or steel. - Other cloth, grill, netting and fencing: Other",50,"Steel, aluminum & metals",,,Official aggregate only: C$27.6B across full measure,https://www.canada.ca/en/department-finance/programs/international-trade-finance-policy/canadas-response-us-tariffs/complete-list-us-products-subject-to-counter-tariffs.html
7314.50.00,"Cloth (including endless bands), grill, netting and fencing, of iron or steel wire; expanded metal of iron or steel.",- Expanded metal,"Cloth (including endless bands), grill, netting and fencing, of iron or steel wire; expanded metal of iron or steel. - Expanded metal",50,"Steel, aluminum & metals",,,Official aggregate only: C$27.6B across full measure,https://www.canada.ca/en/department-finance/programs/international-trade-finance-policy/canadas-response-us-tariffs/complete-list-us-products-subject-to-counter-tariffs.html
7315.11.00,"Chain and parts thereof, of iron or steel.",- Articulated link chain and parts thereof: Roller chain,"Chain and parts thereof, of iron or steel. - Articulated link chain and parts thereof: Roller chain",50,"Steel, aluminum & metals",,,Official aggregate only: C$27.6B across full measure,https://www.canada.ca/en/department-finance/programs/international-trade-finance-policy/canadas-response-us-tariffs/complete-list-us-products-subject-to-counter-tariffs.html
7315.12.00,"Chain and parts thereof, of iron or steel.",- Articulated link chain and parts thereof: Other chain,"Chain and parts thereof, of iron or steel. - Articulated link chain and parts thereof: Other chain",50,"Steel, aluminum & metals",,,Official aggregate only: C$27.6B across full measure,https://www.canada.ca/en/department-finance/programs/international-trade-finance-policy/canadas-response-us-tariffs/complete-list-us-products-subject-to-counter-tariffs.html
7315.19.00,"Chain and parts thereof, of iron or steel.",- Articulated link chain and parts thereof: Parts,"Chain and parts thereof, of iron or steel. - Articulated link chain and parts thereof: Parts",50,"Steel, aluminum & metals",,,Official aggregate only: C$27.6B across full measure,https://www.canada.ca/en/department-finance/programs/international-trade-finance-policy/canadas-response-us-tariffs/complete-list-us-products-subject-to-counter-tariffs.html
7315.20.00,"Chain and parts thereof, of iron or steel.",- Skid chain,"Chain and parts thereof, of iron or steel. - Skid chain",50,"Steel, aluminum & metals",,,Official aggregate only: C$27.6B across full measure,https://www.canada.ca/en/department-finance/programs/international-trade-finance-policy/canadas-response-us-tariffs/complete-list-us-products-subject-to-counter-tariffs.html
7315.81.00,"Chain and parts thereof, of iron or steel.",- Other chain: Stud-link,"Chain and parts thereof, of iron or steel. - Other chain: Stud-link",50,"Steel, aluminum & metals",,,Official aggregate only: C$27.6B across full measure,https://www.canada.ca/en/department-finance/programs/international-trade-finance-policy/canadas-response-us-tariffs/complete-list-us-products-subject-to-counter-tariffs.html
7315.82.00,"Chain and parts thereof, of iron or steel.","- Other chain: Other, welded link","Chain and parts thereof, of iron or steel. - Other chain: Other, welded link",50,"Steel, aluminum & metals",,,Official aggregate only: C$27.6B across full measure,https://www.canada.ca/en/department-finance/programs/international-trade-finance-policy/canadas-response-us-tariffs/complete-list-us-products-subject-to-counter-tariffs.html
7315.89.00,"Chain and parts thereof, of iron or steel.",- Other chain: Other,"Chain and parts thereof, of iron or steel. - Other chain: Other",50,"Steel, aluminum & metals",,,Official aggregate only: C$27.6B across full measure,https://www.canada.ca/en/department-finance/programs/international-trade-finance-policy/canadas-response-us-tariffs/complete-list-us-products-subject-to-counter-tariffs.html
7315.90.00,"Chain and parts thereof, of iron or steel.",- Other parts,"Chain and parts thereof, of iron or steel. - Other parts",50,"Steel, aluminum & metals",,,Official aggregate only: C$27.6B across full measure,https://www.canada.ca/en/department-finance/programs/international-trade-finance-policy/canadas-response-us-tariffs/complete-list-us-products-subject-to-counter-tariffs.html
7316.00.10,"Anchors, grapnels and parts thereof, of iron or steel.",- Of a weight of 18 kg or more,"Anchors, grapnels and parts thereof, of iron or steel. - Of a weight of 18 kg or more",50,"Steel, aluminum & metals",,,Official aggregate only: C$27.6B across full measure,https://www.canada.ca/en/department-finance/programs/international-trade-finance-policy/canadas-response-us-tariffs/complete-list-us-products-subject-to-counter-tariffs.html
7316.00.20,"Anchors, grapnels and parts thereof, of iron or steel.",- Of a weight of less than 18 kg,"Anchors, grapnels and parts thereof, of iron or steel. - Of a weight of less than 18 kg",50,"Steel, aluminum & metals",,,Official aggregate only: C$27.6B across full measure,https://www.canada.ca/en/department-finance/programs/international-trade-finance-policy/canadas-response-us-tariffs/complete-list-us-products-subject-to-counter-tariffs.html
7317.00.00,"Nails, tacks, drawing pins, corrugated nails, staples (other than those of heading 83.05) and similar articles, of iron or steel, whether or not with heads of other material, but excluding such articles with heads of copper.",,"Nails, tacks, drawing pins, corrugated nails, staples (other than those of heading 83.05) and similar articles, of iron or steel, whether or not with heads of other material, but excluding such articles with heads of copper.",50,"Steel, aluminum & metals",,,Official aggregate only: C$27.6B across full measure,https://www.canada.ca/en/department-finance/programs/international-trade-finance-policy/canadas-response-us-tariffs/complete-list-us-products-subject-to-counter-tariffs.html
7318.11.00,"Screws, bolts, nuts, coach screws, screw hooks, rivets, cotters, cotter-pins, washers (including spring washers) and similar articles, of iron or steel.",- Threaded articles: Coach screws,"Screws, bolts, nuts, coach screws, screw hooks, rivets, cotters, cotter-pins, washers (including spring washers) and similar articles, of iron or steel. - Threaded articles: Coach screws",50,"Steel, aluminum & metals",,,Official aggregate only: C$27.6B across full measure,https://www.canada.ca/en/department-finance/programs/international-trade-finance-policy/canadas-response-us-tariffs/complete-list-us-products-subject-to-counter-tariffs.html
7318.12.00,"Screws, bolts, nuts, coach screws, screw hooks, rivets, cotters, cotter-pins, washers (including spring washers) and similar articles, of iron or steel.",- Threaded articles: Other wood screws,"Screws, bolts, nuts, coach screws, screw hooks, rivets, cotters, cotter-pins, washers (including spring washers) and similar articles, of iron or steel. - Threaded articles: Other wood screws",50,"Steel, aluminum & metals",,,Official aggregate only: C$27.6B across full measure,https://www.canada.ca/en/department-finance/programs/international-trade-finance-policy/canadas-response-us-tariffs/complete-list-us-products-subject-to-counter-tariffs.html
7318.13.00,"Screws, bolts, nuts, coach screws, screw hooks, rivets, cotters, cotter-pins, washers (including spring washers) and similar articles, of iron or steel.",- Threaded articles: Screw hooks and screw rings,"Screws, bolts, nuts, coach screws, screw hooks, rivets, cotters, cotter-pins, washers (including spring washers) and similar articles, of iron or steel. - Threaded articles: Screw hooks and screw rings",50,"Steel, aluminum & metals",,,Official aggregate only: C$27.6B across full measure,https://www.canada.ca/en/department-finance/programs/international-trade-finance-policy/canadas-response-us-tariffs/complete-list-us-products-subject-to-counter-tariffs.html
7318.14.00,"Screws, bolts, nuts, coach screws, screw hooks, rivets, cotters, cotter-pins, washers (including spring washers) and similar articles, of iron or steel.",- Threaded articles: Self-tapping screws,"Screws, bolts, nuts, coach screws, screw hooks, rivets, cotters, cotter-pins, washers (including spring washers) and similar articles, of iron or steel. - Threaded articles: Self-tapping screws",50,"Steel, aluminum & metals",,,Official aggregate only: C$27.6B across full measure,https://www.canada.ca/en/department-finance/programs/international-trade-finance-policy/canadas-response-us-tariffs/complete-list-us-products-subject-to-counter-tariffs.html
7318.15.00,"Screws, bolts, nuts, coach screws, screw hooks, rivets, cotters, cotter-pins, washers (including spring washers) and similar articles, of iron or steel.","- Threaded articles: Other screws and bolts, whether or not with their nuts or washers","Screws, bolts, nuts, coach screws, screw hooks, rivets, cotters, cotter-pins, washers (including spring washers) and similar articles, of iron or steel. - Threaded articles: Other screws and bolts, whether or not with their nuts or washers",50,"Steel, aluminum & metals",,,Official aggregate only: C$27.6B across full measure,https://www.canada.ca/en/department-finance/programs/international-trade-finance-policy/canadas-response-us-tariffs/complete-list-us-products-subject-to-counter-tariffs.html
7318.16.00,"Screws, bolts, nuts, coach screws, screw hooks, rivets, cotters, cotter-pins, washers (including spring washers) and similar articles, of iron or steel.",- Threaded articles: Nuts,"Screws, bolts, nuts, coach screws, screw hooks, rivets, cotters, cotter-pins, washers (including spring washers) and similar articles, of iron or steel. - Threaded articles: Nuts",50,"Steel, aluminum & metals",,,Official aggregate only: C$27.6B across full measure,https://www.canada.ca/en/department-finance/programs/international-trade-finance-policy/canadas-response-us-tariffs/complete-list-us-products-subject-to-counter-tariffs.html
7318.19.00,"Screws, bolts, nuts, coach screws, screw hooks, rivets, cotters, cotter-pins, washers (including spring washers) and similar articles, of iron or steel.",- Threaded articles: Other,"Screws, bolts, nuts, coach screws, screw hooks, rivets, cotters, cotter-pins, washers (including spring washers) and similar articles, of iron or steel. - Threaded articles: Other",50,"Steel, aluminum & metals",,,Official aggregate only: C$27.6B across full measure,https://www.canada.ca/en/department-finance/programs/international-trade-finance-policy/canadas-response-us-tariffs/complete-list-us-products-subject-to-counter-tariffs.html
7318.21.00,"Screws, bolts, nuts, coach screws, screw hooks, rivets, cotters, cotter-pins, washers (including spring washers) and similar articles, of iron or steel.",- Non-threaded articles: Spring washers and other lock washers,"Screws, bolts, nuts, coach screws, screw hooks, rivets, cotters, cotter-pins, washers (including spring washers) and similar articles, of iron or steel. - Non-threaded articles: Spring washers and other lock washers",50,"Steel, aluminum & metals",,,Official aggregate only: C$27.6B across full measure,https://www.canada.ca/en/department-finance/programs/international-trade-finance-policy/canadas-response-us-tariffs/complete-list-us-products-subject-to-counter-tariffs.html
7318.22.00,"Screws, bolts, nuts, coach screws, screw hooks, rivets, cotters, cotter-pins, washers (including spring washers) and similar articles, of iron or steel.",- Non-threaded articles: Other washers,"Screws, bolts, nuts, coach screws, screw hooks, rivets, cotters, cotter-pins, washers (including spring washers) and similar articles, of iron or steel. - Non-threaded articles: Other washers",50,"Steel, aluminum & metals",,,Official aggregate only: C$27.6B across full measure,https://www.canada.ca/en/department-finance/programs/international-trade-finance-policy/canadas-response-us-tariffs/complete-list-us-products-subject-to-counter-tariffs.html
7318.23.00,"Screws, bolts, nuts, coach screws, screw hooks, rivets, cotters, cotter-pins, washers (including spring washers) and similar articles, of iron or steel.",- Non-threaded articles: Rivets,"Screws, bolts, nuts, coach screws, screw hooks, rivets, cotters, cotter-pins, washers (including spring washers) and similar articles, of iron or steel. - Non-threaded articles: Rivets",50,"Steel, aluminum & metals",,,Official aggregate only: C$27.6B across full measure,https://www.canada.ca/en/department-finance/programs/international-trade-finance-policy/canadas-response-us-tariffs/complete-list-us-products-subject-to-counter-tariffs.html
7318.24.00,"Screws, bolts, nuts, coach screws, screw hooks, rivets, cotters, cotter-pins, washers (including spring washers) and similar articles, of iron or steel.",- Non-threaded articles: Cotters and cotter-pins,"Screws, bolts, nuts, coach screws, screw hooks, rivets, cotters, cotter-pins, washers (including spring washers) and similar articles, of iron or steel. - Non-threaded articles: Cotters and cotter-pins",50,"Steel, aluminum & metals",,,Official aggregate only: C$27.6B across full measure,https://www.canada.ca/en/department-finance/programs/international-trade-finance-policy/canadas-response-us-tariffs/complete-list-us-products-subject-to-counter-tariffs.html
7318.29.00,"Screws, bolts, nuts, coach screws, screw hooks, rivets, cotters, cotter-pins, washers (including spring washers) and similar articles, of iron or steel.",- Non-threaded articles: Other,"Screws, bolts, nuts, coach screws, screw hooks, rivets, cotters, cotter-pins, washers (including spring washers) and similar articles, of iron or steel. - Non-threaded articles: Other",50,"Steel, aluminum & metals",,,Official aggregate only: C$27.6B across full measure,https://www.canada.ca/en/department-finance/programs/international-trade-finance-policy/canadas-response-us-tariffs/complete-list-us-products-subject-to-counter-tariffs.html
7319.40.10,"Sewing needles, knitting needles, bodkins, crochet hooks, embroidery stilettos and similar articles, for use in the hand, of iron or steel; safety pins and other pins of iron or steel, not elsewhere specified or included.",- Safety pins and other pins: Specially designed for marking systems,"Sewing needles, knitting needles, bodkins, crochet hooks, embroidery stilettos and similar articles, for use in the hand, of iron or steel; safety pins and other pins of iron or steel, not elsewhere specified or included. - Safety pins and other pins: Specially designed for marking systems",50,"Steel, aluminum & metals",,,Official aggregate only: C$27.6B across full measure,https://www.canada.ca/en/department-finance/programs/international-trade-finance-policy/canadas-response-us-tariffs/complete-list-us-products-subject-to-counter-tariffs.html
7319.40.90,"Sewing needles, knitting needles, bodkins, crochet hooks, embroidery stilettos and similar articles, for use in the hand, of iron or steel; safety pins and other pins of iron or steel, not elsewhere specified or included.",- Safety pins and other pins: Other,"Sewing needles, knitting needles, bodkins, crochet hooks, embroidery stilettos and similar articles, for use in the hand, of iron or steel; safety pins and other pins of iron or steel, not elsewhere specified or included. - Safety pins and other pins: Other",50,"Steel, aluminum & metals",,,Official aggregate only: C$27.6B across full measure,https://www.canada.ca/en/department-finance/programs/international-trade-finance-policy/canadas-response-us-tariffs/complete-list-us-products-subject-to-counter-tariffs.html
7319.90.10,"Sewing needles, knitting needles, bodkins, crochet hooks, embroidery stilettos and similar articles, for use in the hand, of iron or steel; safety pins and other pins of iron or steel, not elsewhere specified or included.","- Other: Sewing, darning or embroidery needles","Sewing needles, knitting needles, bodkins, crochet hooks, embroidery stilettos and similar articles, for use in the hand, of iron or steel; safety pins and other pins of iron or steel, not elsewhere specified or included. - Other: Sewing, darning or embroidery needles",50,"Steel, aluminum & metals",,,Official aggregate only: C$27.6B across full measure,https://www.canada.ca/en/department-finance/programs/international-trade-finance-policy/canadas-response-us-tariffs/complete-list-us-products-subject-to-counter-tariffs.html
7319.90.90,"Sewing needles, knitting needles, bodkins, crochet hooks, embroidery stilettos and similar articles, for use in the hand, of iron or steel; safety pins and other pins of iron or steel, not elsewhere specified or included.",- Other: Other,"Sewing needles, knitting needles, bodkins, crochet hooks, embroidery stilettos and similar articles, for use in the hand, of iron or steel; safety pins and other pins of iron or steel, not elsewhere specified or included. - Other: Other",50,"Steel, aluminum & metals",,,Official aggregate only: C$27.6B across full measure,https://www.canada.ca/en/department-finance/programs/international-trade-finance-policy/canadas-response-us-tariffs/complete-list-us-products-subject-to-counter-tariffs.html
7320.10.00,"Springs and leaves for springs, of iron or steel.",- Leaf-springs and leaves therefor,"Springs and leaves for springs, of iron or steel. - Leaf-springs and leaves therefor",25,"Steel, aluminum & metals",,,Official aggregate only: C$27.6B across full measure,https://www.canada.ca/en/department-finance/programs/international-trade-finance-policy/canadas-response-us-tariffs/complete-list-us-products-subject-to-counter-tariffs.html
7320.20.00,"Springs and leaves for springs, of iron or steel.",- Helical springs,"Springs and leaves for springs, of iron or steel. - Helical springs",50,"Steel, aluminum & metals",,,Official aggregate only: C$27.6B across full measure,https://www.canada.ca/en/department-finance/programs/international-trade-finance-policy/canadas-response-us-tariffs/complete-list-us-products-subject-to-counter-tariffs.html
7320.90.00,"Springs and leaves for springs, of iron or steel.",- Other,"Springs and leaves for springs, of iron or steel. - Other",50,"Steel, aluminum & metals",,,Official aggregate only: C$27.6B across full measure,https://www.canada.ca/en/department-finance/programs/international-trade-finance-policy/canadas-response-us-tariffs/complete-list-us-products-subject-to-counter-tariffs.html
7321.11.10,"Stoves, ranges, grates, cookers (including those with subsidiary boilers for central heating), barbecues, braziers, gas-rings, plate warmers and similar non-electric domestic appliances, and parts thereof, of iron or steel.",- Cooking appliances and plate warmers: For gas fuel or for both gas and other fuels: Non-portable stoves or ranges (including those specially designed for use on boats),"Stoves, ranges, grates, cookers (including those with subsidiary boilers for central heating), barbecues, braziers, gas-rings, plate warmers and similar non-electric domestic appliances, and parts thereof, of iron or steel. - Cooking appliances and plate warmers: For gas fuel or for both gas and other fuels: Non-portable stoves or ranges (including those specially designed for use on boats)",25,"Steel, aluminum & metals",,,Official aggregate only: C$27.6B across full measure,https://www.canada.ca/en/department-finance/programs/international-trade-finance-policy/canadas-response-us-tariffs/complete-list-us-products-subject-to-counter-tariffs.html
7321.11.90,"Stoves, ranges, grates, cookers (including those with subsidiary boilers for central heating), barbecues, braziers, gas-rings, plate warmers and similar non-electric domestic appliances, and parts thereof, of iron or steel.",- Cooking appliances and plate warmers: For gas fuel or for both gas and other fuels: Other,"Stoves, ranges, grates, cookers (including those with subsidiary boilers for central heating), barbecues, braziers, gas-rings, plate warmers and similar non-electric domestic appliances, and parts thereof, of iron or steel. - Cooking appliances and plate warmers: For gas fuel or for both gas and other fuels: Other",25,"Steel, aluminum & metals",,,Official aggregate only: C$27.6B across full measure,https://www.canada.ca/en/department-finance/programs/international-trade-finance-policy/canadas-response-us-tariffs/complete-list-us-products-subject-to-counter-tariffs.html
7321.12.00,"Stoves, ranges, grates, cookers (including those with subsidiary boilers for central heating), barbecues, braziers, gas-rings, plate warmers and similar non-electric domestic appliances, and parts thereof, of iron or steel.",- Cooking appliances and plate warmers: For liquid fuel,"Stoves, ranges, grates, cookers (including those with subsidiary boilers for central heating), barbecues, braziers, gas-rings, plate warmers and similar non-electric domestic appliances, and parts thereof, of iron or steel. - Cooking appliances and plate warmers: For liquid fuel",25,"Steel, aluminum & metals",,,Official aggregate only: C$27.6B across full measure,https://www.canada.ca/en/department-finance/programs/international-trade-finance-policy/canadas-response-us-tariffs/complete-list-us-products-subject-to-counter-tariffs.html
7321.19.10,"Stoves, ranges, grates, cookers (including those with subsidiary boilers for central heating), barbecues, braziers, gas-rings, plate warmers and similar non-electric domestic appliances, and parts thereof, of iron or steel.","- Cooking appliances and plate warmers: Other, including appliances for solid fuel: Non-portable stoves or ranges (including those specially designed for use on boats)","Stoves, ranges, grates, cookers (including those with subsidiary boilers for central heating), barbecues, braziers, gas-rings, plate warmers and similar non-electric domestic appliances, and parts thereof, of iron or steel. - Cooking appliances and plate warmers: Other, including appliances for solid fuel: Non-portable stoves or ranges (including those specially designed for use on boats)",25,"Steel, aluminum & metals",,,Official aggregate only: C$27.6B across full measure,https://www.canada.ca/en/department-finance/programs/international-trade-finance-policy/canadas-response-us-tariffs/complete-list-us-products-subject-to-counter-tariffs.html
7321.19.90,"Stoves, ranges, grates, cookers (including those with subsidiary boilers for central heating), barbecues, braziers, gas-rings, plate warmers and similar non-electric domestic appliances, and parts thereof, of iron or steel.","- Cooking appliances and plate warmers: Other, including appliances for solid fuel: Other","Stoves, ranges, grates, cookers (including those with subsidiary boilers for central heating), barbecues, braziers, gas-rings, plate warmers and similar non-electric domestic appliances, and parts thereof, of iron or steel. - Cooking appliances and plate warmers: Other, including appliances for solid fuel: Other",25,"Steel, aluminum & metals",,,Official aggregate only: C$27.6B across full measure,https://www.canada.ca/en/department-finance/programs/international-trade-finance-policy/canadas-response-us-tariffs/complete-list-us-products-subject-to-counter-tariffs.html
7321.81.00,"Stoves, ranges, grates, cookers (including those with subsidiary boilers for central heating), barbecues, braziers, gas-rings, plate warmers and similar non-electric domestic appliances, and parts thereof, of iron or steel.",- Other appliances: For gas fuel or for both gas and other fuels,"Stoves, ranges, grates, cookers (including those with subsidiary boilers for central heating), barbecues, braziers, gas-rings, plate warmers and similar non-electric domestic appliances, and parts thereof, of iron or steel. - Other appliances: For gas fuel or for both gas and other fuels",25,"Steel, aluminum & metals",,,Official aggregate only: C$27.6B across full measure,https://www.canada.ca/en/department-finance/programs/international-trade-finance-policy/canadas-response-us-tariffs/complete-list-us-products-subject-to-counter-tariffs.html
7321.82.00,"Stoves, ranges, grates, cookers (including those with subsidiary boilers for central heating), barbecues, braziers, gas-rings, plate warmers and similar non-electric domestic appliances, and parts thereof, of iron or steel.",- Other appliances: For liquid fuel,"Stoves, ranges, grates, cookers (including those with subsidiary boilers for central heating), barbecues, braziers, gas-rings, plate warmers and similar non-electric domestic appliances, and parts thereof, of iron or steel. - Other appliances: For liquid fuel",25,"Steel, aluminum & metals",,,Official aggregate only: C$27.6B across full measure,https://www.canada.ca/en/department-finance/programs/international-trade-finance-policy/canadas-response-us-tariffs/complete-list-us-products-subject-to-counter-tariffs.html
7321.89.00,"Stoves, ranges, grates, cookers (including those with subsidiary boilers for central heating), barbecues, braziers, gas-rings, plate warmers and similar non-electric domestic appliances, and parts thereof, of iron or steel.","- Other appliances: Other, including appliances for solid fuel","Stoves, ranges, grates, cookers (including those with subsidiary boilers for central heating), barbecues, braziers, gas-rings, plate warmers and similar non-electric domestic appliances, and parts thereof, of iron or steel. - Other appliances: Other, including appliances for solid fuel",25,"Steel, aluminum & metals",,,Official aggregate only: C$27.6B across full measure,https://www.canada.ca/en/department-finance/programs/international-trade-finance-policy/canadas-response-us-tariffs/complete-list-us-products-subject-to-counter-tariffs.html
7321.90.10,"Stoves, ranges, grates, cookers (including those with subsidiary boilers for central heating), barbecues, braziers, gas-rings, plate warmers and similar non-electric domestic appliances, and parts thereof, of iron or steel.","- Parts: Cast iron grilles, of a weight not exceeding 3 kg, not further worked than as cast, cut and ground, for use in the manufacture of finished grilles for non-industrial non-portable stoves or ranges, for gas fuel or for both gas or other fuels; For appliances, excluding cooking appliances and plate warmers; For cooking appliances and plate warmers for gas fuel or for both gas and other fuels, excluding non-portable stoves or ranges (including those specially designed for use on boats)","Stoves, ranges, grates, cookers (including those with subsidiary boilers for central heating), barbecues, braziers, gas-rings, plate warmers and similar non-electric domestic appliances, and parts thereof, of iron or steel. - Parts: Cast iron grilles, of a weight not exceeding 3 kg, not further worked than as cast, cut and ground, for use in the manufacture of finished grilles for non-industrial non-portable stoves or ranges, for gas fuel or for both gas or other fuels; For appliances, excluding cooking appliances and plate warmers; For cooking appliances and plate warmers for gas fuel or for both gas and other fuels, excluding non-portable stoves or ranges (including those specially designed for use on boats)",25,"Steel, aluminum & metals",,,Official aggregate only: C$27.6B across full measure,https://www.canada.ca/en/department-finance/programs/international-trade-finance-policy/canadas-response-us-tariffs/complete-list-us-products-subject-to-counter-tariffs.html
7321.90.21,"Stoves, ranges, grates, cookers (including those with subsidiary boilers for central heating), barbecues, braziers, gas-rings, plate warmers and similar non-electric domestic appliances, and parts thereof, of iron or steel.","- Parts: For non-portable stoves or ranges (including those specially designed for use on boats), for gas fuel or for both gas or other fuels: Cooking chambers","Stoves, ranges, grates, cookers (including those with subsidiary boilers for central heating), barbecues, braziers, gas-rings, plate warmers and similar non-electric domestic appliances, and parts thereof, of iron or steel. - Parts: For non-portable stoves or ranges (including those specially designed for use on boats), for gas fuel or for both gas or other fuels: Cooking chambers",25,"Steel, aluminum & metals",,,Official aggregate only: C$27.6B across full measure,https://www.canada.ca/en/department-finance/programs/international-trade-finance-policy/canadas-response-us-tariffs/complete-list-us-products-subject-to-counter-tariffs.html
7321.90.22,"Stoves, ranges, grates, cookers (including those with subsidiary boilers for central heating), barbecues, braziers, gas-rings, plate warmers and similar non-electric domestic appliances, and parts thereof, of iron or steel.","- Parts: For non-portable stoves or ranges (including those specially designed for use on boats), for gas fuel or for both gas or other fuels: Top surface panels","Stoves, ranges, grates, cookers (including those with subsidiary boilers for central heating), barbecues, braziers, gas-rings, plate warmers and similar non-electric domestic appliances, and parts thereof, of iron or steel. - Parts: For non-portable stoves or ranges (including those specially designed for use on boats), for gas fuel or for both gas or other fuels: Top surface panels",25,"Steel, aluminum & metals",,,Official aggregate only: C$27.6B across full measure,https://www.canada.ca/en/department-finance/programs/international-trade-finance-policy/canadas-response-us-tariffs/complete-list-us-products-subject-to-counter-tariffs.html
7321.90.23,"Stoves, ranges, grates, cookers (including those with subsidiary boilers for central heating), barbecues, braziers, gas-rings, plate warmers and similar non-electric domestic appliances, and parts thereof, of iron or steel.","- Parts: For non-portable stoves or ranges (including those specially designed for use on boats), for gas fuel or for both gas or other fuels: Door assemblies, incorporating at least two of the following: inner panel, outer panel, window, insulation","Stoves, ranges, grates, cookers (including those with subsidiary boilers for central heating), barbecues, braziers, gas-rings, plate warmers and similar non-electric domestic appliances, and parts thereof, of iron or steel. - Parts: For non-portable stoves or ranges (including those specially designed for use on boats), for gas fuel or for both gas or other fuels: Door assemblies, incorporating at least two of the following: inner panel, outer panel, window, insulation",25,"Steel, aluminum & metals",,,Official aggregate only: C$27.6B across full measure,https://www.canada.ca/en/department-finance/programs/international-trade-finance-policy/canadas-response-us-tariffs/complete-list-us-products-subject-to-counter-tariffs.html
7321.90.24,"Stoves, ranges, grates, cookers (including those with subsidiary boilers for central heating), barbecues, braziers, gas-rings, plate warmers and similar non-electric domestic appliances, and parts thereof, of iron or steel.","- Parts: For non-portable stoves or ranges (including those specially designed for use on boats), for gas fuel or for both gas or other fuels: Oven pilot burners, top burners of other than cast iron, oven burners and lighter cones, for use in the manufacture of ranges","Stoves, ranges, grates, cookers (including those with subsidiary boilers for central heating), barbecues, braziers, gas-rings, plate warmers and similar non-electric domestic appliances, and parts thereof, of iron or steel. - Parts: For non-portable stoves or ranges (including those specially designed for use on boats), for gas fuel or for both gas or other fuels: Oven pilot burners, top burners of other than cast iron, oven burners and lighter cones, for use in the manufacture of ranges",25,"Steel, aluminum & metals",,,Official aggregate only: C$27.6B across full measure,https://www.canada.ca/en/department-finance/programs/international-trade-finance-policy/canadas-response-us-tariffs/complete-list-us-products-subject-to-counter-tariffs.html
7321.90.29,"Stoves, ranges, grates, cookers (including those with subsidiary boilers for central heating), barbecues, braziers, gas-rings, plate warmers and similar non-electric domestic appliances, and parts thereof, of iron or steel.","- Parts: For non-portable stoves or ranges (including those specially designed for use on boats), for gas fuel or for both gas or other fuels: Other","Stoves, ranges, grates, cookers (including those with subsidiary boilers for central heating), barbecues, braziers, gas-rings, plate warmers and similar non-electric domestic appliances, and parts thereof, of iron or steel. - Parts: For non-portable stoves or ranges (including those specially designed for use on boats), for gas fuel or for both gas or other fuels: Other",25,"Steel, aluminum & metals",,,Official aggregate only: C$27.6B across full measure,https://www.canada.ca/en/department-finance/programs/international-trade-finance-policy/canadas-response-us-tariffs/complete-list-us-products-subject-to-counter-tariffs.html
7321.90.90,"Stoves, ranges, grates, cookers (including those with subsidiary boilers for central heating), barbecues, braziers, gas-rings, plate warmers and similar non-electric domestic appliances, and parts thereof, of iron or steel.",- Parts: Other,"Stoves, ranges, grates, cookers (including those with subsidiary boilers for central heating), barbecues, braziers, gas-rings, plate warmers and similar non-electric domestic appliances, and parts thereof, of iron or steel. - Parts: Other",25,"Steel, aluminum & metals",,,Official aggregate only: C$27.6B across full measure,https://www.canada.ca/en/department-finance/programs/international-trade-finance-policy/canadas-response-us-tariffs/complete-list-us-products-subject-to-counter-tariffs.html
7322.19.00,"Radiators for central heating, not electrically heated, and parts thereof, of iron or steel; air heaters and hot air distributors (including distributors which can also distribute fresh or conditioned air), not electrically heated, incorporating a motor-driven fan or blower, and parts thereof, of iron or steel.",- Radiators and parts thereof: Other,"Radiators for central heating, not electrically heated, and parts thereof, of iron or steel; air heaters and hot air distributors (including distributors which can also distribute fresh or conditioned air), not electrically heated, incorporating a motor-driven fan or blower, and parts thereof, of iron or steel. - Radiators and parts thereof: Other",25,"Steel, aluminum & metals",,,Official aggregate only: C$27.6B across full measure,https://www.canada.ca/en/department-finance/programs/international-trade-finance-policy/canadas-response-us-tariffs/complete-list-us-products-subject-to-counter-tariffs.html
7322.90.10,"Radiators for central heating, not electrically heated, and parts thereof, of iron or steel; air heaters and hot air distributors (including distributors which can also distribute fresh or conditioned air), not electrically heated, incorporating a motor-driven fan or blower, and parts thereof, of iron or steel.",- Other: For heating buildings,"Radiators for central heating, not electrically heated, and parts thereof, of iron or steel; air heaters and hot air distributors (including distributors which can also distribute fresh or conditioned air), not electrically heated, incorporating a motor-driven fan or blower, and parts thereof, of iron or steel. - Other: For heating buildings",25,"Steel, aluminum & metals",,,Official aggregate only: C$27.6B across full measure,https://www.canada.ca/en/department-finance/programs/international-trade-finance-policy/canadas-response-us-tariffs/complete-list-us-products-subject-to-counter-tariffs.html
7322.90.20,"Radiators for central heating, not electrically heated, and parts thereof, of iron or steel; air heaters and hot air distributors (including distributors which can also distribute fresh or conditioned air), not electrically heated, incorporating a motor-driven fan or blower, and parts thereof, of iron or steel.","- Other: Process air heaters; Switch heaters and sensing heads (hot air and oil fired), horizontal air curtains, for railway tracks","Radiators for central heating, not electrically heated, and parts thereof, of iron or steel; air heaters and hot air distributors (including distributors which can also distribute fresh or conditioned air), not electrically heated, incorporating a motor-driven fan or blower, and parts thereof, of iron or steel. - Other: Process air heaters; Switch heaters and sensing heads (hot air and oil fired), horizontal air curtains, for railway tracks",25,"Steel, aluminum & metals",,,Official aggregate only: C$27.6B across full measure,https://www.canada.ca/en/department-finance/programs/international-trade-finance-policy/canadas-response-us-tariffs/complete-list-us-products-subject-to-counter-tariffs.html
7322.90.90,"Radiators for central heating, not electrically heated, and parts thereof, of iron or steel; air heaters and hot air distributors (including distributors which can also distribute fresh or conditioned air), not electrically heated, incorporating a motor-driven fan or blower, and parts thereof, of iron or steel.",- Other: Other,"Radiators for central heating, not electrically heated, and parts thereof, of iron or steel; air heaters and hot air distributors (including distributors which can also distribute fresh or conditioned air), not electrically heated, incorporating a motor-driven fan or blower, and parts thereof, of iron or steel. - Other: Other",25,"Steel, aluminum & metals",,,Official aggregate only: C$27.6B across full measure,https://www.canada.ca/en/department-finance/programs/international-trade-finance-policy/canadas-response-us-tariffs/complete-list-us-products-subject-to-counter-tariffs.html
7323.10.00,"Table, kitchen or other household articles and parts thereof, of iron or steel; iron or steel wool; pot scourers and scouring or polishing pads, gloves and the like, of iron or steel.","- Iron or steel wool; pot scourers and scouring or polishing pads, gloves and the like","Table, kitchen or other household articles and parts thereof, of iron or steel; iron or steel wool; pot scourers and scouring or polishing pads, gloves and the like, of iron or steel. - Iron or steel wool; pot scourers and scouring or polishing pads, gloves and the like",25,"Steel, aluminum & metals",,,Official aggregate only: C$27.6B across full measure,https://www.canada.ca/en/department-finance/programs/international-trade-finance-policy/canadas-response-us-tariffs/complete-list-us-products-subject-to-counter-tariffs.html
7323.93.10,"Table, kitchen or other household articles and parts thereof, of iron or steel; iron or steel wool; pot scourers and scouring or polishing pads, gloves and the like, of iron or steel.",- Other: Of stainless steel: Parts for use in the manufacture of cookware,"Table, kitchen or other household articles and parts thereof, of iron or steel; iron or steel wool; pot scourers and scouring or polishing pads, gloves and the like, of iron or steel. - Other: Of stainless steel: Parts for use in the manufacture of cookware",25,"Steel, aluminum & metals",,,Official aggregate only: C$27.6B across full measure,https://www.canada.ca/en/department-finance/programs/international-trade-finance-policy/canadas-response-us-tariffs/complete-list-us-products-subject-to-counter-tariffs.html
7323.93.90,"Table, kitchen or other household articles and parts thereof, of iron or steel; iron or steel wool; pot scourers and scouring or polishing pads, gloves and the like, of iron or steel.",- Other: Of stainless steel: Other,"Table, kitchen or other household articles and parts thereof, of iron or steel; iron or steel wool; pot scourers and scouring or polishing pads, gloves and the like, of iron or steel. - Other: Of stainless steel: Other",25,"Steel, aluminum & metals",,,Official aggregate only: C$27.6B across full measure,https://www.canada.ca/en/department-finance/programs/international-trade-finance-policy/canadas-response-us-tariffs/complete-list-us-products-subject-to-counter-tariffs.html
7323.94.00,"Table, kitchen or other household articles and parts thereof, of iron or steel; iron or steel wool; pot scourers and scouring or polishing pads, gloves and the like, of iron or steel.","- Other: Of iron (other than cast iron) or steel, enamelled","Table, kitchen or other household articles and parts thereof, of iron or steel; iron or steel wool; pot scourers and scouring or polishing pads, gloves and the like, of iron or steel. - Other: Of iron (other than cast iron) or steel, enamelled",25,"Steel, aluminum & metals",,,Official aggregate only: C$27.6B across full measure,https://www.canada.ca/en/department-finance/programs/international-trade-finance-policy/canadas-response-us-tariffs/complete-list-us-products-subject-to-counter-tariffs.html
7323.99.00,"Table, kitchen or other household articles and parts thereof, of iron or steel; iron or steel wool; pot scourers and scouring or polishing pads, gloves and the like, of iron or steel.",- Other: Other,"Table, kitchen or other household articles and parts thereof, of iron or steel; iron or steel wool; pot scourers and scouring or polishing pads, gloves and the like, of iron or steel. - Other: Other",25,"Steel, aluminum & metals",,,Official aggregate only: C$27.6B across full measure,https://www.canada.ca/en/department-finance/programs/international-trade-finance-policy/canadas-response-us-tariffs/complete-list-us-products-subject-to-counter-tariffs.html
7324.10.00,"Sanitary ware and parts thereof, of iron or steel.","- Sinks and wash basins, of stainless steel","Sanitary ware and parts thereof, of iron or steel. - Sinks and wash basins, of stainless steel",25,"Steel, aluminum & metals",,,Official aggregate only: C$27.6B across full measure,https://www.canada.ca/en/department-finance/programs/international-trade-finance-policy/canadas-response-us-tariffs/complete-list-us-products-subject-to-counter-tariffs.html
7324.29.10,"Sanitary ware and parts thereof, of iron or steel.","- Baths: Other: Stampings and assemblies thereof, for use in the manufacture of bath tubs","Sanitary ware and parts thereof, of iron or steel. - Baths: Other: Stampings and assemblies thereof, for use in the manufacture of bath tubs",25,"Steel, aluminum & metals",,,Official aggregate only: C$27.6B across full measure,https://www.canada.ca/en/department-finance/programs/international-trade-finance-policy/canadas-response-us-tariffs/complete-list-us-products-subject-to-counter-tariffs.html
7324.29.90,"Sanitary ware and parts thereof, of iron or steel.",- Baths: Other: Other,"Sanitary ware and parts thereof, of iron or steel. - Baths: Other: Other",25,"Steel, aluminum & metals",,,Official aggregate only: C$27.6B across full measure,https://www.canada.ca/en/department-finance/programs/international-trade-finance-policy/canadas-response-us-tariffs/complete-list-us-products-subject-to-counter-tariffs.html
7324.90.00,"Sanitary ware and parts thereof, of iron or steel.","- Other, including parts","Sanitary ware and parts thereof, of iron or steel. - Other, including parts",25,"Steel, aluminum & metals",,,Official aggregate only: C$27.6B across full measure,https://www.canada.ca/en/department-finance/programs/international-trade-finance-policy/canadas-response-us-tariffs/complete-list-us-products-subject-to-counter-tariffs.html
7325.10.00,Other cast articles of iron or steel.,- Of non-malleable cast iron,Other cast articles of iron or steel. - Of non-malleable cast iron,50,"Steel, aluminum & metals",,,Official aggregate only: C$27.6B across full measure,https://www.canada.ca/en/department-finance/programs/international-trade-finance-policy/canadas-response-us-tariffs/complete-list-us-products-subject-to-counter-tariffs.html
7325.91.00,Other cast articles of iron or steel.,- Other: Grinding balls and similar articles for mills,Other cast articles of iron or steel. - Other: Grinding balls and similar articles for mills,50,"Steel, aluminum & metals",,,Official aggregate only: C$27.6B across full measure,https://www.canada.ca/en/department-finance/programs/international-trade-finance-policy/canadas-response-us-tariffs/complete-list-us-products-subject-to-counter-tariffs.html
7325.99.10,Other cast articles of iron or steel.,"- Other: Other: The following, to be employed in the exploration, discovery, development, maintenance, testing, depletion or production of oil or natural gas wells or potash or rock salt deposits: Flanged casing heads; Screwed casing heads for surface casings of an external diameter exceeding 273 mm, or rated for service in working pressures exceeding 14 MPa W.O.G. (water, oil, gas)","Other cast articles of iron or steel. - Other: Other: The following, to be employed in the exploration, discovery, development, maintenance, testing, depletion or production of oil or natural gas wells or potash or rock salt deposits: Flanged casing heads; Screwed casing heads for surface casings of an external diameter exceeding 273 mm, or rated for service in working pressures exceeding 14 MPa W.O.G. (water, oil, gas)",50,"Steel, aluminum & metals",,,Official aggregate only: C$27.6B across full measure,https://www.canada.ca/en/department-finance/programs/international-trade-finance-policy/canadas-response-us-tariffs/complete-list-us-products-subject-to-counter-tariffs.html
7325.99.91,Other cast articles of iron or steel.,- Other: Other: Other: In the rough,Other cast articles of iron or steel. - Other: Other: Other: In the rough,50,"Steel, aluminum & metals",,,Official aggregate only: C$27.6B across full measure,https://www.canada.ca/en/department-finance/programs/international-trade-finance-policy/canadas-response-us-tariffs/complete-list-us-products-subject-to-counter-tariffs.html
7325.99.99,Other cast articles of iron or steel.,- Other: Other: Other: Other,Other cast articles of iron or steel. - Other: Other: Other: Other,50,"Steel, aluminum & metals",,,Official aggregate only: C$27.6B across full measure,https://www.canada.ca/en/department-finance/programs/international-trade-finance-policy/canadas-response-us-tariffs/complete-list-us-products-subject-to-counter-tariffs.html
7326.11.00,Other articles of iron or steel.,"- Forged or stamped, but not further worked: Grinding balls and similar articles for mills","Other articles of iron or steel. - Forged or stamped, but not further worked: Grinding balls and similar articles for mills",50,"Steel, aluminum & metals",,,Official aggregate only: C$27.6B across full measure,https://www.canada.ca/en/department-finance/programs/international-trade-finance-policy/canadas-response-us-tariffs/complete-list-us-products-subject-to-counter-tariffs.html
7326.19.10,Other articles of iron or steel.,"- Forged or stamped, but not further worked: Other: Flanged wellhead tubing heads and flanged casing head spools, in the rough, for use in the manufacture of wellhead tubing heads or casing head spools, rated for service in working pressures exceeding 14 MPa W.O.G. (water, oil, gas), to be employed in the exploration, discovery, development, maintenance, testing, depletion or production of oil or natural gas wells; Wick sustainers for use in the manufacture of candles","Other articles of iron or steel. - Forged or stamped, but not further worked: Other: Flanged wellhead tubing heads and flanged casing head spools, in the rough, for use in the manufacture of wellhead tubing heads or casing head spools, rated for service in working pressures exceeding 14 MPa W.O.G. (water, oil, gas), to be employed in the exploration, discovery, development, maintenance, testing, depletion or production of oil or natural gas wells; Wick sustainers for use in the manufacture of candles",50,"Steel, aluminum & metals",,,Official aggregate only: C$27.6B across full measure,https://www.canada.ca/en/department-finance/programs/international-trade-finance-policy/canadas-response-us-tariffs/complete-list-us-products-subject-to-counter-tariffs.html
7326.19.90,Other articles of iron or steel.,"- Forged or stamped, but not further worked: Other: Other","Other articles of iron or steel. - Forged or stamped, but not further worked: Other: Other",50,"Steel, aluminum & metals",,,Official aggregate only: C$27.6B across full measure,https://www.canada.ca/en/department-finance/programs/international-trade-finance-policy/canadas-response-us-tariffs/complete-list-us-products-subject-to-counter-tariffs.html
7326.20.00,Other articles of iron or steel.,- Articles of iron or steel wire,Other articles of iron or steel. - Articles of iron or steel wire,50,"Steel, aluminum & metals",,,Official aggregate only: C$27.6B across full measure,https://www.canada.ca/en/department-finance/programs/international-trade-finance-policy/canadas-response-us-tariffs/complete-list-us-products-subject-to-counter-tariffs.html
7326.90.10,Other articles of iron or steel.,"- Other: Couplings for sucker rods, pony rods or polished rods for oilfield related pumps; Fishing tools and parts thereof to be employed in the exploration, discovery, development, maintenance, testing, depletion or production of oil or natural gas wells or for drilling machinery employed in the exploration, discovery, development or operation of potash or rock salt deposits; For climbing or mountaineering; For keeping nets open and swivels, to be employed in commercial fishing or in the commercial harvesting of marine plants; For use in the manufacture of detectors for propane or other toxic fumes; For use in the manufacture of fire fighting vehicles; For use in the manufacture of goods of Section XVI or of Chapter 73, such goods being used in the recovery or production of crude oil from shales, oil-sands or tar-sands; For use in the manufacture or repair of engines or parts thereof for commercial fishing vessels; Forged steel clevis hooks and eye hooks for use in the manufacture of debris chutes; Identification bands for migratory birds; Pitless well heads and parts thereof; Reusable containers, specially designed to be employed in the transportation of motor vehicle components which are free of customs duties, presented with the goods therein; Seat post clamps and cable hangers for use in the manufacture of unicycles, bicycles or tricycles; Semi-elliptical heads, of an external diameter of either 609.6 mm or 762 mm, to specification ASTM A455, for use in air compressor tanks; Snap hooks of forged steel, zinc plated, 12.5 cm to 23 cm in length, for use in the manufacture of debris chutes and chute hoists; Steel stanchions for confining livestock either in pens or individually; The following to be employed in the exploration, discovery, development, maintenance, testing, depletion or production of oil or natural gas wells or potash or rock salt deposits: Flanged casing heads; Screwed casing heads for surface casings of an external diameter exceeding 273 mm, or rated for service in working pressures exceeding 14 MPa W.O.G. (water, oil, gas); Well packers and parts thereof; To be employed in the processing, storing or insemination of animal semen; Tracks for use in the manufacture of skid steer loaders; Vacuum evaporator masks, of stainless steel, having a 90% front etch and 10% back etch, for the production of photo cells; Wick sustainers for use in the manufacture of candles","Other articles of iron or steel. - Other: Couplings for sucker rods, pony rods or polished rods for oilfield related pumps; Fishing tools and parts thereof to be employed in the exploration, discovery, development, maintenance, testing, depletion or production of oil or natural gas wells or for drilling machinery employed in the exploration, discovery, development or operation of potash or rock salt deposits; For climbing or mountaineering; For keeping nets open and swivels, to be employed in commercial fishing or in the commercial harvesting of marine plants; For use in the manufacture of detectors for propane or other toxic fumes; For use in the manufacture of fire fighting vehicles; For use in the manufacture of goods of Section XVI or of Chapter 73, such goods being used in the recovery or production of crude oil from shales, oil-sands or tar-sands; For use in the manufacture or repair of engines or parts thereof for commercial fishing vessels; Forged steel clevis hooks and eye hooks for use in the manufacture of debris chutes; Identification bands for migratory birds; Pitless well heads and parts thereof; Reusable containers, specially designed to be employed in the transportation of motor vehicle components which are free of customs duties, presented with the goods therein; Seat post clamps and cable hangers for use in the manufacture of unicycles, bicycles or tricycles; Semi-elliptical heads, of an external diameter of either 609.6 mm or 762 mm, to specification ASTM A455, for use in air compressor tanks; Snap hooks of forged steel, zinc plated, 12.5 cm to 23 cm in length, for use in the manufacture of debris chutes and chute hoists; Steel stanchions for confining livestock either in pens or individually; The following to be employed in the exploration, discovery, development, maintenance, testing, depletion or production of oil or natural gas wells or potash or rock salt deposits: Flanged casing heads; Screwed casing heads for surface casings of an external diameter exceeding 273 mm, or rated for service in working pressures exceeding 14 MPa W.O.G. (water, oil, gas); Well packers and parts thereof; To be employed in the processing, storing or insemination of animal semen; Tracks for use in the manufacture of skid steer loaders; Vacuum evaporator masks, of stainless steel, having a 90% front etch and 10% back etch, for the production of photo cells; Wick sustainers for use in the manufacture of candles",50,"Steel, aluminum & metals",,,Official aggregate only: C$27.6B across full measure,https://www.canada.ca/en/department-finance/programs/international-trade-finance-policy/canadas-response-us-tariffs/complete-list-us-products-subject-to-counter-tariffs.html
7326.90.90,Other articles of iron or steel.,- Other: Other,Other articles of iron or steel. - Other: Other,50,"Steel, aluminum & metals",,,Official aggregate only: C$27.6B across full measure,https://www.canada.ca/en/department-finance/programs/international-trade-finance-policy/canadas-response-us-tariffs/complete-list-us-products-subject-to-counter-tariffs.html
7408.11.10,Copper wire.,- Of refined copper: Of which the maximum cross-sectional dimension exceeds 6 mm: Not exceeding 9.5 mm,Copper wire. - Of refined copper: Of which the maximum cross-sectional dimension exceeds 6 mm: Not exceeding 9.5 mm,50,"Steel, aluminum & metals",,,Official aggregate only: C$27.6B across full measure,https://www.canada.ca/en/department-finance/programs/international-trade-finance-policy/canadas-response-us-tariffs/complete-list-us-products-subject-to-counter-tariffs.html
7408.11.20,Copper wire.,- Of refined copper: Of which the maximum cross-sectional dimension exceeds 6 mm: Exceeding 9.5 mm but not exceeding 12.7 mm,Copper wire. - Of refined copper: Of which the maximum cross-sectional dimension exceeds 6 mm: Exceeding 9.5 mm but not exceeding 12.7 mm,50,"Steel, aluminum & metals",,,Official aggregate only: C$27.6B across full measure,https://www.canada.ca/en/department-finance/programs/international-trade-finance-policy/canadas-response-us-tariffs/complete-list-us-products-subject-to-counter-tariffs.html
7408.11.30,Copper wire.,- Of refined copper: Of which the maximum cross-sectional dimension exceeds 6 mm: Exceeding 12.7 mm,Copper wire. - Of refined copper: Of which the maximum cross-sectional dimension exceeds 6 mm: Exceeding 12.7 mm,50,"Steel, aluminum & metals",,,Official aggregate only: C$27.6B across full measure,https://www.canada.ca/en/department-finance/programs/international-trade-finance-policy/canadas-response-us-tariffs/complete-list-us-products-subject-to-counter-tariffs.html
7408.19.00,Copper wire.,- Of refined copper: Other,Copper wire. - Of refined copper: Other,50,"Steel, aluminum & metals",,,Official aggregate only: C$27.6B across full measure,https://www.canada.ca/en/department-finance/programs/international-trade-finance-policy/canadas-response-us-tariffs/complete-list-us-products-subject-to-counter-tariffs.html
7601.10.00,Unwrought aluminum.,"- Aluminum, not alloyed","Unwrought aluminum. - Aluminum, not alloyed",50,"Steel, aluminum & metals",,,Official aggregate only: C$27.6B across full measure,https://www.canada.ca/en/department-finance/programs/international-trade-finance-policy/canadas-response-us-tariffs/complete-list-us-products-subject-to-counter-tariffs.html
7601.20.00,Unwrought aluminum.,- Aluminum alloys,Unwrought aluminum. - Aluminum alloys,50,"Steel, aluminum & metals",,,Official aggregate only: C$27.6B across full measure,https://www.canada.ca/en/department-finance/programs/international-trade-finance-policy/canadas-response-us-tariffs/complete-list-us-products-subject-to-counter-tariffs.html
7604.10.00,"Aluminum bars, rods and profiles.","- Of aluminum, not alloyed","Aluminum bars, rods and profiles. - Of aluminum, not alloyed",50,"Steel, aluminum & metals",,,Official aggregate only: C$27.6B across full measure,https://www.canada.ca/en/department-finance/programs/international-trade-finance-policy/canadas-response-us-tariffs/complete-list-us-products-subject-to-counter-tariffs.html
7604.21.00,"Aluminum bars, rods and profiles.",- Of aluminum alloys: Hollow profiles,"Aluminum bars, rods and profiles. - Of aluminum alloys: Hollow profiles",50,"Steel, aluminum & metals",,,Official aggregate only: C$27.6B across full measure,https://www.canada.ca/en/department-finance/programs/international-trade-finance-policy/canadas-response-us-tariffs/complete-list-us-products-subject-to-counter-tariffs.html
7604.29.00,"Aluminum bars, rods and profiles.",- Of aluminum alloys: Other,"Aluminum bars, rods and profiles. - Of aluminum alloys: Other",50,"Steel, aluminum & metals",,,Official aggregate only: C$27.6B across full measure,https://www.canada.ca/en/department-finance/programs/international-trade-finance-policy/canadas-response-us-tariffs/complete-list-us-products-subject-to-counter-tariffs.html
7605.11.00,Aluminum wire.,"- Of aluminum, not alloyed: Of which the maximum cross-sectional dimension exceeds 7 mm","Aluminum wire. - Of aluminum, not alloyed: Of which the maximum cross-sectional dimension exceeds 7 mm",50,"Steel, aluminum & metals",,,Official aggregate only: C$27.6B across full measure,https://www.canada.ca/en/department-finance/programs/international-trade-finance-policy/canadas-response-us-tariffs/complete-list-us-products-subject-to-counter-tariffs.html
7605.19.00,Aluminum wire.,"- Of aluminum, not alloyed: Other","Aluminum wire. - Of aluminum, not alloyed: Other",50,"Steel, aluminum & metals",,,Official aggregate only: C$27.6B across full measure,https://www.canada.ca/en/department-finance/programs/international-trade-finance-policy/canadas-response-us-tariffs/complete-list-us-products-subject-to-counter-tariffs.html
7605.21.00,Aluminum wire.,- Of aluminum alloys: Of which the maximum cross-sectional dimension exceeds 7 mm,Aluminum wire. - Of aluminum alloys: Of which the maximum cross-sectional dimension exceeds 7 mm,50,"Steel, aluminum & metals",,,Official aggregate only: C$27.6B across full measure,https://www.canada.ca/en/department-finance/programs/international-trade-finance-policy/canadas-response-us-tariffs/complete-list-us-products-subject-to-counter-tariffs.html
7605.29.00,Aluminum wire.,- Of aluminum alloys: Other,Aluminum wire. - Of aluminum alloys: Other,50,"Steel, aluminum & metals",,,Official aggregate only: C$27.6B across full measure,https://www.canada.ca/en/department-finance/programs/international-trade-finance-policy/canadas-response-us-tariffs/complete-list-us-products-subject-to-counter-tariffs.html
7606.11.00,"Aluminum plates, sheets and strip, of a thickness exceeding 0.2 mm.","- Rectangular (including square): Of aluminum, not alloyed","Aluminum plates, sheets and strip, of a thickness exceeding 0.2 mm. - Rectangular (including square): Of aluminum, not alloyed",50,"Steel, aluminum & metals",,,Official aggregate only: C$27.6B across full measure,https://www.canada.ca/en/department-finance/programs/international-trade-finance-policy/canadas-response-us-tariffs/complete-list-us-products-subject-to-counter-tariffs.html
7606.12.00,"Aluminum plates, sheets and strip, of a thickness exceeding 0.2 mm.",- Rectangular (including square): Of aluminum alloys,"Aluminum plates, sheets and strip, of a thickness exceeding 0.2 mm. - Rectangular (including square): Of aluminum alloys",50,"Steel, aluminum & metals",,,Official aggregate only: C$27.6B across full measure,https://www.canada.ca/en/department-finance/programs/international-trade-finance-policy/canadas-response-us-tariffs/complete-list-us-products-subject-to-counter-tariffs.html
7606.91.00,"Aluminum plates, sheets and strip, of a thickness exceeding 0.2 mm.","- Other: Of aluminum, not alloyed","Aluminum plates, sheets and strip, of a thickness exceeding 0.2 mm. - Other: Of aluminum, not alloyed",50,"Steel, aluminum & metals",,,Official aggregate only: C$27.6B across full measure,https://www.canada.ca/en/department-finance/programs/international-trade-finance-policy/canadas-response-us-tariffs/complete-list-us-products-subject-to-counter-tariffs.html
7606.92.00,"Aluminum plates, sheets and strip, of a thickness exceeding 0.2 mm.",- Other: Of aluminum alloys,"Aluminum plates, sheets and strip, of a thickness exceeding 0.2 mm. - Other: Of aluminum alloys",50,"Steel, aluminum & metals",,,Official aggregate only: C$27.6B across full measure,https://www.canada.ca/en/department-finance/programs/international-trade-finance-policy/canadas-response-us-tariffs/complete-list-us-products-subject-to-counter-tariffs.html
7607.11.00,"Aluminum foil (whether or not printed or backed with paper, paperboard, plastics or similar backing materials) of a thickness (excluding any backing) not exceeding 0.2 mm.",- Not backed: Rolled but not further worked,"Aluminum foil (whether or not printed or backed with paper, paperboard, plastics or similar backing materials) of a thickness (excluding any backing) not exceeding 0.2 mm. - Not backed: Rolled but not further worked",50,"Steel, aluminum & metals",,,Official aggregate only: C$27.6B across full measure,https://www.canada.ca/en/department-finance/programs/international-trade-finance-policy/canadas-response-us-tariffs/complete-list-us-products-subject-to-counter-tariffs.html
7607.19.00,"Aluminum foil (whether or not printed or backed with paper, paperboard, plastics or similar backing materials) of a thickness (excluding any backing) not exceeding 0.2 mm.",- Not backed: Other,"Aluminum foil (whether or not printed or backed with paper, paperboard, plastics or similar backing materials) of a thickness (excluding any backing) not exceeding 0.2 mm. - Not backed: Other",50,"Steel, aluminum & metals",,,Official aggregate only: C$27.6B across full measure,https://www.canada.ca/en/department-finance/programs/international-trade-finance-policy/canadas-response-us-tariffs/complete-list-us-products-subject-to-counter-tariffs.html
7607.20.00,"Aluminum foil (whether or not printed or backed with paper, paperboard, plastics or similar backing materials) of a thickness (excluding any backing) not exceeding 0.2 mm.",- Backed,"Aluminum foil (whether or not printed or backed with paper, paperboard, plastics or similar backing materials) of a thickness (excluding any backing) not exceeding 0.2 mm. - Backed",50,"Steel, aluminum & metals",,,Official aggregate only: C$27.6B across full measure,https://www.canada.ca/en/department-finance/programs/international-trade-finance-policy/canadas-response-us-tariffs/complete-list-us-products-subject-to-counter-tariffs.html
7608.10.00,Aluminum tubes and pipes.,"- Of aluminum, not alloyed","Aluminum tubes and pipes. - Of aluminum, not alloyed",50,"Steel, aluminum & metals",,,Official aggregate only: C$27.6B across full measure,https://www.canada.ca/en/department-finance/programs/international-trade-finance-policy/canadas-response-us-tariffs/complete-list-us-products-subject-to-counter-tariffs.html
7608.20.00,Aluminum tubes and pipes.,- Of aluminum alloys,Aluminum tubes and pipes. - Of aluminum alloys,50,"Steel, aluminum & metals",,,Official aggregate only: C$27.6B across full measure,https://www.canada.ca/en/department-finance/programs/international-trade-finance-policy/canadas-response-us-tariffs/complete-list-us-products-subject-to-counter-tariffs.html
7609.00.00,"Aluminum tube or pipe fittings (for example, couplings, elbows, sleeves).",,"Aluminum tube or pipe fittings (for example, couplings, elbows, sleeves).",50,"Steel, aluminum & metals",,,Official aggregate only: C$27.6B across full measure,https://www.canada.ca/en/department-finance/programs/international-trade-finance-policy/canadas-response-us-tariffs/complete-list-us-products-subject-to-counter-tariffs.html
7610.10.00,"Aluminum structures (excluding prefabricated buildings of heading 94.06) and parts of structures (for example, bridges and bridge-sections, towers, lattice masts, roofs, roofing frameworks, doors and windows and their frames and thresholds for doors, balustrades, pillars and columns); aluminum plates, rods, profiles, tubes and the like, prepared for use in structures.","- Doors, windows and their frames and thresholds for doors","Aluminum structures (excluding prefabricated buildings of heading 94.06) and parts of structures (for example, bridges and bridge-sections, towers, lattice masts, roofs, roofing frameworks, doors and windows and their frames and thresholds for doors, balustrades, pillars and columns); aluminum plates, rods, profiles, tubes and the like, prepared for use in structures. - Doors, windows and their frames and thresholds for doors",50,"Steel, aluminum & metals",,,Official aggregate only: C$27.6B across full measure,https://www.canada.ca/en/department-finance/programs/international-trade-finance-policy/canadas-response-us-tariffs/complete-list-us-products-subject-to-counter-tariffs.html
7610.90.10,"Aluminum structures (excluding prefabricated buildings of heading 94.06) and parts of structures (for example, bridges and bridge-sections, towers, lattice masts, roofs, roofing frameworks, doors and windows and their frames and thresholds for doors, balustrades, pillars and columns); aluminum plates, rods, profiles, tubes and the like, prepared for use in structures.",- Other: For use in Canadian manufactures,"Aluminum structures (excluding prefabricated buildings of heading 94.06) and parts of structures (for example, bridges and bridge-sections, towers, lattice masts, roofs, roofing frameworks, doors and windows and their frames and thresholds for doors, balustrades, pillars and columns); aluminum plates, rods, profiles, tubes and the like, prepared for use in structures. - Other: For use in Canadian manufactures",50,"Steel, aluminum & metals",,,Official aggregate only: C$27.6B across full measure,https://www.canada.ca/en/department-finance/programs/international-trade-finance-policy/canadas-response-us-tariffs/complete-list-us-products-subject-to-counter-tariffs.html
7610.90.90,"Aluminum structures (excluding prefabricated buildings of heading 94.06) and parts of structures (for example, bridges and bridge-sections, towers, lattice masts, roofs, roofing frameworks, doors and windows and their frames and thresholds for doors, balustrades, pillars and columns); aluminum plates, rods, profiles, tubes and the like, prepared for use in structures.",- Other: Other,"Aluminum structures (excluding prefabricated buildings of heading 94.06) and parts of structures (for example, bridges and bridge-sections, towers, lattice masts, roofs, roofing frameworks, doors and windows and their frames and thresholds for doors, balustrades, pillars and columns); aluminum plates, rods, profiles, tubes and the like, prepared for use in structures. - Other: Other",50,"Steel, aluminum & metals",,,Official aggregate only: C$27.6B across full measure,https://www.canada.ca/en/department-finance/programs/international-trade-finance-policy/canadas-response-us-tariffs/complete-list-us-products-subject-to-counter-tariffs.html
7614.10.00,"Stranded wire, cables, plaited bands and the like, of aluminum, not electrically insulated.",- With steel core,"Stranded wire, cables, plaited bands and the like, of aluminum, not electrically insulated. - With steel core",50,"Steel, aluminum & metals",,,Official aggregate only: C$27.6B across full measure,https://www.canada.ca/en/department-finance/programs/international-trade-finance-policy/canadas-response-us-tariffs/complete-list-us-products-subject-to-counter-tariffs.html
7614.90.00,"Stranded wire, cables, plaited bands and the like, of aluminum, not electrically insulated.",- Other,"Stranded wire, cables, plaited bands and the like, of aluminum, not electrically insulated. - Other",50,"Steel, aluminum & metals",,,Official aggregate only: C$27.6B across full measure,https://www.canada.ca/en/department-finance/programs/international-trade-finance-policy/canadas-response-us-tariffs/complete-list-us-products-subject-to-counter-tariffs.html
7615.10.00,"Table, kitchen or other household articles and parts thereof, of aluminum; pot scourers and scouring or polishing pads, gloves and the like, of aluminum; sanitary ware and parts thereof, of aluminum.","- Table, kitchen or other household articles and parts thereof; pot scourers and scouring or polishing pads, gloves and the like","Table, kitchen or other household articles and parts thereof, of aluminum; pot scourers and scouring or polishing pads, gloves and the like, of aluminum; sanitary ware and parts thereof, of aluminum. - Table, kitchen or other household articles and parts thereof; pot scourers and scouring or polishing pads, gloves and the like",25,"Steel, aluminum & metals",,,Official aggregate only: C$27.6B across full measure,https://www.canada.ca/en/department-finance/programs/international-trade-finance-policy/canadas-response-us-tariffs/complete-list-us-products-subject-to-counter-tariffs.html
7615.20.00,"Table, kitchen or other household articles and parts thereof, of aluminum; pot scourers and scouring or polishing pads, gloves and the like, of aluminum; sanitary ware and parts thereof, of aluminum.",- Sanitary ware and parts thereof,"Table, kitchen or other household articles and parts thereof, of aluminum; pot scourers and scouring or polishing pads, gloves and the like, of aluminum; sanitary ware and parts thereof, of aluminum. - Sanitary ware and parts thereof",25,"Steel, aluminum & metals",,,Official aggregate only: C$27.6B across full measure,https://www.canada.ca/en/department-finance/programs/international-trade-finance-policy/canadas-response-us-tariffs/complete-list-us-products-subject-to-counter-tariffs.html
7616.10.00,Other articles of aluminum.,"- Nails, tacks, staples (other than those of heading 83.05), screws, bolts, nuts, screw hooks, rivets, cotters, cotter-pins, washers and similar articles","Other articles of aluminum. - Nails, tacks, staples (other than those of heading 83.05), screws, bolts, nuts, screw hooks, rivets, cotters, cotter-pins, washers and similar articles",50,"Steel, aluminum & metals",,,Official aggregate only: C$27.6B across full measure,https://www.canada.ca/en/department-finance/programs/international-trade-finance-policy/canadas-response-us-tariffs/complete-list-us-products-subject-to-counter-tariffs.html
7616.99.10,Other articles of aluminum.,"- Other: Other: Cups for use in the manufacture of candles; Ferrules for use in the manufacture of pencils; Fish egg incubators and parts thereof; For climbing or mountaineering; Identification bands for migratory birds; Pigeon countermark leg bands; To be employed in the manufacture of sera, antisera, toxoids, viruses, toxins or antitoxins, virus or bacterial vaccines, bacteriophage or bacterial lysates, allergenics, liver extracts, pituitary extracts, epinephrine or its solutions, insulin (with or without zinc, globin or protamine), and blood plasma or serum of human origin, or fractions thereof, or extenders or substitutes therefor","Other articles of aluminum. - Other: Other: Cups for use in the manufacture of candles; Ferrules for use in the manufacture of pencils; Fish egg incubators and parts thereof; For climbing or mountaineering; Identification bands for migratory birds; Pigeon countermark leg bands; To be employed in the manufacture of sera, antisera, toxoids, viruses, toxins or antitoxins, virus or bacterial vaccines, bacteriophage or bacterial lysates, allergenics, liver extracts, pituitary extracts, epinephrine or its solutions, insulin (with or without zinc, globin or protamine), and blood plasma or serum of human origin, or fractions thereof, or extenders or substitutes therefor",50,"Steel, aluminum & metals",,,Official aggregate only: C$27.6B across full measure,https://www.canada.ca/en/department-finance/programs/international-trade-finance-policy/canadas-response-us-tariffs/complete-list-us-products-subject-to-counter-tariffs.html
7616.99.90,Other articles of aluminum.,- Other: Other: Other,Other articles of aluminum. - Other: Other: Other,50,"Steel, aluminum & metals",,,Official aggregate only: C$27.6B across full measure,https://www.canada.ca/en/department-finance/programs/international-trade-finance-policy/canadas-response-us-tariffs/complete-list-us-products-subject-to-counter-tariffs.html
8203.40.00,"Files, rasps, pliers (including cutting pliers), pincers, tweezers, metal cutting shears, pipe-cutters, bolt croppers, perforating punches and similar hand tools.","- Pipe-cutters, bolt croppers, perforating punches and similar tools","Files, rasps, pliers (including cutting pliers), pincers, tweezers, metal cutting shears, pipe-cutters, bolt croppers, perforating punches and similar hand tools. - Pipe-cutters, bolt croppers, perforating punches and similar tools",25,"Steel, aluminum & metals",,,Official aggregate only: C$27.6B across full measure,https://www.canada.ca/en/department-finance/programs/international-trade-finance-policy/canadas-response-us-tariffs/complete-list-us-products-subject-to-counter-tariffs.html
8205.59.10,"Hand tools (including glaziers' diamonds), not elsewhere specified or included; blow lamps; vices, clamps and the like, other than accessories for and parts of, machine-tools or water-jet cutting machines; anvils; portable forges; hand or pedal-operated grinding wheels with frameworks.",- Other hand tools (including glaziers' diamonds): Other: For climbing or mountaineering; Heads for use in the manufacture or production of other hand tools; Livestock branding irons,"Hand tools (including glaziers' diamonds), not elsewhere specified or included; blow lamps; vices, clamps and the like, other than accessories for and parts of, machine-tools or water-jet cutting machines; anvils; portable forges; hand or pedal-operated grinding wheels with frameworks. - Other hand tools (including glaziers' diamonds): Other: For climbing or mountaineering; Heads for use in the manufacture or production of other hand tools; Livestock branding irons",50,"Steel, aluminum & metals",,,Official aggregate only: C$27.6B across full measure,https://www.canada.ca/en/department-finance/programs/international-trade-finance-policy/canadas-response-us-tariffs/complete-list-us-products-subject-to-counter-tariffs.html
8205.59.20,"Hand tools (including glaziers' diamonds), not elsewhere specified or included; blow lamps; vices, clamps and the like, other than accessories for and parts of, machine-tools or water-jet cutting machines; anvils; portable forges; hand or pedal-operated grinding wheels with frameworks.","- Other hand tools (including glaziers' diamonds): Other: Stapling or tacking guns, and hammer tackers not operated by an independent hammer","Hand tools (including glaziers' diamonds), not elsewhere specified or included; blow lamps; vices, clamps and the like, other than accessories for and parts of, machine-tools or water-jet cutting machines; anvils; portable forges; hand or pedal-operated grinding wheels with frameworks. - Other hand tools (including glaziers' diamonds): Other: Stapling or tacking guns, and hammer tackers not operated by an independent hammer",50,"Steel, aluminum & metals",,,Official aggregate only: C$27.6B across full measure,https://www.canada.ca/en/department-finance/programs/international-trade-finance-policy/canadas-response-us-tariffs/complete-list-us-products-subject-to-counter-tariffs.html
8205.59.90,"Hand tools (including glaziers' diamonds), not elsewhere specified or included; blow lamps; vices, clamps and the like, other than accessories for and parts of, machine-tools or water-jet cutting machines; anvils; portable forges; hand or pedal-operated grinding wheels with frameworks.",- Other hand tools (including glaziers' diamonds): Other: Other,"Hand tools (including glaziers' diamonds), not elsewhere specified or included; blow lamps; vices, clamps and the like, other than accessories for and parts of, machine-tools or water-jet cutting machines; anvils; portable forges; hand or pedal-operated grinding wheels with frameworks. - Other hand tools (including glaziers' diamonds): Other: Other",50,"Steel, aluminum & metals",,,Official aggregate only: C$27.6B across full measure,https://www.canada.ca/en/department-finance/programs/international-trade-finance-policy/canadas-response-us-tariffs/complete-list-us-products-subject-to-counter-tariffs.html
8205.70.10,"Hand tools (including glaziers' diamonds), not elsewhere specified or included; blow lamps; vices, clamps and the like, other than accessories for and parts of, machine-tools or water-jet cutting machines; anvils; portable forges; hand or pedal-operated grinding wheels with frameworks.","- Vices, clamps and the like: Clamps for use with the following surgical, dental, veterinary or diagnostic articles: Instruments; Sterilizers; Cobalt therapy units; Anaesthesia, surgical suction or oxygen administering apparatus","Hand tools (including glaziers' diamonds), not elsewhere specified or included; blow lamps; vices, clamps and the like, other than accessories for and parts of, machine-tools or water-jet cutting machines; anvils; portable forges; hand or pedal-operated grinding wheels with frameworks. - Vices, clamps and the like: Clamps for use with the following surgical, dental, veterinary or diagnostic articles: Instruments; Sterilizers; Cobalt therapy units; Anaesthesia, surgical suction or oxygen administering apparatus",25,"Steel, aluminum & metals",,,Official aggregate only: C$27.6B across full measure,https://www.canada.ca/en/department-finance/programs/international-trade-finance-policy/canadas-response-us-tariffs/complete-list-us-products-subject-to-counter-tariffs.html
8205.70.20,"Hand tools (including glaziers' diamonds), not elsewhere specified or included; blow lamps; vices, clamps and the like, other than accessories for and parts of, machine-tools or water-jet cutting machines; anvils; portable forges; hand or pedal-operated grinding wheels with frameworks.","- Vices, clamps and the like: Precision clamps and vices, for toolmakers, machinists or metal workers","Hand tools (including glaziers' diamonds), not elsewhere specified or included; blow lamps; vices, clamps and the like, other than accessories for and parts of, machine-tools or water-jet cutting machines; anvils; portable forges; hand or pedal-operated grinding wheels with frameworks. - Vices, clamps and the like: Precision clamps and vices, for toolmakers, machinists or metal workers",25,"Steel, aluminum & metals",,,Official aggregate only: C$27.6B across full measure,https://www.canada.ca/en/department-finance/programs/international-trade-finance-policy/canadas-response-us-tariffs/complete-list-us-products-subject-to-counter-tariffs.html
8205.70.90,"Hand tools (including glaziers' diamonds), not elsewhere specified or included; blow lamps; vices, clamps and the like, other than accessories for and parts of, machine-tools or water-jet cutting machines; anvils; portable forges; hand or pedal-operated grinding wheels with frameworks.","- Vices, clamps and the like: Other","Hand tools (including glaziers' diamonds), not elsewhere specified or included; blow lamps; vices, clamps and the like, other than accessories for and parts of, machine-tools or water-jet cutting machines; anvils; portable forges; hand or pedal-operated grinding wheels with frameworks. - Vices, clamps and the like: Other",25,"Steel, aluminum & metals",,,Official aggregate only: C$27.6B across full measure,https://www.canada.ca/en/department-finance/programs/international-trade-finance-policy/canadas-response-us-tariffs/complete-list-us-products-subject-to-counter-tariffs.html
8207.20.00,"Interchangeable tools for hand tools, whether or not power-operated, or for machine-tools (for example, for pressing, stamping, punching, tapping, threading, drilling, boring, broaching, milling, turning or screw driving), including dies for drawing or extruding metal, and rock drilling or earth boring tools.",- Dies for drawing or extruding metal,"Interchangeable tools for hand tools, whether or not power-operated, or for machine-tools (for example, for pressing, stamping, punching, tapping, threading, drilling, boring, broaching, milling, turning or screw driving), including dies for drawing or extruding metal, and rock drilling or earth boring tools. - Dies for drawing or extruding metal",15,"Steel, aluminum & metals",,,Official aggregate only: C$27.6B across full measure,https://www.canada.ca/en/department-finance/programs/international-trade-finance-policy/canadas-response-us-tariffs/complete-list-us-products-subject-to-counter-tariffs.html
8207.30.00,"Interchangeable tools for hand tools, whether or not power-operated, or for machine-tools (for example, for pressing, stamping, punching, tapping, threading, drilling, boring, broaching, milling, turning or screw driving), including dies for drawing or extruding metal, and rock drilling or earth boring tools.","- Tools for pressing, stamping or punching","Interchangeable tools for hand tools, whether or not power-operated, or for machine-tools (for example, for pressing, stamping, punching, tapping, threading, drilling, boring, broaching, milling, turning or screw driving), including dies for drawing or extruding metal, and rock drilling or earth boring tools. - Tools for pressing, stamping or punching",15,"Steel, aluminum & metals",,,Official aggregate only: C$27.6B across full measure,https://www.canada.ca/en/department-finance/programs/international-trade-finance-policy/canadas-response-us-tariffs/complete-list-us-products-subject-to-counter-tariffs.html
8211.10.10,"Knives with cutting blades, serrated or not (including pruning knives), other than knives of heading 82.08, and blades therefor.",- Sets of assorted articles: Table cutlery,"Knives with cutting blades, serrated or not (including pruning knives), other than knives of heading 82.08, and blades therefor. - Sets of assorted articles: Table cutlery",25,"Steel, aluminum & metals",,,Official aggregate only: C$27.6B across full measure,https://www.canada.ca/en/department-finance/programs/international-trade-finance-policy/canadas-response-us-tariffs/complete-list-us-products-subject-to-counter-tariffs.html
8211.10.90,"Knives with cutting blades, serrated or not (including pruning knives), other than knives of heading 82.08, and blades therefor.",- Sets of assorted articles: Other,"Knives with cutting blades, serrated or not (including pruning knives), other than knives of heading 82.08, and blades therefor. - Sets of assorted articles: Other",25,"Steel, aluminum & metals",,,Official aggregate only: C$27.6B across full measure,https://www.canada.ca/en/department-finance/programs/international-trade-finance-policy/canadas-response-us-tariffs/complete-list-us-products-subject-to-counter-tariffs.html
8211.91.10,"Knives with cutting blades, serrated or not (including pruning knives), other than knives of heading 82.08, and blades therefor.",- Other: Table knives having fixed blades: Carving knives,"Knives with cutting blades, serrated or not (including pruning knives), other than knives of heading 82.08, and blades therefor. - Other: Table knives having fixed blades: Carving knives",25,"Steel, aluminum & metals",,,Official aggregate only: C$27.6B across full measure,https://www.canada.ca/en/department-finance/programs/international-trade-finance-policy/canadas-response-us-tariffs/complete-list-us-products-subject-to-counter-tariffs.html
8211.91.90,"Knives with cutting blades, serrated or not (including pruning knives), other than knives of heading 82.08, and blades therefor.",- Other: Table knives having fixed blades: Other,"Knives with cutting blades, serrated or not (including pruning knives), other than knives of heading 82.08, and blades therefor. - Other: Table knives having fixed blades: Other",25,"Steel, aluminum & metals",,,Official aggregate only: C$27.6B across full measure,https://www.canada.ca/en/department-finance/programs/international-trade-finance-policy/canadas-response-us-tariffs/complete-list-us-products-subject-to-counter-tariffs.html
8211.92.00,"Knives with cutting blades, serrated or not (including pruning knives), other than knives of heading 82.08, and blades therefor.",- Other: Other knives having fixed blades,"Knives with cutting blades, serrated or not (including pruning knives), other than knives of heading 82.08, and blades therefor. - Other: Other knives having fixed blades",25,"Steel, aluminum & metals",,,Official aggregate only: C$27.6B across full measure,https://www.canada.ca/en/department-finance/programs/international-trade-finance-policy/canadas-response-us-tariffs/complete-list-us-products-subject-to-counter-tariffs.html
8211.93.00,"Knives with cutting blades, serrated or not (including pruning knives), other than knives of heading 82.08, and blades therefor.",- Other: Knives having other than fixed blades,"Knives with cutting blades, serrated or not (including pruning knives), other than knives of heading 82.08, and blades therefor. - Other: Knives having other than fixed blades",25,"Steel, aluminum & metals",,,Official aggregate only: C$27.6B across full measure,https://www.canada.ca/en/department-finance/programs/international-trade-finance-policy/canadas-response-us-tariffs/complete-list-us-products-subject-to-counter-tariffs.html
8211.94.90,"Knives with cutting blades, serrated or not (including pruning knives), other than knives of heading 82.08, and blades therefor.",- Other: Blades: Other,"Knives with cutting blades, serrated or not (including pruning knives), other than knives of heading 82.08, and blades therefor. - Other: Blades: Other",25,"Steel, aluminum & metals",,,Official aggregate only: C$27.6B across full measure,https://www.canada.ca/en/department-finance/programs/international-trade-finance-policy/canadas-response-us-tariffs/complete-list-us-products-subject-to-counter-tariffs.html
8211.95.11,"Knives with cutting blades, serrated or not (including pruning knives), other than knives of heading 82.08, and blades therefor.",- Other: Handles of base metal: Of table knives having fixed blades: Of carving knives,"Knives with cutting blades, serrated or not (including pruning knives), other than knives of heading 82.08, and blades therefor. - Other: Handles of base metal: Of table knives having fixed blades: Of carving knives",25,"Steel, aluminum & metals",,,Official aggregate only: C$27.6B across full measure,https://www.canada.ca/en/department-finance/programs/international-trade-finance-policy/canadas-response-us-tariffs/complete-list-us-products-subject-to-counter-tariffs.html
8215.10.10,"Spoons, forks, ladles, skimmers, cake-servers, fish-knives, butter-knives, sugar tongs and similar kitchen or tableware.","- Sets of assorted articles containing at least one article plated with precious metal: Containing spoons, knives and forks, of a kind used at the table","Spoons, forks, ladles, skimmers, cake-servers, fish-knives, butter-knives, sugar tongs and similar kitchen or tableware. - Sets of assorted articles containing at least one article plated with precious metal: Containing spoons, knives and forks, of a kind used at the table",25,Dairy,,,Official aggregate only: C$27.6B across full measure,https://www.canada.ca/en/department-finance/programs/international-trade-finance-policy/canadas-response-us-tariffs/complete-list-us-products-subject-to-counter-tariffs.html
8215.10.90,"Spoons, forks, ladles, skimmers, cake-servers, fish-knives, butter-knives, sugar tongs and similar kitchen or tableware.",- Sets of assorted articles containing at least one article plated with precious metal: Other,"Spoons, forks, ladles, skimmers, cake-servers, fish-knives, butter-knives, sugar tongs and similar kitchen or tableware. - Sets of assorted articles containing at least one article plated with precious metal: Other",25,Dairy,,,Official aggregate only: C$27.6B across full measure,https://www.canada.ca/en/department-finance/programs/international-trade-finance-policy/canadas-response-us-tariffs/complete-list-us-products-subject-to-counter-tariffs.html
8215.20.10,"Spoons, forks, ladles, skimmers, cake-servers, fish-knives, butter-knives, sugar tongs and similar kitchen or tableware.","- Other sets of assorted articles: Containing spoons, knives and forks, of a kind used at the table","Spoons, forks, ladles, skimmers, cake-servers, fish-knives, butter-knives, sugar tongs and similar kitchen or tableware. - Other sets of assorted articles: Containing spoons, knives and forks, of a kind used at the table",25,Dairy,,,Official aggregate only: C$27.6B across full measure,https://www.canada.ca/en/department-finance/programs/international-trade-finance-policy/canadas-response-us-tariffs/complete-list-us-products-subject-to-counter-tariffs.html
8215.20.90,"Spoons, forks, ladles, skimmers, cake-servers, fish-knives, butter-knives, sugar tongs and similar kitchen or tableware.",- Other sets of assorted articles: Other,"Spoons, forks, ladles, skimmers, cake-servers, fish-knives, butter-knives, sugar tongs and similar kitchen or tableware. - Other sets of assorted articles: Other",25,Dairy,,,Official aggregate only: C$27.6B across full measure,https://www.canada.ca/en/department-finance/programs/international-trade-finance-policy/canadas-response-us-tariffs/complete-list-us-products-subject-to-counter-tariffs.html
8215.91.10,"Spoons, forks, ladles, skimmers, cake-servers, fish-knives, butter-knives, sugar tongs and similar kitchen or tableware.","- Other: Plated with precious metal: Spoons or forks, of a kind used at the table","Spoons, forks, ladles, skimmers, cake-servers, fish-knives, butter-knives, sugar tongs and similar kitchen or tableware. - Other: Plated with precious metal: Spoons or forks, of a kind used at the table",25,Dairy,,,Official aggregate only: C$27.6B across full measure,https://www.canada.ca/en/department-finance/programs/international-trade-finance-policy/canadas-response-us-tariffs/complete-list-us-products-subject-to-counter-tariffs.html
8215.91.90,"Spoons, forks, ladles, skimmers, cake-servers, fish-knives, butter-knives, sugar tongs and similar kitchen or tableware.",- Other: Plated with precious metal: Other,"Spoons, forks, ladles, skimmers, cake-servers, fish-knives, butter-knives, sugar tongs and similar kitchen or tableware. - Other: Plated with precious metal: Other",25,Dairy,,,Official aggregate only: C$27.6B across full measure,https://www.canada.ca/en/department-finance/programs/international-trade-finance-policy/canadas-response-us-tariffs/complete-list-us-products-subject-to-counter-tariffs.html
8215.99.10,"Spoons, forks, ladles, skimmers, cake-servers, fish-knives, butter-knives, sugar tongs and similar kitchen or tableware.","- Other: Other: Spoons or forks, of a kind used at the table","Spoons, forks, ladles, skimmers, cake-servers, fish-knives, butter-knives, sugar tongs and similar kitchen or tableware. - Other: Other: Spoons or forks, of a kind used at the table",25,Dairy,,,Official aggregate only: C$27.6B across full measure,https://www.canada.ca/en/department-finance/programs/international-trade-finance-policy/canadas-response-us-tariffs/complete-list-us-products-subject-to-counter-tariffs.html
8215.99.90,"Spoons, forks, ladles, skimmers, cake-servers, fish-knives, butter-knives, sugar tongs and similar kitchen or tableware.",- Other: Other: Other,"Spoons, forks, ladles, skimmers, cake-servers, fish-knives, butter-knives, sugar tongs and similar kitchen or tableware. - Other: Other: Other",25,Dairy,,,Official aggregate only: C$27.6B across full measure,https://www.canada.ca/en/department-finance/programs/international-trade-finance-policy/canadas-response-us-tariffs/complete-list-us-products-subject-to-counter-tariffs.html
8302.10.00,"Base metal mountings, fittings and similar articles suitable for furniture, doors, staircases, windows, blinds, coachwork, saddlery, trunks, chests, caskets or the like; base metal hat-racks, hat-pegs, brackets and similar fixtures; castors with mountings of base metal; automatic door closers of base metal.",- Hinges,"Base metal mountings, fittings and similar articles suitable for furniture, doors, staircases, windows, blinds, coachwork, saddlery, trunks, chests, caskets or the like; base metal hat-racks, hat-pegs, brackets and similar fixtures; castors with mountings of base metal; automatic door closers of base metal. - Hinges",25,"Steel, aluminum & metals",,,Official aggregate only: C$27.6B across full measure,https://www.canada.ca/en/department-finance/programs/international-trade-finance-policy/canadas-response-us-tariffs/complete-list-us-products-subject-to-counter-tariffs.html
8302.41.10,"Base metal mountings, fittings and similar articles suitable for furniture, doors, staircases, windows, blinds, coachwork, saddlery, trunks, chests, caskets or the like; base metal hat-racks, hat-pegs, brackets and similar fixtures; castors with mountings of base metal; automatic door closers of base metal.","- Other mountings, fittings and similar articles: Suitable for buildings: Bar or rod type door exit devices, for commercial, institutional or industrial applications; For use in the manufacture or repair of rotary gear window operators; Rotary gear window operators; Snub-guides, lever-lock operators, torsion bars and centre hooks for lever-lock or rotary gear window operators, sash locks (excluding peg locks) and keepers for key-operated security locks or sash locks (excluding peg-locks), for use in the manufacture of casement or awning windows","Base metal mountings, fittings and similar articles suitable for furniture, doors, staircases, windows, blinds, coachwork, saddlery, trunks, chests, caskets or the like; base metal hat-racks, hat-pegs, brackets and similar fixtures; castors with mountings of base metal; automatic door closers of base metal. - Other mountings, fittings and similar articles: Suitable for buildings: Bar or rod type door exit devices, for commercial, institutional or industrial applications; For use in the manufacture or repair of rotary gear window operators; Rotary gear window operators; Snub-guides, lever-lock operators, torsion bars and centre hooks for lever-lock or rotary gear window operators, sash locks (excluding peg locks) and keepers for key-operated security locks or sash locks (excluding peg-locks), for use in the manufacture of casement or awning windows",25,"Steel, aluminum & metals",,,Official aggregate only: C$27.6B across full measure,https://www.canada.ca/en/department-finance/programs/international-trade-finance-policy/canadas-response-us-tariffs/complete-list-us-products-subject-to-counter-tariffs.html
8302.42.00,"Base metal mountings, fittings and similar articles suitable for furniture, doors, staircases, windows, blinds, coachwork, saddlery, trunks, chests, caskets or the like; base metal hat-racks, hat-pegs, brackets and similar fixtures; castors with mountings of base metal; automatic door closers of base metal.","- Other mountings, fittings and similar articles: Other, suitable for furniture","Base metal mountings, fittings and similar articles suitable for furniture, doors, staircases, windows, blinds, coachwork, saddlery, trunks, chests, caskets or the like; base metal hat-racks, hat-pegs, brackets and similar fixtures; castors with mountings of base metal; automatic door closers of base metal. - Other mountings, fittings and similar articles: Other, suitable for furniture",25,"Steel, aluminum & metals",,,Official aggregate only: C$27.6B across full measure,https://www.canada.ca/en/department-finance/programs/international-trade-finance-policy/canadas-response-us-tariffs/complete-list-us-products-subject-to-counter-tariffs.html
8302.49.00,"Base metal mountings, fittings and similar articles suitable for furniture, doors, staircases, windows, blinds, coachwork, saddlery, trunks, chests, caskets or the like; base metal hat-racks, hat-pegs, brackets and similar fixtures; castors with mountings of base metal; automatic door closers of base metal.","- Other mountings, fittings and similar articles: Other","Base metal mountings, fittings and similar articles suitable for furniture, doors, staircases, windows, blinds, coachwork, saddlery, trunks, chests, caskets or the like; base metal hat-racks, hat-pegs, brackets and similar fixtures; castors with mountings of base metal; automatic door closers of base metal. - Other mountings, fittings and similar articles: Other",25,"Steel, aluminum & metals",,,Official aggregate only: C$27.6B across full measure,https://www.canada.ca/en/department-finance/programs/international-trade-finance-policy/canadas-response-us-tariffs/complete-list-us-products-subject-to-counter-tariffs.html
8413.91.00,"Pumps for liquids, whether or not fitted with a measuring device; liquid elevators.",- Parts: Of pumps,"Pumps for liquids, whether or not fitted with a measuring device; liquid elevators. - Parts: Of pumps",25,Machinery & electronics,,,Official aggregate only: C$27.6B across full measure,https://www.canada.ca/en/department-finance/programs/international-trade-finance-policy/canadas-response-us-tariffs/complete-list-us-products-subject-to-counter-tariffs.html
8414.80.10,"Air or vacuum pumps, air or other gas compressors and fans; ventilating or recycling hoods incorporating a fan, whether or not fitted with filters; gas-tight biological safety cabinets, whether or not fitted with filters.",- Other: Turbochargers and superchargers for use in motor vehicles of Chapter 87,"Air or vacuum pumps, air or other gas compressors and fans; ventilating or recycling hoods incorporating a fan, whether or not fitted with filters; gas-tight biological safety cabinets, whether or not fitted with filters. - Other: Turbochargers and superchargers for use in motor vehicles of Chapter 87",25,Machinery & electronics,,,Official aggregate only: C$27.6B across full measure,https://www.canada.ca/en/department-finance/programs/international-trade-finance-policy/canadas-response-us-tariffs/complete-list-us-products-subject-to-counter-tariffs.html
8414.80.90,"Air or vacuum pumps, air or other gas compressors and fans; ventilating or recycling hoods incorporating a fan, whether or not fitted with filters; gas-tight biological safety cabinets, whether or not fitted with filters.",- Other: Other,"Air or vacuum pumps, air or other gas compressors and fans; ventilating or recycling hoods incorporating a fan, whether or not fitted with filters; gas-tight biological safety cabinets, whether or not fitted with filters. - Other: Other",25,Machinery & electronics,,,Official aggregate only: C$27.6B across full measure,https://www.canada.ca/en/department-finance/programs/international-trade-finance-policy/canadas-response-us-tariffs/complete-list-us-products-subject-to-counter-tariffs.html
8415.10.00,"Air conditioning machines, comprising a motor-driven fan and elements for changing the temperature and humidity, including those machines in which the humidity cannot be separately regulated.","- Of a kind designed to be fixed to a window, wall, ceiling or floor, self-contained or ""split-system""","Air conditioning machines, comprising a motor-driven fan and elements for changing the temperature and humidity, including those machines in which the humidity cannot be separately regulated. - Of a kind designed to be fixed to a window, wall, ceiling or floor, self-contained or ""split-system""",15,Appliances,,,Official aggregate only: C$27.6B across full measure,https://www.canada.ca/en/department-finance/programs/international-trade-finance-policy/canadas-response-us-tariffs/complete-list-us-products-subject-to-counter-tariffs.html
8415.81.10,"Air conditioning machines, comprising a motor-driven fan and elements for changing the temperature and humidity, including those machines in which the humidity cannot be separately regulated.","- Other: Incorporating a refrigerating unit and a valve for reversal of the cooling/heat cycle (reversible heat pumps): The following, excluding mini-split heat pumps and air conditioner units: Single packaged or split-system, of a heat transfer capacity not exceeding 15.8 kW (53,900 BTU per hour); Water source, vertical, horizontal and console types, of a heat transfer capacity not exceeding 34.8 kW (118,700 BTU per hour)","Air conditioning machines, comprising a motor-driven fan and elements for changing the temperature and humidity, including those machines in which the humidity cannot be separately regulated. - Other: Incorporating a refrigerating unit and a valve for reversal of the cooling/heat cycle (reversible heat pumps): The following, excluding mini-split heat pumps and air conditioner units: Single packaged or split-system, of a heat transfer capacity not exceeding 15.8 kW (53,900 BTU per hour); Water source, vertical, horizontal and console types, of a heat transfer capacity not exceeding 34.8 kW (118,700 BTU per hour)",15,Appliances,,,Official aggregate only: C$27.6B across full measure,https://www.canada.ca/en/department-finance/programs/international-trade-finance-policy/canadas-response-us-tariffs/complete-list-us-products-subject-to-counter-tariffs.html
8415.82.10,"Air conditioning machines, comprising a motor-driven fan and elements for changing the temperature and humidity, including those machines in which the humidity cannot be separately regulated.","- Other: Other, incorporating a refrigerating unit: Domestic heat pumps and air conditioners, ductless split-systems; Portable type, of a weight not exceeding 25 kg and of a heat transfer capacity not exceeding 1.8 kW (6,000 BTU per hour); Truck heater/air conditioners","Air conditioning machines, comprising a motor-driven fan and elements for changing the temperature and humidity, including those machines in which the humidity cannot be separately regulated. - Other: Other, incorporating a refrigerating unit: Domestic heat pumps and air conditioners, ductless split-systems; Portable type, of a weight not exceeding 25 kg and of a heat transfer capacity not exceeding 1.8 kW (6,000 BTU per hour); Truck heater/air conditioners",15,Appliances,,,Official aggregate only: C$27.6B across full measure,https://www.canada.ca/en/department-finance/programs/international-trade-finance-policy/canadas-response-us-tariffs/complete-list-us-products-subject-to-counter-tariffs.html
8415.83.00,"Air conditioning machines, comprising a motor-driven fan and elements for changing the temperature and humidity, including those machines in which the humidity cannot be separately regulated.",- Other: Not incorporating a refrigerating unit,"Air conditioning machines, comprising a motor-driven fan and elements for changing the temperature and humidity, including those machines in which the humidity cannot be separately regulated. - Other: Not incorporating a refrigerating unit",25,Appliances,,,Official aggregate only: C$27.6B across full measure,https://www.canada.ca/en/department-finance/programs/international-trade-finance-policy/canadas-response-us-tariffs/complete-list-us-products-subject-to-counter-tariffs.html
8415.90.30,"Air conditioning machines, comprising a motor-driven fan and elements for changing the temperature and humidity, including those machines in which the humidity cannot be separately regulated.","- Parts: Chassis, chassis bases or outer cabinets","Air conditioning machines, comprising a motor-driven fan and elements for changing the temperature and humidity, including those machines in which the humidity cannot be separately regulated. - Parts: Chassis, chassis bases or outer cabinets",15,Appliances,,,Official aggregate only: C$27.6B across full measure,https://www.canada.ca/en/department-finance/programs/international-trade-finance-policy/canadas-response-us-tariffs/complete-list-us-products-subject-to-counter-tariffs.html
8418.10.10,"Refrigerators, freezers and other refrigerating or freezing equipment, electric or other; heat pumps other than air conditioning machines of heading 84.15.","- Combined refrigerator-freezers, fitted with separate external doors or drawers, or combinations thereof: Absorption-type, combination gas and electric powered, designed for permanent installation in recreational vehicles and for use in the manufacture of such vehicles","Refrigerators, freezers and other refrigerating or freezing equipment, electric or other; heat pumps other than air conditioning machines of heading 84.15. - Combined refrigerator-freezers, fitted with separate external doors or drawers, or combinations thereof: Absorption-type, combination gas and electric powered, designed for permanent installation in recreational vehicles and for use in the manufacture of such vehicles",25,Appliances,,,Official aggregate only: C$27.6B across full measure,https://www.canada.ca/en/department-finance/programs/international-trade-finance-policy/canadas-response-us-tariffs/complete-list-us-products-subject-to-counter-tariffs.html
8418.10.20,"Refrigerators, freezers and other refrigerating or freezing equipment, electric or other; heat pumps other than air conditioning machines of heading 84.15.","- Combined refrigerator-freezers, fitted with separate external doors or drawers, or combinations thereof: Refrigerating-freezing type","Refrigerators, freezers and other refrigerating or freezing equipment, electric or other; heat pumps other than air conditioning machines of heading 84.15. - Combined refrigerator-freezers, fitted with separate external doors or drawers, or combinations thereof: Refrigerating-freezing type",25,Appliances,,,Official aggregate only: C$27.6B across full measure,https://www.canada.ca/en/department-finance/programs/international-trade-finance-policy/canadas-response-us-tariffs/complete-list-us-products-subject-to-counter-tariffs.html
8418.10.90,"Refrigerators, freezers and other refrigerating or freezing equipment, electric or other; heat pumps other than air conditioning machines of heading 84.15.","- Combined refrigerator-freezers, fitted with separate external doors or drawers, or combinations thereof: Other","Refrigerators, freezers and other refrigerating or freezing equipment, electric or other; heat pumps other than air conditioning machines of heading 84.15. - Combined refrigerator-freezers, fitted with separate external doors or drawers, or combinations thereof: Other",25,Appliances,,,Official aggregate only: C$27.6B across full measure,https://www.canada.ca/en/department-finance/programs/international-trade-finance-policy/canadas-response-us-tariffs/complete-list-us-products-subject-to-counter-tariffs.html
8418.21.00,"Refrigerators, freezers and other refrigerating or freezing equipment, electric or other; heat pumps other than air conditioning machines of heading 84.15.","- Refrigerators, household type: Compression-type","Refrigerators, freezers and other refrigerating or freezing equipment, electric or other; heat pumps other than air conditioning machines of heading 84.15. - Refrigerators, household type: Compression-type",25,Appliances,,,Official aggregate only: C$27.6B across full measure,https://www.canada.ca/en/department-finance/programs/international-trade-finance-policy/canadas-response-us-tariffs/complete-list-us-products-subject-to-counter-tariffs.html
8418.29.00,"Refrigerators, freezers and other refrigerating or freezing equipment, electric or other; heat pumps other than air conditioning machines of heading 84.15.","- Refrigerators, household type: Other","Refrigerators, freezers and other refrigerating or freezing equipment, electric or other; heat pumps other than air conditioning machines of heading 84.15. - Refrigerators, household type: Other",25,Appliances,,,Official aggregate only: C$27.6B across full measure,https://www.canada.ca/en/department-finance/programs/international-trade-finance-policy/canadas-response-us-tariffs/complete-list-us-products-subject-to-counter-tariffs.html
8418.30.10,"Refrigerators, freezers and other refrigerating or freezing equipment, electric or other; heat pumps other than air conditioning machines of heading 84.15.","- Freezers of the chest type, not exceeding 800 litres capacity: Household type","Refrigerators, freezers and other refrigerating or freezing equipment, electric or other; heat pumps other than air conditioning machines of heading 84.15. - Freezers of the chest type, not exceeding 800 litres capacity: Household type",25,Appliances,,,Official aggregate only: C$27.6B across full measure,https://www.canada.ca/en/department-finance/programs/international-trade-finance-policy/canadas-response-us-tariffs/complete-list-us-products-subject-to-counter-tariffs.html
8418.40.10,"Refrigerators, freezers and other refrigerating or freezing equipment, electric or other; heat pumps other than air conditioning machines of heading 84.15.","- Freezers of the upright type, not exceeding 900 litres capacity: Blood bank type; Household type; With minimum temperature capability to -85°C at 30°C ambient","Refrigerators, freezers and other refrigerating or freezing equipment, electric or other; heat pumps other than air conditioning machines of heading 84.15. - Freezers of the upright type, not exceeding 900 litres capacity: Blood bank type; Household type; With minimum temperature capability to -85°C at 30°C ambient",25,Appliances,,,Official aggregate only: C$27.6B across full measure,https://www.canada.ca/en/department-finance/programs/international-trade-finance-policy/canadas-response-us-tariffs/complete-list-us-products-subject-to-counter-tariffs.html
8418.40.90,"Refrigerators, freezers and other refrigerating or freezing equipment, electric or other; heat pumps other than air conditioning machines of heading 84.15.","- Freezers of the upright type, not exceeding 900 litres capacity: Other","Refrigerators, freezers and other refrigerating or freezing equipment, electric or other; heat pumps other than air conditioning machines of heading 84.15. - Freezers of the upright type, not exceeding 900 litres capacity: Other",25,Appliances,,,Official aggregate only: C$27.6B across full measure,https://www.canada.ca/en/department-finance/programs/international-trade-finance-policy/canadas-response-us-tariffs/complete-list-us-products-subject-to-counter-tariffs.html
8418.50.10,"Refrigerators, freezers and other refrigerating or freezing equipment, electric or other; heat pumps other than air conditioning machines of heading 84.15.","- Other furniture (chests, cabinets, display counters, showcases and the like) for storage and display, incorporating refrigerating or freezing equipment: Refrigerating or refrigerating-freezing type","Refrigerators, freezers and other refrigerating or freezing equipment, electric or other; heat pumps other than air conditioning machines of heading 84.15. - Other furniture (chests, cabinets, display counters, showcases and the like) for storage and display, incorporating refrigerating or freezing equipment: Refrigerating or refrigerating-freezing type",50,Appliances,,,Official aggregate only: C$27.6B across full measure,https://www.canada.ca/en/department-finance/programs/international-trade-finance-policy/canadas-response-us-tariffs/complete-list-us-products-subject-to-counter-tariffs.html
8422.90.10,"Dish washing machines; machinery for cleaning or drying bottles or other containers; machinery for filling, closing, sealing, or labelling bottles, cans, boxes, bags or other containers; machinery for capsuling bottles, jars, tubes and similar containers; other packing or wrapping machinery (including heat-shrink wrapping machinery); machinery for aerating beverages.","- Parts: Water containment chambers and other parts incorporating water containment chambers, for dish washing machines of the household type","Dish washing machines; machinery for cleaning or drying bottles or other containers; machinery for filling, closing, sealing, or labelling bottles, cans, boxes, bags or other containers; machinery for capsuling bottles, jars, tubes and similar containers; other packing or wrapping machinery (including heat-shrink wrapping machinery); machinery for aerating beverages. - Parts: Water containment chambers and other parts incorporating water containment chambers, for dish washing machines of the household type",25,Machinery & electronics,,,Official aggregate only: C$27.6B across full measure,https://www.canada.ca/en/department-finance/programs/international-trade-finance-policy/canadas-response-us-tariffs/complete-list-us-products-subject-to-counter-tariffs.html
8422.90.20,"Dish washing machines; machinery for cleaning or drying bottles or other containers; machinery for filling, closing, sealing, or labelling bottles, cans, boxes, bags or other containers; machinery for capsuling bottles, jars, tubes and similar containers; other packing or wrapping machinery (including heat-shrink wrapping machinery); machinery for aerating beverages.",- Parts: Door assemblies for dish washing machines of the household type,"Dish washing machines; machinery for cleaning or drying bottles or other containers; machinery for filling, closing, sealing, or labelling bottles, cans, boxes, bags or other containers; machinery for capsuling bottles, jars, tubes and similar containers; other packing or wrapping machinery (including heat-shrink wrapping machinery); machinery for aerating beverages. - Parts: Door assemblies for dish washing machines of the household type",25,Machinery & electronics,,,Official aggregate only: C$27.6B across full measure,https://www.canada.ca/en/department-finance/programs/international-trade-finance-policy/canadas-response-us-tariffs/complete-list-us-products-subject-to-counter-tariffs.html
8422.90.90,"Dish washing machines; machinery for cleaning or drying bottles or other containers; machinery for filling, closing, sealing, or labelling bottles, cans, boxes, bags or other containers; machinery for capsuling bottles, jars, tubes and similar containers; other packing or wrapping machinery (including heat-shrink wrapping machinery); machinery for aerating beverages.",- Parts: Other,"Dish washing machines; machinery for cleaning or drying bottles or other containers; machinery for filling, closing, sealing, or labelling bottles, cans, boxes, bags or other containers; machinery for capsuling bottles, jars, tubes and similar containers; other packing or wrapping machinery (including heat-shrink wrapping machinery); machinery for aerating beverages. - Parts: Other",25,Machinery & electronics,,,Official aggregate only: C$27.6B across full measure,https://www.canada.ca/en/department-finance/programs/international-trade-finance-policy/canadas-response-us-tariffs/complete-list-us-products-subject-to-counter-tariffs.html
8425.42.00,Pulley tackle and hoists other than skip hoists; winches and capstans; jacks.,"- Jacks; hoists of a kind used for raising vehicles: Other jacks and hoists, hydraulic","Pulley tackle and hoists other than skip hoists; winches and capstans; jacks. - Jacks; hoists of a kind used for raising vehicles: Other jacks and hoists, hydraulic",25,Machinery & electronics,,,Official aggregate only: C$27.6B across full measure,https://www.canada.ca/en/department-finance/programs/international-trade-finance-policy/canadas-response-us-tariffs/complete-list-us-products-subject-to-counter-tariffs.html
8426.20.00,"Ships' derricks; cranes, including cable cranes; mobile lifting frames, straddle carriers and works trucks fitted with a crane.",- Tower cranes,"Ships' derricks; cranes, including cable cranes; mobile lifting frames, straddle carriers and works trucks fitted with a crane. - Tower cranes",25,Machinery & electronics,,,Official aggregate only: C$27.6B across full measure,https://www.canada.ca/en/department-finance/programs/international-trade-finance-policy/canadas-response-us-tariffs/complete-list-us-products-subject-to-counter-tariffs.html
8426.99.00,"Ships' derricks; cranes, including cable cranes; mobile lifting frames, straddle carriers and works trucks fitted with a crane.",- Other machinery: Other,"Ships' derricks; cranes, including cable cranes; mobile lifting frames, straddle carriers and works trucks fitted with a crane. - Other machinery: Other",25,Machinery & electronics,,,Official aggregate only: C$27.6B across full measure,https://www.canada.ca/en/department-finance/programs/international-trade-finance-policy/canadas-response-us-tariffs/complete-list-us-products-subject-to-counter-tariffs.html
8427.10.10,Fork-lift trucks; other works trucks fitted with lifting or handling equipment.,"- Self-propelled trucks powered by an electric motor: Rider-type, counterbalanced fork-lift trucks","Fork-lift trucks; other works trucks fitted with lifting or handling equipment. - Self-propelled trucks powered by an electric motor: Rider-type, counterbalanced fork-lift trucks",15,Machinery & electronics,,,Official aggregate only: C$27.6B across full measure,https://www.canada.ca/en/department-finance/programs/international-trade-finance-policy/canadas-response-us-tariffs/complete-list-us-products-subject-to-counter-tariffs.html
8427.20.10,Fork-lift trucks; other works trucks fitted with lifting or handling equipment.,"- Other self-propelled trucks: Rider-type, counterbalanced fork-lift trucks","Fork-lift trucks; other works trucks fitted with lifting or handling equipment. - Other self-propelled trucks: Rider-type, counterbalanced fork-lift trucks",15,Machinery & electronics,,,Official aggregate only: C$27.6B across full measure,https://www.canada.ca/en/department-finance/programs/international-trade-finance-policy/canadas-response-us-tariffs/complete-list-us-products-subject-to-counter-tariffs.html
8427.90.00,Fork-lift trucks; other works trucks fitted with lifting or handling equipment.,- Other trucks,Fork-lift trucks; other works trucks fitted with lifting or handling equipment. - Other trucks,15,Machinery & electronics,,,Official aggregate only: C$27.6B across full measure,https://www.canada.ca/en/department-finance/programs/international-trade-finance-policy/canadas-response-us-tariffs/complete-list-us-products-subject-to-counter-tariffs.html
8428.60.00,"Other lifting, handling, loading or unloading machinery (for example, lifts, escalators, conveyors, teleferics).","- Teleferics, chair-lifts, ski-draglines; traction mechanisms for funiculars","Other lifting, handling, loading or unloading machinery (for example, lifts, escalators, conveyors, teleferics). - Teleferics, chair-lifts, ski-draglines; traction mechanisms for funiculars",15,Machinery & electronics,,,Official aggregate only: C$27.6B across full measure,https://www.canada.ca/en/department-finance/programs/international-trade-finance-policy/canadas-response-us-tariffs/complete-list-us-products-subject-to-counter-tariffs.html
8428.70.00,"Other lifting, handling, loading or unloading machinery (for example, lifts, escalators, conveyors, teleferics).",- Industrial robots,"Other lifting, handling, loading or unloading machinery (for example, lifts, escalators, conveyors, teleferics). - Industrial robots",15,Machinery & electronics,,,Official aggregate only: C$27.6B across full measure,https://www.canada.ca/en/department-finance/programs/international-trade-finance-policy/canadas-response-us-tariffs/complete-list-us-products-subject-to-counter-tariffs.html
8428.90.00,"Other lifting, handling, loading or unloading machinery (for example, lifts, escalators, conveyors, teleferics).",- Other machinery,"Other lifting, handling, loading or unloading machinery (for example, lifts, escalators, conveyors, teleferics). - Other machinery",15,Machinery & electronics,,,Official aggregate only: C$27.6B across full measure,https://www.canada.ca/en/department-finance/programs/international-trade-finance-policy/canadas-response-us-tariffs/complete-list-us-products-subject-to-counter-tariffs.html
8431.20.00,Parts suitable for use solely or principally with the machinery of headings 84.25 to 84.30.,- Of machinery of heading 84.27,Parts suitable for use solely or principally with the machinery of headings 84.25 to 84.30. - Of machinery of heading 84.27,15,Machinery & electronics,,,Official aggregate only: C$27.6B across full measure,https://www.canada.ca/en/department-finance/programs/international-trade-finance-policy/canadas-response-us-tariffs/complete-list-us-products-subject-to-counter-tariffs.html
8431.31.00,Parts suitable for use solely or principally with the machinery of headings 84.25 to 84.30.,"- Of machinery of heading 84.28: Of lifts, skip hoists or escalators","Parts suitable for use solely or principally with the machinery of headings 84.25 to 84.30. - Of machinery of heading 84.28: Of lifts, skip hoists or escalators",25,Machinery & electronics,,,Official aggregate only: C$27.6B across full measure,https://www.canada.ca/en/department-finance/programs/international-trade-finance-policy/canadas-response-us-tariffs/complete-list-us-products-subject-to-counter-tariffs.html
8431.41.00,Parts suitable for use solely or principally with the machinery of headings 84.25 to 84.30.,"- Of machinery of heading 84.26, 84.29 or 84.30: Buckets, shovels, grabs and grips","Parts suitable for use solely or principally with the machinery of headings 84.25 to 84.30. - Of machinery of heading 84.26, 84.29 or 84.30: Buckets, shovels, grabs and grips",15,Machinery & electronics,,,Official aggregate only: C$27.6B across full measure,https://www.canada.ca/en/department-finance/programs/international-trade-finance-policy/canadas-response-us-tariffs/complete-list-us-products-subject-to-counter-tariffs.html
8431.42.00,Parts suitable for use solely or principally with the machinery of headings 84.25 to 84.30.,"- Of machinery of heading 84.26, 84.29 or 84.30: Bulldozer or angledozer blades","Parts suitable for use solely or principally with the machinery of headings 84.25 to 84.30. - Of machinery of heading 84.26, 84.29 or 84.30: Bulldozer or angledozer blades",15,Machinery & electronics,,,Official aggregate only: C$27.6B across full measure,https://www.canada.ca/en/department-finance/programs/international-trade-finance-policy/canadas-response-us-tariffs/complete-list-us-products-subject-to-counter-tariffs.html
8431.43.00,Parts suitable for use solely or principally with the machinery of headings 84.25 to 84.30.,"- Of machinery of heading 84.26, 84.29 or 84.30: Parts of boring or sinking machinery of subheading 8430.41 or 8430.49","Parts suitable for use solely or principally with the machinery of headings 84.25 to 84.30. - Of machinery of heading 84.26, 84.29 or 84.30: Parts of boring or sinking machinery of subheading 8430.41 or 8430.49",25,Machinery & electronics,,,Official aggregate only: C$27.6B across full measure,https://www.canada.ca/en/department-finance/programs/international-trade-finance-policy/canadas-response-us-tariffs/complete-list-us-products-subject-to-counter-tariffs.html
8431.49.00,Parts suitable for use solely or principally with the machinery of headings 84.25 to 84.30.,"- Of machinery of heading 84.26, 84.29 or 84.30: Other","Parts suitable for use solely or principally with the machinery of headings 84.25 to 84.30. - Of machinery of heading 84.26, 84.29 or 84.30: Other",15,Machinery & electronics,,,Official aggregate only: C$27.6B across full measure,https://www.canada.ca/en/department-finance/programs/international-trade-finance-policy/canadas-response-us-tariffs/complete-list-us-products-subject-to-counter-tariffs.html
8433.11.00,"Harvesting or threshing machinery, including straw or fodder balers; grass or hay mowers; machines for cleaning, sorting or grading eggs, fruit or other agricultural produce, other than machinery of heading 84.37.","- Mowers for lawns, parks or sports-grounds: Powered, with the cutting device rotating in a horizontal plane","Harvesting or threshing machinery, including straw or fodder balers; grass or hay mowers; machines for cleaning, sorting or grading eggs, fruit or other agricultural produce, other than machinery of heading 84.37. - Mowers for lawns, parks or sports-grounds: Powered, with the cutting device rotating in a horizontal plane",25,Agricultural equipment,,,Official aggregate only: C$27.6B across full measure,https://www.canada.ca/en/department-finance/programs/international-trade-finance-policy/canadas-response-us-tariffs/complete-list-us-products-subject-to-counter-tariffs.html
8433.20.00,"Harvesting or threshing machinery, including straw or fodder balers; grass or hay mowers; machines for cleaning, sorting or grading eggs, fruit or other agricultural produce, other than machinery of heading 84.37.","- Other mowers, including cutter bars for tractor mounting","Harvesting or threshing machinery, including straw or fodder balers; grass or hay mowers; machines for cleaning, sorting or grading eggs, fruit or other agricultural produce, other than machinery of heading 84.37. - Other mowers, including cutter bars for tractor mounting",15,Agricultural equipment,,,Official aggregate only: C$27.6B across full measure,https://www.canada.ca/en/department-finance/programs/international-trade-finance-policy/canadas-response-us-tariffs/complete-list-us-products-subject-to-counter-tariffs.html
8433.90.00,"Harvesting or threshing machinery, including straw or fodder balers; grass or hay mowers; machines for cleaning, sorting or grading eggs, fruit or other agricultural produce, other than machinery of heading 84.37.",- Parts,"Harvesting or threshing machinery, including straw or fodder balers; grass or hay mowers; machines for cleaning, sorting or grading eggs, fruit or other agricultural produce, other than machinery of heading 84.37. - Parts",15,Agricultural equipment,,,Official aggregate only: C$27.6B across full measure,https://www.canada.ca/en/department-finance/programs/international-trade-finance-policy/canadas-response-us-tariffs/complete-list-us-products-subject-to-counter-tariffs.html
8450.11.10,"Household or laundry-type washing machines, including machines which both wash and dry.","- Machines, each of a dry linen capacity not exceeding 10 kg: Fully-automatic machines: Household type, not including machines which both wash and dry","Household or laundry-type washing machines, including machines which both wash and dry. - Machines, each of a dry linen capacity not exceeding 10 kg: Fully-automatic machines: Household type, not including machines which both wash and dry",25,Machinery & electronics,,,Official aggregate only: C$27.6B across full measure,https://www.canada.ca/en/department-finance/programs/international-trade-finance-policy/canadas-response-us-tariffs/complete-list-us-products-subject-to-counter-tariffs.html
8450.11.90,"Household or laundry-type washing machines, including machines which both wash and dry.","- Machines, each of a dry linen capacity not exceeding 10 kg: Fully-automatic machines: Other","Household or laundry-type washing machines, including machines which both wash and dry. - Machines, each of a dry linen capacity not exceeding 10 kg: Fully-automatic machines: Other",25,Machinery & electronics,,,Official aggregate only: C$27.6B across full measure,https://www.canada.ca/en/department-finance/programs/international-trade-finance-policy/canadas-response-us-tariffs/complete-list-us-products-subject-to-counter-tariffs.html
8450.20.00,"Household or laundry-type washing machines, including machines which both wash and dry.","- Machines, each of a dry linen capacity exceeding 10 kg","Household or laundry-type washing machines, including machines which both wash and dry. - Machines, each of a dry linen capacity exceeding 10 kg",25,Machinery & electronics,,,Official aggregate only: C$27.6B across full measure,https://www.canada.ca/en/department-finance/programs/international-trade-finance-policy/canadas-response-us-tariffs/complete-list-us-products-subject-to-counter-tariffs.html
8451.21.00,"Machinery (other than machines of heading 84.50) for washing, cleaning, wringing, drying, ironing, pressing (including fusing presses), bleaching, dyeing, dressing, finishing, coating or impregnating textile yarns, fabrics or made up textile articles and machines for applying the paste to the base fabric or other support used in the manufacture of floor coverings such as linoleum; machines for reeling, unreeling, folding, cutting or pinking textile fabrics.",- Drying machines: Each of a dry linen capacity not exceeding 10 kg,"Machinery (other than machines of heading 84.50) for washing, cleaning, wringing, drying, ironing, pressing (including fusing presses), bleaching, dyeing, dressing, finishing, coating or impregnating textile yarns, fabrics or made up textile articles and machines for applying the paste to the base fabric or other support used in the manufacture of floor coverings such as linoleum; machines for reeling, unreeling, folding, cutting or pinking textile fabrics. - Drying machines: Each of a dry linen capacity not exceeding 10 kg",25,Machinery & electronics,,,Official aggregate only: C$27.6B across full measure,https://www.canada.ca/en/department-finance/programs/international-trade-finance-policy/canadas-response-us-tariffs/complete-list-us-products-subject-to-counter-tariffs.html
8451.29.00,"Machinery (other than machines of heading 84.50) for washing, cleaning, wringing, drying, ironing, pressing (including fusing presses), bleaching, dyeing, dressing, finishing, coating or impregnating textile yarns, fabrics or made up textile articles and machines for applying the paste to the base fabric or other support used in the manufacture of floor coverings such as linoleum; machines for reeling, unreeling, folding, cutting or pinking textile fabrics.",- Drying machines: Other,"Machinery (other than machines of heading 84.50) for washing, cleaning, wringing, drying, ironing, pressing (including fusing presses), bleaching, dyeing, dressing, finishing, coating or impregnating textile yarns, fabrics or made up textile articles and machines for applying the paste to the base fabric or other support used in the manufacture of floor coverings such as linoleum; machines for reeling, unreeling, folding, cutting or pinking textile fabrics. - Drying machines: Other",25,Machinery & electronics,,,Official aggregate only: C$27.6B across full measure,https://www.canada.ca/en/department-finance/programs/international-trade-finance-policy/canadas-response-us-tariffs/complete-list-us-products-subject-to-counter-tariffs.html
8467.22.00,"Tools for working in the hand, pneumatic, hydraulic or with self-contained electric or non-electric motor.",- With self-contained electric motor: Saws,"Tools for working in the hand, pneumatic, hydraulic or with self-contained electric or non-electric motor. - With self-contained electric motor: Saws",25,Machinery & electronics,,,Official aggregate only: C$27.6B across full measure,https://www.canada.ca/en/department-finance/programs/international-trade-finance-policy/canadas-response-us-tariffs/complete-list-us-products-subject-to-counter-tariffs.html
8467.29.00,"Tools for working in the hand, pneumatic, hydraulic or with self-contained electric or non-electric motor.",- With self-contained electric motor: Other,"Tools for working in the hand, pneumatic, hydraulic or with self-contained electric or non-electric motor. - With self-contained electric motor: Other",25,Machinery & electronics,,,Official aggregate only: C$27.6B across full measure,https://www.canada.ca/en/department-finance/programs/international-trade-finance-policy/canadas-response-us-tariffs/complete-list-us-products-subject-to-counter-tariffs.html
8467.81.00,"Tools for working in the hand, pneumatic, hydraulic or with self-contained electric or non-electric motor.",- Other tools: Chain saws,"Tools for working in the hand, pneumatic, hydraulic or with self-contained electric or non-electric motor. - Other tools: Chain saws",25,Machinery & electronics,,,Official aggregate only: C$27.6B across full measure,https://www.canada.ca/en/department-finance/programs/international-trade-finance-policy/canadas-response-us-tariffs/complete-list-us-products-subject-to-counter-tariffs.html
8467.89.00,"Tools for working in the hand, pneumatic, hydraulic or with self-contained electric or non-electric motor.",- Other tools: Other,"Tools for working in the hand, pneumatic, hydraulic or with self-contained electric or non-electric motor. - Other tools: Other",25,Machinery & electronics,,,Official aggregate only: C$27.6B across full measure,https://www.canada.ca/en/department-finance/programs/international-trade-finance-policy/canadas-response-us-tariffs/complete-list-us-products-subject-to-counter-tariffs.html
8480.49.00,"Moulding boxes for metal foundry; mould bases; moulding patterns; moulds for metal (other than ingot moulds), metal carbides, glass, mineral materials, rubber or plastics.",- Moulds for metal or metal carbides: Other,"Moulding boxes for metal foundry; mould bases; moulding patterns; moulds for metal (other than ingot moulds), metal carbides, glass, mineral materials, rubber or plastics. - Moulds for metal or metal carbides: Other",15,Machinery & electronics,,,Official aggregate only: C$27.6B across full measure,https://www.canada.ca/en/department-finance/programs/international-trade-finance-policy/canadas-response-us-tariffs/complete-list-us-products-subject-to-counter-tariffs.html
8480.71.00,"Moulding boxes for metal foundry; mould bases; moulding patterns; moulds for metal (other than ingot moulds), metal carbides, glass, mineral materials, rubber or plastics.",- Moulds for rubber or plastics: Injection or compression types,"Moulding boxes for metal foundry; mould bases; moulding patterns; moulds for metal (other than ingot moulds), metal carbides, glass, mineral materials, rubber or plastics. - Moulds for rubber or plastics: Injection or compression types",15,Machinery & electronics,,,Official aggregate only: C$27.6B across full measure,https://www.canada.ca/en/department-finance/programs/international-trade-finance-policy/canadas-response-us-tariffs/complete-list-us-products-subject-to-counter-tariffs.html
8480.79.00,"Moulding boxes for metal foundry; mould bases; moulding patterns; moulds for metal (other than ingot moulds), metal carbides, glass, mineral materials, rubber or plastics.",- Moulds for rubber or plastics: Other,"Moulding boxes for metal foundry; mould bases; moulding patterns; moulds for metal (other than ingot moulds), metal carbides, glass, mineral materials, rubber or plastics. - Moulds for rubber or plastics: Other",15,Machinery & electronics,,,Official aggregate only: C$27.6B across full measure,https://www.canada.ca/en/department-finance/programs/international-trade-finance-policy/canadas-response-us-tariffs/complete-list-us-products-subject-to-counter-tariffs.html
8509.80.10,"Electro-mechanical domestic appliances, with self-contained electric motor, other than vacuum cleaners of heading 85.08.",- Other appliances: Ultrasonic vaporizers,"Electro-mechanical domestic appliances, with self-contained electric motor, other than vacuum cleaners of heading 85.08. - Other appliances: Ultrasonic vaporizers",25,Machinery & electronics,,,Official aggregate only: C$27.6B across full measure,https://www.canada.ca/en/department-finance/programs/international-trade-finance-policy/canadas-response-us-tariffs/complete-list-us-products-subject-to-counter-tariffs.html
8509.80.90,"Electro-mechanical domestic appliances, with self-contained electric motor, other than vacuum cleaners of heading 85.08.",- Other appliances: Other,"Electro-mechanical domestic appliances, with self-contained electric motor, other than vacuum cleaners of heading 85.08. - Other appliances: Other",25,Machinery & electronics,,,Official aggregate only: C$27.6B across full measure,https://www.canada.ca/en/department-finance/programs/international-trade-finance-policy/canadas-response-us-tariffs/complete-list-us-products-subject-to-counter-tariffs.html
8516.60.10,"Electric instantaneous or storage water heaters and immersion heaters; electric space heating apparatus and soil heating apparatus; electro-thermic hair-dressing apparatus (for example, hair dryers, hair curlers, curling tong heaters) and hand dryers; electric smoothing irons; other electro-thermic appliances of a kind used for domestic purposes; electric heating resistors, other than those of heading 85.45.","- Other ovens; cookers, cooking plates, boiling rings, grillers and roasters: Bread makers; Indoor smokeless barbecues; Rice cookers","Electric instantaneous or storage water heaters and immersion heaters; electric space heating apparatus and soil heating apparatus; electro-thermic hair-dressing apparatus (for example, hair dryers, hair curlers, curling tong heaters) and hand dryers; electric smoothing irons; other electro-thermic appliances of a kind used for domestic purposes; electric heating resistors, other than those of heading 85.45. - Other ovens; cookers, cooking plates, boiling rings, grillers and roasters: Bread makers; Indoor smokeless barbecues; Rice cookers",25,Machinery & electronics,,,Official aggregate only: C$27.6B across full measure,https://www.canada.ca/en/department-finance/programs/international-trade-finance-policy/canadas-response-us-tariffs/complete-list-us-products-subject-to-counter-tariffs.html
8516.60.20,"Electric instantaneous or storage water heaters and immersion heaters; electric space heating apparatus and soil heating apparatus; electro-thermic hair-dressing apparatus (for example, hair dryers, hair curlers, curling tong heaters) and hand dryers; electric smoothing irons; other electro-thermic appliances of a kind used for domestic purposes; electric heating resistors, other than those of heading 85.45.","- Other ovens; cookers, cooking plates, boiling rings, grillers and roasters: Ovens, cooking stoves and ranges","Electric instantaneous or storage water heaters and immersion heaters; electric space heating apparatus and soil heating apparatus; electro-thermic hair-dressing apparatus (for example, hair dryers, hair curlers, curling tong heaters) and hand dryers; electric smoothing irons; other electro-thermic appliances of a kind used for domestic purposes; electric heating resistors, other than those of heading 85.45. - Other ovens; cookers, cooking plates, boiling rings, grillers and roasters: Ovens, cooking stoves and ranges",25,Machinery & electronics,,,Official aggregate only: C$27.6B across full measure,https://www.canada.ca/en/department-finance/programs/international-trade-finance-policy/canadas-response-us-tariffs/complete-list-us-products-subject-to-counter-tariffs.html
8516.60.90,"Electric instantaneous or storage water heaters and immersion heaters; electric space heating apparatus and soil heating apparatus; electro-thermic hair-dressing apparatus (for example, hair dryers, hair curlers, curling tong heaters) and hand dryers; electric smoothing irons; other electro-thermic appliances of a kind used for domestic purposes; electric heating resistors, other than those of heading 85.45.","- Other ovens; cookers, cooking plates, boiling rings, grillers and roasters: Other","Electric instantaneous or storage water heaters and immersion heaters; electric space heating apparatus and soil heating apparatus; electro-thermic hair-dressing apparatus (for example, hair dryers, hair curlers, curling tong heaters) and hand dryers; electric smoothing irons; other electro-thermic appliances of a kind used for domestic purposes; electric heating resistors, other than those of heading 85.45. - Other ovens; cookers, cooking plates, boiling rings, grillers and roasters: Other",25,Machinery & electronics,,,Official aggregate only: C$27.6B across full measure,https://www.canada.ca/en/department-finance/programs/international-trade-finance-policy/canadas-response-us-tariffs/complete-list-us-products-subject-to-counter-tariffs.html
8517.13.00,"Telephone sets, including smartphones and other telephones for cellular networks or for other wireless networks; other apparatus for the transmission or reception of voice, images or other data, including apparatus for communication in a wired or wireless network (such as a local or wide area network), other than transmission or reception apparatus of heading 84.43, 85.25, 85.27 or 85.28.","- Telephone sets, including smartphones and other telephones for cellular networks or for other wireless networks: Smartphones","Telephone sets, including smartphones and other telephones for cellular networks or for other wireless networks; other apparatus for the transmission or reception of voice, images or other data, including apparatus for communication in a wired or wireless network (such as a local or wide area network), other than transmission or reception apparatus of heading 84.43, 85.25, 85.27 or 85.28. - Telephone sets, including smartphones and other telephones for cellular networks or for other wireless networks: Smartphones",50,Machinery & electronics,,,Official aggregate only: C$27.6B across full measure,https://www.canada.ca/en/department-finance/programs/international-trade-finance-policy/canadas-response-us-tariffs/complete-list-us-products-subject-to-counter-tariffs.html
8517.62.00,"Telephone sets, including smartphones and other telephones for cellular networks or for other wireless networks; other apparatus for the transmission or reception of voice, images or other data, including apparatus for communication in a wired or wireless network (such as a local or wide area network), other than transmission or reception apparatus of heading 84.43, 85.25, 85.27 or 85.28.","- Other apparatus for transmission or reception of voice, images or other data, including apparatus for communication in a wired or wireless network (such as a local or wide area network): Machines for the reception, conversion and transmission or regeneration of voice, images or other data, including switching and routing apparatus","Telephone sets, including smartphones and other telephones for cellular networks or for other wireless networks; other apparatus for the transmission or reception of voice, images or other data, including apparatus for communication in a wired or wireless network (such as a local or wide area network), other than transmission or reception apparatus of heading 84.43, 85.25, 85.27 or 85.28. - Other apparatus for transmission or reception of voice, images or other data, including apparatus for communication in a wired or wireless network (such as a local or wide area network): Machines for the reception, conversion and transmission or regeneration of voice, images or other data, including switching and routing apparatus",50,Machinery & electronics,,,Official aggregate only: C$27.6B across full measure,https://www.canada.ca/en/department-finance/programs/international-trade-finance-policy/canadas-response-us-tariffs/complete-list-us-products-subject-to-counter-tariffs.html
8528.59.90,"Monitors and projectors, not incorporating television reception apparatus; reception apparatus for television, whether or not incorporating radio-broadcast receivers or sound or video recording or reproducing apparatus.",- Other monitors: Other: Other,"Monitors and projectors, not incorporating television reception apparatus; reception apparatus for television, whether or not incorporating radio-broadcast receivers or sound or video recording or reproducing apparatus. - Other monitors: Other: Other",50,Machinery & electronics,,,Official aggregate only: C$27.6B across full measure,https://www.canada.ca/en/department-finance/programs/international-trade-finance-policy/canadas-response-us-tariffs/complete-list-us-products-subject-to-counter-tariffs.html
8529.90.10,Parts suitable for use solely or principally with the apparatus of headings 85.24 to 85.28.,- Other: Printed circuit assemblies,Parts suitable for use solely or principally with the apparatus of headings 85.24 to 85.28. - Other: Printed circuit assemblies,25,Machinery & electronics,,,Official aggregate only: C$27.6B across full measure,https://www.canada.ca/en/department-finance/programs/international-trade-finance-policy/canadas-response-us-tariffs/complete-list-us-products-subject-to-counter-tariffs.html
8529.90.20,Parts suitable for use solely or principally with the apparatus of headings 85.24 to 85.28.,"- Other: Transceiver assemblies for the goods of subheading 8526.10, not elsewhere specified or included","Parts suitable for use solely or principally with the apparatus of headings 85.24 to 85.28. - Other: Transceiver assemblies for the goods of subheading 8526.10, not elsewhere specified or included",25,Machinery & electronics,,,Official aggregate only: C$27.6B across full measure,https://www.canada.ca/en/department-finance/programs/international-trade-finance-policy/canadas-response-us-tariffs/complete-list-us-products-subject-to-counter-tariffs.html
8529.90.31,Parts suitable for use solely or principally with the apparatus of headings 85.24 to 85.28.,- Other: The following parts of television receivers (including video monitors and video projectors): video intermediate (IF) amplifying and detecting systems; video processing and amplification systems; synchronizing and deflection circuitry; tuners and tuner control systems; and audio detection and amplification systems: Combinations of parts,Parts suitable for use solely or principally with the apparatus of headings 85.24 to 85.28. - Other: The following parts of television receivers (including video monitors and video projectors): video intermediate (IF) amplifying and detecting systems; video processing and amplification systems; synchronizing and deflection circuitry; tuners and tuner control systems; and audio detection and amplification systems: Combinations of parts,25,Machinery & electronics,,,Official aggregate only: C$27.6B across full measure,https://www.canada.ca/en/department-finance/programs/international-trade-finance-policy/canadas-response-us-tariffs/complete-list-us-products-subject-to-counter-tariffs.html
8529.90.39,Parts suitable for use solely or principally with the apparatus of headings 85.24 to 85.28.,- Other: The following parts of television receivers (including video monitors and video projectors): video intermediate (IF) amplifying and detecting systems; video processing and amplification systems; synchronizing and deflection circuitry; tuners and tuner control systems; and audio detection and amplification systems: Other,Parts suitable for use solely or principally with the apparatus of headings 85.24 to 85.28. - Other: The following parts of television receivers (including video monitors and video projectors): video intermediate (IF) amplifying and detecting systems; video processing and amplification systems; synchronizing and deflection circuitry; tuners and tuner control systems; and audio detection and amplification systems: Other,25,Machinery & electronics,,,Official aggregate only: C$27.6B across full measure,https://www.canada.ca/en/department-finance/programs/international-trade-finance-policy/canadas-response-us-tariffs/complete-list-us-products-subject-to-counter-tariffs.html
8529.90.50,Parts suitable for use solely or principally with the apparatus of headings 85.24 to 85.28.,"- Other: Parts, including face plates and lock latches, for printed circuit assemblies","Parts suitable for use solely or principally with the apparatus of headings 85.24 to 85.28. - Other: Parts, including face plates and lock latches, for printed circuit assemblies",25,Machinery & electronics,,,Official aggregate only: C$27.6B across full measure,https://www.canada.ca/en/department-finance/programs/international-trade-finance-policy/canadas-response-us-tariffs/complete-list-us-products-subject-to-counter-tariffs.html
8529.90.60,Parts suitable for use solely or principally with the apparatus of headings 85.24 to 85.28.,"- Other: Other parts of goods of heading 85.25 or 85.27, excluding parts of cellular telephones","Parts suitable for use solely or principally with the apparatus of headings 85.24 to 85.28. - Other: Other parts of goods of heading 85.25 or 85.27, excluding parts of cellular telephones",25,Machinery & electronics,,,Official aggregate only: C$27.6B across full measure,https://www.canada.ca/en/department-finance/programs/international-trade-finance-policy/canadas-response-us-tariffs/complete-list-us-products-subject-to-counter-tariffs.html
8529.90.90,Parts suitable for use solely or principally with the apparatus of headings 85.24 to 85.28.,- Other: Other,Parts suitable for use solely or principally with the apparatus of headings 85.24 to 85.28. - Other: Other,25,Machinery & electronics,,,Official aggregate only: C$27.6B across full measure,https://www.canada.ca/en/department-finance/programs/international-trade-finance-policy/canadas-response-us-tariffs/complete-list-us-products-subject-to-counter-tariffs.html
8544.49.00,"Insulated (including enamelled or anodized) wire, cable (including co-axial cable) and other insulated electric conductors, whether or not fitted with connectors; optical fibre cables, made up of individually sheathed fibres, whether or not assembled with electric conductors or fitted with connectors.","- Other electric conductors, for a voltage not exceeding 1,000 V: Other","Insulated (including enamelled or anodized) wire, cable (including co-axial cable) and other insulated electric conductors, whether or not fitted with connectors; optical fibre cables, made up of individually sheathed fibres, whether or not assembled with electric conductors or fitted with connectors. - Other electric conductors, for a voltage not exceeding 1,000 V: Other",25,Machinery & electronics,,,Official aggregate only: C$27.6B across full measure,https://www.canada.ca/en/department-finance/programs/international-trade-finance-policy/canadas-response-us-tariffs/complete-list-us-products-subject-to-counter-tariffs.html
8601.10.00,Rail locomotives powered from an external source of electricity or by electric accumulators.,- Powered from an external source of electricity,Rail locomotives powered from an external source of electricity or by electric accumulators. - Powered from an external source of electricity,25,Transportation,,,Official aggregate only: C$27.6B across full measure,https://www.canada.ca/en/department-finance/programs/international-trade-finance-policy/canadas-response-us-tariffs/complete-list-us-products-subject-to-counter-tariffs.html
8601.20.00,Rail locomotives powered from an external source of electricity or by electric accumulators.,- Powered by electric accumulators,Rail locomotives powered from an external source of electricity or by electric accumulators. - Powered by electric accumulators,25,Transportation,,,Official aggregate only: C$27.6B across full measure,https://www.canada.ca/en/department-finance/programs/international-trade-finance-policy/canadas-response-us-tariffs/complete-list-us-products-subject-to-counter-tariffs.html
8602.10.00,Other rail locomotives; locomotive tenders.,- Diesel-electric locomotives,Other rail locomotives; locomotive tenders. - Diesel-electric locomotives,25,Transportation,,,Official aggregate only: C$27.6B across full measure,https://www.canada.ca/en/department-finance/programs/international-trade-finance-policy/canadas-response-us-tariffs/complete-list-us-products-subject-to-counter-tariffs.html
8602.90.00,Other rail locomotives; locomotive tenders.,- Other,Other rail locomotives; locomotive tenders. - Other,25,Transportation,,,Official aggregate only: C$27.6B across full measure,https://www.canada.ca/en/department-finance/programs/international-trade-finance-policy/canadas-response-us-tariffs/complete-list-us-products-subject-to-counter-tariffs.html
8603.10.00,"Self-propelled railway or tramway coaches, vans and trucks (cars), other than those of heading 86.04.",- Powered from an external source of electricity,"Self-propelled railway or tramway coaches, vans and trucks (cars), other than those of heading 86.04. - Powered from an external source of electricity",25,Transportation,,,Official aggregate only: C$27.6B across full measure,https://www.canada.ca/en/department-finance/programs/international-trade-finance-policy/canadas-response-us-tariffs/complete-list-us-products-subject-to-counter-tariffs.html
8603.90.00,"Self-propelled railway or tramway coaches, vans and trucks (cars), other than those of heading 86.04.",- Other,"Self-propelled railway or tramway coaches, vans and trucks (cars), other than those of heading 86.04. - Other",25,Transportation,,,Official aggregate only: C$27.6B across full measure,https://www.canada.ca/en/department-finance/programs/international-trade-finance-policy/canadas-response-us-tariffs/complete-list-us-products-subject-to-counter-tariffs.html
8604.00.10,"Railway or tramway maintenance or service vehicles, whether or not self-propelled (for example, workshops, cranes, ballast tampers, trackliners, testing coaches and track inspection vehicles).","- Ballast spreaders; Buggies for transporting work crews and track material trailers, not exceeding 20 tonnes; Combination ballast broom and snow switch cleaners; Manual feed spike drivers for maintenance or production applications; On-track brush cutters; Rail tie spacing machines; Snow plows; Supply push carts; Tie cranes; Track carriage cranes","Railway or tramway maintenance or service vehicles, whether or not self-propelled (for example, workshops, cranes, ballast tampers, trackliners, testing coaches and track inspection vehicles). - Ballast spreaders; Buggies for transporting work crews and track material trailers, not exceeding 20 tonnes; Combination ballast broom and snow switch cleaners; Manual feed spike drivers for maintenance or production applications; On-track brush cutters; Rail tie spacing machines; Snow plows; Supply push carts; Tie cranes; Track carriage cranes",25,Transportation,,,Official aggregate only: C$27.6B across full measure,https://www.canada.ca/en/department-finance/programs/international-trade-finance-policy/canadas-response-us-tariffs/complete-list-us-products-subject-to-counter-tariffs.html
8605.00.00,"Railway or tramway passenger coaches, not self-propelled; luggage vans (baggage cars), post office coaches and other special purpose railway or tramway coaches, not self-propelled (excluding those of heading 86.04).",,"Railway or tramway passenger coaches, not self-propelled; luggage vans (baggage cars), post office coaches and other special purpose railway or tramway coaches, not self-propelled (excluding those of heading 86.04).",25,Transportation,,,Official aggregate only: C$27.6B across full measure,https://www.canada.ca/en/department-finance/programs/international-trade-finance-policy/canadas-response-us-tariffs/complete-list-us-products-subject-to-counter-tariffs.html
8607.11.00,Parts of railway or tramway locomotives or rolling-stock.,"- Bogies, bissel-bogies (truck assemblies), axles and wheels, and parts thereof: Driving bogies and bissel-bogies (truck assemblies)","Parts of railway or tramway locomotives or rolling-stock. - Bogies, bissel-bogies (truck assemblies), axles and wheels, and parts thereof: Driving bogies and bissel-bogies (truck assemblies)",25,Transportation,,,Official aggregate only: C$27.6B across full measure,https://www.canada.ca/en/department-finance/programs/international-trade-finance-policy/canadas-response-us-tariffs/complete-list-us-products-subject-to-counter-tariffs.html
8607.19.19,Parts of railway or tramway locomotives or rolling-stock.,"- Bogies, bissel-bogies (truck assemblies), axles and wheels, and parts thereof: Other, including parts: Axles: Other","Parts of railway or tramway locomotives or rolling-stock. - Bogies, bissel-bogies (truck assemblies), axles and wheels, and parts thereof: Other, including parts: Axles: Other",25,Transportation,,,Official aggregate only: C$27.6B across full measure,https://www.canada.ca/en/department-finance/programs/international-trade-finance-policy/canadas-response-us-tariffs/complete-list-us-products-subject-to-counter-tariffs.html
8607.19.29,Parts of railway or tramway locomotives or rolling-stock.,"- Bogies, bissel-bogies (truck assemblies), axles and wheels, and parts thereof: Other, including parts: Wheels, whether or not fitted with axles: Other","Parts of railway or tramway locomotives or rolling-stock. - Bogies, bissel-bogies (truck assemblies), axles and wheels, and parts thereof: Other, including parts: Wheels, whether or not fitted with axles: Other",25,Transportation,,,Official aggregate only: C$27.6B across full measure,https://www.canada.ca/en/department-finance/programs/international-trade-finance-policy/canadas-response-us-tariffs/complete-list-us-products-subject-to-counter-tariffs.html
8607.21.10,Parts of railway or tramway locomotives or rolling-stock.,"- Brakes and parts thereof: Air brakes and parts thereof: For self-propelled railway vehicles for the transport of passengers, baggage, mail or express traffic; Parts for use in the manufacture of brake systems for subway and rapid transit cars","Parts of railway or tramway locomotives or rolling-stock. - Brakes and parts thereof: Air brakes and parts thereof: For self-propelled railway vehicles for the transport of passengers, baggage, mail or express traffic; Parts for use in the manufacture of brake systems for subway and rapid transit cars",25,Transportation,,,Official aggregate only: C$27.6B across full measure,https://www.canada.ca/en/department-finance/programs/international-trade-finance-policy/canadas-response-us-tariffs/complete-list-us-products-subject-to-counter-tariffs.html
8607.30.10,Parts of railway or tramway locomotives or rolling-stock.,"- Hooks and other coupling devices, buffers, and parts thereof: For self-propelled railway vehicles for the transport of passengers, baggage, mail or express traffic; For use in the repair of tramway vehicles (excluding subway cars) with magnetic track brakes; Parts for use in the manufacture of hydraulic cushioning devices (buffers) for railway rolling-stock","Parts of railway or tramway locomotives or rolling-stock. - Hooks and other coupling devices, buffers, and parts thereof: For self-propelled railway vehicles for the transport of passengers, baggage, mail or express traffic; For use in the repair of tramway vehicles (excluding subway cars) with magnetic track brakes; Parts for use in the manufacture of hydraulic cushioning devices (buffers) for railway rolling-stock",25,Transportation,,,Official aggregate only: C$27.6B across full measure,https://www.canada.ca/en/department-finance/programs/international-trade-finance-policy/canadas-response-us-tariffs/complete-list-us-products-subject-to-counter-tariffs.html
8607.91.00,Parts of railway or tramway locomotives or rolling-stock.,- Other: Of locomotives,Parts of railway or tramway locomotives or rolling-stock. - Other: Of locomotives,25,Transportation,,,Official aggregate only: C$27.6B across full measure,https://www.canada.ca/en/department-finance/programs/international-trade-finance-policy/canadas-response-us-tariffs/complete-list-us-products-subject-to-counter-tariffs.html
8607.99.11,Parts of railway or tramway locomotives or rolling-stock.,"- Other: Other: Of self-propelled rolling-stock: For use in the repair of tramway vehicles (excluding subway cars) with magnetic track brakes; Of the vehicles of heading 86.04; Of railway vehicles for the transport of passengers, baggage, mail or express traffic","Parts of railway or tramway locomotives or rolling-stock. - Other: Other: Of self-propelled rolling-stock: For use in the repair of tramway vehicles (excluding subway cars) with magnetic track brakes; Of the vehicles of heading 86.04; Of railway vehicles for the transport of passengers, baggage, mail or express traffic",25,Transportation,,,Official aggregate only: C$27.6B across full measure,https://www.canada.ca/en/department-finance/programs/international-trade-finance-policy/canadas-response-us-tariffs/complete-list-us-products-subject-to-counter-tariffs.html
8609.00.10,Containers (including containers for the transport of fluids) specially designed and equipped for carriage by one or more modes of transport.,"- Reusable, specially designed to be employed in the transportation of motor vehicle components which are free of customs duties, presented with the goods therein","Containers (including containers for the transport of fluids) specially designed and equipped for carriage by one or more modes of transport. - Reusable, specially designed to be employed in the transportation of motor vehicle components which are free of customs duties, presented with the goods therein",25,Transportation,,,Official aggregate only: C$27.6B across full measure,https://www.canada.ca/en/department-finance/programs/international-trade-finance-policy/canadas-response-us-tariffs/complete-list-us-products-subject-to-counter-tariffs.html
8703.22.00,"Motor cars and other motor vehicles principally designed for the transport of persons (other than those of heading 87.02), including station wagons and racing cars.","- Other vehicles, with only spark-ignition internal combustion piston engine: Of a cylinder capacity exceeding 1,000 cc but not exceeding 1,500 cc","Motor cars and other motor vehicles principally designed for the transport of persons (other than those of heading 87.02), including station wagons and racing cars. - Other vehicles, with only spark-ignition internal combustion piston engine: Of a cylinder capacity exceeding 1,000 cc but not exceeding 1,500 cc",25,Transportation,,,Official aggregate only: C$27.6B across full measure,https://www.canada.ca/en/department-finance/programs/international-trade-finance-policy/canadas-response-us-tariffs/complete-list-us-products-subject-to-counter-tariffs.html
8703.23.00,"Motor cars and other motor vehicles principally designed for the transport of persons (other than those of heading 87.02), including station wagons and racing cars.","- Other vehicles, with only spark-ignition internal combustion piston engine: Of a cylinder capacity exceeding 1,500 cc but not exceeding 3,000 cc","Motor cars and other motor vehicles principally designed for the transport of persons (other than those of heading 87.02), including station wagons and racing cars. - Other vehicles, with only spark-ignition internal combustion piston engine: Of a cylinder capacity exceeding 1,500 cc but not exceeding 3,000 cc",25,Transportation,,,Official aggregate only: C$27.6B across full measure,https://www.canada.ca/en/department-finance/programs/international-trade-finance-policy/canadas-response-us-tariffs/complete-list-us-products-subject-to-counter-tariffs.html
8703.24.00,"Motor cars and other motor vehicles principally designed for the transport of persons (other than those of heading 87.02), including station wagons and racing cars.","- Other vehicles, with only spark-ignition internal combustion piston engine: Of a cylinder capacity exceeding 3,000 cc","Motor cars and other motor vehicles principally designed for the transport of persons (other than those of heading 87.02), including station wagons and racing cars. - Other vehicles, with only spark-ignition internal combustion piston engine: Of a cylinder capacity exceeding 3,000 cc",25,Transportation,,,Official aggregate only: C$27.6B across full measure,https://www.canada.ca/en/department-finance/programs/international-trade-finance-policy/canadas-response-us-tariffs/complete-list-us-products-subject-to-counter-tariffs.html
8703.31.00,"Motor cars and other motor vehicles principally designed for the transport of persons (other than those of heading 87.02), including station wagons and racing cars.","- Other vehicles, with only compression-ignition internal combustion piston engine (diesel or semi-diesel): Of a cylinder capacity not exceeding 1,500 cc","Motor cars and other motor vehicles principally designed for the transport of persons (other than those of heading 87.02), including station wagons and racing cars. - Other vehicles, with only compression-ignition internal combustion piston engine (diesel or semi-diesel): Of a cylinder capacity not exceeding 1,500 cc",25,Transportation,,,Official aggregate only: C$27.6B across full measure,https://www.canada.ca/en/department-finance/programs/international-trade-finance-policy/canadas-response-us-tariffs/complete-list-us-products-subject-to-counter-tariffs.html
8703.32.00,"Motor cars and other motor vehicles principally designed for the transport of persons (other than those of heading 87.02), including station wagons and racing cars.","- Other vehicles, with only compression-ignition internal combustion piston engine (diesel or semi-diesel): Of a cylinder capacity exceeding 1,500 cc but not exceeding 2,500 cc","Motor cars and other motor vehicles principally designed for the transport of persons (other than those of heading 87.02), including station wagons and racing cars. - Other vehicles, with only compression-ignition internal combustion piston engine (diesel or semi-diesel): Of a cylinder capacity exceeding 1,500 cc but not exceeding 2,500 cc",25,Transportation,,,Official aggregate only: C$27.6B across full measure,https://www.canada.ca/en/department-finance/programs/international-trade-finance-policy/canadas-response-us-tariffs/complete-list-us-products-subject-to-counter-tariffs.html
8703.33.00,"Motor cars and other motor vehicles principally designed for the transport of persons (other than those of heading 87.02), including station wagons and racing cars.","- Other vehicles, with only compression-ignition internal combustion piston engine (diesel or semi-diesel): Of a cylinder capacity exceeding 2,500 cc","Motor cars and other motor vehicles principally designed for the transport of persons (other than those of heading 87.02), including station wagons and racing cars. - Other vehicles, with only compression-ignition internal combustion piston engine (diesel or semi-diesel): Of a cylinder capacity exceeding 2,500 cc",25,Transportation,,,Official aggregate only: C$27.6B across full measure,https://www.canada.ca/en/department-finance/programs/international-trade-finance-policy/canadas-response-us-tariffs/complete-list-us-products-subject-to-counter-tariffs.html
8703.40.10,"Motor cars and other motor vehicles principally designed for the transport of persons (other than those of heading 87.02), including station wagons and racing cars.","- Other vehicles, with both spark-ignition internal combustion piston engine and electric motor as motors for propulsion, other than those capable of being charged by plugging to external source of electric power: Of a cylinder capacity not exceeding 1,000 cc","Motor cars and other motor vehicles principally designed for the transport of persons (other than those of heading 87.02), including station wagons and racing cars. - Other vehicles, with both spark-ignition internal combustion piston engine and electric motor as motors for propulsion, other than those capable of being charged by plugging to external source of electric power: Of a cylinder capacity not exceeding 1,000 cc",25,Transportation,,,Official aggregate only: C$27.6B across full measure,https://www.canada.ca/en/department-finance/programs/international-trade-finance-policy/canadas-response-us-tariffs/complete-list-us-products-subject-to-counter-tariffs.html
8703.40.90,"Motor cars and other motor vehicles principally designed for the transport of persons (other than those of heading 87.02), including station wagons and racing cars.","- Other vehicles, with both spark-ignition internal combustion piston engine and electric motor as motors for propulsion, other than those capable of being charged by plugging to external source of electric power: Other","Motor cars and other motor vehicles principally designed for the transport of persons (other than those of heading 87.02), including station wagons and racing cars. - Other vehicles, with both spark-ignition internal combustion piston engine and electric motor as motors for propulsion, other than those capable of being charged by plugging to external source of electric power: Other",25,Transportation,,,Official aggregate only: C$27.6B across full measure,https://www.canada.ca/en/department-finance/programs/international-trade-finance-policy/canadas-response-us-tariffs/complete-list-us-products-subject-to-counter-tariffs.html
8703.50.00,"Motor cars and other motor vehicles principally designed for the transport of persons (other than those of heading 87.02), including station wagons and racing cars.","- Other vehicles, with both compression-ignition internal combustion piston engine (diesel or semi-diesel) and electric motor as motors for propulsion, other than those capable of being charged by plugging to external source of electric power","Motor cars and other motor vehicles principally designed for the transport of persons (other than those of heading 87.02), including station wagons and racing cars. - Other vehicles, with both compression-ignition internal combustion piston engine (diesel or semi-diesel) and electric motor as motors for propulsion, other than those capable of being charged by plugging to external source of electric power",25,Transportation,,,Official aggregate only: C$27.6B across full measure,https://www.canada.ca/en/department-finance/programs/international-trade-finance-policy/canadas-response-us-tariffs/complete-list-us-products-subject-to-counter-tariffs.html
8703.60.10,"Motor cars and other motor vehicles principally designed for the transport of persons (other than those of heading 87.02), including station wagons and racing cars.","- Other vehicles, with both spark-ignition internal combustion piston engine and electric motor as motors for propulsion, capable of being charged by plugging to external source of electric power: Of a cylinder capacity not exceeding 1,000 cc","Motor cars and other motor vehicles principally designed for the transport of persons (other than those of heading 87.02), including station wagons and racing cars. - Other vehicles, with both spark-ignition internal combustion piston engine and electric motor as motors for propulsion, capable of being charged by plugging to external source of electric power: Of a cylinder capacity not exceeding 1,000 cc",25,Transportation,,,Official aggregate only: C$27.6B across full measure,https://www.canada.ca/en/department-finance/programs/international-trade-finance-policy/canadas-response-us-tariffs/complete-list-us-products-subject-to-counter-tariffs.html
8703.60.90,"Motor cars and other motor vehicles principally designed for the transport of persons (other than those of heading 87.02), including station wagons and racing cars.","- Other vehicles, with both spark-ignition internal combustion piston engine and electric motor as motors for propulsion, capable of being charged by plugging to external source of electric power: Other","Motor cars and other motor vehicles principally designed for the transport of persons (other than those of heading 87.02), including station wagons and racing cars. - Other vehicles, with both spark-ignition internal combustion piston engine and electric motor as motors for propulsion, capable of being charged by plugging to external source of electric power: Other",25,Transportation,,,Official aggregate only: C$27.6B across full measure,https://www.canada.ca/en/department-finance/programs/international-trade-finance-policy/canadas-response-us-tariffs/complete-list-us-products-subject-to-counter-tariffs.html
8703.70.00,"Motor cars and other motor vehicles principally designed for the transport of persons (other than those of heading 87.02), including station wagons and racing cars.","- Other vehicles, with both compression-ignition internal combustion piston engine (diesel or semi-diesel) and electric motor as motors for propulsion, capable of being charged by plugging to external source of electric power","Motor cars and other motor vehicles principally designed for the transport of persons (other than those of heading 87.02), including station wagons and racing cars. - Other vehicles, with both compression-ignition internal combustion piston engine (diesel or semi-diesel) and electric motor as motors for propulsion, capable of being charged by plugging to external source of electric power",25,Transportation,,,Official aggregate only: C$27.6B across full measure,https://www.canada.ca/en/department-finance/programs/international-trade-finance-policy/canadas-response-us-tariffs/complete-list-us-products-subject-to-counter-tariffs.html
8703.80.00,"Motor cars and other motor vehicles principally designed for the transport of persons (other than those of heading 87.02), including station wagons and racing cars.","- Other vehicles, with only electric motor for propulsion","Motor cars and other motor vehicles principally designed for the transport of persons (other than those of heading 87.02), including station wagons and racing cars. - Other vehicles, with only electric motor for propulsion",25,Transportation,,,Official aggregate only: C$27.6B across full measure,https://www.canada.ca/en/department-finance/programs/international-trade-finance-policy/canadas-response-us-tariffs/complete-list-us-products-subject-to-counter-tariffs.html
8703.90.00,"Motor cars and other motor vehicles principally designed for the transport of persons (other than those of heading 87.02), including station wagons and racing cars.",- Other,"Motor cars and other motor vehicles principally designed for the transport of persons (other than those of heading 87.02), including station wagons and racing cars. - Other",25,Transportation,,,Official aggregate only: C$27.6B across full measure,https://www.canada.ca/en/department-finance/programs/international-trade-finance-policy/canadas-response-us-tariffs/complete-list-us-products-subject-to-counter-tariffs.html
8704.21.90,Motor vehicles for the transport of goods.,"- Other, with only compression-ignition internal combustion piston engine (diesel or semi-diesel): g.v.w. not exceeding 5 tonnes: Other","Motor vehicles for the transport of goods. - Other, with only compression-ignition internal combustion piston engine (diesel or semi-diesel): g.v.w. not exceeding 5 tonnes: Other",25,Transportation,,,Official aggregate only: C$27.6B across full measure,https://www.canada.ca/en/department-finance/programs/international-trade-finance-policy/canadas-response-us-tariffs/complete-list-us-products-subject-to-counter-tariffs.html
8704.31.00,Motor vehicles for the transport of goods.,"- Other, with only spark-ignition internal combustion piston engine: g.v.w. not exceeding 5 tonnes","Motor vehicles for the transport of goods. - Other, with only spark-ignition internal combustion piston engine: g.v.w. not exceeding 5 tonnes",25,Transportation,,,Official aggregate only: C$27.6B across full measure,https://www.canada.ca/en/department-finance/programs/international-trade-finance-policy/canadas-response-us-tariffs/complete-list-us-products-subject-to-counter-tariffs.html
8704.41.90,Motor vehicles for the transport of goods.,"- Other, with both compression-ignition internal combustion piston engine (diesel or semi-diesel) and electric motor as motors for propulsion: g.v.w. not exceeding 5 tonnes: Other","Motor vehicles for the transport of goods. - Other, with both compression-ignition internal combustion piston engine (diesel or semi-diesel) and electric motor as motors for propulsion: g.v.w. not exceeding 5 tonnes: Other",25,Transportation,,,Official aggregate only: C$27.6B across full measure,https://www.canada.ca/en/department-finance/programs/international-trade-finance-policy/canadas-response-us-tariffs/complete-list-us-products-subject-to-counter-tariffs.html
8704.51.00,Motor vehicles for the transport of goods.,"- Other, with both spark-ignition internal combustion piston engine and electric motor as motors for propulsion: g.v.w. not exceeding 5 tonnes","Motor vehicles for the transport of goods. - Other, with both spark-ignition internal combustion piston engine and electric motor as motors for propulsion: g.v.w. not exceeding 5 tonnes",25,Transportation,,,Official aggregate only: C$27.6B across full measure,https://www.canada.ca/en/department-finance/programs/international-trade-finance-policy/canadas-response-us-tariffs/complete-list-us-products-subject-to-counter-tariffs.html
8704.60.00,Motor vehicles for the transport of goods.,- Other with only electric motor for propulsion,Motor vehicles for the transport of goods. - Other with only electric motor for propulsion,25,Transportation,,,Official aggregate only: C$27.6B across full measure,https://www.canada.ca/en/department-finance/programs/international-trade-finance-policy/canadas-response-us-tariffs/complete-list-us-products-subject-to-counter-tariffs.html
8711.50.00,"Motorcycles (including mopeds) and cycles fitted with an auxiliary motor, with or without side-cars; side-cars.",- With internal combustion piston engine of a cylinder capacity exceeding 800 cc,"Motorcycles (including mopeds) and cycles fitted with an auxiliary motor, with or without side-cars; side-cars. - With internal combustion piston engine of a cylinder capacity exceeding 800 cc",50,Transportation,,,Official aggregate only: C$27.6B across full measure,https://www.canada.ca/en/department-finance/programs/international-trade-finance-policy/canadas-response-us-tariffs/complete-list-us-products-subject-to-counter-tariffs.html
8716.39.10,"Trailers and semi-trailers; other vehicles, not mechanically propelled; parts thereof.",- Other trailers and semi-trailers for the transport of goods: Other: Aluminum construction drop-centre livestock trailers having a g.v.w. of 11.778 tonnes or more and a length exceeding 12 m,"Trailers and semi-trailers; other vehicles, not mechanically propelled; parts thereof. - Other trailers and semi-trailers for the transport of goods: Other: Aluminum construction drop-centre livestock trailers having a g.v.w. of 11.778 tonnes or more and a length exceeding 12 m",25,Transportation,,,Official aggregate only: C$27.6B across full measure,https://www.canada.ca/en/department-finance/programs/international-trade-finance-policy/canadas-response-us-tariffs/complete-list-us-products-subject-to-counter-tariffs.html
8716.39.20,"Trailers and semi-trailers; other vehicles, not mechanically propelled; parts thereof.","- Other trailers and semi-trailers for the transport of goods: Other: Farm, logging or freight wagons; Trailers for self-propelled logging trucks of heading 87.04","Trailers and semi-trailers; other vehicles, not mechanically propelled; parts thereof. - Other trailers and semi-trailers for the transport of goods: Other: Farm, logging or freight wagons; Trailers for self-propelled logging trucks of heading 87.04",25,Transportation,,,Official aggregate only: C$27.6B across full measure,https://www.canada.ca/en/department-finance/programs/international-trade-finance-policy/canadas-response-us-tariffs/complete-list-us-products-subject-to-counter-tariffs.html
8716.39.30,"Trailers and semi-trailers; other vehicles, not mechanically propelled; parts thereof.","- Other trailers and semi-trailers for the transport of goods: Other: Trailers and semi-trailers for road tractors or for motor vehicles for the transport of goods (excluding non-commercial snowmobile, utility, boat or horse trailers and trailers for use as permanent mountings for machinery or equipment)","Trailers and semi-trailers; other vehicles, not mechanically propelled; parts thereof. - Other trailers and semi-trailers for the transport of goods: Other: Trailers and semi-trailers for road tractors or for motor vehicles for the transport of goods (excluding non-commercial snowmobile, utility, boat or horse trailers and trailers for use as permanent mountings for machinery or equipment)",25,Transportation,,,Official aggregate only: C$27.6B across full measure,https://www.canada.ca/en/department-finance/programs/international-trade-finance-policy/canadas-response-us-tariffs/complete-list-us-products-subject-to-counter-tariffs.html
8716.39.90,"Trailers and semi-trailers; other vehicles, not mechanically propelled; parts thereof.",- Other trailers and semi-trailers for the transport of goods: Other: Other,"Trailers and semi-trailers; other vehicles, not mechanically propelled; parts thereof. - Other trailers and semi-trailers for the transport of goods: Other: Other",25,Transportation,,,Official aggregate only: C$27.6B across full measure,https://www.canada.ca/en/department-finance/programs/international-trade-finance-policy/canadas-response-us-tariffs/complete-list-us-products-subject-to-counter-tariffs.html
9401.39.10,"Seats (other than those of heading 94.02), whether or not convertible into beds, and parts thereof.",- Swivel seats with variable height adjustment: Other: For domestic purposes,"Seats (other than those of heading 94.02), whether or not convertible into beds, and parts thereof. - Swivel seats with variable height adjustment: Other: For domestic purposes",50,Furniture & lighting,,,Official aggregate only: C$27.6B across full measure,https://www.canada.ca/en/department-finance/programs/international-trade-finance-policy/canadas-response-us-tariffs/complete-list-us-products-subject-to-counter-tariffs.html
9401.39.90,"Seats (other than those of heading 94.02), whether or not convertible into beds, and parts thereof.",- Swivel seats with variable height adjustment: Other: Other,"Seats (other than those of heading 94.02), whether or not convertible into beds, and parts thereof. - Swivel seats with variable height adjustment: Other: Other",50,Furniture & lighting,,,Official aggregate only: C$27.6B across full measure,https://www.canada.ca/en/department-finance/programs/international-trade-finance-policy/canadas-response-us-tariffs/complete-list-us-products-subject-to-counter-tariffs.html
9401.61.10,"Seats (other than those of heading 94.02), whether or not convertible into beds, and parts thereof.","- Other seats, with wooden frames: Upholstered: For domestic purposes","Seats (other than those of heading 94.02), whether or not convertible into beds, and parts thereof. - Other seats, with wooden frames: Upholstered: For domestic purposes",25,Furniture & lighting,,,Official aggregate only: C$27.6B across full measure,https://www.canada.ca/en/department-finance/programs/international-trade-finance-policy/canadas-response-us-tariffs/complete-list-us-products-subject-to-counter-tariffs.html
9401.61.90,"Seats (other than those of heading 94.02), whether or not convertible into beds, and parts thereof.","- Other seats, with wooden frames: Upholstered: Other","Seats (other than those of heading 94.02), whether or not convertible into beds, and parts thereof. - Other seats, with wooden frames: Upholstered: Other",25,Furniture & lighting,,,Official aggregate only: C$27.6B across full measure,https://www.canada.ca/en/department-finance/programs/international-trade-finance-policy/canadas-response-us-tariffs/complete-list-us-products-subject-to-counter-tariffs.html
9401.69.10,"Seats (other than those of heading 94.02), whether or not convertible into beds, and parts thereof.","- Other seats, with wooden frames: Other: For domestic purposes","Seats (other than those of heading 94.02), whether or not convertible into beds, and parts thereof. - Other seats, with wooden frames: Other: For domestic purposes",50,Furniture & lighting,,,Official aggregate only: C$27.6B across full measure,https://www.canada.ca/en/department-finance/programs/international-trade-finance-policy/canadas-response-us-tariffs/complete-list-us-products-subject-to-counter-tariffs.html
9401.69.90,"Seats (other than those of heading 94.02), whether or not convertible into beds, and parts thereof.","- Other seats, with wooden frames: Other: Other","Seats (other than those of heading 94.02), whether or not convertible into beds, and parts thereof. - Other seats, with wooden frames: Other: Other",50,Furniture & lighting,,,Official aggregate only: C$27.6B across full measure,https://www.canada.ca/en/department-finance/programs/international-trade-finance-policy/canadas-response-us-tariffs/complete-list-us-products-subject-to-counter-tariffs.html
9401.71.10,"Seats (other than those of heading 94.02), whether or not convertible into beds, and parts thereof.","- Other seats, with metal frames: Upholstered: For domestic purposes","Seats (other than those of heading 94.02), whether or not convertible into beds, and parts thereof. - Other seats, with metal frames: Upholstered: For domestic purposes",50,Furniture & lighting,,,Official aggregate only: C$27.6B across full measure,https://www.canada.ca/en/department-finance/programs/international-trade-finance-policy/canadas-response-us-tariffs/complete-list-us-products-subject-to-counter-tariffs.html
9401.71.90,"Seats (other than those of heading 94.02), whether or not convertible into beds, and parts thereof.","- Other seats, with metal frames: Upholstered: Other","Seats (other than those of heading 94.02), whether or not convertible into beds, and parts thereof. - Other seats, with metal frames: Upholstered: Other",50,Furniture & lighting,,,Official aggregate only: C$27.6B across full measure,https://www.canada.ca/en/department-finance/programs/international-trade-finance-policy/canadas-response-us-tariffs/complete-list-us-products-subject-to-counter-tariffs.html
9401.79.10,"Seats (other than those of heading 94.02), whether or not convertible into beds, and parts thereof.","- Other seats, with metal frames: Other: For domestic purposes","Seats (other than those of heading 94.02), whether or not convertible into beds, and parts thereof. - Other seats, with metal frames: Other: For domestic purposes",50,Furniture & lighting,,,Official aggregate only: C$27.6B across full measure,https://www.canada.ca/en/department-finance/programs/international-trade-finance-policy/canadas-response-us-tariffs/complete-list-us-products-subject-to-counter-tariffs.html
9401.79.90,"Seats (other than those of heading 94.02), whether or not convertible into beds, and parts thereof.","- Other seats, with metal frames: Other: Other","Seats (other than those of heading 94.02), whether or not convertible into beds, and parts thereof. - Other seats, with metal frames: Other: Other",50,Furniture & lighting,,,Official aggregate only: C$27.6B across full measure,https://www.canada.ca/en/department-finance/programs/international-trade-finance-policy/canadas-response-us-tariffs/complete-list-us-products-subject-to-counter-tariffs.html
9403.20.00,Other furniture and parts thereof.,- Other metal furniture,Other furniture and parts thereof. - Other metal furniture,50,Furniture & lighting,,,Official aggregate only: C$27.6B across full measure,https://www.canada.ca/en/department-finance/programs/international-trade-finance-policy/canadas-response-us-tariffs/complete-list-us-products-subject-to-counter-tariffs.html
9403.40.00,Other furniture and parts thereof.,- Wooden furniture of a kind used in the kitchen,Other furniture and parts thereof. - Wooden furniture of a kind used in the kitchen,25,Furniture & lighting,,,Official aggregate only: C$27.6B across full measure,https://www.canada.ca/en/department-finance/programs/international-trade-finance-policy/canadas-response-us-tariffs/complete-list-us-products-subject-to-counter-tariffs.html
9403.50.00,Other furniture and parts thereof.,- Wooden furniture of a kind used in the bedroom,Other furniture and parts thereof. - Wooden furniture of a kind used in the bedroom,50,Furniture & lighting,,,Official aggregate only: C$27.6B across full measure,https://www.canada.ca/en/department-finance/programs/international-trade-finance-policy/canadas-response-us-tariffs/complete-list-us-products-subject-to-counter-tariffs.html
9403.60.10,Other furniture and parts thereof.,- Other wooden furniture: For domestic purposes,Other furniture and parts thereof. - Other wooden furniture: For domestic purposes,50,Furniture & lighting,,,Official aggregate only: C$27.6B across full measure,https://www.canada.ca/en/department-finance/programs/international-trade-finance-policy/canadas-response-us-tariffs/complete-list-us-products-subject-to-counter-tariffs.html
9403.60.90,Other furniture and parts thereof.,- Other wooden furniture: Other,Other furniture and parts thereof. - Other wooden furniture: Other,50,Furniture & lighting,,,Official aggregate only: C$27.6B across full measure,https://www.canada.ca/en/department-finance/programs/international-trade-finance-policy/canadas-response-us-tariffs/complete-list-us-products-subject-to-counter-tariffs.html
9403.70.10,Other furniture and parts thereof.,- Furniture of plastics: For domestic purposes,Other furniture and parts thereof. - Furniture of plastics: For domestic purposes,50,Furniture & lighting,,,Official aggregate only: C$27.6B across full measure,https://www.canada.ca/en/department-finance/programs/international-trade-finance-policy/canadas-response-us-tariffs/complete-list-us-products-subject-to-counter-tariffs.html
9403.70.90,Other furniture and parts thereof.,- Furniture of plastics: Other,Other furniture and parts thereof. - Furniture of plastics: Other,50,Furniture & lighting,,,Official aggregate only: C$27.6B across full measure,https://www.canada.ca/en/department-finance/programs/international-trade-finance-policy/canadas-response-us-tariffs/complete-list-us-products-subject-to-counter-tariffs.html
9403.91.00,Other furniture and parts thereof.,- Parts: Of wood,Other furniture and parts thereof. - Parts: Of wood,25,Furniture & lighting,,,Official aggregate only: C$27.6B across full measure,https://www.canada.ca/en/department-finance/programs/international-trade-finance-policy/canadas-response-us-tariffs/complete-list-us-products-subject-to-counter-tariffs.html
9405.11.00,"Luminaires and lighting fittings including searchlights and spotlights and parts thereof, not elsewhere specified or included; illuminated signs, illuminated name-plates and the like, having a permanently fixed light source, and parts thereof not elsewhere specified or included.","- Chandeliers and other electric ceiling or wall lighting fittings, excluding those of a kind used for lighting public open spaces or thoroughfares: Designed for use solely with light-emitting diode (LED) light sources","Luminaires and lighting fittings including searchlights and spotlights and parts thereof, not elsewhere specified or included; illuminated signs, illuminated name-plates and the like, having a permanently fixed light source, and parts thereof not elsewhere specified or included. - Chandeliers and other electric ceiling or wall lighting fittings, excluding those of a kind used for lighting public open spaces or thoroughfares: Designed for use solely with light-emitting diode (LED) light sources",50,Furniture & lighting,,,Official aggregate only: C$27.6B across full measure,https://www.canada.ca/en/department-finance/programs/international-trade-finance-policy/canadas-response-us-tariffs/complete-list-us-products-subject-to-counter-tariffs.html
9405.42.10,"Luminaires and lighting fittings including searchlights and spotlights and parts thereof, not elsewhere specified or included; illuminated signs, illuminated name-plates and the like, having a permanently fixed light source, and parts thereof not elsewhere specified or included.","- Other electric luminaires and lighting fittings: Other, designed for use solely with light-emitting diode (LED) light sources: Motion picture or theatrical spotlights","Luminaires and lighting fittings including searchlights and spotlights and parts thereof, not elsewhere specified or included; illuminated signs, illuminated name-plates and the like, having a permanently fixed light source, and parts thereof not elsewhere specified or included. - Other electric luminaires and lighting fittings: Other, designed for use solely with light-emitting diode (LED) light sources: Motion picture or theatrical spotlights",50,Furniture & lighting,,,Official aggregate only: C$27.6B across full measure,https://www.canada.ca/en/department-finance/programs/international-trade-finance-policy/canadas-response-us-tariffs/complete-list-us-products-subject-to-counter-tariffs.html
9405.42.90,"Luminaires and lighting fittings including searchlights and spotlights and parts thereof, not elsewhere specified or included; illuminated signs, illuminated name-plates and the like, having a permanently fixed light source, and parts thereof not elsewhere specified or included.","- Other electric luminaires and lighting fittings: Other, designed for use solely with light-emitting diode (LED) light sources: Other","Luminaires and lighting fittings including searchlights and spotlights and parts thereof, not elsewhere specified or included; illuminated signs, illuminated name-plates and the like, having a permanently fixed light source, and parts thereof not elsewhere specified or included. - Other electric luminaires and lighting fittings: Other, designed for use solely with light-emitting diode (LED) light sources: Other",50,Furniture & lighting,,,Official aggregate only: C$27.6B across full measure,https://www.canada.ca/en/department-finance/programs/international-trade-finance-policy/canadas-response-us-tariffs/complete-list-us-products-subject-to-counter-tariffs.html
9405.99.00,"Luminaires and lighting fittings including searchlights and spotlights and parts thereof, not elsewhere specified or included; illuminated signs, illuminated name-plates and the like, having a permanently fixed light source, and parts thereof not elsewhere specified or included.",- Parts: Other,"Luminaires and lighting fittings including searchlights and spotlights and parts thereof, not elsewhere specified or included; illuminated signs, illuminated name-plates and the like, having a permanently fixed light source, and parts thereof not elsewhere specified or included. - Parts: Other",50,Furniture & lighting,,,Official aggregate only: C$27.6B across full measure,https://www.canada.ca/en/department-finance/programs/international-trade-finance-policy/canadas-response-us-tariffs/complete-list-us-products-subject-to-counter-tariffs.html
9504.50.00,"Video game consoles and machines, table or parlour games, including pintables, billiards, special tables for casino games and automatic bowling equipment, amusement machines operated by coins, bank notes, bank cards, tokens or by any other means of payment.","- Video game consoles and machines, other than those of subheading 9504.30","Video game consoles and machines, table or parlour games, including pintables, billiards, special tables for casino games and automatic bowling equipment, amusement machines operated by coins, bank notes, bank cards, tokens or by any other means of payment. - Video game consoles and machines, other than those of subheading 9504.30",50,"Sports, recreation & toys",,,Official aggregate only: C$27.6B across full measure,https://www.canada.ca/en/department-finance/programs/international-trade-finance-policy/canadas-response-us-tariffs/complete-list-us-products-subject-to-counter-tariffs.html
9506.39.00,"Articles and equipment for general physical exercise, gymnastics, athletics, other sports (including table-tennis) or outdoor games, not specified or included elsewhere in this Chapter; swimming pools and paddling pools.",- Golf clubs and other golf equipment: Other,"Articles and equipment for general physical exercise, gymnastics, athletics, other sports (including table-tennis) or outdoor games, not specified or included elsewhere in this Chapter; swimming pools and paddling pools. - Golf clubs and other golf equipment: Other",50,"Sports, recreation & toys",,,Official aggregate only: C$27.6B across full measure,https://www.canada.ca/en/department-finance/programs/international-trade-finance-policy/canadas-response-us-tariffs/complete-list-us-products-subject-to-counter-tariffs.html
9506.91.00,"Articles and equipment for general physical exercise, gymnastics, athletics, other sports (including table-tennis) or outdoor games, not specified or included elsewhere in this Chapter; swimming pools and paddling pools.","- Other: Articles and equipment for general physical exercise, gymnastics or athletics","Articles and equipment for general physical exercise, gymnastics, athletics, other sports (including table-tennis) or outdoor games, not specified or included elsewhere in this Chapter; swimming pools and paddling pools. - Other: Articles and equipment for general physical exercise, gymnastics or athletics",50,"Sports, recreation & toys",,,Official aggregate only: C$27.6B across full measure,https://www.canada.ca/en/department-finance/programs/international-trade-finance-policy/canadas-response-us-tariffs/complete-list-us-products-subject-to-counter-tariffs.html
9506.99.00,"Articles and equipment for general physical exercise, gymnastics, athletics, other sports (including table-tennis) or outdoor games, not specified or included elsewhere in this Chapter; swimming pools and paddling pools.",- Other: Other,"Articles and equipment for general physical exercise, gymnastics, athletics, other sports (including table-tennis) or outdoor games, not specified or included elsewhere in this Chapter; swimming pools and paddling pools. - Other: Other",50,"Sports, recreation & toys",,,Official aggregate only: C$27.6B across full measure,https://www.canada.ca/en/department-finance/programs/international-trade-finance-policy/canadas-response-us-tariffs/complete-list-us-products-subject-to-counter-tariffs.html
9507.10.90,"Fishing rods, fish-hooks and other line fishing tackle; fish landing nets, butterfly nets and similar nets; decoy ""birds"" (other than those of heading 92.08 or 97.05) and similar hunting or shooting requisites.",- Fishing rods: Other,"Fishing rods, fish-hooks and other line fishing tackle; fish landing nets, butterfly nets and similar nets; decoy ""birds"" (other than those of heading 92.08 or 97.05) and similar hunting or shooting requisites. - Fishing rods: Other",50,"Sports, recreation & toys",,,Official aggregate only: C$27.6B across full measure,https://www.canada.ca/en/department-finance/programs/international-trade-finance-policy/canadas-response-us-tariffs/complete-list-us-products-subject-to-counter-tariffs.html
2203.00.00,Beer made from malt.,Beer made from malt.,Beer made from malt.,25,Alcoholic beverages,,,"Original March 2025 countermeasures (25% tranche) — not part of the Sept 8, 2026 dollar-for-dollar list",https://www.canada.ca/en/department-finance/programs/international-trade-finance-policy/canadas-response-us-tariffs/complete-list-us-products-subject-to-counter-tariffs.html
2204.10.10,Sparkling wine - Of an alcoholic strength by volume not exceeding 22.9% vol,Sparkling wine - Of an alcoholic strength by volume not exceeding 22.9% vol,Sparkling wine - Of an alcoholic strength by volume not exceeding 22.9% vol,25,Alcoholic beverages,,,"Original March 2025 countermeasures (25% tranche) — not part of the Sept 8, 2026 dollar-for-dollar list",https://www.canada.ca/en/department-finance/programs/international-trade-finance-policy/canadas-response-us-tariffs/complete-list-us-products-subject-to-counter-tariffs.html
2204.10.90,Sparkling wine - Other,Sparkling wine - Other,Sparkling wine - Other,25,Alcoholic beverages,,,"Original March 2025 countermeasures (25% tranche) — not part of the Sept 8, 2026 dollar-for-dollar list",https://www.canada.ca/en/department-finance/programs/international-trade-finance-policy/canadas-response-us-tariffs/complete-list-us-products-subject-to-counter-tariffs.html
2204.21.10,"Other wine; grape must with fermentation prevented or arrested by the addition of alcohol: In containers holding 2 litres or less - Wine, of an alcoholic strength by volume not exceeding 13.7% vol","Other wine; grape must with fermentation prevented or arrested by the addition of alcohol: In containers holding 2 litres or less - Wine, of an alcoholic strength by volume not exceeding 13.7% vol","Other wine; grape must with fermentation prevented or arrested by the addition of alcohol: In containers holding 2 litres or less - Wine, of an alcoholic strength by volume not exceeding 13.7% vol",25,Alcoholic beverages,,,"Original March 2025 countermeasures (25% tranche) — not part of the Sept 8, 2026 dollar-for-dollar list",https://www.canada.ca/en/department-finance/programs/international-trade-finance-policy/canadas-response-us-tariffs/complete-list-us-products-subject-to-counter-tariffs.html
2204.21.21,"Other wine; grape must with fermentation prevented or arrested by the addition of alcohol: In containers holding 2 litres or less - Wine, of an alcoholic strength by volume exceeding 13.7% vol but not exceeding 21.9%: Of an alcoholic strength by volume not exceeding 14.9% vol","Other wine; grape must with fermentation prevented or arrested by the addition of alcohol: In containers holding 2 litres or less - Wine, of an alcoholic strength by volume exceeding 13.7% vol but not exceeding 21.9%: Of an alcoholic strength by volume not exceeding 14.9% vol","Other wine; grape must with fermentation prevented or arrested by the addition of alcohol: In containers holding 2 litres or less - Wine, of an alcoholic strength by volume exceeding 13.7% vol but not exceeding 21.9%: Of an alcoholic strength by volume not exceeding 14.9% vol",25,Alcoholic beverages,,,"Original March 2025 countermeasures (25% tranche) — not part of the Sept 8, 2026 dollar-for-dollar list",https://www.canada.ca/en/department-finance/programs/international-trade-finance-policy/canadas-response-us-tariffs/complete-list-us-products-subject-to-counter-tariffs.html
2204.21.22,"Other wine; grape must with fermentation prevented or arrested by the addition of alcohol: In containers holding 2 litres or less - Wine, of an alcoholic strength by volume exceeding 13.7% vol but not exceeding 21.9%: Of an alcoholic strength by volume exceeding 14.9% vol but not exceeding 15.9% vol","Other wine; grape must with fermentation prevented or arrested by the addition of alcohol: In containers holding 2 litres or less - Wine, of an alcoholic strength by volume exceeding 13.7% vol but not exceeding 21.9%: Of an alcoholic strength by volume exceeding 14.9% vol but not exceeding 15.9% vol","Other wine; grape must with fermentation prevented or arrested by the addition of alcohol: In containers holding 2 litres or less - Wine, of an alcoholic strength by volume exceeding 13.7% vol but not exceeding 21.9%: Of an alcoholic strength by volume exceeding 14.9% vol but not exceeding 15.9% vol",25,Alcoholic beverages,,,"Original March 2025 countermeasures (25% tranche) — not part of the Sept 8, 2026 dollar-for-dollar list",https://www.canada.ca/en/department-finance/programs/international-trade-finance-policy/canadas-response-us-tariffs/complete-list-us-products-subject-to-counter-tariffs.html
2204.21.23,"Other wine; grape must with fermentation prevented or arrested by the addition of alcohol: In containers holding 2 litres or less - Wine, of an alcoholic strength by volume exceeding 13.7% vol but not exceeding 21.9%: Of an alcoholic strength by volume exceeding 15.9% vol but not exceeding 16.9% vol","Other wine; grape must with fermentation prevented or arrested by the addition of alcohol: In containers holding 2 litres or less - Wine, of an alcoholic strength by volume exceeding 13.7% vol but not exceeding 21.9%: Of an alcoholic strength by volume exceeding 15.9% vol but not exceeding 16.9% vol","Other wine; grape must with fermentation prevented or arrested by the addition of alcohol: In containers holding 2 litres or less - Wine, of an alcoholic strength by volume exceeding 13.7% vol but not exceeding 21.9%: Of an alcoholic strength by volume exceeding 15.9% vol but not exceeding 16.9% vol",25,Alcoholic beverages,,,"Original March 2025 countermeasures (25% tranche) — not part of the Sept 8, 2026 dollar-for-dollar list",https://www.canada.ca/en/department-finance/programs/international-trade-finance-policy/canadas-response-us-tariffs/complete-list-us-products-subject-to-counter-tariffs.html
2204.21.24,"Other wine; grape must with fermentation prevented or arrested by the addition of alcohol: In containers holding 2 litres or less - Wine, of an alcoholic strength by volume exceeding 13.7% vol but not exceeding 21.9%: Of an alcoholic strength by volume exceeding 16.9% vol but not exceeding 17.9% vol","Other wine; grape must with fermentation prevented or arrested by the addition of alcohol: In containers holding 2 litres or less - Wine, of an alcoholic strength by volume exceeding 13.7% vol but not exceeding 21.9%: Of an alcoholic strength by volume exceeding 16.9% vol but not exceeding 17.9% vol","Other wine; grape must with fermentation prevented or arrested by the addition of alcohol: In containers holding 2 litres or less - Wine, of an alcoholic strength by volume exceeding 13.7% vol but not exceeding 21.9%: Of an alcoholic strength by volume exceeding 16.9% vol but not exceeding 17.9% vol",25,Alcoholic beverages,,,"Original March 2025 countermeasures (25% tranche) — not part of the Sept 8, 2026 dollar-for-dollar list",https://www.canada.ca/en/department-finance/programs/international-trade-finance-policy/canadas-response-us-tariffs/complete-list-us-products-subject-to-counter-tariffs.html
2204.21.25,"Other wine; grape must with fermentation prevented or arrested by the addition of alcohol: In containers holding 2 litres or less - Wine, of an alcoholic strength by volume exceeding 13.7% vol but not exceeding 21.9%: Of an alcoholic strength by volume exceeding 17.9% vol but not exceeding 18.9% vol","Other wine; grape must with fermentation prevented or arrested by the addition of alcohol: In containers holding 2 litres or less - Wine, of an alcoholic strength by volume exceeding 13.7% vol but not exceeding 21.9%: Of an alcoholic strength by volume exceeding 17.9% vol but not exceeding 18.9% vol","Other wine; grape must with fermentation prevented or arrested by the addition of alcohol: In containers holding 2 litres or less - Wine, of an alcoholic strength by volume exceeding 13.7% vol but not exceeding 21.9%: Of an alcoholic strength by volume exceeding 17.9% vol but not exceeding 18.9% vol",25,Alcoholic beverages,,,"Original March 2025 countermeasures (25% tranche) — not part of the Sept 8, 2026 dollar-for-dollar list",https://www.canada.ca/en/department-finance/programs/international-trade-finance-policy/canadas-response-us-tariffs/complete-list-us-products-subject-to-counter-tariffs.html
2204.21.26,"Other wine; grape must with fermentation prevented or arrested by the addition of alcohol: In containers holding 2 litres or less - Wine, of an alcoholic strength by volume exceeding 13.7% vol but not exceeding 21.9%: Of an alcoholic strength by volume exceeding 18.9% vol but not exceeding 19.9% vol","Other wine; grape must with fermentation prevented or arrested by the addition of alcohol: In containers holding 2 litres or less - Wine, of an alcoholic strength by volume exceeding 13.7% vol but not exceeding 21.9%: Of an alcoholic strength by volume exceeding 18.9% vol but not exceeding 19.9% vol","Other wine; grape must with fermentation prevented or arrested by the addition of alcohol: In containers holding 2 litres or less - Wine, of an alcoholic strength by volume exceeding 13.7% vol but not exceeding 21.9%: Of an alcoholic strength by volume exceeding 18.9% vol but not exceeding 19.9% vol",25,Alcoholic beverages,,,"Original March 2025 countermeasures (25% tranche) — not part of the Sept 8, 2026 dollar-for-dollar list",https://www.canada.ca/en/department-finance/programs/international-trade-finance-policy/canadas-response-us-tariffs/complete-list-us-products-subject-to-counter-tariffs.html
2204.21.27,"Other wine; grape must with fermentation prevented or arrested by the addition of alcohol: In containers holding 2 litres or less - Wine, of an alcoholic strength by volume exceeding 13.7% vol but not exceeding 21.9%: Of an alcoholic strength by volume exceeding 19.9% vol but not exceeding 20.9% vol","Other wine; grape must with fermentation prevented or arrested by the addition of alcohol: In containers holding 2 litres or less - Wine, of an alcoholic strength by volume exceeding 13.7% vol but not exceeding 21.9%: Of an alcoholic strength by volume exceeding 19.9% vol but not exceeding 20.9% vol","Other wine; grape must with fermentation prevented or arrested by the addition of alcohol: In containers holding 2 litres or less - Wine, of an alcoholic strength by volume exceeding 13.7% vol but not exceeding 21.9%: Of an alcoholic strength by volume exceeding 19.9% vol but not exceeding 20.9% vol",25,Alcoholic beverages,,,"Original March 2025 countermeasures (25% tranche) — not part of the Sept 8, 2026 dollar-for-dollar list",https://www.canada.ca/en/department-finance/programs/international-trade-finance-policy/canadas-response-us-tariffs/complete-list-us-products-subject-to-counter-tariffs.html
2204.21.28,"Other wine; grape must with fermentation prevented or arrested by the addition of alcohol: In containers holding 2 litres or less - Wine, of an alcoholic strength by volume exceeding 13.7% vol but not exceeding 21.9%: Of an alcoholic strength by volume exceeding 20.9% vol but not exceeding 21.9% vol","Other wine; grape must with fermentation prevented or arrested by the addition of alcohol: In containers holding 2 litres or less - Wine, of an alcoholic strength by volume exceeding 13.7% vol but not exceeding 21.9%: Of an alcoholic strength by volume exceeding 20.9% vol but not exceeding 21.9% vol","Other wine; grape must with fermentation prevented or arrested by the addition of alcohol: In containers holding 2 litres or less - Wine, of an alcoholic strength by volume exceeding 13.7% vol but not exceeding 21.9%: Of an alcoholic strength by volume exceeding 20.9% vol but not exceeding 21.9% vol",25,Alcoholic beverages,,,"Original March 2025 countermeasures (25% tranche) — not part of the Sept 8, 2026 dollar-for-dollar list",https://www.canada.ca/en/department-finance/programs/international-trade-finance-policy/canadas-response-us-tariffs/complete-list-us-products-subject-to-counter-tariffs.html
2204.21.31,"Other wine; grape must with fermentation prevented or arrested by the addition of alcohol: In containers holding 2 litres or less - Wine, of an alcoholic strength by volume exceeding 21.9% vol: Of an alcoholic strength by volume exceeding 21.9% vol but not exceeding 22.9% vol","Other wine; grape must with fermentation prevented or arrested by the addition of alcohol: In containers holding 2 litres or less - Wine, of an alcoholic strength by volume exceeding 21.9% vol: Of an alcoholic strength by volume exceeding 21.9% vol but not exceeding 22.9% vol","Other wine; grape must with fermentation prevented or arrested by the addition of alcohol: In containers holding 2 litres or less - Wine, of an alcoholic strength by volume exceeding 21.9% vol: Of an alcoholic strength by volume exceeding 21.9% vol but not exceeding 22.9% vol",25,Alcoholic beverages,,,"Original March 2025 countermeasures (25% tranche) — not part of the Sept 8, 2026 dollar-for-dollar list",https://www.canada.ca/en/department-finance/programs/international-trade-finance-policy/canadas-response-us-tariffs/complete-list-us-products-subject-to-counter-tariffs.html
2204.21.32,"Other wine; grape must with fermentation prevented or arrested by the addition of alcohol: In containers holding 2 litres or less - Wine, of an alcoholic strength by volume exceeding 21.9% vol: Of an alcoholic strength by volume exceeding 22.9% vol","Other wine; grape must with fermentation prevented or arrested by the addition of alcohol: In containers holding 2 litres or less - Wine, of an alcoholic strength by volume exceeding 21.9% vol: Of an alcoholic strength by volume exceeding 22.9% vol","Other wine; grape must with fermentation prevented or arrested by the addition of alcohol: In containers holding 2 litres or less - Wine, of an alcoholic strength by volume exceeding 21.9% vol: Of an alcoholic strength by volume exceeding 22.9% vol",25,Alcoholic beverages,,,"Original March 2025 countermeasures (25% tranche) — not part of the Sept 8, 2026 dollar-for-dollar list",https://www.canada.ca/en/department-finance/programs/international-trade-finance-policy/canadas-response-us-tariffs/complete-list-us-products-subject-to-counter-tariffs.html
2204.21.41,Other wine; grape must with fermentation prevented or arrested by the addition of alcohol: In containers holding 2 litres or less - Grape must with fermentation prevented or arrested by the addition of alcohol: Of an alcoholic strength by volume not exceeding 22.9% vol,Other wine; grape must with fermentation prevented or arrested by the addition of alcohol: In containers holding 2 litres or less - Grape must with fermentation prevented or arrested by the addition of alcohol: Of an alcoholic strength by volume not exceeding 22.9% vol,Other wine; grape must with fermentation prevented or arrested by the addition of alcohol: In containers holding 2 litres or less - Grape must with fermentation prevented or arrested by the addition of alcohol: Of an alcoholic strength by volume not exceeding 22.9% vol,25,Alcoholic beverages,,,"Original March 2025 countermeasures (25% tranche) — not part of the Sept 8, 2026 dollar-for-dollar list",https://www.canada.ca/en/department-finance/programs/international-trade-finance-policy/canadas-response-us-tariffs/complete-list-us-products-subject-to-counter-tariffs.html
2204.21.49,Other wine; grape must with fermentation prevented or arrested by the addition of alcohol: In containers holding 2 litres or less - Grape must with fermentation prevented or arrested by the addition of alcohol: Other,Other wine; grape must with fermentation prevented or arrested by the addition of alcohol: In containers holding 2 litres or less - Grape must with fermentation prevented or arrested by the addition of alcohol: Other,Other wine; grape must with fermentation prevented or arrested by the addition of alcohol: In containers holding 2 litres or less - Grape must with fermentation prevented or arrested by the addition of alcohol: Other,25,Alcoholic beverages,,,"Original March 2025 countermeasures (25% tranche) — not part of the Sept 8, 2026 dollar-for-dollar list",https://www.canada.ca/en/department-finance/programs/international-trade-finance-policy/canadas-response-us-tariffs/complete-list-us-products-subject-to-counter-tariffs.html
2204.22.10,"Other wine; grape must with fermentation prevented or arrested by the addition of alcohol: In containers holding more than 2 litres but not more than 10 litres - Wine, of an alcoholic strength by volume not exceeding 13.7% vol","Other wine; grape must with fermentation prevented or arrested by the addition of alcohol: In containers holding more than 2 litres but not more than 10 litres - Wine, of an alcoholic strength by volume not exceeding 13.7% vol","Other wine; grape must with fermentation prevented or arrested by the addition of alcohol: In containers holding more than 2 litres but not more than 10 litres - Wine, of an alcoholic strength by volume not exceeding 13.7% vol",25,Alcoholic beverages,,,"Original March 2025 countermeasures (25% tranche) — not part of the Sept 8, 2026 dollar-for-dollar list",https://www.canada.ca/en/department-finance/programs/international-trade-finance-policy/canadas-response-us-tariffs/complete-list-us-products-subject-to-counter-tariffs.html
2204.22.21,"Other wine; grape must with fermentation prevented or arrested by the addition of alcohol: In containers holding more than 2 litres but not more than 10 litres - Wine, of an alcoholic strength by volume exceeding 13.7% vol but not exceeding 21.9% vol: Of an alcoholic strength by volume not exceeding 14.9% vol","Other wine; grape must with fermentation prevented or arrested by the addition of alcohol: In containers holding more than 2 litres but not more than 10 litres - Wine, of an alcoholic strength by volume exceeding 13.7% vol but not exceeding 21.9% vol: Of an alcoholic strength by volume not exceeding 14.9% vol","Other wine; grape must with fermentation prevented or arrested by the addition of alcohol: In containers holding more than 2 litres but not more than 10 litres - Wine, of an alcoholic strength by volume exceeding 13.7% vol but not exceeding 21.9% vol: Of an alcoholic strength by volume not exceeding 14.9% vol",25,Alcoholic beverages,,,"Original March 2025 countermeasures (25% tranche) — not part of the Sept 8, 2026 dollar-for-dollar list",https://www.canada.ca/en/department-finance/programs/international-trade-finance-policy/canadas-response-us-tariffs/complete-list-us-products-subject-to-counter-tariffs.html
2204.22.22,"Other wine; grape must with fermentation prevented or arrested by the addition of alcohol: In containers holding more than 2 litres but not more than 10 litres - Wine, of an alcoholic strength by volume exceeding 13.7% vol but not exceeding 21.9% vol: Of an alcoholic strength by volume exceeding 14.9% vol but not exceeding 15.9% vol","Other wine; grape must with fermentation prevented or arrested by the addition of alcohol: In containers holding more than 2 litres but not more than 10 litres - Wine, of an alcoholic strength by volume exceeding 13.7% vol but not exceeding 21.9% vol: Of an alcoholic strength by volume exceeding 14.9% vol but not exceeding 15.9% vol","Other wine; grape must with fermentation prevented or arrested by the addition of alcohol: In containers holding more than 2 litres but not more than 10 litres - Wine, of an alcoholic strength by volume exceeding 13.7% vol but not exceeding 21.9% vol: Of an alcoholic strength by volume exceeding 14.9% vol but not exceeding 15.9% vol",25,Alcoholic beverages,,,"Original March 2025 countermeasures (25% tranche) — not part of the Sept 8, 2026 dollar-for-dollar list",https://www.canada.ca/en/department-finance/programs/international-trade-finance-policy/canadas-response-us-tariffs/complete-list-us-products-subject-to-counter-tariffs.html
2204.22.23,"Other wine; grape must with fermentation prevented or arrested by the addition of alcohol: In containers holding more than 2 litres but not more than 10 litres - Wine, of an alcoholic strength by volume exceeding 13.7% vol but not exceeding 21.9% vol: Of an alcoholic strength by volume exceeding 15.9% vol but not exceeding 16.9% vol","Other wine; grape must with fermentation prevented or arrested by the addition of alcohol: In containers holding more than 2 litres but not more than 10 litres - Wine, of an alcoholic strength by volume exceeding 13.7% vol but not exceeding 21.9% vol: Of an alcoholic strength by volume exceeding 15.9% vol but not exceeding 16.9% vol","Other wine; grape must with fermentation prevented or arrested by the addition of alcohol: In containers holding more than 2 litres but not more than 10 litres - Wine, of an alcoholic strength by volume exceeding 13.7% vol but not exceeding 21.9% vol: Of an alcoholic strength by volume exceeding 15.9% vol but not exceeding 16.9% vol",25,Alcoholic beverages,,,"Original March 2025 countermeasures (25% tranche) — not part of the Sept 8, 2026 dollar-for-dollar list",https://www.canada.ca/en/department-finance/programs/international-trade-finance-policy/canadas-response-us-tariffs/complete-list-us-products-subject-to-counter-tariffs.html
2204.22.24,"Other wine; grape must with fermentation prevented or arrested by the addition of alcohol: In containers holding more than 2 litres but not more than 10 litres - Wine, of an alcoholic strength by volume exceeding 13.7% vol but not exceeding 21.9% vol: Of an alcoholic strength by volume exceeding 16.9% vol but not exceeding 17.9% vol","Other wine; grape must with fermentation prevented or arrested by the addition of alcohol: In containers holding more than 2 litres but not more than 10 litres - Wine, of an alcoholic strength by volume exceeding 13.7% vol but not exceeding 21.9% vol: Of an alcoholic strength by volume exceeding 16.9% vol but not exceeding 17.9% vol","Other wine; grape must with fermentation prevented or arrested by the addition of alcohol: In containers holding more than 2 litres but not more than 10 litres - Wine, of an alcoholic strength by volume exceeding 13.7% vol but not exceeding 21.9% vol: Of an alcoholic strength by volume exceeding 16.9% vol but not exceeding 17.9% vol",25,Alcoholic beverages,,,"Original March 2025 countermeasures (25% tranche) — not part of the Sept 8, 2026 dollar-for-dollar list",https://www.canada.ca/en/department-finance/programs/international-trade-finance-policy/canadas-response-us-tariffs/complete-list-us-products-subject-to-counter-tariffs.html
2204.22.25,"Other wine; grape must with fermentation prevented or arrested by the addition of alcohol: In containers holding more than 2 litres but not more than 10 litres - Wine, of an alcoholic strength by volume exceeding 13.7% vol but not exceeding 21.9% vol: Of an alcoholic strength by volume exceeding 17.9% vol but not exceeding 18.9% vol","Other wine; grape must with fermentation prevented or arrested by the addition of alcohol: In containers holding more than 2 litres but not more than 10 litres - Wine, of an alcoholic strength by volume exceeding 13.7% vol but not exceeding 21.9% vol: Of an alcoholic strength by volume exceeding 17.9% vol but not exceeding 18.9% vol","Other wine; grape must with fermentation prevented or arrested by the addition of alcohol: In containers holding more than 2 litres but not more than 10 litres - Wine, of an alcoholic strength by volume exceeding 13.7% vol but not exceeding 21.9% vol: Of an alcoholic strength by volume exceeding 17.9% vol but not exceeding 18.9% vol",25,Alcoholic beverages,,,"Original March 2025 countermeasures (25% tranche) — not part of the Sept 8, 2026 dollar-for-dollar list",https://www.canada.ca/en/department-finance/programs/international-trade-finance-policy/canadas-response-us-tariffs/complete-list-us-products-subject-to-counter-tariffs.html
2204.22.26,"Other wine; grape must with fermentation prevented or arrested by the addition of alcohol: In containers holding more than 2 litres but not more than 10 litres - Wine, of an alcoholic strength by volume exceeding 13.7% vol but not exceeding 21.9% vol: Of an alcoholic strength by volume exceeding 18.9% vol but not exceeding 19.9% vol","Other wine; grape must with fermentation prevented or arrested by the addition of alcohol: In containers holding more than 2 litres but not more than 10 litres - Wine, of an alcoholic strength by volume exceeding 13.7% vol but not exceeding 21.9% vol: Of an alcoholic strength by volume exceeding 18.9% vol but not exceeding 19.9% vol","Other wine; grape must with fermentation prevented or arrested by the addition of alcohol: In containers holding more than 2 litres but not more than 10 litres - Wine, of an alcoholic strength by volume exceeding 13.7% vol but not exceeding 21.9% vol: Of an alcoholic strength by volume exceeding 18.9% vol but not exceeding 19.9% vol",25,Alcoholic beverages,,,"Original March 2025 countermeasures (25% tranche) — not part of the Sept 8, 2026 dollar-for-dollar list",https://www.canada.ca/en/department-finance/programs/international-trade-finance-policy/canadas-response-us-tariffs/complete-list-us-products-subject-to-counter-tariffs.html
2204.22.27,"Other wine; grape must with fermentation prevented or arrested by the addition of alcohol: In containers holding more than 2 litres but not more than 10 litres - Wine, of an alcoholic strength by volume exceeding 13.7% vol but not exceeding 21.9% vol: Of an alcoholic strength by volume exceeding 19.9% vol but not exceeding 20.9% vol","Other wine; grape must with fermentation prevented or arrested by the addition of alcohol: In containers holding more than 2 litres but not more than 10 litres - Wine, of an alcoholic strength by volume exceeding 13.7% vol but not exceeding 21.9% vol: Of an alcoholic strength by volume exceeding 19.9% vol but not exceeding 20.9% vol","Other wine; grape must with fermentation prevented or arrested by the addition of alcohol: In containers holding more than 2 litres but not more than 10 litres - Wine, of an alcoholic strength by volume exceeding 13.7% vol but not exceeding 21.9% vol: Of an alcoholic strength by volume exceeding 19.9% vol but not exceeding 20.9% vol",25,Alcoholic beverages,,,"Original March 2025 countermeasures (25% tranche) — not part of the Sept 8, 2026 dollar-for-dollar list",https://www.canada.ca/en/department-finance/programs/international-trade-finance-policy/canadas-response-us-tariffs/complete-list-us-products-subject-to-counter-tariffs.html
2204.22.28,"Other wine; grape must with fermentation prevented or arrested by the addition of alcohol: In containers holding more than 2 litres but not more than 10 litres - Wine, of an alcoholic strength by volume exceeding 13.7% vol but not exceeding 21.9% vol: Of an alcoholic strength by volume exceeding 20.9% vol but not exceeding 21.9% vol","Other wine; grape must with fermentation prevented or arrested by the addition of alcohol: In containers holding more than 2 litres but not more than 10 litres - Wine, of an alcoholic strength by volume exceeding 13.7% vol but not exceeding 21.9% vol: Of an alcoholic strength by volume exceeding 20.9% vol but not exceeding 21.9% vol","Other wine; grape must with fermentation prevented or arrested by the addition of alcohol: In containers holding more than 2 litres but not more than 10 litres - Wine, of an alcoholic strength by volume exceeding 13.7% vol but not exceeding 21.9% vol: Of an alcoholic strength by volume exceeding 20.9% vol but not exceeding 21.9% vol",25,Alcoholic beverages,,,"Original March 2025 countermeasures (25% tranche) — not part of the Sept 8, 2026 dollar-for-dollar list",https://www.canada.ca/en/department-finance/programs/international-trade-finance-policy/canadas-response-us-tariffs/complete-list-us-products-subject-to-counter-tariffs.html
2204.22.31,"Other wine; grape must with fermentation prevented or arrested by the addition of alcohol: In containers holding more than 2 litres but not more than 10 litres - Wine, of an alcoholic strength by volume exceeding 21.9% vol: Of an alcoholic strength by volume exceeding 21.9% vol but not exceeding 22.9% vol","Other wine; grape must with fermentation prevented or arrested by the addition of alcohol: In containers holding more than 2 litres but not more than 10 litres - Wine, of an alcoholic strength by volume exceeding 21.9% vol: Of an alcoholic strength by volume exceeding 21.9% vol but not exceeding 22.9% vol","Other wine; grape must with fermentation prevented or arrested by the addition of alcohol: In containers holding more than 2 litres but not more than 10 litres - Wine, of an alcoholic strength by volume exceeding 21.9% vol: Of an alcoholic strength by volume exceeding 21.9% vol but not exceeding 22.9% vol",25,Alcoholic beverages,,,"Original March 2025 countermeasures (25% tranche) — not part of the Sept 8, 2026 dollar-for-dollar list",https://www.canada.ca/en/department-finance/programs/international-trade-finance-policy/canadas-response-us-tariffs/complete-list-us-products-subject-to-counter-tariffs.html
2204.22.32,"Other wine; grape must with fermentation prevented or arrested by the addition of alcohol: In containers holding more than 2 litres but not more than 10 litres - Wine, of an alcoholic strength by volume exceeding 21.9% vol: Of an alcoholic strength by volume exceeding 22.9% vol","Other wine; grape must with fermentation prevented or arrested by the addition of alcohol: In containers holding more than 2 litres but not more than 10 litres - Wine, of an alcoholic strength by volume exceeding 21.9% vol: Of an alcoholic strength by volume exceeding 22.9% vol","Other wine; grape must with fermentation prevented or arrested by the addition of alcohol: In containers holding more than 2 litres but not more than 10 litres - Wine, of an alcoholic strength by volume exceeding 21.9% vol: Of an alcoholic strength by volume exceeding 22.9% vol",25,Alcoholic beverages,,,"Original March 2025 countermeasures (25% tranche) — not part of the Sept 8, 2026 dollar-for-dollar list",https://www.canada.ca/en/department-finance/programs/international-trade-finance-policy/canadas-response-us-tariffs/complete-list-us-products-subject-to-counter-tariffs.html
2204.22.41,Other wine; grape must with fermentation prevented or arrested by the addition of alcohol: In containers holding more than 2 litres but not more than 10 litres - Grape must with fermentation prevented or arrested by the addition of alcohol: Of an alcoholic strength by volume not exceeding 22.9% vol,Other wine; grape must with fermentation prevented or arrested by the addition of alcohol: In containers holding more than 2 litres but not more than 10 litres - Grape must with fermentation prevented or arrested by the addition of alcohol: Of an alcoholic strength by volume not exceeding 22.9% vol,Other wine; grape must with fermentation prevented or arrested by the addition of alcohol: In containers holding more than 2 litres but not more than 10 litres - Grape must with fermentation prevented or arrested by the addition of alcohol: Of an alcoholic strength by volume not exceeding 22.9% vol,25,Alcoholic beverages,,,"Original March 2025 countermeasures (25% tranche) — not part of the Sept 8, 2026 dollar-for-dollar list",https://www.canada.ca/en/department-finance/programs/international-trade-finance-policy/canadas-response-us-tariffs/complete-list-us-products-subject-to-counter-tariffs.html
2204.22.49,Other wine; grape must with fermentation prevented or arrested by the addition of alcohol: In containers holding more than 2 litres but not more than 10 litres - Grape must with fermentation prevented or arrested by the addition of alcohol: Other,Other wine; grape must with fermentation prevented or arrested by the addition of alcohol: In containers holding more than 2 litres but not more than 10 litres - Grape must with fermentation prevented or arrested by the addition of alcohol: Other,Other wine; grape must with fermentation prevented or arrested by the addition of alcohol: In containers holding more than 2 litres but not more than 10 litres - Grape must with fermentation prevented or arrested by the addition of alcohol: Other,25,Alcoholic beverages,,,"Original March 2025 countermeasures (25% tranche) — not part of the Sept 8, 2026 dollar-for-dollar list",https://www.canada.ca/en/department-finance/programs/international-trade-finance-policy/canadas-response-us-tariffs/complete-list-us-products-subject-to-counter-tariffs.html
2204.29.10,"Other wine; grape must with fermentation prevented or arrested by the addition of alcohol: Other - Wine, of an alcoholic strength by volume not exceeding 13.7% vol","Other wine; grape must with fermentation prevented or arrested by the addition of alcohol: Other - Wine, of an alcoholic strength by volume not exceeding 13.7% vol","Other wine; grape must with fermentation prevented or arrested by the addition of alcohol: Other - Wine, of an alcoholic strength by volume not exceeding 13.7% vol",25,Alcoholic beverages,,,"Original March 2025 countermeasures (25% tranche) — not part of the Sept 8, 2026 dollar-for-dollar list",https://www.canada.ca/en/department-finance/programs/international-trade-finance-policy/canadas-response-us-tariffs/complete-list-us-products-subject-to-counter-tariffs.html
2204.29.21,"Other wine; grape must with fermentation prevented or arrested by the addition of alcohol: Other - Wine, of an alcoholic strength by volume exceeding 13.7% vol but not exceeding 21.9% vol: Of an alcoholic strength by volume not exceeding 14.9% vol","Other wine; grape must with fermentation prevented or arrested by the addition of alcohol: Other - Wine, of an alcoholic strength by volume exceeding 13.7% vol but not exceeding 21.9% vol: Of an alcoholic strength by volume not exceeding 14.9% vol","Other wine; grape must with fermentation prevented or arrested by the addition of alcohol: Other - Wine, of an alcoholic strength by volume exceeding 13.7% vol but not exceeding 21.9% vol: Of an alcoholic strength by volume not exceeding 14.9% vol",25,Alcoholic beverages,,,"Original March 2025 countermeasures (25% tranche) — not part of the Sept 8, 2026 dollar-for-dollar list",https://www.canada.ca/en/department-finance/programs/international-trade-finance-policy/canadas-response-us-tariffs/complete-list-us-products-subject-to-counter-tariffs.html
2204.29.22,"Other wine; grape must with fermentation prevented or arrested by the addition of alcohol: Other - Wine, of an alcoholic strength by volume exceeding 13.7% vol but not exceeding 21.9% vol: Of an alcoholic strength by volume exceeding 14.9% vol but not exceeding 15.9% vol","Other wine; grape must with fermentation prevented or arrested by the addition of alcohol: Other - Wine, of an alcoholic strength by volume exceeding 13.7% vol but not exceeding 21.9% vol: Of an alcoholic strength by volume exceeding 14.9% vol but not exceeding 15.9% vol","Other wine; grape must with fermentation prevented or arrested by the addition of alcohol: Other - Wine, of an alcoholic strength by volume exceeding 13.7% vol but not exceeding 21.9% vol: Of an alcoholic strength by volume exceeding 14.9% vol but not exceeding 15.9% vol",25,Alcoholic beverages,,,"Original March 2025 countermeasures (25% tranche) — not part of the Sept 8, 2026 dollar-for-dollar list",https://www.canada.ca/en/department-finance/programs/international-trade-finance-policy/canadas-response-us-tariffs/complete-list-us-products-subject-to-counter-tariffs.html
2204.29.23,"Other wine; grape must with fermentation prevented or arrested by the addition of alcohol: Other - Wine, of an alcoholic strength by volume exceeding 13.7% vol but not exceeding 21.9% vol: Of an alcoholic strength by volume exceeding 15.9% vol but not exceeding 16.9% vol","Other wine; grape must with fermentation prevented or arrested by the addition of alcohol: Other - Wine, of an alcoholic strength by volume exceeding 13.7% vol but not exceeding 21.9% vol: Of an alcoholic strength by volume exceeding 15.9% vol but not exceeding 16.9% vol","Other wine; grape must with fermentation prevented or arrested by the addition of alcohol: Other - Wine, of an alcoholic strength by volume exceeding 13.7% vol but not exceeding 21.9% vol: Of an alcoholic strength by volume exceeding 15.9% vol but not exceeding 16.9% vol",25,Alcoholic beverages,,,"Original March 2025 countermeasures (25% tranche) — not part of the Sept 8, 2026 dollar-for-dollar list",https://www.canada.ca/en/department-finance/programs/international-trade-finance-policy/canadas-response-us-tariffs/complete-list-us-products-subject-to-counter-tariffs.html
2204.29.24,"Other wine; grape must with fermentation prevented or arrested by the addition of alcohol: Other - Wine, of an alcoholic strength by volume exceeding 13.7% vol but not exceeding 21.9% vol: Of an alcoholic strength by volume exceeding 16.9% vol but not exceeding 17.9% vol","Other wine; grape must with fermentation prevented or arrested by the addition of alcohol: Other - Wine, of an alcoholic strength by volume exceeding 13.7% vol but not exceeding 21.9% vol: Of an alcoholic strength by volume exceeding 16.9% vol but not exceeding 17.9% vol","Other wine; grape must with fermentation prevented or arrested by the addition of alcohol: Other - Wine, of an alcoholic strength by volume exceeding 13.7% vol but not exceeding 21.9% vol: Of an alcoholic strength by volume exceeding 16.9% vol but not exceeding 17.9% vol",25,Alcoholic beverages,,,"Original March 2025 countermeasures (25% tranche) — not part of the Sept 8, 2026 dollar-for-dollar list",https://www.canada.ca/en/department-finance/programs/international-trade-finance-policy/canadas-response-us-tariffs/complete-list-us-products-subject-to-counter-tariffs.html
2204.29.25,"Other wine; grape must with fermentation prevented or arrested by the addition of alcohol: Other - Wine, of an alcoholic strength by volume exceeding 13.7% vol but not exceeding 21.9% vol: Of an alcoholic strength by volume exceeding 17.9% vol but not exceeding 18.9% vol","Other wine; grape must with fermentation prevented or arrested by the addition of alcohol: Other - Wine, of an alcoholic strength by volume exceeding 13.7% vol but not exceeding 21.9% vol: Of an alcoholic strength by volume exceeding 17.9% vol but not exceeding 18.9% vol","Other wine; grape must with fermentation prevented or arrested by the addition of alcohol: Other - Wine, of an alcoholic strength by volume exceeding 13.7% vol but not exceeding 21.9% vol: Of an alcoholic strength by volume exceeding 17.9% vol but not exceeding 18.9% vol",25,Alcoholic beverages,,,"Original March 2025 countermeasures (25% tranche) — not part of the Sept 8, 2026 dollar-for-dollar list",https://www.canada.ca/en/department-finance/programs/international-trade-finance-policy/canadas-response-us-tariffs/complete-list-us-products-subject-to-counter-tariffs.html
2204.29.26,"Other wine; grape must with fermentation prevented or arrested by the addition of alcohol: Other - Wine, of an alcoholic strength by volume exceeding 13.7% vol but not exceeding 21.9% vol: Of an alcoholic strength by volume exceeding 18.9% vol but not exceeding 19.9% vol","Other wine; grape must with fermentation prevented or arrested by the addition of alcohol: Other - Wine, of an alcoholic strength by volume exceeding 13.7% vol but not exceeding 21.9% vol: Of an alcoholic strength by volume exceeding 18.9% vol but not exceeding 19.9% vol","Other wine; grape must with fermentation prevented or arrested by the addition of alcohol: Other - Wine, of an alcoholic strength by volume exceeding 13.7% vol but not exceeding 21.9% vol: Of an alcoholic strength by volume exceeding 18.9% vol but not exceeding 19.9% vol",25,Alcoholic beverages,,,"Original March 2025 countermeasures (25% tranche) — not part of the Sept 8, 2026 dollar-for-dollar list",https://www.canada.ca/en/department-finance/programs/international-trade-finance-policy/canadas-response-us-tariffs/complete-list-us-products-subject-to-counter-tariffs.html
2204.29.27,"Other wine; grape must with fermentation prevented or arrested by the addition of alcohol: Other - Wine, of an alcoholic strength by volume exceeding 13.7% vol but not exceeding 21.9% vol: Of an alcoholic strength by volume exceeding 19.9% vol but not exceeding 20.9% vol","Other wine; grape must with fermentation prevented or arrested by the addition of alcohol: Other - Wine, of an alcoholic strength by volume exceeding 13.7% vol but not exceeding 21.9% vol: Of an alcoholic strength by volume exceeding 19.9% vol but not exceeding 20.9% vol","Other wine; grape must with fermentation prevented or arrested by the addition of alcohol: Other - Wine, of an alcoholic strength by volume exceeding 13.7% vol but not exceeding 21.9% vol: Of an alcoholic strength by volume exceeding 19.9% vol but not exceeding 20.9% vol",25,Alcoholic beverages,,,"Original March 2025 countermeasures (25% tranche) — not part of the Sept 8, 2026 dollar-for-dollar list",https://www.canada.ca/en/department-finance/programs/international-trade-finance-policy/canadas-response-us-tariffs/complete-list-us-products-subject-to-counter-tariffs.html
2204.29.28,"Other wine; grape must with fermentation prevented or arrested by the addition of alcohol: Other - Wine, of an alcoholic strength by volume exceeding 13.7% vol but not exceeding 21.9% vol: Of an alcoholic strength by volume exceeding 20.9% vol but not exceeding 21.9% vol","Other wine; grape must with fermentation prevented or arrested by the addition of alcohol: Other - Wine, of an alcoholic strength by volume exceeding 13.7% vol but not exceeding 21.9% vol: Of an alcoholic strength by volume exceeding 20.9% vol but not exceeding 21.9% vol","Other wine; grape must with fermentation prevented or arrested by the addition of alcohol: Other - Wine, of an alcoholic strength by volume exceeding 13.7% vol but not exceeding 21.9% vol: Of an alcoholic strength by volume exceeding 20.9% vol but not exceeding 21.9% vol",25,Alcoholic beverages,,,"Original March 2025 countermeasures (25% tranche) — not part of the Sept 8, 2026 dollar-for-dollar list",https://www.canada.ca/en/department-finance/programs/international-trade-finance-policy/canadas-response-us-tariffs/complete-list-us-products-subject-to-counter-tariffs.html
2204.29.31,"Other wine; grape must with fermentation prevented or arrested by the addition of alcohol: Other - Wine, of an alcoholic strength by volume exceeding 21.9% vol: Of an alcoholic strength by volume exceeding 21.9% vol but not exceeding 22.9% vol","Other wine; grape must with fermentation prevented or arrested by the addition of alcohol: Other - Wine, of an alcoholic strength by volume exceeding 21.9% vol: Of an alcoholic strength by volume exceeding 21.9% vol but not exceeding 22.9% vol","Other wine; grape must with fermentation prevented or arrested by the addition of alcohol: Other - Wine, of an alcoholic strength by volume exceeding 21.9% vol: Of an alcoholic strength by volume exceeding 21.9% vol but not exceeding 22.9% vol",25,Alcoholic beverages,,,"Original March 2025 countermeasures (25% tranche) — not part of the Sept 8, 2026 dollar-for-dollar list",https://www.canada.ca/en/department-finance/programs/international-trade-finance-policy/canadas-response-us-tariffs/complete-list-us-products-subject-to-counter-tariffs.html
2204.29.32,"Other wine; grape must with fermentation prevented or arrested by the addition of alcohol: Other - Wine, of an alcoholic strength by volume exceeding 21.9% vol: Of an alcoholic strength by volume exceeding 22.9% vol","Other wine; grape must with fermentation prevented or arrested by the addition of alcohol: Other - Wine, of an alcoholic strength by volume exceeding 21.9% vol: Of an alcoholic strength by volume exceeding 22.9% vol","Other wine; grape must with fermentation prevented or arrested by the addition of alcohol: Other - Wine, of an alcoholic strength by volume exceeding 21.9% vol: Of an alcoholic strength by volume exceeding 22.9% vol",25,Alcoholic beverages,,,"Original March 2025 countermeasures (25% tranche) — not part of the Sept 8, 2026 dollar-for-dollar list",https://www.canada.ca/en/department-finance/programs/international-trade-finance-policy/canadas-response-us-tariffs/complete-list-us-products-subject-to-counter-tariffs.html
2204.29.41,Other wine; grape must with fermentation prevented or arrested by the addition of alcohol: Other - Grape must with fermentation prevented or arrested by the addition of alcohol: Of an alcoholic strength by volume not exceeding 22.9% vol,Other wine; grape must with fermentation prevented or arrested by the addition of alcohol: Other - Grape must with fermentation prevented or arrested by the addition of alcohol: Of an alcoholic strength by volume not exceeding 22.9% vol,Other wine; grape must with fermentation prevented or arrested by the addition of alcohol: Other - Grape must with fermentation prevented or arrested by the addition of alcohol: Of an alcoholic strength by volume not exceeding 22.9% vol,25,Alcoholic beverages,,,"Original March 2025 countermeasures (25% tranche) — not part of the Sept 8, 2026 dollar-for-dollar list",https://www.canada.ca/en/department-finance/programs/international-trade-finance-policy/canadas-response-us-tariffs/complete-list-us-products-subject-to-counter-tariffs.html
2204.29.49,Other wine; grape must with fermentation prevented or arrested by the addition of alcohol: Other - Grape must with fermentation prevented or arrested by the addition of alcohol: Other,Other wine; grape must with fermentation prevented or arrested by the addition of alcohol: Other - Grape must with fermentation prevented or arrested by the addition of alcohol: Other,Other wine; grape must with fermentation prevented or arrested by the addition of alcohol: Other - Grape must with fermentation prevented or arrested by the addition of alcohol: Other,25,Alcoholic beverages,,,"Original March 2025 countermeasures (25% tranche) — not part of the Sept 8, 2026 dollar-for-dollar list",https://www.canada.ca/en/department-finance/programs/international-trade-finance-policy/canadas-response-us-tariffs/complete-list-us-products-subject-to-counter-tariffs.html
2204.30.10,Other grape must - Of an alcoholic strength by volume not exceeding 22.9% vol,Other grape must - Of an alcoholic strength by volume not exceeding 22.9% vol,Other grape must - Of an alcoholic strength by volume not exceeding 22.9% vol,25,Alcoholic beverages,,,"Original March 2025 countermeasures (25% tranche) — not part of the Sept 8, 2026 dollar-for-dollar list",https://www.canada.ca/en/department-finance/programs/international-trade-finance-policy/canadas-response-us-tariffs/complete-list-us-products-subject-to-counter-tariffs.html
2204.30.90,Other grape must - Other,Other grape must - Other,Other grape must - Other,25,Alcoholic beverages,,,"Original March 2025 countermeasures (25% tranche) — not part of the Sept 8, 2026 dollar-for-dollar list",https://www.canada.ca/en/department-finance/programs/international-trade-finance-policy/canadas-response-us-tariffs/complete-list-us-products-subject-to-counter-tariffs.html
2205.10.10,In containers holding 2 litres or less - Of an alcoholic strength by volume not exceeding 18.3% vol,In containers holding 2 litres or less - Of an alcoholic strength by volume not exceeding 18.3% vol,In containers holding 2 litres or less - Of an alcoholic strength by volume not exceeding 18.3% vol,25,Alcoholic beverages,,,"Original March 2025 countermeasures (25% tranche) — not part of the Sept 8, 2026 dollar-for-dollar list",https://www.canada.ca/en/department-finance/programs/international-trade-finance-policy/canadas-response-us-tariffs/complete-list-us-products-subject-to-counter-tariffs.html
2205.10.20,In containers holding 2 litres or less - Of an alcoholic strength by volume exceeding 18.3% vol but not exceeding 22.9% vol,In containers holding 2 litres or less - Of an alcoholic strength by volume exceeding 18.3% vol but not exceeding 22.9% vol,In containers holding 2 litres or less - Of an alcoholic strength by volume exceeding 18.3% vol but not exceeding 22.9% vol,25,Alcoholic beverages,,,"Original March 2025 countermeasures (25% tranche) — not part of the Sept 8, 2026 dollar-for-dollar list",https://www.canada.ca/en/department-finance/programs/international-trade-finance-policy/canadas-response-us-tariffs/complete-list-us-products-subject-to-counter-tariffs.html
2205.10.30,In containers holding 2 litres or less - Of an alcoholic strength by volume exceeding 22.9% vol,In containers holding 2 litres or less - Of an alcoholic strength by volume exceeding 22.9% vol,In containers holding 2 litres or less - Of an alcoholic strength by volume exceeding 22.9% vol,25,Alcoholic beverages,,,"Original March 2025 countermeasures (25% tranche) — not part of the Sept 8, 2026 dollar-for-dollar list",https://www.canada.ca/en/department-finance/programs/international-trade-finance-policy/canadas-response-us-tariffs/complete-list-us-products-subject-to-counter-tariffs.html
2205.90.10,Other - Of an alcoholic strength by volume not exceeding 18.3% vol,Other - Of an alcoholic strength by volume not exceeding 18.3% vol,Other - Of an alcoholic strength by volume not exceeding 18.3% vol,25,Alcoholic beverages,,,"Original March 2025 countermeasures (25% tranche) — not part of the Sept 8, 2026 dollar-for-dollar list",https://www.canada.ca/en/department-finance/programs/international-trade-finance-policy/canadas-response-us-tariffs/complete-list-us-products-subject-to-counter-tariffs.html
2205.90.20,Other - Of an alcoholic strength by volume exceeding 18.3% vol but not exceeding 22.9% vol,Other - Of an alcoholic strength by volume exceeding 18.3% vol but not exceeding 22.9% vol,Other - Of an alcoholic strength by volume exceeding 18.3% vol but not exceeding 22.9% vol,25,Alcoholic beverages,,,"Original March 2025 countermeasures (25% tranche) — not part of the Sept 8, 2026 dollar-for-dollar list",https://www.canada.ca/en/department-finance/programs/international-trade-finance-policy/canadas-response-us-tariffs/complete-list-us-products-subject-to-counter-tariffs.html
2205.90.30,Other - Of an alcoholic strength by volume exceeding 22.9% vol,Other - Of an alcoholic strength by volume exceeding 22.9% vol,Other - Of an alcoholic strength by volume exceeding 22.9% vol,25,Alcoholic beverages,,,"Original March 2025 countermeasures (25% tranche) — not part of the Sept 8, 2026 dollar-for-dollar list",https://www.canada.ca/en/department-finance/programs/international-trade-finance-policy/canadas-response-us-tariffs/complete-list-us-products-subject-to-counter-tariffs.html
2206.00.11,"Cider: Sparkling, of an alcoholic strength by volume not exceeding 22.9% vol","Cider: Sparkling, of an alcoholic strength by volume not exceeding 22.9% vol","Cider: Sparkling, of an alcoholic strength by volume not exceeding 22.9% vol",25,Alcoholic beverages,,,"Original March 2025 countermeasures (25% tranche) — not part of the Sept 8, 2026 dollar-for-dollar list",https://www.canada.ca/en/department-finance/programs/international-trade-finance-policy/canadas-response-us-tariffs/complete-list-us-products-subject-to-counter-tariffs.html
2206.00.12,Cider: Other sparkling,Cider: Other sparkling,Cider: Other sparkling,25,Alcoholic beverages,,,"Original March 2025 countermeasures (25% tranche) — not part of the Sept 8, 2026 dollar-for-dollar list",https://www.canada.ca/en/department-finance/programs/international-trade-finance-policy/canadas-response-us-tariffs/complete-list-us-products-subject-to-counter-tariffs.html
2206.00.18,"Cider: Other cider, of an alcoholic strength by volume not exceeding 22.9% vol","Cider: Other cider, of an alcoholic strength by volume not exceeding 22.9% vol","Cider: Other cider, of an alcoholic strength by volume not exceeding 22.9% vol",25,Alcoholic beverages,,,"Original March 2025 countermeasures (25% tranche) — not part of the Sept 8, 2026 dollar-for-dollar list",https://www.canada.ca/en/department-finance/programs/international-trade-finance-policy/canadas-response-us-tariffs/complete-list-us-products-subject-to-counter-tariffs.html
2206.00.19,Cider: Other,Cider: Other,Cider: Other,25,Alcoholic beverages,,,"Original March 2025 countermeasures (25% tranche) — not part of the Sept 8, 2026 dollar-for-dollar list",https://www.canada.ca/en/department-finance/programs/international-trade-finance-policy/canadas-response-us-tariffs/complete-list-us-products-subject-to-counter-tariffs.html
2206.00.21,Prune wine: Of an alcoholic strength by volume not exceeding 22.9% vol,Prune wine: Of an alcoholic strength by volume not exceeding 22.9% vol,Prune wine: Of an alcoholic strength by volume not exceeding 22.9% vol,25,Alcoholic beverages,,,"Original March 2025 countermeasures (25% tranche) — not part of the Sept 8, 2026 dollar-for-dollar list",https://www.canada.ca/en/department-finance/programs/international-trade-finance-policy/canadas-response-us-tariffs/complete-list-us-products-subject-to-counter-tariffs.html
2206.00.22,Prune wine: Of an alcoholic strength by volume exceeding 22.9% vol,Prune wine: Of an alcoholic strength by volume exceeding 22.9% vol,Prune wine: Of an alcoholic strength by volume exceeding 22.9% vol,25,Alcoholic beverages,,,"Original March 2025 countermeasures (25% tranche) — not part of the Sept 8, 2026 dollar-for-dollar list",https://www.canada.ca/en/department-finance/programs/international-trade-finance-policy/canadas-response-us-tariffs/complete-list-us-products-subject-to-counter-tariffs.html
2206.00.31,"Perry, sparkling: Of an alcoholic strength by volume not exceeding 22.9% vol","Perry, sparkling: Of an alcoholic strength by volume not exceeding 22.9% vol","Perry, sparkling: Of an alcoholic strength by volume not exceeding 22.9% vol",25,Alcoholic beverages,,,"Original March 2025 countermeasures (25% tranche) — not part of the Sept 8, 2026 dollar-for-dollar list",https://www.canada.ca/en/department-finance/programs/international-trade-finance-policy/canadas-response-us-tariffs/complete-list-us-products-subject-to-counter-tariffs.html
2206.00.39,"Perry, sparkling: Other","Perry, sparkling: Other","Perry, sparkling: Other",25,Alcoholic beverages,,,"Original March 2025 countermeasures (25% tranche) — not part of the Sept 8, 2026 dollar-for-dollar list",https://www.canada.ca/en/department-finance/programs/international-trade-finance-policy/canadas-response-us-tariffs/complete-list-us-products-subject-to-counter-tariffs.html
2206.00.41,"Other wine, sparkling: Of an alcoholic strength by volume not exceeding 22.9% vol","Other wine, sparkling: Of an alcoholic strength by volume not exceeding 22.9% vol","Other wine, sparkling: Of an alcoholic strength by volume not exceeding 22.9% vol",25,Alcoholic beverages,,,"Original March 2025 countermeasures (25% tranche) — not part of the Sept 8, 2026 dollar-for-dollar list",https://www.canada.ca/en/department-finance/programs/international-trade-finance-policy/canadas-response-us-tariffs/complete-list-us-products-subject-to-counter-tariffs.html
2206.00.49,"Other wine, sparkling: Other","Other wine, sparkling: Other","Other wine, sparkling: Other",25,Alcoholic beverages,,,"Original March 2025 countermeasures (25% tranche) — not part of the Sept 8, 2026 dollar-for-dollar list",https://www.canada.ca/en/department-finance/programs/international-trade-finance-policy/canadas-response-us-tariffs/complete-list-us-products-subject-to-counter-tariffs.html
2206.00.50,"Sake and other wine, not sparkling, of an alcoholic strength by volume not exceeding 13.7% vol","Sake and other wine, not sparkling, of an alcoholic strength by volume not exceeding 13.7% vol","Sake and other wine, not sparkling, of an alcoholic strength by volume not exceeding 13.7% vol",25,Alcoholic beverages,,,"Original March 2025 countermeasures (25% tranche) — not part of the Sept 8, 2026 dollar-for-dollar list",https://www.canada.ca/en/department-finance/programs/international-trade-finance-policy/canadas-response-us-tariffs/complete-list-us-products-subject-to-counter-tariffs.html
2206.00.61,"Sake and other wine, not sparkling, of an alcoholic strength by volume exceeding 13.7% vol but not exceeding 21.9% vol: Of an alcoholic strength by volume not exceeding 14.9% vol","Sake and other wine, not sparkling, of an alcoholic strength by volume exceeding 13.7% vol but not exceeding 21.9% vol: Of an alcoholic strength by volume not exceeding 14.9% vol","Sake and other wine, not sparkling, of an alcoholic strength by volume exceeding 13.7% vol but not exceeding 21.9% vol: Of an alcoholic strength by volume not exceeding 14.9% vol",25,Alcoholic beverages,,,"Original March 2025 countermeasures (25% tranche) — not part of the Sept 8, 2026 dollar-for-dollar list",https://www.canada.ca/en/department-finance/programs/international-trade-finance-policy/canadas-response-us-tariffs/complete-list-us-products-subject-to-counter-tariffs.html
2206.00.62,"Sake and other wine, not sparkling, of an alcoholic strength by volume exceeding 13.7% vol but not exceeding 21.9% vol: Of an alcoholic strength by volume exceeding 14.9% vol but not exceeding 15.9% vol","Sake and other wine, not sparkling, of an alcoholic strength by volume exceeding 13.7% vol but not exceeding 21.9% vol: Of an alcoholic strength by volume exceeding 14.9% vol but not exceeding 15.9% vol","Sake and other wine, not sparkling, of an alcoholic strength by volume exceeding 13.7% vol but not exceeding 21.9% vol: Of an alcoholic strength by volume exceeding 14.9% vol but not exceeding 15.9% vol",25,Alcoholic beverages,,,"Original March 2025 countermeasures (25% tranche) — not part of the Sept 8, 2026 dollar-for-dollar list",https://www.canada.ca/en/department-finance/programs/international-trade-finance-policy/canadas-response-us-tariffs/complete-list-us-products-subject-to-counter-tariffs.html
2206.00.63,"Sake and other wine, not sparkling, of an alcoholic strength by volume exceeding 13.7% vol but not exceeding 21.9% vol: Of an alcoholic strength by volume exceeding 15.9% vol but not exceeding 16.9% vol","Sake and other wine, not sparkling, of an alcoholic strength by volume exceeding 13.7% vol but not exceeding 21.9% vol: Of an alcoholic strength by volume exceeding 15.9% vol but not exceeding 16.9% vol","Sake and other wine, not sparkling, of an alcoholic strength by volume exceeding 13.7% vol but not exceeding 21.9% vol: Of an alcoholic strength by volume exceeding 15.9% vol but not exceeding 16.9% vol",25,Alcoholic beverages,,,"Original March 2025 countermeasures (25% tranche) — not part of the Sept 8, 2026 dollar-for-dollar list",https://www.canada.ca/en/department-finance/programs/international-trade-finance-policy/canadas-response-us-tariffs/complete-list-us-products-subject-to-counter-tariffs.html
2206.00.64,"Sake and other wine, not sparkling, of an alcoholic strength by volume exceeding 13.7% vol but not exceeding 21.9% vol: Of an alcoholic strength by volume exceeding 16.9% vol but not exceeding 17.9% vol","Sake and other wine, not sparkling, of an alcoholic strength by volume exceeding 13.7% vol but not exceeding 21.9% vol: Of an alcoholic strength by volume exceeding 16.9% vol but not exceeding 17.9% vol","Sake and other wine, not sparkling, of an alcoholic strength by volume exceeding 13.7% vol but not exceeding 21.9% vol: Of an alcoholic strength by volume exceeding 16.9% vol but not exceeding 17.9% vol",25,Alcoholic beverages,,,"Original March 2025 countermeasures (25% tranche) — not part of the Sept 8, 2026 dollar-for-dollar list",https://www.canada.ca/en/department-finance/programs/international-trade-finance-policy/canadas-response-us-tariffs/complete-list-us-products-subject-to-counter-tariffs.html
2206.00.65,"Sake and other wine, not sparkling, of an alcoholic strength by volume exceeding 13.7% vol but not exceeding 21.9% vol: Of an alcoholic strength by volume exceeding 17.9% vol but not exceeding 18.9% vol","Sake and other wine, not sparkling, of an alcoholic strength by volume exceeding 13.7% vol but not exceeding 21.9% vol: Of an alcoholic strength by volume exceeding 17.9% vol but not exceeding 18.9% vol","Sake and other wine, not sparkling, of an alcoholic strength by volume exceeding 13.7% vol but not exceeding 21.9% vol: Of an alcoholic strength by volume exceeding 17.9% vol but not exceeding 18.9% vol",25,Alcoholic beverages,,,"Original March 2025 countermeasures (25% tranche) — not part of the Sept 8, 2026 dollar-for-dollar list",https://www.canada.ca/en/department-finance/programs/international-trade-finance-policy/canadas-response-us-tariffs/complete-list-us-products-subject-to-counter-tariffs.html
2206.00.66,"Sake and other wine, not sparkling, of an alcoholic strength by volume exceeding 13.7% vol but not exceeding 21.9% vol: Of an alcoholic strength by volume exceeding 18.9% vol but not exceeding 19.9% vol","Sake and other wine, not sparkling, of an alcoholic strength by volume exceeding 13.7% vol but not exceeding 21.9% vol: Of an alcoholic strength by volume exceeding 18.9% vol but not exceeding 19.9% vol","Sake and other wine, not sparkling, of an alcoholic strength by volume exceeding 13.7% vol but not exceeding 21.9% vol: Of an alcoholic strength by volume exceeding 18.9% vol but not exceeding 19.9% vol",25,Alcoholic beverages,,,"Original March 2025 countermeasures (25% tranche) — not part of the Sept 8, 2026 dollar-for-dollar list",https://www.canada.ca/en/department-finance/programs/international-trade-finance-policy/canadas-response-us-tariffs/complete-list-us-products-subject-to-counter-tariffs.html
2206.00.67,"Sake and other wine, not sparkling, of an alcoholic strength by volume exceeding 13.7% vol but not exceeding 21.9% vol: Of an alcoholic strength by volume exceeding 19.9% vol but not exceeding 20.9% vol","Sake and other wine, not sparkling, of an alcoholic strength by volume exceeding 13.7% vol but not exceeding 21.9% vol: Of an alcoholic strength by volume exceeding 19.9% vol but not exceeding 20.9% vol","Sake and other wine, not sparkling, of an alcoholic strength by volume exceeding 13.7% vol but not exceeding 21.9% vol: Of an alcoholic strength by volume exceeding 19.9% vol but not exceeding 20.9% vol",25,Alcoholic beverages,,,"Original March 2025 countermeasures (25% tranche) — not part of the Sept 8, 2026 dollar-for-dollar list",https://www.canada.ca/en/department-finance/programs/international-trade-finance-policy/canadas-response-us-tariffs/complete-list-us-products-subject-to-counter-tariffs.html
2206.00.68,"Sake and other wine, not sparkling, of an alcoholic strength by volume exceeding 13.7% vol but not exceeding 21.9% vol: Of an alcoholic strength by volume exceeding 20.9% vol but not exceeding 21.9% vol","Sake and other wine, not sparkling, of an alcoholic strength by volume exceeding 13.7% vol but not exceeding 21.9% vol: Of an alcoholic strength by volume exceeding 20.9% vol but not exceeding 21.9% vol","Sake and other wine, not sparkling, of an alcoholic strength by volume exceeding 13.7% vol but not exceeding 21.9% vol: Of an alcoholic strength by volume exceeding 20.9% vol but not exceeding 21.9% vol",25,Alcoholic beverages,,,"Original March 2025 countermeasures (25% tranche) — not part of the Sept 8, 2026 dollar-for-dollar list",https://www.canada.ca/en/department-finance/programs/international-trade-finance-policy/canadas-response-us-tariffs/complete-list-us-products-subject-to-counter-tariffs.html
2206.00.71,"Sake and other wine, not sparkling, of an alcoholic strength by volume exceeding 21.9% vol: Of an alcoholic strength by volume not exceeding 22.9% vol","Sake and other wine, not sparkling, of an alcoholic strength by volume exceeding 21.9% vol: Of an alcoholic strength by volume not exceeding 22.9% vol","Sake and other wine, not sparkling, of an alcoholic strength by volume exceeding 21.9% vol: Of an alcoholic strength by volume not exceeding 22.9% vol",25,Alcoholic beverages,,,"Original March 2025 countermeasures (25% tranche) — not part of the Sept 8, 2026 dollar-for-dollar list",https://www.canada.ca/en/department-finance/programs/international-trade-finance-policy/canadas-response-us-tariffs/complete-list-us-products-subject-to-counter-tariffs.html
2206.00.72,"Sake and other wine, not sparkling, of an alcoholic strength by volume exceeding 21.9% vol: Of an alcoholic strength by volume exceeding 22.9% vol","Sake and other wine, not sparkling, of an alcoholic strength by volume exceeding 21.9% vol: Of an alcoholic strength by volume exceeding 22.9% vol","Sake and other wine, not sparkling, of an alcoholic strength by volume exceeding 21.9% vol: Of an alcoholic strength by volume exceeding 22.9% vol",25,Alcoholic beverages,,,"Original March 2025 countermeasures (25% tranche) — not part of the Sept 8, 2026 dollar-for-dollar list",https://www.canada.ca/en/department-finance/programs/international-trade-finance-policy/canadas-response-us-tariffs/complete-list-us-products-subject-to-counter-tariffs.html
2206.00.80,Ginger beer and herbal beer,Ginger beer and herbal beer,Ginger beer and herbal beer,25,Alcoholic beverages,,,"Original March 2025 countermeasures (25% tranche) — not part of the Sept 8, 2026 dollar-for-dollar list",https://www.canada.ca/en/department-finance/programs/international-trade-finance-policy/canadas-response-us-tariffs/complete-list-us-products-subject-to-counter-tariffs.html
2206.00.91,Other: Mead,Other: Mead,Other: Mead,25,Alcoholic beverages,,,"Original March 2025 countermeasures (25% tranche) — not part of the Sept 8, 2026 dollar-for-dollar list",https://www.canada.ca/en/department-finance/programs/international-trade-finance-policy/canadas-response-us-tariffs/complete-list-us-products-subject-to-counter-tariffs.html
2206.00.92,"Other: Other, of an alcoholic strength by volume not exceeding 22.9% vol","Other: Other, of an alcoholic strength by volume not exceeding 22.9% vol","Other: Other, of an alcoholic strength by volume not exceeding 22.9% vol",25,Alcoholic beverages,,,"Original March 2025 countermeasures (25% tranche) — not part of the Sept 8, 2026 dollar-for-dollar list",https://www.canada.ca/en/department-finance/programs/international-trade-finance-policy/canadas-response-us-tariffs/complete-list-us-products-subject-to-counter-tariffs.html
2206.00.93,"Other: Other, of an alcoholic strength by volume exceeding 22.9% vol","Other: Other, of an alcoholic strength by volume exceeding 22.9% vol","Other: Other, of an alcoholic strength by volume exceeding 22.9% vol",25,Alcoholic beverages,,,"Original March 2025 countermeasures (25% tranche) — not part of the Sept 8, 2026 dollar-for-dollar list",https://www.canada.ca/en/department-finance/programs/international-trade-finance-policy/canadas-response-us-tariffs/complete-list-us-products-subject-to-counter-tariffs.html
2208.20.00,Spirits obtained by distilling grape wine or grape marc,Spirits obtained by distilling grape wine or grape marc,Spirits obtained by distilling grape wine or grape marc,25,Alcoholic beverages,,,"Original March 2025 countermeasures (25% tranche) — not part of the Sept 8, 2026 dollar-for-dollar list",https://www.canada.ca/en/department-finance/programs/international-trade-finance-policy/canadas-response-us-tariffs/complete-list-us-products-subject-to-counter-tariffs.html
2208.30.00,Whiskies,Whiskies,Whiskies,25,Alcoholic beverages,,,"Original March 2025 countermeasures (25% tranche) — not part of the Sept 8, 2026 dollar-for-dollar list",https://www.canada.ca/en/department-finance/programs/international-trade-finance-policy/canadas-response-us-tariffs/complete-list-us-products-subject-to-counter-tariffs.html
2208.40.10,Rum and other spirits obtained by distilling fermented sugar-cane products - Rum,Rum and other spirits obtained by distilling fermented sugar-cane products - Rum,Rum and other spirits obtained by distilling fermented sugar-cane products - Rum,25,Alcoholic beverages,,,"Original March 2025 countermeasures (25% tranche) — not part of the Sept 8, 2026 dollar-for-dollar list",https://www.canada.ca/en/department-finance/programs/international-trade-finance-policy/canadas-response-us-tariffs/complete-list-us-products-subject-to-counter-tariffs.html
2208.40.90,Rum and other spirits obtained by distilling fermented sugar-cane products - Other,Rum and other spirits obtained by distilling fermented sugar-cane products - Other,Rum and other spirits obtained by distilling fermented sugar-cane products - Other,25,Alcoholic beverages,,,"Original March 2025 countermeasures (25% tranche) — not part of the Sept 8, 2026 dollar-for-dollar list",https://www.canada.ca/en/department-finance/programs/international-trade-finance-policy/canadas-response-us-tariffs/complete-list-us-products-subject-to-counter-tariffs.html
2208.50.00,Gin and Geneva,Gin and Geneva,Gin and Geneva,25,Alcoholic beverages,,,"Original March 2025 countermeasures (25% tranche) — not part of the Sept 8, 2026 dollar-for-dollar list",https://www.canada.ca/en/department-finance/programs/international-trade-finance-policy/canadas-response-us-tariffs/complete-list-us-products-subject-to-counter-tariffs.html
2208.60.00,Vodka,Vodka,Vodka,25,Alcoholic beverages,,,"Original March 2025 countermeasures (25% tranche) — not part of the Sept 8, 2026 dollar-for-dollar list",https://www.canada.ca/en/department-finance/programs/international-trade-finance-policy/canadas-response-us-tariffs/complete-list-us-products-subject-to-counter-tariffs.html
2208.70.00,Liqueurs and cordials,Liqueurs and cordials,Liqueurs and cordials,25,Alcoholic beverages,,,"Original March 2025 countermeasures (25% tranche) — not part of the Sept 8, 2026 dollar-for-dollar list",https://www.canada.ca/en/department-finance/programs/international-trade-finance-policy/canadas-response-us-tariffs/complete-list-us-products-subject-to-counter-tariffs.html
2208.90.10,Other - Tequila,Other - Tequila,Other - Tequila,25,Alcoholic beverages,,,"Original March 2025 countermeasures (25% tranche) — not part of the Sept 8, 2026 dollar-for-dollar list",https://www.canada.ca/en/department-finance/programs/international-trade-finance-policy/canadas-response-us-tariffs/complete-list-us-products-subject-to-counter-tariffs.html
2208.90.21,Other - Undenatured ethyl alcohol: For use as a spirituous or alcoholic beverage or for use in the manufacture of spirituous or alcoholic beverages,Other - Undenatured ethyl alcohol: For use as a spirituous or alcoholic beverage or for use in the manufacture of spirituous or alcoholic beverages,Other - Undenatured ethyl alcohol: For use as a spirituous or alcoholic beverage or for use in the manufacture of spirituous or alcoholic beverages,25,Alcoholic beverages,,,"Original March 2025 countermeasures (25% tranche) — not part of the Sept 8, 2026 dollar-for-dollar list",https://www.canada.ca/en/department-finance/programs/international-trade-finance-policy/canadas-response-us-tariffs/complete-list-us-products-subject-to-counter-tariffs.html
2208.90.29,Other - Undenatured ethyl alcohol: Other,Other - Undenatured ethyl alcohol: Other,Other - Undenatured ethyl alcohol: Other,25,Alcoholic beverages,,,"Original March 2025 countermeasures (25% tranche) — not part of the Sept 8, 2026 dollar-for-dollar list",https://www.canada.ca/en/department-finance/programs/international-trade-finance-policy/canadas-response-us-tariffs/complete-list-us-products-subject-to-counter-tariffs.html
2208.90.30,Other - Angostura bitters,Other - Angostura bitters,Other - Angostura bitters,25,Alcoholic beverages,,,"Original March 2025 countermeasures (25% tranche) — not part of the Sept 8, 2026 dollar-for-dollar list",https://www.canada.ca/en/department-finance/programs/international-trade-finance-policy/canadas-response-us-tariffs/complete-list-us-products-subject-to-counter-tariffs.html
2208.90.41,"Other - Spirituous fruit juices of an alcoholic strength by volume not exceeding 14.3% vol: Packaged, of an alcoholic strength by volume not exceeding 7% vol","Other - Spirituous fruit juices of an alcoholic strength by volume not exceeding 14.3% vol: Packaged, of an alcoholic strength by volume not exceeding 7% vol","Other - Spirituous fruit juices of an alcoholic strength by volume not exceeding 14.3% vol: Packaged, of an alcoholic strength by volume not exceeding 7% vol",25,Alcoholic beverages,,,"Original March 2025 countermeasures (25% tranche) — not part of the Sept 8, 2026 dollar-for-dollar list",https://www.canada.ca/en/department-finance/programs/international-trade-finance-policy/canadas-response-us-tariffs/complete-list-us-products-subject-to-counter-tariffs.html
2208.90.49,Other - Spirituous fruit juices of an alcoholic strength by volume not exceeding 14.3% vol: Other,Other - Spirituous fruit juices of an alcoholic strength by volume not exceeding 14.3% vol: Other,Other - Spirituous fruit juices of an alcoholic strength by volume not exceeding 14.3% vol: Other,25,Alcoholic beverages,,,"Original March 2025 countermeasures (25% tranche) — not part of the Sept 8, 2026 dollar-for-dollar list",https://www.canada.ca/en/department-finance/programs/international-trade-finance-policy/canadas-response-us-tariffs/complete-list-us-products-subject-to-counter-tariffs.html
2208.90.92,Other - Other: Fruit brandies,Other - Other: Fruit brandies,Other - Other: Fruit brandies,25,Alcoholic beverages,,,"Original March 2025 countermeasures (25% tranche) — not part of the Sept 8, 2026 dollar-for-dollar list",https://www.canada.ca/en/department-finance/programs/international-trade-finance-policy/canadas-response-us-tariffs/complete-list-us-products-subject-to-counter-tariffs.html
2208.90.98,"Other - Other: Other, packaged, of an alcoholic strength by volume not exceeding 7%","Other - Other: Other, packaged, of an alcoholic strength by volume not exceeding 7%","Other - Other: Other, packaged, of an alcoholic strength by volume not exceeding 7%",25,Alcoholic beverages,,,"Original March 2025 countermeasures (25% tranche) — not part of the Sept 8, 2026 dollar-for-dollar list",https://www.canada.ca/en/department-finance/programs/international-trade-finance-policy/canadas-response-us-tariffs/complete-list-us-products-subject-to-counter-tariffs.html
2208.90.99,Other - Other: Other,Other - Other: Other,Other - Other: Other,25,Alcoholic beverages,,,"Original March 2025 countermeasures (25% tranche) — not part of the Sept 8, 2026 dollar-for-dollar list",https://www.canada.ca/en/department-finance/programs/international-trade-finance-policy/canadas-response-us-tariffs/complete-list-us-products-subject-to-counter-tariffs.html
